manifesto_id,party_abbrev,party_name,num_sentences,full_text
31110_201706,EELV,Europe Écologie - Les Verts,228,"Il y a urgence car notre pays est au bord de la rupture.
Il est pris d’une inquiétante tentation du vide –ou du pire.
Il glisse vers le repli nationaliste et le rétrécissement identitaire, le rejet et la haine de l’autre.
Le débat politique lui-même s’affaisse, surjouant les simplifications, forgeant des boucs émissaires pour justifier tous les renoncements.
La France souffre de ne plus avoir de projet partagé collectivement.
Cela dégénère en un sauve-qui-peut généralisé qui pourrait très mal finir.
Malgré les discours et les tentatives trop frileuses, les gouvernements qui se succèdent nient la réalité qui nous percute brutalement:
notre modèle de développement remet en cause les conditions mêmes de vie et de survie sur la planète.
Il provoque bouleversements climatiques, nouvelle extinction de masse des espèces vivantes, épuisement des ressources et explosion des maladies liées à l’environnement.
Il maltraite les animaux comme nous nous maltraitons nousmêmes.
Il génère une concentration des richesses sans précédent, avec pour corollaire l’aggravation des inégalités, le chômage, la précarité et les maladies psychosociales.
Rentiers de ce vieux monde, les dirigeants politiques de droite comme, trop souvent, de gauche, ne veulent rien lâcher.
À vouloir sauver leur passé, ils sacrifient notre futur.
Les Français sont en état de légitime défiance.
Pourtant, rien n’est encore joué.
Les Françaises et les Français peuvent décider d’un tout autre scénario et s’offrir un avenir qui nous fasse du bien.
Partout dans notre pays, en ville et à la campagne, dans les associations, les entreprises, les centres de recherche et les institutions, une multitude d’initiatives et d’expériences apportent déjà des réponses aux défis auxquels nous sommes confrontés, construisent aujourd’hui le monde de demain, inventent un vivre et un faire ensemble qui répare la société, prend soin des femmes, des hommes et de la nature, tisse de nouvelles solidarités et revitalise la démocratie.
Le projet que nous portons est immense et exaltant:
réformer les institutions pour déverrouiller la démocratie,
casser les rentes pour libérer l’économie,
dépasser les conservatismes et les corporatismes pour débloquer la société.
Bref, faire sauter les digues qui empêchent cette révolution silencieuse d’irriguer la société, enrichir la démocratie partout où elle peut être efficace, là où elle permet de retrouver notre dignité, la maîtrise de nos vies et les leviers du changement.
Notre projet est un vote d’adhésion et d’espoir, c’est un vote d’action et de réconciliation avec la politique et l’action publique.
Un vote qui tourne la page du vote par défaut, du vote de colère ou de renoncement.
Notre projet, c’est « la France Vive ».
Il est constructif et positif, bienveillant et exigeant, pragmatique et visionnaire: l’écologie se met au service de la France tout entière.
La grandeur de la France et sa place dans le monde occupent tous les esprits.
Le sujet de sa vie et de sa survie est encore plus prépondérant.
La France Vive est un appel à la vie, un appel à ce qu’il y a de plus fondamental pour toutes et tous.
La France Vive, c’est la France en vie.
Le pire ennemi de notre société est devenu l’immobilisme.
La politique doit cesser de cultiver le passé –et de le financer: la France n’est pas un musée!
Les politiques publiques qui détruisent les emplois, abîment l’environnement et notre santé, c’est terminé!
Face aux insécurités anciennes et nouvelles, nous créerons de nouvelles sécurités, individuelles et collectives.
La France Vive est une célébration des forces vives de notre pays et de la vivacité de chacun au bénéfice de toutes et tous.
Une France généreuse et ouverte,
une France de la création et de l’innovation.
C’est la France de demain, celle que nous lèguerons à nos enfants.
Une France qui libère l’énergie de la jeunesse,
l’entrepreneuriat et l’initiative.
Une France qui redonne vie à l’Europe
et contribue à l’épanouissement du monde.
« Vive la France» est la phrase qui conclut tous les discours politiques.
« La France Vive» n’est pas une conclusion, c’est le point de départ d’une nouvelle page de notre histoire.
La France Vive, c’est la France 100% durable
Aller vers une France sans carbone ni nucléaire, avec 100% d’énergies renouvelables en 2050 et zéro déchet en 2030.
·               Adopter une loi de sortie progressive et définitive du nucléaire d’ici 2035, arrêter les premiers réacteurs dès 2017.
·               Les objectifs en matière d’énergies renouvelables seront respectés pour 2020 (23% du mix énergétique) et rehaussés à 40% pour 2030.
·                Le cadre administratif et législatif sera simplifié et stabilisé.
·                Les objectifs de réduction des gaz à effet de serre seront portés à 30% pour 2020 et au moins 50% pour 2030 par rapport à 1990 afin de mettre en œuvre l’Accord de Paris sur le climat.
·               Favoriser l’appropriation citoyenne locale de la transition énergétique.
o       1 projet de production d’énergies renouvelables par quartier ou commune rurale.
o       Les projets de propriété collective seront accompagnés par des opérateurs coopératifs certifiés et rémunérés par l’État qui garantira les emprunts.
o       25% des parts sociales des projets d’énergies renouvelables devront être proposées aux citoyens locaux.
·               Lutter contre le gaspillage et éradiquer les passoires énergétiques.
o       Aller vers 750 000 logements par an rénovés d’ici la fin du quinquennat, en donnant la priorité aux ménages victimes de précarité énergétique.
·               Favoriser l’économie circulaire et lutter contre l’obsolescence programmée des produits.
o       5 ans de garantie minimale pour l’électroménager et les voitures.
o       Moduler la TVA selon l’éco-conception, la réparabilité, la réutilisation et le recyclage d’un produit.
o       Créer un Crédit d’impôt réparation permettant de rembourser 50% des frais de main d’oeuvre.
o       Créer une filière de déconstruction des navires en fin de vie et de traitement des déchets électroniques.
·               Aller vers une France zéro déchet en divisant par 2 notre production de déchets par habitant à l’horizon 2030.
o       Mettre en place un plan national de lutte contre le gaspillage alimentaire dans les cantines.
o       Rendre obligatoire la redistribution des invendus de la grande distribution vers les associations de solidarité, et l’élevage pour les déchets très périmés.
o       Valoriser énergétiquement les fermentescibles en généralisant la méthanisation.
o       Développer le compostage collectif dans les zones d’habitat dense.
o       Introduire un critère « zéro déchet » dans les marchés publics.
·               Développer les réseaux de transports du quotidien.
o       Engager une révision complète du schéma national des infrastructures.
o       Abandonner les grands projets inutiles: nouvelles lignes à grande vitesse, tunnel Lyon-Turin, aéroport de Notre-Damedes-Landes, Grand Contournement Ouest de Strasbourg, etc.
o       Restaurer la taxe poids lourds pour donner l’absolue priorité aux trajets domicile-travail et domicile-vie quotidienne.
La France Vive, c’est la France qui préserve le vivant.
Protéger toutes les espèces vivantes, c’est aussi nous protéger nous-mêmes, notre santé et celles de nos enfants.
·               Faire de la santé une priorité nationale.
o       Réorienter notre système de santé vers la prévention et la proximité, lutter en amont contre les maladies chroniques, réaffirmer la primauté de la sécurité sociale vis-à-vis des complémentaires.
o       En finir avec les déserts médicaux, en soutenant l’installation des médecins dans des maisons de santé adossées à des unités de base des premiers soins.
o       Renforcer le service public de la psychiatrie.
·               Préserver notre santé en luttant contre les pollutions.
o       Interdire le glyphosate et les perturbateurs endocriniens.
o       Sortir du diesel.
o       Contrôler strictement l’homologation des nanotechnologies.
·               Protéger notre biodiversité.
o       Vers une France zéro pesticide en 2030, avec 50% de réduction des pesticides sur le quinquennat.
o       Multiplier par 4 la surface cultivée en bio en 5 ans pour la porter à 20% de la surface agricole utile.
o       Lutter contre l’artificialisation des sols : espaces naturels et agricoles, et espaces péri-urbains.
o       Renforcer les mesures de protection de la biodiversité là où elle est particulièrement riche et menacée, notamment dans les territoires ultra-marins et les océans.
o        Renforcer la Loi littoral.
·               Garantir une alimentation saine.
o       Approvisionner 100% des cantines publiques et privées par l’agriculture paysanne ou biologique : écoles, hôpitaux, entreprises, etc.
o       → Affecter 50% des fonds de la PAC pour financer la conversion des exploitations et la structuration des filières.
·               12 Lutter contre la souffrance animale.
o       → Interdire l’élevage industriel de type « 1000 vaches ».
o       → Mettre en application les 65 préconisations avancées par le rapport de la commission d’enquête sur les conditions d’abattage.
·               13 Créer un label valorisant la pêche artisanale française pour les consommateurs, renforcer la lutte contre la pêche illégale, en particulier dans les zones ultra-marines.
·               14 Lutter contre la publicité à destination des jeunes.
o       → Interdire la publicité télévisée destinée aux enfants et supprimer les publicités sur tous les supports lors des programmes jeunesse.
La France Vive, c’est la France qui protege ses forces vives
Garantir les droits, reconnaître la dignité de chacune et de chacun, libérer les énergies et accompagner les talents.
·               15 Les jeunes sont des adultes comme les autres.
o       → Rendre le RSA accessible pour les 18-25 ans.
·               16 Faire de l’immobilier universitaire un levier de la transition écologique par le développement d’éco-campus.
o       → Plan général de rénovation du bâti universitaire avec 70 000 rénovations et 50 000 nouvelles chambres écoconçues,
o       alimentation bio et locale dans les cantines, centres de santé, etc.
·               17 Lutter contre la précarité et favoriser l’autonomie.
o       → Généraliser l’encadrement des loyers dans les zones tendues.
o       → Instaurer la garantie universelle des loyers.
·               18 Revaloriser le SMIC à 1800 euros bruts dans la mandature.
·               19 Favoriser la réduction du temps de travail, sur la semaine ou sur plusieurs années.
·               20 Assurer à tou-te-s un revenu d’existence.
o       → Expérimenter un revenu de base dont les conditions seront définies lors d’une conférence de consensus suivie d’un débat national.
o        Cette question n’est pas celle des minima sociaux, il faut changer la place du travail et reconnaître l’utilité sociale de chacune et de chacun.
·               21 Lutter contre la souffrance au travail.
o       → Moduler les cotisations accidents du travail et maladies professionnelles avec l’adoption d’un plan pour le bien-être au travail dans les entreprises.
o       → Égalité de chacun devant la retraite: renforcer le compte pénibilité et le porter jusqu’à 7 ans.
o       → Reconnaître le burn-out comme maladie professionnelle.
o       → Généraliser le droit automatique à la déconnexion.
·               22 Garantir à tou-te-s une protection sociale équivalente : l’accès à la retraite, au chômage, à la formation et d’une manière générale à la protection sociale des travailleurs indépendants et des auto-entrepreneurs sera assuré.
·               23 Lutter contre le décrochage et l’échec scolaire.
o       → Offrir des moyens supplémentaires, comme le travail en plus petit effectif, aux élèves qui en ont le plus besoin pour leur réussite.
·               24 Remplacer obligatoirement les enseignants après 3 jours d’absence.
·               25 Reconnaître toutes les familles.
o       → Ouvrir la PMA à toutes les femmes.
·               26 Aider toutes les familles.
o       → Créer de 400 000 places en crèche.
·               27 Donner le choix à nos aîné-es.
o       → Créer au moins autant de places en EHPAD public qu’en établissements privés sur chaque territoire.
·               28 Renforcer le droit de mourir dans la dignité et à choisir sa fin de vie.
·               29 Faire une France accessible aux personnes en situation de handicap.
o       → Garantir l’accessibilité de tous les services publics en créant une Agence nationale de l’accessibilité universelle.
·               30 La culture pour tous.
→ Dédier 1% du budget de l’État à la Culture.
·               31 Pérenniser le système de protection des intermittents, et créer un fonds de protection pour les artistes plasticiens.
·               32 Soutenir les politiques locales facilitant l’expression des énergies créatives dans les territoires: incubateurs culturels, lieux tiers dédiés aux expérimentations artistiques et aux rencontres non marchandes avec les publics, dispositifs de mutualisation et de coopération en faveur des nouveaux projets et artistes, etc.
·               33 L’égalité doit primer sur l’identité, la citoyenneté sur la nationalité.
o       → Mettre en place le récépissé lors des contrôles au faciès.
o       → Instaurer le droit de vote des étrangers aux élections locales.
·               34 Faire de l’égalité Femmes-Hommes un impératif.
o       → Rendre publique la liste des entreprises ne respectant pas l’égalité salariale.
·               35 Adopter une loi cadre sur les violences faites aux femmes, intégrant notamment une révision du délai de prescription.
·               36 Renforcer la lutte contre les discriminations de genre.
o       → Renforcer la sensibilisation contre l’homophobie, la lesbophobie et la transphobie.
o       → Former les personnels de la fonction publique à l’accueil des personnes LGBT.
o       → Permettre le changement de sexe libre, gratuit et déclaratif pour les personnes transexuelles.
La France Vive, c’est la France de l’innovation
Une économie et une société de l’innovation et de la sécurité professionnelle, relocalisées sur tous les territoires.
·               37 Négocier des contrats territoriaux de transition écologique de 10 ans entre les collectivités locales, l’État, les entreprises, les syndicats et les organisations de la société civile pour anticiper et favoriser les conversions économiques et industrielles.
o       →Accompagner et former les salariés: aucun travailleur abandonné sur le bord de la route.
·               38 Lancer un Small Business Act.
o       →Réserver 50% des marchés publics aux PMEPMI et aux start-ups qui emploient localement.
·               39 Baser prioritairement le programme de rénovation thermique du bâti sur les PME et l’artisanat local.
·               40 Développer l’économie sociale et solidaire.
o       → Accroître l’ouverture des marchés publics aux entreprises agréées Entreprise Solidaire d’Utilité Sociale.
·               41 Orienter l’épargne vers le capital-risque des entreprises innovantes, ancrées dans la transition écologique et numérique.
·               42 Favoriser la Recherche & Développement.
o       → Mieux cibler les soutiens à l’innovation en simplifiant et plafonnant le crédit impôt recherche.
o       → Privilégier les innovations qui participent à la transition énergétique.
·               43 Inscrire les usages du numérique dans l’ensemble du parcours scolaire, de la maternelle aux études supérieures.
·               44 Créer un ministère de la Transformation numérique dépendant du Premier ministre pour impulser et garantir la transversalité de la mutation à conduire, de l’école à l’entreprise, de la culture aux services publics; garantir la neutralité des réseaux.
·               45 Faire de la formation un droit tout au long de la vie.
o       → Créer un compte individuel de formation crédité de 16 semestres de formation à utiliser à tout moment de sa vie après 16 ans.
·               46 Développer la fiscalité écologique.
o       → En finir avec les niches fiscales nuisibles à l’environnement et la santé (13 milliards d’euros par an), dont la niche diesel.
o       → Affecter la moitié des dépenses économisées à une prime de conversion automobile pour les ménages les plus vulnérables.
·               47 Mettre en place une fiscalité plus juste et plus lisible.
o       → Réformer la fiscalité du patrimoine en tenant compte du patrimoine net.
o       → Fusionner l’impôt sur le revenu avec la CSG et la rendre progressive.
o       → Individualiser l’impôt sur le revenu.
·               48 Renforcer la lutte contre l’évasion fiscale.
o       → Renforcer le droit de la société civile de saisir le parquet national financier pour les cas d’évasions fiscales.
o       → Agir pour le contrôle de la taille des banques et
pour la pénalisation les paradis fiscaux.
La France Vive, c’est la France d’une démocratie vivante
Démocratie représentative, démocratie participative, démocratie sociale: redonner le pouvoir aux citoyens et aux salariés.
·               49 Sortir de la monarchie républicaine.
o       → Une Assemblée de 400 députés, à l’image des Français, élue à la proportionnelle, avec 20% de jeunes de moins de 30 ans.
o       → Développer des votations citoyennes sur des sujets du quotidien, les conférences de consensus et les assemblées citoyennes tirées au sort.
·               50 Créer un fonds pour une démocratie d’initiative citoyenne, financé par un prélèvement de 5% sur les financements de la démocratie représentative: partis politiques, réserves parlementaires, campagnes électorales.
·               51 Adopter le 1% budget participatif.
·               52 Adopter le 3 fois 1% redistributif citoyen.
o       → 1% des bénéfices de l’agroalimentaire pour financer des projets citoyens d’alimentation de qualité relocalisée.
o       → 1% des bénéfices des promoteurs immobiliers pour financer les actions citoyennes en matière d’urbanisme.
o       → 1% des bénéfices du secteur de la publicité pour financer des médias citoyens.
·               53 Inscrire dans la loi la co-gestion des entreprises.
o       → Faire siéger 50% de salariés dans les Conseils d’Administration.
·               54 Modifier la Constitution pour que dans l’article premier soit inscrit « République écologique », afin de constitutionnaliser l’écologie.
·               55 Nommer un vice-Premier ministre au Développement durable pour garantir la prise en compte transversale des enjeux écologiques.
·               56 Faire évoluer le mandat et la composition du Conseil économique, social et environnemental pour en faire une troisième chambre, aux côtés de l’Assemblée nationale et du Sénat, qui aurait un droit de veto suspensif sur toute mesure législative qui mettrait en cause le long terme.
·               57 Renforcer les services publics et les adapter aux nouveaux besoins, notamment ceux de nos aîné-es de plus en plus nombreux.
·               58 Afficher pour chaque service public la part payée par la collectivité.
·               59 Tirer parti de l’extraordinaire réseau que constituent les bureaux de Poste, pour en faire des Maison des services publics.
·               60 Assurer notre sécurité.
o       → Développer une police de proximité pour assurer une présence physique partout, au contact des citoyennes et citoyens.
o       → Renforcer les moyens de la justice afin de lui permettre d’assurer plus rapidement la justice du quotidien : un cas est jugé en 19 jours au Danemark, contre 304 jours en France.
o       → Créer un parquet et un FBI européens afin de lutter de manière plus efficace contre le terrorisme.
o       → Légaliser le cannabis –monopole d’état pour lutter contre le trafic et faciliter une politique de santé.
La France Vive, c’est la France qui redonne vie à L’Europe
L’Europe est notre horizon.
Elle doit devenir un projet politique et démocratique.
·               61 Adopter un plan d’investissement de 600 milliards d’euros par an, financé par la Banque européenne d’investissement et les banques nationales d’investissement, garanti ou racheté par la Banque centrale européenne, avec 4 priorités.
o       → La transition énergétique.
o       → Le numérique.
o       → Les infrastructures de transport du quotidien.
o       → La santé.
·               62 Faire élire en 2019 une assemblée constituante dont le travail se fonde sur des conventions citoyennes régionales et nationales.
·               63 Envoyer chaque année 1 million de jeunes en emploi ou en formation dans un autre pays de l’Union européenne.
·               64 Stopper l’évasion et construire l’harmonisation fiscale, garantir la transparence et imposer le reporting pays par pays pour lutter contre l’évasion fiscale, et que chaque entreprise paie des impôts là où elle gagne de l’argent.
·               65 Renforcer les ratios prudentiels des banques et séparer les activités de banque de détail et de banque de crédit.
·               66 Mettre véritablement en œuvre la Taxe sur les Transactions Financières.
·               67 Interdire en 5 ans sur le marché européen les produits issus de pays ne respectant pas la liberté syndicale et taxer ceux provenant de pays s’exonérant de la lutte contre le dérèglement climatique.
·               68 Stopper les négociations des accords de libre-échange, dont le TAFTA, et la ratification du CETA.
·               69 Refonder la politique commerciale de l’Union pour faire de l’Europe un vecteur de régulation publique de la mondialisation.
o       → Primauté des droits humains, sociaux et de l’environnement sur les droits du commerce et des investisseurs.
·               70 Abandonner la Convention de Dublin et partager équitablement l’accueil et l’intégration des réfugiés dans les pays de l’Union.
·               71 Aller vers une défense européenne commune.
La France Vive, c’est la France qui contribue à un monde de paix et de solidarité
Face aux replis nationalistes, à l’isolationnisme des États-Unis, l’expansionnisme de la Russie et de la Chine, et l’émergence des économies du Sud, défendre un multilatéralisme fondé sur la coopération, la solidarité et la protection des biens communs.
·               72 Réformer le Conseil de sécurité des Nations unies.
o       → Supprimer le droit de veto.
o       → Faire du siège de la France le siège unique de l’Union européenne.
·               73 Accroître l’Aide Publique au Développement à la hauteur de l’engagement international de la France, c’est-à-dire à 0,7% du PNB.
·               74 Prendre l’initiative d’une conférence internationale dont l’objectif sera de sanctuariser l’Arctique.
·               75 Remplacer la stratégie de dissuasion nucléaire par un sanctuaire européen «dénucléarisé», et œuvrer à une diplomatie active en faveur du désarmement nucléaire.
o       → De manière à créer cette dynamique, renoncer de manière unilatérale aux composantes terrestre et aérienne de la force de dissuasion nucléaire.
o       → Affecter l’économie ainsi réalisée à la remise à niveau des moyens des forces conventionnelles.
·               76 Interdire les ventes d’armes aux pays non démocratiques.
·                Construire la France 100% durable, c’est sortir de notre dépendance aux énergies fossiles provenant de la Russie, des pétromonarchies du Golfe et d’autres régimes corrompus et autocratiques au sud de la Méditerranée et en Afrique subsaharienne.
·                C’est promouvoir une politique étrangère forte guidée par les droits humains, la défense de la démocratie et la protection de la planète plutôt qu’une diplomatie complaisante dictée par l’accès aux ressources et les ventes d’armes.
"
31220_201706,PCF,Parti Communiste Français,39,"Le peuple à l’Assemblée nationale
Les élections présidentielles viennent de s’achever avec l’élection d’un nouveau Président de la République, monsieur Macron.
Ce scrutin aura été marqué par une légitime colère devant l’inefficacité des politiques publiques mises en oeuvre depuis des décennies.
Elle aura aussi, malheureusement, entraîné beaucoup trop de nos concitoyens vers des chemins de divisions, de haine, et tout compte fait, de désespérance.
Le PCF en soutenant Jean-Luc Mélenchon, a voulu que cette colère devant la pauvreté, le chômage, les inégalités qui s’accroissent, devant le pillage des ressources naturelles, trouve le chemin, non de la division, mais de l’espoir et du progrès.
A l'occasion des élections législatives, nous avons la possibilité concrétiser cet espoir en élisant un maximum de député-e-s qui s'opposeront fermement à E.Macron, à la droite et à l'extrême droite et qui porteront haut vos luttes et vos espoirs.
LA GAUCHE DEBOUT POUR L'HUMAIN D'ABORD !
M.Macron a d'ores et déjà annoncé son désir de « réformer » le code du travail par ordonnances durant l'été.
Face à ce déni démocratique dôtons nous de député-e-s qui voteront contre la loi lui permettant d'âgir de la sorte.
Donnons nous des députés qui ne se soumettront pas au mépris de la démocratie !
C'est cela que pour les candidat-e-s soutenu-e-s par le PCF.
Nous ne laisserons pas faire.
Nos député-e-s seront aux cotés des jeunes, des femmes, des infirmières, des postiers, des salariés du public et du privé, des agriculteurs, des précaires et chômeurs qui aspirent à ce que leur vie change,
qui aspirent à faire émerger une gauche de combat et de valeur, une gauche qui agit au nom de « l'humain d'abord » !""
Nos 5 axes d'action
Pour faire vivre l'humain d'abord dans notre circonscription, nos candidats agiront pour : 1. La lutte contre les inégalités
et la relance des services publics
Contre les coupures d'eau et d'électricité, les expulsions et les fermetures (bureaux de poste, classes, hôpitaux, gares...) et pour la relance de tous les services publics.
L’emploi et un Code du travail favorable aux salariée-s
Légalité salariale femmes-hommes,
une sécurité de l’emploi et de la formation en lien avec les syndicats,
les PME-TPE,
l’économie sociale et solidaire pour l'emploi local,
une loi anti-dumping social
et un fonds européen de développement social et écologique.
Une nouvelle République et un renouveau de la politique
De nouveaux droits des salariés dans l’entreprise
et la mise en place d'un conseil citoyen de circonscription pour rendre compte de mon mandat et faire les lois avec vous.
L’augmentation des salaires
et la lutte contre la finance
Augmentation des salaires jusqu'à 23%,
abrogation du traité budgétaire européen,
un pôle public bancaire,
lutte contre l’évasion fiscale
et les aides sans contrepartie aux entreprises.
Produire autrement pour l’humain et la planète
Un million d’emplois dans les filières d’avenir,
la maîtrise publique de l’eau et de l’énergie,
favoriser les circuits courts agricoles et des prix rémunérateurs aux producteurs."
31230_201706,PRG,Parti Radical de Gauche,625,"LES GRANDES ORIENTATIONS DE MON PROGRAMME PRESIDENTIEL
OBJECTIFS ET PROPOSITIONS
ASSURER LA SECURITE
Par l’augmentation des moyens de notre police, de notre justice et de nos armées
RENFORCER LES ENTREPRISES
Par la suppression complète des cotisations à la branche famille de la sécurité sociale
Par la réforme de notre impôt sur les sociétés, à la base élargie, mais dont les taux progressifs ne devront pas excéder 20%
Par la mise en oeuvre d’un plan de soutien à nos Très Petites Entreprises, incluant l’affectation à leur financement d’une part des placements d’assurance vie et la réforme du RSI
ETABLIR LA CONFIANCE ENTRE L’ENTREPRISE ET SES SALARIES
En associant davantage les salariés à la gestion des entreprises, les conseils d’administration des plus grandes devant comporter un tiers de représentants des salariés
En développant l’intéressement aux bénéfices, tout accord d’entreprise portant sur la définition de conditions de travail restrictives devant comporter une clause d’intéressement aux bénéfices
PROMOUVOIR L’EMPLOI DURABLE
En affectant prioritairement à la lutte contre le chômage les moyens de la formation professionnelle et en renforçant son efficacité par la généralisation d’une obligation de résultats
En accordant aux entreprises une aide liée à la conclusion de CDI
GARDER LE CAP D’UNE POLITIQUE BUDGETAIRE RESPONSABLE
En veillant à ne pas engager de dépenses nouvelles sans compensation
En veillant à ne pas alourdir la charge fiscale de nos contribuables
En veillant à la réduction de notre endettement public
CONSOLIDER NOTRE PROTECTION SOCIALE
Par l’adoption d’un système de retraites à points assorti de garanties
En assurant à nos agriculteurs de meilleures conditions de retraite
ASSURER L’EGALITE DES CHANCES PAR L’ECOLE
En rendant l’école obligatoire dès la maternelle
En maintenant le collège unique jusqu’à 16 ans
POURSUIVRE UNE POLITIQUE ENVIRONNEMENTALE DE CROISSANCE
Par la recherche d’économies d’énergie fondées sur l’innovation
Par le soutien aux énergies renouvelables, comme à la sûreté de l’énergie nucléaire civile
INSTITUER DE NOUVEAUX DROITS
Le droit de mourir dans la dignité
La possibilité pour toutes les femmes de recourir à la PMA sans conditions
Le droit de vote pour les étrangers résidents en situation régulière
La légalisation de l’usage du cannabis, sous contrôle de l’Etat
ETABLIR L’EGALITE REELLE ENTRE LES FEMMES ET LES HOMMES
Par l’extension des pénalités pour discriminations salariales
Par l’extension de la parité dans les organes de direction du secteur privé comme public
RENDRE NOS INSTITUTIONS PLUS EFFICACES
Par la fixation à sept ans, sans renouvellement, de la durée du mandat présidentiel
En restituant au Parlement la plénitude de sa compétence, par la suppression d’un domaine réservé au pouvoir règlementaire autonome
Par la définition de règles permettant l’accélération de la procédure d’adoption des lois
RELANCER LA CONSTRUCTION DE L’EUROPE
Par l’institution d’un gouvernement économique de la zone euro
Par l’impulsion d’une politique européenne de la défense
Par la promotion, dans les rapports commerciaux internationaux, d’un système de préférence européenne
prenant appui sur des normes sociales et environnementales
Par le développement des coopérations renforcées, notamment en matière fiscale et sociale
Mes priorités pour la France trouveront pleine application DANS LES OUTRE-MER.
La sécurité y sera renforcée.
La lutte contre le chômage, et contre la vie chère, y seront plus soutenues.
Un développement économique autocentré y sera activement recherché.
MON PROGRAMME PRESIDENTIEL
Un programme de gouvernement pour la France pendant cinq années doit s’appuyer sur des principes, pour définir un projet de société,réaliste, loyal et cohérent.
Mon programme repose : sur les principes de la République; sur la conviction que seul le principe de laïcité peut garantir l’unité dela France; sur la fidélité à l’engagement européen de la France:
Prenant l’appui de nouvelles bases pour la croissance et l’emploi (I),
mon projet est celui d’une France rassemblée autour des valeurs dela République (II),
renforcée par son appartenance à une Europe qui protège (III).
DE NOUVELLES BASES POUR LA CROISSANCE ET L’EMPLOI
La renaissance de l‘économie française doit reposer sur la confiance:
Confiance des entrepreneurs et des investisseurs dans le soutien qui leur sera apporté par les pouvoirs publics ;
Confiance des différents acteurs de l’entreprise, actionnaires, salariés, dirigeants, dans leur capacité à construire ensemble une activité rentable,
dont les fruits seront équitablement partagés.
La mise en place d’une politique de l’entreprise fondée sur la confiance doit être complétée par des initiatives spécifiques concernant certains secteurs de notre économie (logement, agriculture),
la défense de notre système de protection sociale, notamment dans le domaine de la santé, l’engagement résolu dans une politique environnementale de croissance.
Ces nouvelles bases pour la croissance et l’emploi devront s’inscrire dans le cadre d’une politique budgétaire responsable.
1.            RENFORCER L’ENTREPRISE
Par un cadre fiscal et social soutenable
Le cadre fiscal et social général dans lequel doivent aujourd’hui fonctionner les entreprises françaises est inadapté.
Les charges sociales qu’elles supportent, le plus souvent assises sur les salaires versés, pèsent sur le facteur travail et pénalisent à la fois l’emploi et la compétitivité.
La fiscalité atteignant le bénéfice des sociétés comporte une assiette anachronique, un taux excessivement élevé et favorise l’évasion fiscale et les pratiques d’optimisation.
La définition d’un cadre social et fiscal soutenable pour nos entreprises signifie:
Alléger et clarifier le dispositif de charges sociales
En dépit d’allègements partiels, complexes et subordonnés à de multiples conditions, les entreprises supportent un niveau de charges sociales excessif, et non toujours fondé.
Il n’existe pas, ainsi, de justification convaincante aux mesures tendant à faire supporter aux entreprises la charge du financement de la politique familiale nationale.
Les projets ou engagements de suppression de cette charge n’ont pas été conduits à leur terme.
Il faut y parvenir.
La politique familiale doit être financée par la collectivité nationale, et non par l’entreprise.
Je propose, pour toutes les entreprises, la suppression complète et immédiate de la cotisation employeur à la branche famille de la Sécurité sociale.
Le coût financier de la mesure trouvera compensation dans la suppression du dispositif complexe, inégalitaire et de faible efficacité de CICE.
Réformer l’impôt sur les sociétés
L’impôt français sur les sociétés a le taux le plus élevé d’Europe (33,33 %, sans compter les suppléments), alors qu’il est un de ceux qui rapportent le moins (30 milliards.
Avec un taux de 20%, l’impôt sur les sociétés du Royaume Uni rapporte 60 milliards).
En outre, les entreprises relevant de cet impôt sont imposables sur leurs seuls bénéfices réalisés en France, à l’exclusion de ceux réalisés ou constatés à l’étranger.
Ces caractéristiques ont pour effet de favoriser les délocalisations d’activités hors de France, vers des pays à fiscalité plus accueillante, et les pratiques d’optimisation fiscale tendant à délocaliser les bénéfices apparents vers les paradis fiscaux.
Je propose d’élargir la base imposable à l’impôt sur les sociétés, en particulier au point de vue de sa portée territoriale : cet impôt deviendrait un impôt mondial, atteignant l’ensemble des résultats des sociétés, en France comme à l’étranger, les résultats des succursales et filiales dépendantes étant pris en compte.
L’impôt atteignant ce résultat mondial sera taxé selon un barème progressif, comportant un taux maximum de 20%.
Le barème proposé est le suivant :  0% (franchise) pour les bénéfices admis à certains régimes incitatifs (ZFU, etc) ; 10 % de 0 à 20 000 euros de bénéfice net annuel ;  15% de 20 000 à 100 000 euros ; 20% pour la fraction du bénéfice excédant 100 000 euros.
Bien entendu, l’impôt calculé sur la base des résultats mondiaux de l’entreprise (mesure intéressant préférentiellement les grandes entreprises disposant d’implantations à l’étranger) viendraient en déduction les impôts payés à l’étranger sur les résultats étrangers (crédit d’impôt étranger, calculé pays par pays), afin d’éviter toute double imposition.
Ce dispositif permettra de mettre fin aux pratiques d’optimisation visant à loger les bénéfices dans les paradis fiscaux.
Un meilleur rendement de l’impôt doit être également obtenu par la taxation des profits réalisés en France par les entreprises étrangères opérant par la voie de l’économie numérique.
L’adaptation de notre fiscalité aux mutations technologiques est un impératif.
Par un soutien spécifique aux TPE, au commerce et à l’artisanat
Le Plan TPE : Les quelques trois millions et demi de très petites entreprises (TPE) sont les garantes du maintien de l’emploi et des savoir-faire dans nos territoires.
Elles doivent être soutenues par un ensemble cohérent de dispositions regroupées dans un «plan TPE», ainsi décliné :
Aider les TPE par les mesures suivantes :
Faciliter le recrutement de ressources humaines pour aider les TPE à se développer.
Pour ce faire, consolider les dispositifs prévus pendant le quinquennat en faveur de la première embauche (charges sociales très réduites pendant deux ans) notamment à l’issue d’un contrat d’apprentissage, mais aussi pour toute nouvelle embauche (puis 3e puis 4e etc. salarié).
Revoir les outils de garantie et de cautionnement, d’affacturage et de médiation également pour les rendre spécifiquement accessibles aux TPE :
•                par des mesures favorables aux groupements d’employeurs pour les TPE pour des recrutements à temps partiel
•                par des mesures sociales ciblées sur des postes-clefs pour l’export avec un abattement de charges qui éviteront les effets d’aubaine générés par le CICE.
Faciliter le financement des TPE en:
•                investissant 15% de l’assurance-vie dans les TPE
•                étendant aux TPE le dispositif « compte entrepreneur-investisseur » des start-up
Stimuler le secteur du bâtiment par :
•                un programme de rénovation thermique
•                 mise en accessibilité des bâtiments publics comparable au dispositif intéressant les bailleurs sociaux via un financement par des emprunts de très long terme (CDC).
•                l’accès à l’éco-PTZ (prêt à taux zéro) et au CITE pour la rénovation thermique des logements mis en location.
•                l’extension des aides fiscales à l’investissement logement aux opérations de rénovation.
Faciliter l’accès des TPE aux appels d’offres des marchés publics, dont une partie devra leur être réservée.
Accompagner les TPE
Mon « Plan TPE » comportera l’amélioration des mesures d’accompagnement des TPE, créateurs, repreneurs et cédants dans les territoires, par:
• Un maillage des services publics, avec des antennes au plus près des besoins grâce à la mutualisation des services publics, réseaux consulaires et aux nouvelles technologies.
• La fusion des services de proximité des CCI  CMA, en lien direct avec Pôle emploi pour les chômeurs créateurs repreneurs de TPE.
• L’allégement de la gestion administrative, toute information déjà donnée ne pouvant plus être à no uveau demandée, objectif supposant de :
•                 Equiper toutes les TPE d’un compte numérique les identifiant abritant toutes les données qu’elles souhaitent y entreposer (« l’armoire numérique sécurisée »)
•                En donner l’accès, sur validation du dirigeant, à toutes les entités publiques collectant des informations, des statistiques etc.
•                Identifier un référent TPE au sein de l’administration territoriale
•                Accélérer la dématérialisation des démarches administratives et la constitution de guichets uniques (déclarations, paiement, attestations, réclamations etc.)
•                Lutter contre l’épuisement des dirigeants des TPE, par une documentation sur cette réalité, et la mise en place d’un plan de prévention sanitaire et d’une campagne de détection du burn out
Réformer le RSI
Les très graves dysfonctionnements constatés dans la gestion du RSIdepuis sa création rendent sa réforme nécessaire.
Si les conclusions del’audit qui devra être immédiatement diligenté, et remis dans le délai detrois mois, ne permettent pas d’être assuré d’une correction très rapidede ses insuffisances, il faudra décider de supprimer les caisses RSIet de rattacher le régime des indépendants au régime général, afind’éviter la persistance des erreurs d’enregistrement et des délais depaiement.
La création auprès des caisses du régime général de guichetspécifique permettra de garantir aux indépendants la préservation desexonérations et allégements de cotisations dont ils bénéficient.
Les autres mesures de soutien au commerce et à l‘artisanat
Elles viseront à: Assurer le maintien de commerçants et d’artisans dans les territoires ruraux et les quartiers sensibles.
Il conviendra pour cela de: Mettre en place un plan de veille afin d’anticiper les difficultés du commerce et de lui proposer un accompagnement (mise en réseau, point-relais avec offre web, diversification, relais pharmacie, etc.)
•                Étoffer l’enveloppe du FISAC pour aider au maintien de ces commerces, sous condition, afin que tous les citoyens aient accès à une offre de proximité et ne soient pas relégués
•                Soutenir spécifiquement des commerces particuliers au regard de la nécessité de ne déserter aucun territoire, tels que : détaillants de presse, commerces culturels et points de vente de carburant isolés et ayant un débit faible (stations dites « de maillage »)
•                promouvoir un plan d’aide à la diversification (énergie électrique) et de soutien financier en fonction de conditions objectives et transparentes.
Penser l’urbanisme commercial à l’échelle de l’intercommunalité et en se donnant les moyens d’une régulation ambitieuse : Le commerce a un impact au-delà des communes: un schéma directeur doit être pensé au niveau intercommunal (en aménageant des règles permettant d’éviter une spécialisation territoriale discriminante) en intégrant les différentes centralités et les périphéries, les projets éventuels de requalification dans la stratégie du PLUI.
Amorcer un travail de fond au niveau européen sur les règles encadrant l’implantation des commerces afin de desserrer la contrainte des 1000 m2 lorsqu’elle est néfaste pour le commerce de proximité et que la sauvegarde de ce dernier est en jeu.
Accompagner commerçants et artisans dans leurs mutations :
•                accompagnement vers la constitution de réseaux locaux des acteurs du commerce  artisanal qui seront porteurs de projets collectifs, de dynamique territoriales.
accompagnement vers le numérique et de nouvelles approches des clientèles.
Mettre en place un observatoire de la vacance commerciale pour déclencher rapidement une aide
accompagnement aux communes concernées afin de contribuer à remédier à la dégradation du centre-ville mais aussi pour diagnostiquer les facteurs généraux amenant à cette dégradation et les leviers d’action mobilisable.
2 REFORMER L’ENTREPRISE
Bien des programmes politiques proposent d’aider nos entreprises, afin de les rendre plus compétitives.
Nombre d’entre eux, y compris lorsqu’ils prétendent s’inscrire dans le camp de la gauche degouvernement, ou dans celui du progrès, admettent aussi que la compétitivité de l’entreprise passepar la « flexibilité du travail », hors de laquelle les « réformes » ne seraient pas suffisantes.
La réformeproposée est alors, en fait, celle du droit de travail, ayant pour perspective sa plus grande précarité, etnon pas celle de l’entreprise, dont il est rarement question.
Avec les radicaux, je veux pour ma part placer la réforme de l’entreprise au coeur de mon projet économiqueet social.
Au contraire d’une fragilisation de l’emploi pour les salariés, ma démarche postule qu’il ne peutexister d’économie d’entreprise confiante et solidaire sans l’association durable des salariés à l’aventure qu’ilspartagent avec leurs autres partenaires, actionnaires ou dirigeants, au sein de l‘entreprise.
Rejetant aussi bien la conception de l’économie vue comme une lutte des classes opposant patronset ouvriers, que les théories à la mode selon lesquelles la compétitivité des entreprises passe par laprécarité des emplois, je souhaite fonder le renouveau de notre économie sur une vision nouvelle del’entreprise, regardée comme une communauté d’acteurs solidaires, associant dans un élan communet une égale dignité apporteurs de capitaux et apporteurs de ressources humaines.
Réformer l’entreprise signifie alors :  Réformer sa gouvernance, pour associer davantage les salariés à la gestion de l’entreprise
• Promouvoir la répartition équitable des produits de l’entreprise entre apporteurs de capitaux et ap porteurs de ressources humaines
• Privilégier l’emploi durable des salariés dans l’entreprise
Une nouvelle gouvernance pour l’entreprise
Je pense qu’il est temps de rendre effectif le principe posé à l’article 8 de la Constitution de 1946,qui fait partie des Droits de l’homme et principes de souveraineté nationale sur lesquels repose notreRépublique, selon lequel tout travailleur participe, par l’intermédiaire de ses délégués, non seulementà la détermination collective des conditions de travail, mais aussi à la gestion des entreprises.
Les dispositions actuelles de la loi ne prévoient qu’une association limitée des salariés à la gestiondes entreprises.
Elle doit être fortement accrue.
Je propose que dans les entreprises employant aumoins mille salariés dans la société et ses filiales, la représentation des salariés dans les conseilsd’administration et conseils de surveillance soit portée au tiers de leurs membres (ou au nombre immédiatement inférieur au 1/3 en cas de composition ne permettant pas d’atteindre ce pourcentage).
Une répartition équitable et solidaire des produits de l’entreprise
La loi prévoit aujourd’hui un dispositif facultatif d’intéressement des salariés aux résultats ou aux performancesde l’entreprise, ainsi qu’un dispositif de participation aux résultats obligatoire pour les entreprisesd’au moins 50 salariés, et qui permet de redistribuer aux salariés une partie des bénéficesréalisés par leur entreprise.
La promotion de l’entreprise équitable et solidaire conduit à rechercher lerenforcement de ces dispositifs.
La participation des salariés aux résultats de l’entreprise doit être adaptée aux changements intervenusdepuis sa définition initiale (écart croissant entre bénéfice comptable et bénéfice fiscal, baisse destaux de rendement du capital financier, etc.).
La formule permettant de fixer le montant de la réservespéciale de participation devrait ainsi se référer, non au bénéfice fiscal de l’entreprise, mais à son bénéficecomptable avant impôt.
Une clause d’intéressement des salariés aux bénéfices de l’entreprise devra accompagner systématiquementtout accord d’entreprise conclu en vertu de la « loi Travail » pour adapter l’organisation del’entreprise (rémunérations, durée du travail) afin de préserver ou développer l’activité et l’emploi.
Privilégier l’emploi durable
Sans être aveugles aux nécessités d’ajustement des entreprises aux aléas de la conjoncture, je souhaitefavoriser l’emploi durable, condition nécessaire d’une réforme de l’entreprise considérée commeune communauté d’acteurs solidaires.
Dans ce but sera institué un crédit d’impôt, simple et de portée générale, en faveur des contrats d’emploidurable : le crédit d’impôt CDI, qui pourrait être égal à 1,5% des salaires rémunérant les CDI, dansla limite de 2 fois le SMIC.
3 UNE POLITIQUE DU LOGEMENT AU SERVICE DU VIVRE ENSEMBLE, DE LA CROISSANCE ET DES ECONOMIES D’ENERGIE
En matière de logement, les efforts entrepris doivent être poursuivis et amplifiés.
Ma politique du logementrépondra à quatre objectifs principaux :
Favoriser le vivre ensemble, par l’application effective de la loi SRU
Pérenniser les dispositifs de relance (PTZ neuf, ancien, investissement locatif), qui, portant désormaisleurs fruits, répondent à la demande de logements et soutiennent l’activité BTP
Soutenir activement les programmes de rénovation.
Alors que les mesures de soutien à la construction de logements ont jusqu’ici favorisé les investissementsen logements neufs, il convient désormais de soutenir activement les programmes de rénovation par:
•                La définition d’un plan de rénovation d’ampleur pour les parcs privés et publics
•                La définition de mesures d’aide fiscale à l’investissement en rénovation.
Soutenir et étendre l’action en faveur de logements économes en énergie.
La construction de logements doit être respectueuse des objectifs d’économie d’énergie.
Cet objectif doit être étendu aux logements existants.
Dans cette perspective, l’Éco-PTZ doit être ouvert aux logements mis en location lorsque les propriétaires ont des revenus modestes.
Les entreprises éco-responsables doivent être favorisées pour réaliser ces travaux (principe d’éco-conditionnalité)
Les moyens de l’ANAH doivent être renforcés pour favoriser la rénovation des logements des propriétaires occupants modestes.
4 UNE AGRICULTURE RESOLUMENT DEFENDUE
Réforme de la PAC.
Notre agriculture dépend largement des soutiens qui lui sont apportés par l’Europe.
Les orientations de la PAC demeurent toutefois trop favorables à des pratiques agricoles productivistes,négligentes au regard des perspectives d’emploi dans le secteur agricole.
La PAC doit être réformée, la répartition des aides devant à l’avenir prendre aussi en compte :
• Les unités de main d’oeuvre présentes à la ferme, afin de protéger l’emploi plutôt que d’encourager la seule mécanisation,
• La rémunération des services rendus par une agriculture respectueuse des équilibres, des ressources et de l’eau en particulier, des biodiversités sauvages et domestiques, du climat et de la santé.
Les actions nationales et régionales.
Les actions nationales et régionales de politique agricole devront :
• Soutenir l’action des CUMA et autres coopératives agricoles
• Faciliter l’installation des jeunes agriculteurs
• Prévoir des dispositifs de soutien à l’investissement des petites entreprises agricoles
• Veiller à l’amélioration du dispositif de retraites agricoles
Elles devront également :      S’attacher à une plus juste répartition des marges entre producteurs, intermédiaires et grande distribution ;
Soutenir l’agriculture biologique et raisonnée sur des circuits courts ;
Favoriser le bio et les repas sous label de qualité dans la restauration scolaire collective ;
Veiller à des conditions d’abattage plus respectueuses des animaux
Sera mise à l’étude une assurance récolte obligatoire pour soutenir les agriculteurs contre les aléas climatiques et sanitaires.
5 UNE POLITIQUE SOCIALE CLAIRE, SOLIDAIRE ET RESPONSABLE
La politique sociale de la France doit viser à la préservation de notre modèle tel qu’édifié depuis le siècle dernier, et progressivement amélioré.
Elle doit prendre en compte de façon réaliste les contraintes financières liées au contexte économique ou à l’évolution démographique.
Elle doit prioritairement assurer la protection des plus démunis.
Nous ne pouvons, ainsi, partager les propositions d’institution d’un revenu universel minimum qui serait alloué à tout individu, quel que soit le niveau de ses ressources ou l’importance de son patrimoine.
Nous rechercherons, en revanche, la simplification des dispositifs d’allocations, comme un meilleur accès à leur bénéfice par la mise en place d’un guichet unique, et étudierons la faisabilité d’une fusion des minima sociaux.
En ce qui concerne les retraites, notre système actuel de retraite par répartition ne survit qu’au prix decontraintes de plus en plus fortes, touchant notamment au recul de l’âge de la retraite.
Or celui-ci n’estjustifié ni par l’allongement de la durée de vie, qui n’apparaît plus progresser, ni par l’état du marché dutravail, qui n’est pas en faveur de l’emploi des séniors.
Je propose la mise en place d’un système de retraites par points permettant de cumuler, de manièreflexible, des droits acquis tout au long de la vie.
Le système proposé conserverait le principe de la solidarité intergénérationnelle, les cotisations des actifsservant à payer les pensions des retraités, mais la pension de chaque individu serait proportionnelleau travail qu’il aura fourni tout au long de sa vie.
Ce système permettrait une plus grande liberté dans le choix de l’âge de départ à la retraite, avec lasuppression d’un âge pivot et le jeu d’abattements ou au contraire de surcote, selon que le départ seraitanticipé ou différé.
Le système proposé devra être compatible avec le maintien des mécanismes de solidarité commel’attribution de points gratuits pendant les périodes de chômage, de maladie, de congé maternité, ainsiqu’avec la garantie d’un socle de retraite de base.
Le minimum vieillesse (Allocation de Solidarité aux Personnes Agées) devra être progressivement porté à 85% du SMIC pour compenser l’insuffisance du pouvoir d’achat des personnes âgées les plus pauvres.
6 UNE POLITIQUE DE SANTE EGALITAIRE ET PERFORMANTE, FINANCIEREMENT SOUTENABLE
Lutte contre les déserts médicaux.
L’exigence d’égalité en matière de santé oblige à engager unelutte déterminée contre les déserts médicaux, ruraux comme urbains.
Par une redéfinition des critèresde présence des hôpitaux et des maternités.
Par le recours au numérique, le développement de latélé-médecine et la mise en commun des ressources des hôpitaux.
L’implantation de médecins dansdes territoires sous-dotés doit être encouragée par le renforcement des mécanismes incitatifs.
L’objectif de qualité et d’efficacité des soins doit être constamment poursuivi, notamment par:
• Le développement des investissements pour la recherche
• Le renforcement des moyens de traitement des cancers et maladies rares, comportant notamment une augmentation des effectifs des services de cancérologie
• Le renforcement du dispositif de lutte contre les affections cardio-vasculaires (Institut dédié et Plan comparables à ceux prévus en matière de cancers), et de lutte contre le diabète et l’obésité
• Le renforcement des moyens du Plan Autisme
• Une meilleure ouverture de la profession, assortie des formations en rapport avec les besoins de traitements spécialisés
La maîtrise des dépenses de santé doit être recherchée, par :
• Un soutien beaucoup plus résolu aux politiques de prévention, génératrices d’économies dans les dépenses de traitement
• L’investissement dans la santé à l’école et au travail
• L’amélioration du parcours de soin du malade
• Une évaluation améliorée de la politique conventionnelle, impliquant le contrôle du Parlement
• Un contrôle renforcé des marges de l’industrie pharmaceutique, en vue de l’abaissement du coût de certains traitements
• La généralisation des génériques
• La délivrance de médicaments à l’unité
• Le développement de la chirurgie ambulatoire
7 UNE POLITIQUE ENVIRONNEMENTALE AU SERVICE DU DEVELOPPEMENT ECONOMIQUE
Les radicaux ont été les pionniers de l’engagement écologique avec Michel Crépeau en 1981, ils ont étéaux côtés de Brice Lalonde et de Génération Ecologie dès 1984.
Avec nos partenaires, je poursuivraiavec résolution les objectifs de protection de l’environnement, de lutte contre le réchauffement climatiqueet de promotion des économies d’énergie.
Je ne veux pas, toutefois, séparer ces objectifs environnementaux de l’exigence de progrès scientifique,indispensable à l’émancipation des hommes, et de l’exigence de croissance économique, nécessaireau règlement des déséquilibres économiques, démographiques et sociaux qui menacent la stabilité du monde.
C’est pourquoi je fais clairement le choix de l’écologie de progrès, et non de repli sur le passé, le choixd’une politique environnementale au service du développement économique, plus incitative que répressivedans ses moyens.
Ce choix trouvera une illustration en matière de politique énergétique, à travers :
• Un soutien déterminé aux énergies renouvelables (éolien terrestre et éolien flottant en mer, solaire, géothermie, etc.), dont le développement ne doit pas être entravé par des obstaclestrop systématiquement dressés à l’encontre des projets concrets de mise en oeuvre (recourscontre tel ou tel usage d’espace ou de terrain, etc.)
• Non exclusif du choix d’un maintien à niveau suffisant du nucléaire civil, non préjudiciableau climat, à l’origine de progrès scientifiques et techniques déterminants, garantie d’activité etd’emploi pour de nombreux territoires, facteur d’indépendance énergétique
Les risques et inconvénients du nucléaire civil dans sa technologie actuelle (fission) doivent être maîtriséspar le contrôle et le renforcement des mesures de sûreté.
La recherche en vue de l’usage detechnologies nouvelles (fusion nucléaire) doit être préservée et encouragée.Le perfectionnement de la politique environnementale peut être par ailleurs recherché au travers demesures diverses telles que:
• L’encouragement à l’emploi généralisé de modes de construction innovants, faisant appel à des matériaux propres et bio-sourcés
• La généralisation des incitations à l’économie d’énergie dans les logements, par l’extension des mesures d’aide aux logements anciens mis en location
• L’accroissement et l’adaptation des parts et modalités d’énergies renouvelables en fonction des ato uts propres à chaque territoire
• En matière de gestion des déchets, l’encouragement au recyclage, et notamment à l’incorporation dans les produits de matières recyclées
8 UNE POLITIQUE BUDGETAIRE RESPONSABLE
Le programme économique et social que je présente comporte un certain nombre de mesures nouvellesqui représentent un coût.
Même si aucune d’entre elles n’est de portée financière telle qu’elle détermineraitun bouleversement de l’équilibre de nos comptes publics.
Pour autant, j’entends inscrire résolumentmes engagements dans la continuité d’une politique budgétaire responsable.
Contrairement à d’autres, jene soutiendrai pas l’idée qu’il faut s’évader de toutes contraintes, creuser librement nos déficits pour finalement,avec l’accroissement de notre dette, reporter sur nos enfants le poids des largesses du moment.
Les mesures nouvelles que je propose devront donc trouver contrepartie.
Ailleurs que dans l’augmentation d’une pression fiscale, déjà trop lourde, exercée sur les ménages.
Cepourquoi mon programme ne prévoit pas de réforme significative de la fiscalité des particuliers qui devraêtre allégée, en particulier pour les classes moyennes qui ont supporté l’essentiel de l’effort fiscal desannées de crise, dès que sera trouvé le chemin d’une croissance plus forte et plus durable.
II. UNE FRANCE RASSEMBLEE AUTOUR DES VALEURS DE LA REPUBLIQUE
Notre pays est en mal d’unité.
Pour le rassembler, il n’est pas d’autre chemin que celui des valeurs dela République.
Celles inscrites dans notre devise.
Celle qu’exprime le principe de laïcité.Nos droits doivent être protégés, à commencer par l’un des premiers d’entre eux, qui est le droit à lasécurité.
Nos libertés doivent être élargies, par de nouvelles conquêtes, en lien avec les évolutions de nos sociétés.
Une égalité réelle entre les femmes et les hommes doit être assurée.
L’égalité des chances pour tous les enfants de la République doit être assurée par l’école.
Prolongéepar une politique culturelle ambitieuse.
Ces exigences, comme celles liées au développement économique et social, doivent trouver les réponsesspécifiques qu’appelle le particularisme de chacun des outre-mer.
Pour la conduite des actions utiles à l’ensemble de ces missions, les institutions de la Républiquedoivent être efficaces.
Et prendre appui sur une fonction publique et des services publics préservés etadaptés.
1 ASSURER L’EFFICACITE DE NOS INSTITUTIONS POLITIQUES
S’agissant des institutions politiques dans le cadre desquelles s’inscrit l’action républicaine, les Radicauxdemeurent fidèles au modèle de la démocratie parlementaire, dans laquelle tous les citoyens sontsoumis à la loi commune, élaborée par leurs représentants élus.
L’exécutif est en charge de leur application,le pouvoir judiciaire veille à leur respect et sanctionne les manquements qui y sont apportés.
LesRadicaux demeurent également attachés à une organisation de la vie politique appuyée sur des partis politiques responsables, dont le rôle est affirmé par l’article 4 de la Constitution.
Si la question institutionnelle n’est pas, aujourd’hui, au centre des préoccupations des Français, il resteutile de rechercher une meilleure efficacité de nos institutions, nos concitoyens attendant une réponserapide et forte des pouvoirs publics aux graves problèmes qui se posent à la France.
Je proposerai enconséquence les réformes visant à restituer au Président de la République les conditions d’une actionlibre et résolue, et au Parlement la plénitude de ses compétences naturelles, ainsi que les moyens d’uneprocédure législative plus rapide et efficiente.
Un Président qui agit, sans la contrainte des perspectives électorales
L’action du Président de la République est aujourd’hui compromise par les caractéristiques du mandat présidentiel.
Le mandat de cinq ans renouvelable a pour effet :    • d’entraver la liberté d’action du Président au cours de son premier mandat par la perspective d’une nouvelle élection, à brève échéance ;
• de lier trop étroitement les élections présidentielle et législatives, au détriment d’une claire séparation des pouvoirs ;
• de borner à l’excès, dans le temps, le champ d’action du Président, beaucoup de réformes d’ampleur réclamant plusieurs années pour leur préparation, leur mise en oeuvre et l’évaluation de leurs effets
Un mandat unique de 7 ans donnerait au Président plus de liberté et de capacité d’action.
Je propose de fixer la durée du mandate présidentiel à 7 ans, sans possibilité de renouvellement.
Un Parlement dont la compétence législative n’est pas bornée par les empiètements d’autrespouvoirs
Le Gouvernement et l’administration ne doivent pas disposer du pouvoir de fixer des règles généralessans aucune intervention du Parlement.
Je propose en conséquence de supprimer l’article 37 de la Constitution (domaine des « règlementsautonomes »), la loi devant fixer les règles applicables en tous domaines.
La mesure est aujourd’hui d’autant plus justifiée que la compétence de fixation de nombreuses règles aété transférée soit aux institutions européennes soit aux collectivités territoriales (décentralisation).
Bienentendu, le Gouvernement et l’administration conservent leur compétence en matière de règlementsd’application des lois.
La mise en place d’autorités administratives ou publiques indépendantes, dotées de pouvoirsnormatifs et de compétences quasi-juridictionnelles, doit être limitée et contrôlée.
Le nombre des AAI et API doit être réduit.
La nomination de leurs responsables doit être subordonnée à un accordpréalable, supposant une majorité qualifiée, de l’Assemblée nationale et du Sénat.
Une procédure législative permettant une adoption plus rapide des textes en discussion
Je propose d’adapter la procédure législative afin d’éviter la multiplication d’amendements sans véritable objet et les retards dans l‘adoption des textes.
En particulier, les amendements ne doivent être recevables que :
• s’ils ont un lien direct avec le texte en discussion
• s’ils n’ont pas le même objet principal qu’un autre amendement admis à la discussion
Par ailleurs, le temps du travail parlementaire consacré à la délibération législative ne doit pas être excessivementréduit par la multiplication de séances de questions au gouvernement à finalité souventpolémique.
Je propose que ne soit admise qu’une seule séance hebdomadaire consacrée aux questionsau Gouvernement (QAG).
2 CONFORTER NOS ADMINISTRATIONS ET NOS SERVICES PUBLICS
A l’heure où l’utilité et les moyens de nos fonctions publiques sont contestés, je tiens au contraire àsouligner la nécessité d’un Etat renforcé pour l’exercice des missions qui sont les siennes, d’une fonctionpublique et de services publics préservés et adaptés aux besoins nouveaux de notre temps,
decollectivités territoriales dotées des moyens de leur action autonome, au plus près des citoyens.
Fonctions publiques.
Contrairement à beaucoup d’idées reçues, l’Etat français dispose, en comparaisondes autres Etats industrialisés, de peu de moyens pour l’exercice de ses missions essentielles.
Ilserait périlleux de l’affaiblir davantage, notamment par la mise en oeuvre de politiques de réduction des effectifs de ses fonctionnaires :
• Les effectifs de la fonction publique doivent être maintenus
• Les droits des fonctionnaires doivent être préservés, comme leurs obligations, contrôlées
La politique de titularisation des agents contractuels occupant des emplois permanents dans la fonctionpublique doit être poursuivie, et améliorée par la définition de conditions permettant d’y accédersans pénalisation.
Services publics
J’appliquerai toute ma vigilance à la présence de services publics efficaces dans l’ensemble du territoire, particulièrement dans tous les territoires, urbains comme ruraux, où ils s’avèrent insuffisants ou menacés.
A cet égard, le numérique peut être regardé comme un levier d’égalité des territoires, l’égal accès à internet étant un élément de désenclavement des territoires et de leur développement économique.
Ilest essentiel, à cet égard, de soutenir et d’accélérer la mise en oeuvre d’un réseau internet performantsur l’ensemble du territoire.
Si le numérique permet la dématérialisation de certains services publics, alors rapprochés de la population, il est toutefois indispensable de veiller également à une présence suffisante d’agents du service public.
Les redéploiements utiles, en faveur de zones urbaines défavorisées, ou de territoires ruraux envoie de désertification, devront être favorisés.
Evaluation des politiques publiques
L’évaluation des politiques publiques doit être améliorée par :
• la mise au service des Assemblées parlementaires des organes publics d’évaluation (Cour des Comptes, etc..)
• le recours par les administrations à l’expertise externe, notamment celle des universitaires et chercheurs
Décentralisation
Avec les radicaux de gauche, je réaffirme avec force mon attachement à la décentralisation et auprincipe de libre administration des collectivités locales.
Je souhaite en particulier que les collectivitésterritoriales puissent disposer des ressources propres leur permettant d’exercer librement etpleinement leurs attributions.
Je propose par ailleurs de renforcer à la fois les grandes régions françaises et les institutions européennespar l’institution entre elles d’un lien plus direct, à travers une révision du mode d’électiondes représentants au Parlement européen.
Ceux-ci devront être élus dans le cadre de circonscriptionscorrespondant aux régions.
Représentativité des élus
Afin d’assurer, tant au niveau national qu’au niveau local, une meilleurereprésentativité des élus, plus souvent issus du secteur publicque du secteur privé, il convient de faciliter la réinsertion professionnelledes élus en amont de la fin du mandat.
La facilitationdes allers et retours entre vie professionnelle et vie politique devraêtre l’un des objets du statut de l’élu que je souhaite.
Ce statut devrapermettre l’accès à des formations qualifiantes et la validationdes acquis de l’expérience.
3 DEFENDRE LA REPUBLIQUE
La Sûreté intérieure
Affirmé par l’article 2 de la Déclaration des Droits de l’Homme et du Citoyen, le droit à la sûreté est l’un desdroits naturels et imprescriptibles de l’Homme.
L’Etat doit en assurer l’effectivité sur l’ensemble du territoire.
L’exigence de sûreté appelle des mesures résolues en termes de moyens : Une priorité doit êtrereconnue au renforcement des moyens de la police, de la gendarmerie, du renseignement deproximité, de la justice et de l’administration pénitentiaire.
Un redéploiement des forces de sécurité doit être assuré en vue de garantir la sûreté pour tous,
ainsique l’égale application de la loi républicaine, notamment dans certains quartiers urbains constitués en« zones de non-droit », ou dans territoires ruraux aujourd’hui délaissés.
En ce qui concerne la mise à niveau de notre administration pénitentiaire, les graves insuffisancesdu dispositif actuel de prisons obligent à la mise en oeuvre d’un plan ambitieux pour les prisons.
Ceteffort doit être conduit dans le cadre d’une conception humaniste de la prison, qui doit être regardée comme un moyen de réinsertion plutôt que de mise à l’écart de la société.
Le plan national pour les prisons doit en ce sens prévoir :
• La construction de nouvelles prisons, comportant le développement de cellules doubles et individuelles.
• Une meilleure formation des surveillants de prison, afin qu’ils puissent effectuer leurs missions en toute sécurité et prévenir les premiers signes de dépression et de suicides ;
• L’amélioration de l’accompagnement psychologique et sanitaire des détenus ;
• La mobilisation des associations de lutte contre les dérives sectaires et de radicalisation ;
• L’obligation, en tant que de besoin, au suivi de cours d’alphabétisation et de français ;
• Le développement des peines alternatives et des peines mixtes en faveur des détenus ayant témoigné d’un bon comportement
La politique pénale doit accompagner le renforcement de l’appareil de sûreté,
sans toutefois verserdans le dévoiement du « tout répressif ».
Elle doit être ferme, mais équilibrée et respectueuse de nos libertés fondamentales.
Elle doit en ce sens reposer sur : Une réponse pénale plus systématique, basée sur des sanctions proportionnées, graduées, adaptées et immédiates dès le premier acte délictueux ;
• Le développement de peines alternatives à la prison pour désengorger les centres de détention.
• Une réforme de l’ordonnance de 1945 sur la justice des mineurs qui est aujourd’hui inadaptée et inefficace et la création de centres d’éducation renforcée.
L’effort sécuritaire doit s’accompagner de la définition d’une politique globale, à la fois préventiveet curative, de réinsertion sociale.
L’administration responsable de la mise en oeuvre d’une tellepolitique sera dotée des moyens pluridisciplinaires nécessaires à l’exercice de ses missions, en lienavec d’autres politiques publiques prioritaires, pour favoriser une réinsertion sociale efficace autour del’éducation, de la formation, de la culture et du sport.
La légalisation du cannabis, que je propose, ne doit pas être seulement regardée comme un élémentd’extension du champ des libertés individuelles.
Elle doit également s’analyser comme un moyen efficacede lutte contre les réseaux de trafic et la délinquance organisée.
La légalisation du cannabis
devra s’accompagner de mesures destinées à prévenir les usages nuisiblesà la santé, comme à la sécurité : les ventes seront contrôlées par l’État.
Le cannabis sera en accèslibre dans les pharmacies.
Le prix d’achat sera calibré.
Il devra être suffisamment élevé pour ne pasencourager les ventes, mais suffisamment bas pour prévenir le développement de réseaux souterrains.
Les sanctions contre l’usage de cannabis au volant seront fortes et les contrôles plus fréquents.
Les tests salivaires pourraient être systématiquement effectués lors des contrôles.
Des contrôlesstricts seront effectués sur la qualité de ces produits pour répondre à la problématique de santépublique que posent les substances actuelles.
Les risques en seront atténués.
J’ajoute que l’intervention de l’Etat dans le dispositif de production, de commercialisation et de contrôledu cannabis génèrera de nouvelles recettes publiques, de l’ordre de 2 milliards d’euros.
Lutte contre le terrorisme : Le phénomène terroriste conduit à compléter les mesures destinées àrenforcer la sécurité intérieure par l’adoption de mesures spécifiques, visant la prévention de la radicalisationet le désendoctrinement, comme le développement de moyens nouveaux, humains et juridiques,permettant de faire face à la menace.
Il s’agira de: Prévenir la radicalisation chez les plus jeunes dans le cadre des Chantiers républicains: Les associationsd’éducation populaire seront mandatées pour encadrer les Chantiers républicains destinés auxjeunes de 15 à 18 ans.
Pendant trois ans, à raison d’un mois par an, ces jeunes devront défendre unprojet cohérent avec les valeurs de la République et qu’ils auront choisi.
Créer des centres de prévention de la radicalisation et des parcours de désendoctrinement.
Sur lemodèle de ce qui existe pour les dérives sectaires, des centres de prévention de la radicalisation serontcréés.
Il conviendra pour cela de:   Fédérer en réseau les associations spécialistes des dérives sectaires et d’embrigadement au niveau national pour appuyer les cellules de suivi de la prévention de la radicalisation du ministère
Donner davantage de moyens humains et financiers aux cellules de suivi de la prévention de la radicalisation pour un maillage territorial plus important
Créer des centres publics de déradicalisation et de désendoctrinement sur la base de ce réseau en mettant à contribution leurs intervenants, spécialistes des dérives sectaires, pour mettre en oeuvre des programmes reposant sur un suivi personnalisé et une remise en question cognitive, sentimentale et personnelle.
Renforcement de la réserve opérationnelle (RO) : sur le plan des moyens à mettre en oeuvre pourfaire face à la menace terroriste, un effort supplémentaire doit être accompli en matière de réserveopérationnelle.
La réserve opérationnelle permet d’étoffer les effectifs militaires en cas de besoin et deconsolider le lien armée-nation.
La RO fait appel aux anciens militaires d’active (RO 2), mais aussi à despersonnels civils volontaires (RO1).L’effort doit notamment porter sur la possibilité d’un appel effectif à la RO1, impliquant disponibilité, formation et entraînement.
En ce sens des actions devront être prévues en faveur des : salariés (autorisations d’absence, exclusion de pertes de salaires…);
• entreprises (crédit d’impôt RO, partenariat privilégié avec le secteur de la Défense – label « Défense »);
• demandeurs d’emplois (complément de parcours professionnel, prolongation des droits d’allocation) ;
• jeunes et des étudiants en favorisant le volontariat pour des périodes de réserve durant les vacances.
Les missions de la RO doivent être précisément définies, inscrites dans le cadre de la loi de programmationmilitaire et dotées de moyens budgétaires effectivement dédiés.
Des actions de communication en faveur dela RO doivent être engagées.
Un commandement efficace de la réserve opérationnelle doit être assuré.
La Défense Nationale : des moyens renforcés et adaptés
Le budget de la Défense Nationale ne doit pas être une variable d’ajustement de la politique budgétaireet doit être au contraire relevé au niveau nécessaire à notre protection, intérieure comme extérieure.
Pourrait être étudiée, en tant que de besoin, la réduction des moyens d’une dissuasion nucléaire excessivementcoûteuse, alors que l’évolution des menaces, les déploiements nécessaires sur des théâtresd’opérations extérieurs et la lutte contre le terrorisme imposent le relèvement des crédits d’investissementet de fonctionnement affectés aux forces conventionnelles.
Il appartiendra alors à l’Etat-Major desArmées de proposer les arbitrages appropriés entre les composantes sous-marine et aérienne de notreforce de dissuasion.
4 CONQUERIR DE NOUVEAUX DROITS
Artisans inlassables des droits de l’homme et des libertés individuelles, les Radicaux n’entendent pass’en tenir aux seuls progrès à ce jour accomplis sur la voie de l’émancipation.
D’autres droits et libertésrestent à conquérir.
Avec le PRG, je poursuivrai à cet égard, sur le terrain sociétal comme politique, les objectifs suivants:
Avancées sociétales :
Reconnaître le droit de mourir dans la dignité
Ce droit doit pouvoir s’exercer à la demande du malade, placé sous la responsabilité d’un comité d’éthique médicale, lorsqu’il est médicalement prouvé que la maladie est irréversible et la mort proche.
Permettre le recours à la Procréation Médicalement Assistée (PMA) à toutes les femmes sans conditions
La PMA doit être accessible à toutes les femmes – par donneur anonyme ou donneur connu – sans discrimination liée à leur situation maritale.
Il faut mettre fin à l’exil procréatif qui pousse nombre de femmes à se rendre à l’étranger pour avoir accès à ces techniques.
Alléger et faciliter les procédures d’adoption pour tous
Les couples, qu’ils soient homosexuels ou non, et les célibataires doivent pouvoir accéder à l’adoption de manière égale et juste, sans discrimination liée à leur orientation sexuelle ou leur condition maritale.
Faire adopter une grande loi sur la bioéthique pour permettre à la médecine de poursuivre ses recherches au service de la santé de tous
L’enjeu est de permettre au progrès scientifique d’ouvrir la voie au traitement d’affections graves et incurables aujourd’hui, comme les maladies neurodégénératives – Alzheimer, Parkinson, sclérose en plaques –, les cancers et les maladies rares.
Légaliser l’usage du cannabis
Pour être pleinement comprise, cette mesure de libéralisation doit être mise en rapport avec la politique de sécurité intérieure (voir ci-dessus).
Avancées politiques :
Accorder le droit de vote aux étrangers pour les élections locales et nationales
Reconnu par la Constitution de 1793, admis dans de nombreux pays, le droit de vote des étrangers établissur le territoire national et contribuant par l’impôt au financement des dépenses publiques, exprime sur le terrain des droits politiques la conception humaniste d’une égale dignité des hommes et des femmes.
Reconnu pour les élections européenne et municipales aux résidents ayant la nationalité de paysmembres de l’UE, le droit de vote doit être étendu, pour l’ensemble des élections locales et nationalesà tous les étrangers répondant aux conditions mises au droit de vote pour un électeur français (inscriptionsur les listes électorales, conditions d’âge et de capacité juridique), ainsi que, pour les électionsnationales, à une condition de résidence en France d’au moins trois années.
5 GARANTIR LES DROITS, LES LIBERTES ET LA PROTECTION DES FEMMES
Certaines des avancées sociétales que nous réclamons, telles que celle concernant le recours à laPMA, correspondent à l’affirmation d’un droit nouveau pour les femmes.
La question des droits et libertésde la femme, celle de l’égalité entre femmes et hommes, ou encore de la protection des femmes,justifient cependant par leur importance une approche spécifique et globale.
Je porterai en conséquence un PROJET POUR LES FEMMES visant à la coordination de l’ensembledes mesures permettant de conduire effectivement à une société de liberté et d’égalité, dans laquelle les femmes trouveront toute leur place.
Droits et libertés des femmes
Sur le terrain des droits de la femme, j’engagerai vigoureusement le combat contre les tentatives et les risques de remise en cause de l’IVG.
A cet effet : je demanderai le renforcement des centres IVG, et le développement des moyens alloués à l’information sur les moyens de contraception,
• je proposerai la reconnaissance d’utilité publique du Planning Familial,
• je m’attacherai à promouvoir un droit européen à l’IVG.
Sur le terrain des libertés des femmes, et de leur rapport à lalaïcité, je rappellerai que celle-ci est, pour les Radicaux, un rempartcontre les obscurantismes mais ne doit pas servir d’alibi à ceux quitentent de stigmatiser telle ou telle religion.
Je veillerai en conséquence à ce que les femmes soient pleinementen mesure d’exercer leur liberté de conscience ou de culture,
maisaussi à ce qu’elles ne soient pas entravées par quelque forme quece soit de soumission ou d’oppression qui aurait pour effet de limiterleurs libertés.
Egalité femmes-hommes
La timidité des avancées en matière d’égalité femmes-hommes justifie la mise en évidence de cet objectif essentiel par :
• L’identification d’un Ministère des droits des femmes et de l’égalité femmes-hommes
• La création d’une médiation publique autonome en charge des inégalités femmes-hommes, des atteintes aux droits des femmes et des discriminations
La poursuite de l’objectif d’égalité hommes-femmes doit être ensuite activement engagée sur différents terrains.
L’égalité femmes-hommes doit être consacrée sur le terrain des salaires.
Les dispositifs de sanctions financières à l’encontre des discriminations salariales doivent être, sous réserve d’ajustement des barèmes, étendus à toutes les entreprises.
La parité devra également être recherchée au niveau des instances dirigeantes :  des grandes entreprises, d’organismes tels que les fédérations professionnelles, les Chambres consulaires, les agences et opérateurs de l’Etat
Les stéréotypes conduisant à réserver certains métiers, notamment scientifiques ou techniques, aux hommes doivent être combattus, l’accès des femmes à ces métiers devant être encouragé.
L’activité à temps partiel subie par les femmes doit être évitée par des incitations au télétravail et autravail à domicile, tant auprès des entreprises que des administrations.
L’exercice du congé parentalpar les hommes doit être favorisé au moyen d’incitations financières.La conciliation de la vie professionnelle et de la vie familiale doit être favorisée, notamment par:
• L’augmentation des places en crèches, avec des horaires adaptés à la vie professionnelle
• La création de crèches  gardes d’enfants dans les services de la fonction publique et dans les entreprises.
Protection des femmes
La protection des femmes doit être renforcée, par des actions déterminées de:
• Lutte contre les violences faites aux femmes.
L’objectif doit notamment conduire à l’organisation dans chaque commissariat de préfecture et d’arrondissement d’une structure d’aide aux victimes de violences, assistée d’une association officielle d’aide aux victimes.
• Lutte contre le harcèlement.
Devra être notamment mis en place un plan pluriannuel de prévention et d’information sur tous les types de harcèlement.
Bien entendu, la conquête de droits nouveaux, en particulier pour lesfemmes, ne doit pas perdre de vue l’exigence de vigilance au regarddes discriminations persistantes en dépit des prescriptions de laloi, et qui sont notamment fondées sur l’origine ou les croyances.
Les Radicaux restent au premier rang de la lutte contre le racismeet l’antisémitisme et s’appliqueront à débusquer toute forme d’entraveà l’emploi ou au logement qui serait fondée sur les caractéristiquesd’une identité personnelle.
6 DÉFENDRE ET PROMOUVOIR LA LAÏCITÉ
La loi de 1905 sur la séparation des Églises et de l’État est le socle sur lequel repose le principe delaïcité.
Aucune « Charte de la laïcité » ne saurait se substituer à cette loi fondamentale.
Les débats quiont agité notre pays, depuis le début des années 2000, ont montré que le consensus républicain s’estprogressivement délité.
Il est nécessaire de réaffirmer avec force l’attachement de la France à cette loiet à ses principes.
Avec le PRG, je propose en conséquence les mesures suivantes :  L’inscription dans la Constitution des principes posés aux articles 1 et 2 de la loi de 1905
• La création d’une mission interministérielle à la Laïcité
• La mission interministérielle à la laïcité veillera à la défense et à la promotion du principe de laïcité.
Elle remplacera l’Observatoire de la Laïcité.
La mission veillera à ce que la politique éducative, civique et culturelle du Gouvernement tienne compte de tous les aspects de la laïcité, de la liberté de conscience et de l’enseignement concret des principes républicains.
La France doit également défendre ce principe républicain au sein des institutions européennes.
• La création d’une Maison de la Laïcité dans chaque Région
• L’inscription de la laïcité au patrimoine immatériel de l’humanité de l’UNESCO
Ainsi que les mesures complémentaires suivantes :  sortie graduelle et négociée du régime dérogatoire des cultes en Alsace et en Moselle
• abrogation du délit de blasphème en Alsace-Moselle
• réglementation de la présence des fonctionnaires en service dans les cérémonies religieuses de nature à garantir la neutralité de l’Etat,
• fin de la reconnaissance mutuelle des diplômes entre la France et le Vatican
7 FONDER LA COHESION SOCIALE SUR L’ECOLE DE LA REPUBLIQUE
L’école, service public de la République
La coexistence de plusieurs systèmes éducatifs parallèles est un évident obstacle à la cohésion socialeet contribue à perpétuer ou renforcer les inégalités.
Elle ne saurait s’envisager qu’à des conditions permettantque soient assurées en toutes circonstances les obligations propres au service public éducatif,et ne doit en aucun cas s’apparenter à une concurrence portant atteinte à l’école publique, dont le caractère d’excellence doit être réaffirmé et généralisé.
Je proposerai en conséquence:• La subordination de l’octroi de financements publics à des écoles privées au strict respect par celles-ci des obligations de service public définies par la loi et dans le cadre de contrats conclus avec l’Education Nationale, incluant le respect des programmes définis par celle-ci.
Les financements publics ne seront plus accordés aux établissements qui ne respecteraient pas ces engagements
• La subordination à autorisation administrative de l’ouverture d’écoles ou de lieux d’enseignement ou de formation ne faisant pas appel au financement public.
L’activité de ces établissements, qui devra respecter les principes républicains, devra faire l’objet d’un contrôle systématique
L’école de la République, une école d’excellence
L’école doit permettre aux élèves, toutes filières confondues, de disposer des mêmes chances de réussite et d’épanouissement.
Pour assurer l’excellence de l’Ecole républicaine, je propose: Les mesures générales suivantes: Rendre l’école obligatoire dès 3 ans
Garantir un socle d’enseignement commun jusqu’à 16 ans: le collège unique doit être conservé pour assurer une formation éducative unique jusqu’à 16 ans au moins - ou 15 ans sur dérogation -, âge auquel les enfants pourront s’orienter vers l’apprentissage s’ils le souhaitent.
Aucune sélection ne saurait être effectuée avant
Réduire les effectifs des élèves dans toutes les classes: les professeurs pourront dès lors assurer un meilleur suivi, plus personnalisé, de leurs élèves
En conséquence, augmenter le nombre d’enseignants recrutés et formés chaque année.
L’effort global de recrutement de 60.000 enseignants supplémentaires, engagé mais non encore atteint, doit être poursuivi avec détermination
Renverser une logique d’affectation des enseignants, qui conduit aujourd’hui à l’envoi quasi-systématique des jeunes professeurs dans des établissements défavorisés et souvent difficiles sans avoir l’expérience, la formation ou le bagage nécessaires pour répondre aux défis pédagogiques auxquels ils doivent faire face
Une adaptation des programmes, comportant: • Un renforcement vigoureux de l’acquisition des fondamentaux que sont la lecture, l’écriture (orthographe, grammaire) et les connaissances de base, impliquant toutes vérifications utiles à l’entrée au collège ou à la sortie du primaire.
• Le maintien de l’enseignement du latin et du grec
• La création d’un enseignement commun au lycée en droit, économie et sciences humaines dès la seconde.
• Le recours à l’usage du numérique, sans préjudice de la maîtrise de l’écriture manuelle.
• La recherche, tout au long des années d’études au lycée, de témoignages de professionnels permettant de susciter les vocations et orientations pertinentes.
Une amélioration de l’apprentissage des langues étrangères, par: • La réduction des effectifs des classes de langue, permettant d’insister sur la prise de parole, l’échange et le dialogue entre élèves et professeurs
• L’appel aux laboratoires de langues
• La généralisation de l’usage du numérique
• La démultiplication des échanges scolaires internationaux
La revalorisation, par tous moyens utiles (campagnes de communication, échanges avec les professionnels)des métiers dits « manuels », afin que les élèves qui souhaitent étudier dans le cadre defilières professionnelles puissent le faire par envie et non plus par dépit.
En matière de santé à l’école, je juge indispensable de :• renforcer la santé à l’école en rendant obligatoire une visite médicale annuelle.
• favoriser l’information touchant à la contraception
• sensibiliser les élèves et étudiants aux infections et maladies sexuellement transmissibles et aux pratiques à risques, hétérosexuelles comme homosexuelles.
• favoriser la prévention des addictions.
• lutter contre l’obésité par l’éducation alimentaire.
Une formation des enseignants préservée et améliorée
Je veillerai à ce que : • soit assurée la pérennité de la formation des jeunes enseignants, une formation devant comporter l’acquisition de savoirs nécessaires, mais aussi des méthodes pédagogiques.
• soit organisée une formation des enseignants tout au long de leur carrière.
Par ailleurs, la fragmentation du parcours scolaire rend actuellement les enseignants relativement impuissants pour organiser un accompagnement efficace de l’élève: Développer la bi ou multidisciplinarité lors des formations permettra aux jeunes enseignants de travailler en équipe sur la base de projets pédagogiques adaptés et personnalisés à chacun des élèves.
Enseignement supérieur et recherche
Dans ces domaines, je défendrai une politique éducative tendant à faire de l’Université le lieu privilégié du plus large accès à l’excellence scientifique et professionnelle.
L’université doit être le socle d’une ascension sociale ouverte aux jeunes de toutes origines, fondement du vivre ensemble de demain.
L’université doit pouvoir former efficacement des professionnels.
De nouvelles filières doivent être créées pour entrer en résonance avec les métiers de demain, notamment en ce qui concerne l’écologie et les nouvelles énergies.
Des stages obligatoires doivent être prévus dans toutes les filières, y compris au sein des sciences humaines.
L’objectif de meilleure liaison entre l’Université et le monde professionnel conduit à proposer la suppression de l’obligation d’achever une thèse en trois ans, disposition ayant pour effet pratique d’écarter les professionnels de la recherche et de priver la recherche des apports de connaissance et d’expérience issues de la pratique d’un métier.
De manière générale, j’apporterai le soutien le plus complet à la recherche publique, y compris dans le domaine des sciences humaines et sociales, incluant un soutien aux innovations sociétales.
Je propose également de :  Décentraliser les concours des grandes écoles au sein de tous les lycées de France.
Cette mesure permettrait à tous les élèves de pouvoir se familiariser avec ces concours et de les passer en même temps que leur classe d’âge.
• Renforcer et rationaliser le système de bourse, dans le sens d’une meilleure justice.
D’un point de vue pratique, les universités devraient accorder aux étudiants une plus grande flexibilité dans l’organisation de leur emploi du temps.
La possibilité de suivre des cours du soir ou des cours à distance doit être donnée à ceux qui travaillent en parallèle ou sont en reprise d’étude.
Un apprentissage revalorisé.
L’apprentissage doit être revalorisé et favorisé, notamment part :
une meilleure diffusion des dispositifs d’aide au recrutementd’apprentis (crédit d’impôt apprentissage, exonérations decotisations, aides régionales)
·           2.     un déploiement plus important du programme européend’échanges en matière d’apprentissage (Erasmus +)
Une formation professionnelle plus efficace
Aujourd’hui coûteuse et peu performante, la formation professionnelle, indispensable au retour à unesituation plus satisfaisante de l’emploi, doit être réformée.
Il s’agit d’abord de lui reconnaître de manière générale un caractère de service public, qu’il soit assurépar des organismes publics (AFPA) ou par des organismes privés.
La formation professionnelle assurée par les centres de formation, en conséquence, doit s’exercer, nonsur la base d’un simple agrément, mais dans le cadre d’une délégation de service public, comportantsystématiquement un cahier des charges, assortie d’une obligation de résultats, soumise aucontrôle de fonctionnaires territoriaux.
La loi doit ensuite définir des priorités d’affectation des moyens de la formation professionnelle : luttecontre le chômage, formation des moins qualifiés, reconversion.
Des formations professionnelles décentralisées doivent être organisées au bénéfice des territoires isolés.
8 LA CULTURE, UNE EXIGENCE DE L’HUMANISME REPUBLICAIN
Pour les Radicaux, la culture est une condition nécessaire de l’épanouissement des individus et de leurcapacité à vivre ensemble dans l’échange et le partage.
Les politiques culturelles, nationales ou locales,doivent être promues avec détermination.
Je propose :   • de fixer un objectif de 2%, à atteindre progressivement, pour la part du budget nationalconsacrée à la culture (1,1% aujourd’hui) et aux activités culturelles, en France comme àl’étranger (centres culturels, bibliothèques françaises, etc.).
• de favoriser l’émergence de lieux de culture et d’incubateurs culturels, en proposant desespaces communs, durables ou éphémères, aux artistes locaux et méconnus pour leur permettrede gagner en visibilité et de faire vivre la culture à l’échelon local.
• de développer les oeuvres partagées qui permettent aux habitants de créer avec des artisteslocaux, de désacraliser l’oeuvre artistique et d’améliorer le cadre de vie des habitants.
• de diversifier les sources de financement des évènements culturels, musicaux et artistiques.
• d’ouvrir les bibliothèques et médiathèques publiques le dimanche.
Les bibliothèques etmédiathèques sont actuellement saturées.
L’ouverture dominicale des bibliothèques universitaires,des bibliothèques, médiathèques et des lieux culturels en général constitue une nécessité,notamment pour les étudiants.
9 DES PRIORITES SPECIFIQUES POUR LES OUTRE-MER
Les problématiques d’évolution institutionnelle pouvant et devant être abordées dans le cadre desdispositions prévues par la Constitution, tant pour les collectivités régies par l’article 73 (départementsd’outre-mer et collectivités assimilées) que pour celles régies par l’article 74, et celles prévues pourla Nouvelle-Calédonie,
les priorités pour l’Outre-mer résultent du constat préoccupant de situationscommunément caractérisées par l’insécurité, un taux de chômage exceptionnellement élevé, et l’insuffisancedes moyens d’un développement économique autocentré.
La sécurité
La sécurité des personnes et des biens est, pour la plupart des collectivités d’outre-mer confrontées àdes niveaux de délinquance grave inacceptables, une priorité absolue.
Elle doit être assurée par: • Un renforcement très significatif des moyens de police, de gendarmerie, de douane, de contrôleaux frontières, de justice et d’administration pénitentiaire
• Une impulsion spécifique donnée, outre-mer, au dispositif de réserve opérationnelle, militaire etcivile, de nature à renforcer les moyens de sécurité fondés sur le recours à des personnels locaux.
L’emploi
Le taux de chômage constaté dans les collectivités d’outre-mer, atteignant ou dépassant en règlegénérale 25%, et davantage auprès des jeunes, ne peut être toléré.
Les mesures pour y remédierdépendent pour partie du cadre statutaire propre à chaque collectivité, et doivent lui être adaptées.
Pour les collectivités régies par l’article 73 de la Constitution (DOM et assimilés), l’action de l’Étatest déterminante et doit comporter les mesures les plus résolues, principalement en matière de soutienà l’activité et à l’emploi par les entreprises.
Ce soutien doit comporter :   • L’application pleine et entière des dispositions générales en matière de charges sociales desentreprises (suppression complète des cotisations à la branche famille), comme de chargesfiscales (taux d’impôt sur les sociétés ramenés à 10, 15 ou 20%)
• Un allègement supplémentaire très significatif des charges sociales restant à la chargedes entreprises (renforcement et simplification du dispositif LODEOM)
• Participation des collectivités au financement de ces mesures, sur la base de transferts limitésde compétence en matière d’octroi de mer (dont le caractère d’imposition intérieure serarenforcé par son extension aux services) et de TVA (part transférée à la collectivité)
• Un renforcement spécifique du « Plan TPE » : les moyens permettant le développement, outre-mer,des dispositifs « SMA » et « réserve opérationnelle civile », devront être dégagés.
Pour les collectivités régies par l’article 74 et la Nouvelle Calédonie, le soutien à l’emploi assuré parles autorités locales doit être complété par des mesures d’État, comportant notamment le maintien etle renforcement des dispositifs d’aide fiscale à l’investissement dans ces collectivités.
Dans le cas particulier de Saint-Martin, où se combinent compétence locale et compétence d’État, l’État doit veiller à la pleine application des mesures d’allègement de charges sociales.
Il doit en outre assumersa responsabilité en matière de transfert de ressources correspondant aux transferts de charge,en restituant à la collectivité les moyens financiers dont elle a été privée : en charge de l’application etdu contrôle des impôts décidés par la collectivité, l’État doit rétablir, pour les impôts directs, la garantiede recettes correspondant aux rôles émis.
Le développement économique autocentré
Le renforcement des capacités de développement fondées sur la mise en oeuvre de ressources localesdoit être beaucoup plus activement recherché.
Il doit comporter un soutien résolu, de niveau nationalcomme, le cas échéant, européen, aux axes de développement suivants :
• développement des énergies renouvelables (éolien, solaire, géothermie), l’objectif devant être, àterme rapproché, l’autosuffisance de chacune des collectivités d’outre-mer
• soutien aux productions agricoles et agro-industrielles traditionnelles d’exportation (banane,canne, rhum)
• développement des productions agricoles vivrières, des filières biologiques, de la pêche, comportantla fixation d’objectifs en termes de satisfaction des besoins de consommation extérieurecomme d’exportation (produits naturels ou transformés)
• développement de la croissance bleue, par la mise en valeur du considérable potentiel représentépar les espaces marins (domaine, zee)
• soutien à l’industrie touristique
• aide fiscale aux investissements dans tous les secteurs productifs
• soutien à l’économie numérique et d’abord, généralisation accélérée de l’accès aux réseaux
• télémédecine : Développement de la E-santé
La lutte contre la vie chère doit prendre appui sur un dispositif spécifique de contrôle des marges derevente sur les produits importés.
III. UNE EUROPE QUI PROTÈGE
Le Brexit, la crise des réfugiés, la résurgence de réflexes de repli national et d’autoritarisme dans certainspays de l’Europe centrale et orientale, mais plus généralement la montée des populismes et dessouverainismes dans beaucoup des États membres de l’Union européenne témoignent d’un recul del’espérance européenne.
Certaines des institutions de l’Union sont décriées, leur action est rendue responsable des difficultésaffectant nos agriculteurs, nos pêcheurs, nos entreprises, nos travailleurs ou nos territoires.
En mêmetemps qu’ils réclament volontiers davantage d’efficacité dans l’action commune de l’Union, la plupartde ses gouvernements s’opposent en pratique aux mesures de fédéralisation qui permettraient d’y parvenir.
La crise de l’Europe atteint les citoyens, dont le scepticisme à l’égard de la construction européennes’est accru, quand ils n’y sont pas – pour une minorité d’entre eux – franchement hostiles.
Elle atteintles gouvernants, incapables de s’accorder sur les procédures et les choix qui seraient ceux d’une Europeunie et efficace.
Pourtant, l’Europe est nécessaire.
Elle est nécessaire à la paix, qu’elle a su garantir depuis plusd’un demi-siècle.
Elle est nécessaire pour faire face au risque nouveau du terrorisme, comme auxdéfis que posent les mouvements de population massifs notamment dus aux conflits extérieurs.
Elle estévidemment indispensable à la maîtrise de phénomènes tels que les dérèglements du climat, la dégradationglobale de notre environnement, ou encore les risques épidémiques que n’arrête nulle frontière.
L’Europe seule peut en outre, sur le plan de l’économie, du commerce et de la monnaie, se mesurer àarmes égales avec les grandes puissances, désormais plus nombreuses, que compte la planète.
Je suis pour ma part convaincue de la nécessité d’une réponse européenne aux problèmes de notretemps.
Mais au-delà d’un constat qui devrait s’imposer à tous, je porte aussi, avec les Radicaux,un projet européen qui n’est pas seulement utilitaire.
Je crois en une construction européenne qui nesoit pas seulement celle d’un marché unique.
Mais qui soit aussi celle d’un espace de solidarité, d’unprogrès de l’humanisme, d’une conquête constamment renouvelée du droit et des libertés, d’un reculdes arbitraires et des intolérances, de la reconnaissance d’une histoire et d’une culture riches et diverses;
d’une société prête à s’ouvrir à d’autres pour construire un vivre ensemble où seront garantis,à l’abri des replis communautaristes de tous ordres, l’épanouissement de l’individu et le progrès social.
Je demeurerai fidèle à tous les engagements européens des radicaux, et de ceux qui partagent leuridéal.
Celui d’une véritable Europe fédérale, fondée sur une Constitution des États-Unis d’Europe, comportantun véritable gouvernement démocratique européen, un véritable budget fédéral, une harmonisationfiscale et sociale, une politique étrangère et une défense communes.
Je n’ignore pas pour autant que le chemin dans cette direction est long et difficile, semé d’embûches,marqué d’avancées, mais aussi de reculs.
Il est clair que les jours d’aujourd’hui ne sont pas les meilleursque la construction européenne a connus.
Il nous faut donc, après avoir réaffirmé nos convictions et nos engagements, rechercher patiemmentmais résolument les voies et moyens d’un nouvel élan pour l’Europe ; identifier tous les lieux oùla construction européenne devrait, et pourrait, être relancée, en prescrire les moyens.
Mais il nous faut aussi convaincre, contribuer à donner à nos citoyens, comme à ceux des autres paysmembres de l’Union ou qui pourraient la rejoindre, le goût de l’Europe, le désir d’Europe.
Pour cela,l’Europe doit être certes réorganisée, mais aussi mieux comprise, plus proche des citoyens, mieux reconnuedans ses interventions utiles et bénéfiques.
Mon programme pour l’Europe comporte ainsi :  • L’indication de quelques-unes des mesures permettant la relance d’une construction européenneplus efficace
• La proposition d’une mesure nationale visant à rapprocher l’Europe des citoyens, et d’en relancerla construction, non plus seulement par le niveau centralisé des États, mais aussi par celuides territoires, au plus près des citoyens.
RELANCER LA CONSTRUCTION EUROPEENNE
Par la création d’un gouvernement économique de la zone euro
Je suis en faveur d’un nouveau traité européen qui viendrait refonder la gouvernance de l’Union,la rendre à la fois plus démocratique et plus efficace.
Notamment par la transformation de la Commissionen un véritable gouvernement de l’Europe, constitué sur la base d’un accord de coalition, responsabledevant le Parlement européen, dont les pouvoirs de contrôle seraient renforcés.
De même suis-je favorableà un budget européen plus étoffé, alimenté par des ressources propres plus substantielles.
Dans l’attente de tels progrès vers la démocratie européenne, et sans qu’il soit besoin d’en passer parla procédure longue et hasardeuse de la révision des traités existants, peut être obtenue la constitutiond’un gouvernement économique de la zone euro.
Venant utilement compléter, et balancer, le gouvernement monétaire exercé par la Banque CentraleEuropéenne, un gouvernement économique de la zone euro, qu’il est aisé de constituer par simplesdispositions pratiques entre les gouvernements des États qui la forment, jouerait un rôle essentiel enmatière de cohérence des politiques économiques et budgétaires de ces États, et serait le moteur d’initiativesde portée plus générale, notamment en matière d’harmonisation fiscale, ou même de premierséléments d’un budget et d’une fiscalité communs.
Afin de conférer une meilleure dimension démocratique au gouvernement de la zone euro, pourrait s’organiser,à échéances régulières, la réunion des membres du Parlement européen représentant les paysde la zone euro, disposants (hors dispositions d’un nouveau traité) de capacités d’information et d’avis.
Par les coopérations renforcées
Les avancées vers davantage de politiques communes, et pour une harmonisation plus complète dansles domaines de la fiscalité ou de la protection sociale, se heurtent à des règles de prises de décisionqui, souvent, les rendent inaccessibles.
Il en est ainsi de l’harmonisation des fiscalités directes, quirequiert l’unanimité.
Les coopérations renforcées entre États volontaires sont en revanche possibles.
Il faut y recourir.
Notammenten matière fiscale, où doit être prioritairement recherchée l’harmonisation de la fiscalité dessociétés, sur le modèle « ACCIS » proposé par la Commission, compatible avec nos propositions enmatière de fiscalité des sociétés au plan national.
L’amorce de coopérations renforcées sur le terrain de l’harmonisation des niveaux de rémunérationsalariale et de la protection sociale doit être également engagée.
Jusqu’à l’obtention d’un degré suffisantd’harmonisation sociale, la protection des salariés et de l’emploi au niveau national doit êtreassurée, notamment par l’adaptation de la directive sur les travailleurs détachés.
Par l’édification d’une Europe de la défense et de la sécurité
La menace terroriste, qui vise toutes les démocraties européennes, les positions affichées par le nouveauPrésident des Etats-Unis, qui font craindre une moindre détermination américaine à protéger l’Europe,favorisent la prise de conscience de l’intérêt, pour les Etats européens, d’avancer beaucoup plusrésolument sur la voie d’une politique européenne de défense et de sécurité.
De premières avancées sont indispensables en matière de renseignement, de coopération anti-terroriste,de gestion commune des frontières extérieures.
Des coopérations renforcées doivent être recherchées avec d’autres acteurs potentiels de la défensede l’Europe (Allemagne, Espagne, etc.).
Une prise en compte par les institutions européennes de l’effort spécifique accompli par la Franceau profit de la défense de tous les pays membres doit être demandée.
Tendant à ce qu’une part descrédits d’investissement et de fonctionnement des armées puisse être déduite de l’évaluation du soldebudgétaire au regard des critères du pacte de stabilité et de croissance.
Par la définition d’un droit d’asile européen et d’une politique migratoire commune
Droit d’asile européen
Un droit d’asile européen clair et cohérent doit être défini.
Au-delà des quelques éléments déjà mis enplace (dispositif de sauvetage en mer, de surveillance de certaines zones maritimes), il est nécessaire de :
• persister dans la voie d’un mécanisme de solidarité intra-européenne fondé sur une répartitionobligatoire des demandeurs d’asile entre les États membres
• d’encourager les efforts de l’ensemble des États membres en matière de réinstallation, en demandantla délivrance de visas humanitaires dans les ambassades ou consulats des Étatsmembres dans les pays tiers et en insistant sur la nécessité d’une approche holistique enmatière de migrations qui prennent en compte tous les aspects de la migration, y compris lamigration économique et climatique
• de responsabiliser tous les États membres en vue de la transposition pleine et entière des instrumentsdu régime d’asile européen commun pour que les demandes d’asile reçoivent untraitement équivalent quel que soit le pays d’accueil dans l’Union
• de soutenir les actions de coopération permettant aux pays tiers de renforcer leurs capacités enmatière d’asile et de promouvoir les politiques de développement
Politique migratoire européenne
La définition et la mise en oeuvre d’une politique migratoire commune pour l’ensemble de l’Union européenne devront être recherchées.
Par la recherche d’une préférence européenne
Aux premiers pas de la construction européenne étaient mises en oeuvre desdispositions assurant une « préférence communautaire » aux productionsdes Etats membres de la CEE.
A l’heure où, après une période delibéralisation insuffisamment contrôlée des échanges commerciaux internationaux,se profilent des vues protectionnistes, le moment paraît venud’avancer la proposition d’une « préférence européenne » pour les productionsdes Etats membres de l’Union.
Fondée sur l’appel à des critères sociaux et environnementaux, la « préférenceeuropéenne » contribuerait à la protection de nos industries à l’égardd’importations favorisées par des conditions de production compatiblesavec le respect de normes sociales et environnementales satisfaisantes.
Elle favoriserait également, par un meilleur respect de ces normes,l’amélioration des conditions de travail dans les pays producteurs et un pluslarge respect des objectifs de protection de l’environnement.
RAPPROCHER L’EUROPE DES CITOYENS
L’apport des politiques européennes aux citoyens et aux territoires doit être plus clairement perçu,expliqué, justifié.
Un tel effet de rapprochement entre l’Europe et les citoyens peut être grandementfavorisé, en France, par la réforme du mode d’élection des représentants au Parlement européen.
Je propose que les députés européens soient élus, au scrutin proportionnel, dans des circonscriptionscorrespondant aux actuelles grandes régions.
Cette réforme aura pour prolongement naturel d’inviter les députés européens à rendre compte deleur mandat, une fois par an, devant les conseils régionaux.
Cet échange serait l’évidente occasionde faire apparaître, non seulement l’efficacité des élus au bénéfice de leurs électeurs, mais, plus généralement,l’intérêt, pour chacune des régions, des interventions de l’Europe.
Un tel lien privilégié entre l’Europe et les grandes régions trouve toute sa justification dans lesresponsabilités économiques que partagent ces deux échelons de l’action publique.
Parallèlement, je défendrai avec vigueur le maintien et le développement des politiques régionalesde l’Union, notamment celles fondées sur les interventions des fonds structurels.
Je m’opposerai àtoute mesure qui tendrait à substituer aux subventions les seules formes d’aide à caractère de prêts.
DANS L’ATTENTE D’UNE POLITIQUE DE RELATIONS EXTERIEURES ET D’UNE DIPLOMATIE EUROPEENNES, QUELLE POLITIQUE ETRANGERE POUR LA FRANCE ?
S’inscrivant, pour l’essentiel, dans le prolongement de la politique étrangère conduite par le PrésidentHollande, la diplomatie française devra continuer d’oeuvrer :
• En faveur de la paix et de la sécurité,
• Contre le terrorisme,
• Pour la protection, partout dans le monde, des droits de l’homme et des libertés,
• Pour un développement plus égal, par l’aide aux pays moins avancés et la coopération
Le changement du contexte international, la remontée en puissance des nationalismes, des populismeset de l’isolationnisme, obligent toutefois à des inflexions :La politique étrangère de la France devra se montrer plus indépendante à l’égard d’une diplomatieaméricaine hésitante, plus réaliste dans ses rapports avec d’autres puissances.
L’autoritarisme et les actions de force unilatérale de la Russie de Vladimir Poutine, ainsi, ne sauraientêtre approuvés.
Pour autant, la Russie est une grande nation européenne, avec laquelle le dialogue,même s’il doit être ferme, est indispensable.
L’évolution du régime turc, défavorable à la démocratie et aux libertés, de même, ne peut être considéréeavec faveur.
Mais nul ne peut oublier que la Turquie a toujours partagé une histoire commune avecl’Europe, et qu’elle a su, au XX° siècle, se rénover sur la base du principe de laïcité.
Le régime du momentne saurait être confondu avec ce qu’est véritablement la Turquie : une part de l’Europe, appelée àretrouver le chemin du droit et des libertés, par son intégration, le moment venu, à l’Union Européenne."
31240_201706,LFI,La France Insoumise,1113,"L'AVENIR EN COMMUN
Le programme de la France insoumise et son candidat Jean-Luc MÉLENCHON
L’avenir en commun
Notre pays est neuf.
L’urbanisation accélérée et le métissage de sa population depuis un siècle, l’élévation fantastique du niveau d’éducation de son peuple, la mise en oeuvre des conquêtes sociales l’ont métamorphosé!
Notre pays est jeune: sa population sera bientót la première en Europe.
Notre pays est puissant: son économie compte parmi les premières du monde.
De tout cela que faisons-nous à l’heure oú l’humanité entière doit relever les plus grands défis collectifs du fait du dérèglement climatique et de la menace d’épuisement qui pèse sur l’écosystème?
Regardons-nous: le pays est défiguré par le chómage,
la pauvreté,
le productivisme le plus aveuglé,
et les communautarismes fielleusement entretenus!
Pillé et démoralisé, il est rendu incapable de déployer son formidable potentiel humain, technique et culturel.
La finance, la cupidité, les préjugés de classe,
le sexisme et le racisme ordinaires pourrissent tout.
Quel genre de pays sommes-nous devenus au bout de trente ans de gâteries aux puissants jamais rassasiés?
Le nombre des millionnaires augmente, mais ses millions de salariés, ouvriers, employés, ses paysans se désespèrent, ses retraités peinent à boucler les fins de mois!
Des centaines de milliers de familles travaillent dur et sont devenues pauvres, ses diplómés vivent dans la précarité!
Les suicides des salariés s’ajoutent aux centaines de morts annuels sur le poste de travail.
Voici les seniors jetés au chómage dans l’attente d’une retraite sans cesse repoussée!
Les classes moyennes s’enfoncent dans la gêne.
Jusqu’aux artisans, commerçants, chefs de petites entreprises qui enragent quand la finance déserte la production réelle, vide les carnets de commandes, ubérise tout, et ponctionne un pesant impót privé à coups d’intérêts ou d’agios sur la moindre transaction.
Quel genre de valeurs domine notre pays quand ses enseignants et ses personnels de santé sont si mal payés et si maltraités au travail?
Oú est la République quand l’État a honte de lui-même?
Quand ses serviteurs sont traités comme des parasites encombrants?
Quand ses services publics délabrés ne tiennent plus que par l’acharnement au travail de leurs salariés?
Quand la désorganisation territoriale met les populations en concurrence et éloigne toujours plus les citoyens du pouvoir?
Quel est ce pays désormais livré aux abus de l’état d’urgence?
Quelle infamie quand des salariés sont destinés à la prison pour avoir défendu leur emploi!
La liste de ces hontes est longue.
Je crois qu’on peut en finir avec tout cela.
Notre peuple a le goút du futur.
Les nouvelles générations, comme les autres avant elles, vibrent du même désir d’avoir une vie digne de leurs espérances.
Notre pays déborde d’énergie et de savoir-faire.
Il est aux avant-postes des domaines les plus avancés de l’esprit humain.
Il regorge de bonnes volontés, d’envie de se rendre utile, d’imagination et de capacité de création.
Sa langue est en usage commun dans 29 pays du monde et elle formera le troisième groupe de locuteurs d’ici peu.
Avec ses 35 frontières, si la France développe son identité universaliste, elle peut coopérer directement avec les peuples de tous les continents.
Si elle se rend indépendante, elle peut contribuer en première ligne à la paix du monde.
N’est-ce pas terriblement urgent face à la menace montante de guerre généralisée?
Vous avez entre les mains un programme conçu pour répondre positivement aux défis de notre temps.
Ce programme a été préparé sur de longs mois de travail collectif.
Mais, au-delà même des milliers de personnes qui l’ont mis en forme, sachez qu’il emprunte aussi très largement aux travaux des associations, des syndicats et des collectifs citoyens.
Car, depuis des décennies, ceux-ci ont maintenu éveillées les consciences et mené l’action de terrain que la caste des puissants a toujours méprisé.
Ce programme a une cohérence.
Un fil commun relie ses chapitres et les mesures qui le composent.
J’en résume rapidement les aspects.
À nos yeux, l’urgence écologique,
le désastre social
et le délabrement de la démocratie sont les trois visages d’une même réalité.
Nous étouffons sous le règne de la finance.
Elle gouverne le monde avec sa cupidité insatiable, sa certitude absurde que les intérêts particuliers sont seuls légitimes, que tout peut s’acheter et tout peut se vendre, que le libre-échange des marchandises et la circulation sans contróle des capitaux sont les meilleurs organisateurs de toutes les activités humaines.
Voilà bien ce qui détruit la planète et les êtres humains.
Et, pire que tout, le règne de la finance détruit cette formidable capacité des êtres humains à coopérer entre eux pour résoudre leurs problèmes, ce que nous nommons démocratie.
C’est pourquoi la priorité pour nous c’est de donner le pouvoir, tout le pouvoir, au peuple, c’est-à-dire à la communauté humaine, parce qu’elle est la mieux placée pour s’occuper de son intérêt général.
Le peuple souverain doit définir lui-même ses règles de fonctionnement politique.
La monarchie présidentielle doit être abolie.
La convocation d’une assemblée composée de gens qui n’ont jamais été élus au Parlement auparavant pour écrire une nouvelle Constitution est l’acte fondateur par lequel nous commencerons le prochain quinquennat.
Vous lirez les propositions que nous faisons pour que le peuple, après cela, garde sa capacité d’initiative, tout en garantissant la nécessaire stabilité des institutions.
Pendant que cette Assemblée constituante fera son travail, tout le reste du programme commencera à être mis en oauvre.
Avec la planification écologique, nous organiserons le changement global de notre façon de produire, d’échanger et de consommer, pour mener une vie en harmonie avec la nature dont nous sommes partie prenante.
Cette organisation est nécessaire pour passer à l’agriculture paysanne, développer l’économie de la mer, substituer 100% d’énergie renouvelable et sortir méthodiquement du nucléaire.
300000 emplois dans l’agriculture, 300000 dans l’économie de la mer, 900000 pour la transition énergétique, c’est beaucoup d’emplois qualifiés à pourvoir.
Il faudra donc répondre à un fort besoin d’enseignement professionnel et de qualification de haut niveau.
Cela prouve que le progrès humain est la clef du progrès écologique et de l’activité économique.
La culture, les sciences, le sport, tout ce qui augmente, protège ou répare les capacités proprement humaines est le moteur du nouveau modèle que nous proposons.
Nous récusons la violence crue généralisée que le système actuel fait subir à tous les êtres sensibles, humains et animaux.
Nous nous donnons les moyens d’une société en pleine conscience de sa participation à tous les aspects de la vie de la planète.
C’est pourquoi nous voulons que la France soit une nation universaliste, qu’elle soit avant tout un facteur de paix, alors que se précise la marche vers une guerre généralisée.
Pour cela notre pays doit conquérir son indépendance,
sortir de la coalition militaire agressive qu’est l’Otan, afin d’agir pour construire une nouvelle alliance altermondialiste des peuples
et peser de tout notre poids pour créer un monde ordonné autour de la communauté des nations qu’incarne l’Onu, en dépit de ses défauts.
Plutót qu’à la guerre et aux compétitions, c’est aux coopérations que nous voulons nous consacrer.
Notre priorité doit être de nous tourner vers les frontières de l’humanité et d’y apporter notre contribution active: la mer, l’espace, les mondes du numérique.
Là encore l’expansion humaine doit entrer dans une phase de pleine responsabilité et de prise de conscience des enjeux du long terme!
Rien de tout cela n’est possible sans une profonde et méthodique réorganisation de l’usage et de la répartition des richesses produites.
Qu’est-ce qu’une richesse?
Cela doit être repensé et agir contre les abus de l’obsolescence programmée, des incitations à un consumérisme irresponsable et à un mode d’alimentation nocif.
Une société plus égalitaire est nécessaire non seulement pour donner à chacun les moyens de développer son potentiel personnel,
mais aussi pour en finir avec un modèle d’arrogance, d’accumulation et de consommations ostentatoires, aussi nuisibles et immorales que ridicules.
Un barème d'impót progressif étalé sur quatorze tranches, une échelle des salaires limitant l’écart de un à vingt au maximum,
le partage du temps de travail libéré par les progrès de l’automatisation et de l’intelligence artificielle, réparti dans la semaine, le mois, l’année et dans la durée de la vie professionnelle, la limitation du droit du capital en fonction de la durée de son investissement, la définition d’une véritable citoyenneté dans l’entreprise, le droit de préemption des salariés pour acquérir en coopérative leur entreprise
: voyez vous-même au fil des pages comment nous avons pensé la transition vers une société plus douce et donc plus égalitaire dans ses rapports sociaux.
Pour cela, il faut balayer la caste qui a capté le pouvoir.
Il est grand temps de réparer les dégâts de la sombre période que nous venons de vivre.
Nos vies ne doivent plus être dominées par le règne du temps court, le patriarcat, la peur du lendemain, la guerre de chacun contre tous et l’abrutissement publicitaire.
Le progrès humain peut devenir notre boussole.
Il faut pour cela changer le cadre fondamental dans lequel la France agit.
Les traités européens nous retirent toute liberté d’action.
Devant la décomposition de l’Union européenne et ses brutalités croissantes contre la démocratie, devant son obstination à opposer entre eux les salariés des pays membres en refusant toute harmonisation sociale et fiscale, et contre ses propensions belliqueuses, tout commence par la reconquête de notre indépendance.
Cette Europe-là, soit on la change (plan A),
soit on doit la quitter (plan B).
Et c’est par là que tout commencera.
Loin du déclinisme, épousant le goút des grandes épopées collectives de notre histoire, notre projet est celui d’une France insoumise et fière de l’être, au service de l’avenir en commun des êtres humains.
Un programme en évolution permanente
Depuis des mois, nous travaillons à son actualisation et à son développement.
La première étape du processus a ouvert les portes à tous les soutiens: entre les mois de février et aoút, environ 3000 contributions ont été déposées sur le site internet jlm2017.fr par les insoumis.
Elles ont été lues et synthétisées par une équipe d’une vingtaine de rapporteurs répartis par thème.
Pour la deuxième étape, nous avons organisé seize auditions programmatiques avec des chercheurs, des professionnels et des militants, afin de dessiner les axes majeurs du programme et de préciser les conditions de sa mise en oeuvre.
Dans un troisième temps, les forces politiques appuyant la candidature de Jean-Luc Mélenchon ont aussi apporté leurs contributions.
Ce document met donc en commun toutes ces idées, il est le fruit de toutes ces contributions.
Le 16 octobre 2016, la Convention nationale de la France insoumise a transmis ce document au peuple français en vue des élections présidentielle et législatives de 2017.
Mais le travail collaboratif ne s’arrête pas là.
Ce texte ne clót pas la réflexion, il lui donne un nouvel élan.
Le programme de la France insoumise est un objet vivant.
Tout au long de la campagne, nous allons donc l’enrichir encore et affiner les propositions.
Ce sera fait par l’élaboration tout aussi collective de «livrets thématiques».
Nous voulons également renforcer son caractère opérationnel en organisant des «ateliers législatifs» pour rédiger les premières propositions de loi que nous souhaitons faire adopter.
Nous voulons enfin que la campagne soit instructive et qu’elle donne à penser.
Les universités populaires de la France insoumise y contribueront.
L’urgence démocratique
LA 6e RÉPUBLIQUE
Tout commence par le pouvoir des citoyens.
Comment rendre le pouvoir au peuple, en finir avec le système de la caste médiatico-politique et de la monarchie présidentielle?
C’est l’ère du peuple qui doit commencer!
La révolution citoyenne à laquelle je crois est le moyen pacifique et démocratique de tourner la page de la tyrannie de l’oligarchie financière et de la caste qui est à son service.
Ce sera la tâche d’une Assemblée constituante, convoquée pour changer de fond en comble la Constitution, abolir la monarchie présidentielle
et restaurer le pouvoir de l’initiative populaire.
Je voudrais être le dernier président de la 5e République et rentrer chez moi sitót que la nouvelle Constitution aura été adoptée par le peuple français.
La 6e République commencera et ce sera une refondation de la France elle-même.
1 Réunir une Assemblée constituante
La nouvelle Constitution dont la France a besoin doit être radicalement nouvelle, y compris dans sa méthode d’écriture: elle ne peut être un simple rafistolage de la 5e République, ni se résumer à quelques réformes octroyées par le futur président de la République.
C’est le peuple lui-même qui doit s’emparer de la question et s’impliquer tout au long d’un processus constituant.
Nous proposons la convocation d’une assemblée spécifiquement chargée de rédiger une nouvelle Constitution sous le contróle des citoyens: une Assemblée constituante.
Nous soumettrons à ses travaux des propositions pour une 6e République démocratique, égalitaire, instituant de nouveaux droits et imposant l’impératif écologique.
·                Nous proposons de réaliser les mesures suivantes:Convoquer un référendum (article 11 de la Constitution) pour engager le processus constituant (modalités de la composition de l’Assemblée constituante – mode de scrutin, parité, tirage au sort et incompatibilités; modalités de la délibération; association des citoyens aux travaux ...)
·                Aucun parlementaire des anciennes assemblées de la 5e République ne pourra siéger dans cette Assemblée constituante.
·                Les délégués à l’Assemblée constituante ne pourront être candidats aux élections suivant l’entrée en vigueur de la nouvelle Constitution
·                Le projet de Constitution proposé par l’Assemblée constituante sera soumis à un référendum d’approbation
2 Balayer l’oligarchie, abolir les privilèges de la caste
La démocratie française est malade des privilèges, de l’argent-roi
et de la collusion entre politique et finance.
Une caste de privilégiés, coupée des réalités de la vie du peuple, a confisqué le pouvoir.
Cela doit cesser: la vertu doit être au centre de l’action politique.
·                Nous proposons de réaliser les mesures suivantes:Rendre inéligible à vie toute personne condamnée pour corruption
·                Supprimer le monopole du déclenchement de poursuites judiciaires par l’administration fiscale en cas de fraude: la justice doit pouvoir enquêter librement et de sa propre initiative, même contre l’avis du ministre
·                Combattre la pollution du débat parlementaire par les lobbies, interdire l’entrée des lobbyistes dans l’enceinte du Parlement et les cadeaux faits aux parlementaires
·                Mettre fin au pantouflage: tout haut fonctionnaire souhaitant travailler dans le privé devra démissionner de la fonction publique et rembourser le prix de sa formation s’il n’a pas servi au moins dix ans,
·                 supprimer le concours externe de l’ENA pour toute personne n’ayant jamais travaillé,
·                 durcir les règles contre les conflits d’intérêts, allonger les périodes d’interdiction d’exercer une fonction privée après avoir exercé une activité publique dans le même secteur
·                Appliquer les recommandations d’Anticor et de Transparency International visant à empêcher la corruption
·                et à rapprocher les représentants des représentés, notamment obliger un élu à rendre publique sa déclaration de patrimoine transmise à la Haute autorité pour la transparence de la vie publique et supprimer la réserve parlementaire (enveloppe financière dépensée sans vote du Parlement, selon le bon vouloir de chaque parlementaire)
·                Mettre fin à l’usurpation par le Medef de la parole des chefs d’entreprise: fonder la représentativité des organisations patronales sur la base d’élections, comme c’est déjà le cas pour les syndicats de salariés
3 Une République permettant l’intervention populaire
Le peuple est systématiquement tenu à l’écart des décisions.
Tout au plus a-t-il le droit de voter une fois tous les cinq ans sans possibilité d’intervenir ensuite.
Il est temps de faire confiance aux citoyens et de permettre le débat et l’expression de la souveraineté populaire en toutes circonstances.
·                Nous proposons de réaliser les mesures suivantes:Fixer le droit de vote à 16 ans, instaurer le vote obligatoire et la reconnaissance du vote blanc comme suffrage exprimé et généraliser la représentation proportionnelle
·                Créer un droit de révoquer un élu en cours de mandat, par référendum, sur demande d’une partie du corps électoral
·                Instaurer le référendum d’initiative citoyenne et le droit des citoyens de proposer une loi
·                Rendre obligatoire le recours au référendum pour réviser la Constitution ou ratifier tout nouveau traité européen et garantir le respect de la décision populaire
·                Reconnaître le droit de vote aux élections locales pour les résidents étrangers en situation régulière, comme en bénéficient déjà les ressortissants des pays de l’Union européenne
·                Rendre effectif le principe du non-cumul des mandats, y compris dans le temps
·                et abroger la loi NOME: contre les nouvelles féodalités et l’éloignement du pouvoir des citoyens, refonder l’organisation territoriale de la République et défendre les libertés communales
·                Démocratiser l’accès aux responsabilités politiques en permettant à chacun de prendre un «congé républicain», sans risque pour son emploi ou ses droits quels qu’ils soient, en vue de se présenter à des élections
4 Abolir la monarchie présidentielle
La monarchie présidentielle actuelle marginalise le Parlement.
Le président peut dissoudre l’Assemblée, mais celle-ci ne peut le renverser.
Conséquence: les députés agissent plus souvent comme des godillots, obligés du monarque, que comme représentants du peuple souverain.
Ce système est une anomalie démocratique.
·                Nous proposons de réaliser les mesures suivantes:Abolir la monarchie présidentielle en instaurant un régime parlementaire stable dans lequel le gouvernement détient le pouvoir exécutif et est responsable devant le Parlement, transférer le pouvoir de nomination au Parlement
·                Élire l’Assemblée nationale à la proportionnelle
·                Supprimer le Sénat et le Conseil économique, social et environnemental
·                et créer une Assemblée de l’intervention populaire et du long terme émettant un avis sur l’impact écologique et social des lois
·                Supprimer la Cour de justice de la République et soumettre les membres du gouvernement à la justice ordinaire
5 Une nouvelle étape des libertés et de l’émancipation personnelles
Une Constitution, c’est la garantie pour le peuple des droits et libertés qu’il se reconnaît lui-même.
La 6e République sera l’occasion de consacrer de nouveaux droits civils et politiques mais aussi personnels, pour une nouvelle étape de l’émancipation humaine.
·                Nous proposons de réaliser les mesures suivantes:Constitutionnaliser la non-marchandisation du corps humain et le droit fondamental de disposer de soi en toutes circonstances: liberté de conscience, droit à la contraception et à l’interruption volontaire de grossesse, droit de mourir dans la dignité (y compris avec assistance), accès garanti à des soins palliatifs
·                Autoriser le changement d’état civil libre et gratuit devant un officier d’état civil
·                Établir la filiation par reconnaissance comme principe par défaut, reconnaître le droit à la procréation médicalement assistée (PMA) pour toutes les femmes,
·                 refuser la gestation pour autrui (GPA), faire prévaloir l’intérêt supérieur de l’enfant en toutes circonstances
6 Une République universelle
Aucune liberté n’est possible sans l’égalité entre les personnes.
Assez tergiversé!
Imposons l’égalité des droits!
Punissons ceux qui veulent s’y soustraire.
Faisons progresser ensemble l’égalité en droits et en faits dans tous les domaines.
·                Nous proposons de réaliser les mesures suivantes:Faire France de tout bois
4       Défendre le droit du sol intégral pour les enfants nés en France, y compris dans les Outre-mer
4       Faciliter l’accès à la nationalité française pour les personnes étrangères présentes légalement sur le territoire
4       Rétablir la carte de séjour de dix ans comme titre de séjour de référence pour les étrangers
·                Abolir les ségrégations et lutter contre toutes les formes de racisme
4       Introduire le récépissé de contrôle d’identité pour interdire le contrôle au faciès
4       Assurer l’égalité réelle et combattre les discriminations fondées sur le genre, le handicap, l’apparence, la couleur de peau, l’âge, l’orientation sexuelle, la religion ou la croyance, l’origine sociale ou la fortune
·                Abolir le patriarcat dans l’État et la société
4       Imposer l’égalité de conditions entre les femmes et les hommes dans les institutions politiques, administratives, économiques, syndicales et associatives
4       Renforcer la loi et les moyens contre les violences faites aux femmes
4       Généraliser le Planning familial dans ses missions de formation et d’éducation pour la contraception et le droit à l’avortement
4       Adopter une loi de lutte contre le sexisme
4        Abolir la prostitution et garantir la dignité de la personne humaine
·                Assurer l’égalité de toutes les familles, de tous les enfants et des couples mariés et pacsés (en matière de succession, funérailles, pensions de réversion, etc.), ouvrir l’adoption plénière conjointe à tous les couples, mariés ou non
7 Une République laïque
La laïcité est attaquée de toutes parts et instrumentalisée par ses adversaires historiques, intégristes religieux et racistes qui veulent aussi en faire un prétexte pour flétrir les musulmans.
La laïcité est la condition de la liberté de conscience de chacun, de l’égalité et de la fraternité entre tous les citoyens quelle que soit leur option philosophique ou spirituelle.
Elle rend possible une action de l’État au service de l’intérêt général.
·                Nous proposons de réaliser les mesures suivantes:Étendre le bénéfice de l’application de la loi de 1905 à tout le territoire de la République (abroger le concordat d’Alsace-Moselle et les divers statuts spécifiques en vigueur dans les Outre-mer)
·                Garantir la liberté de conscience
·                et l’égalité de toutes les options spirituelles devant la loi
·                Combattre tous les communautarismes et l’usage politique des religions
·                Refuser les financements publics pour la construction des édifices religieux, des activités cultuelles et des établissements confessionnels
·                Refuser de rencontrer d’État à État ceux qui obligent nos ministres femmes à porter des accoutrements contraires à la dignité républicaine
·          Interdire la présence de ministres et préfets aux cérémonies religieuses et refuser le titre de «chanoine de Latran» pour le président de la République
8 La révolution citoyenne dans les médias
Il n’y a pas de démocratie possible sans information libre et pluraliste.
Nos médias sont bien malades: de l’argent, de la recherche du sensationnalisme et de la tyrannie du buzz.
La révolution citoyenne doit être menée sans faiblesse dans les médias!
·                Nous proposons de réaliser les mesures suivantes:Faire élire les présidents de France Télévisions et Radio France par le Parlement
·                Adopter une loi anti-concentration des médias, protégeant le secteur des intérêts financiers, favorisant la transformation des médias en coopératives de salariés et de lecteurs auditeurs téléspectateurs et attribuer des fréquences aux médias locaux et associatifs
·                Combattre la «sondocratie»: interdire les sondages dans les jours précédant les élections et adopter la proposition de loi sur les sondages votée à l’unanimité par le Sénat en 2011 et enterrée depuis
·                Créer un «Conseil national des médias» à la place du Conseil supérieur de l’audiovisuel pour en faire un véritable contre-pouvoir citoyen garantissant le pluralisme des opinions et des supports, ainsi que la qualité de tous les médias
·                Refonder les aides publiques à la presse pour les réserver aux médias d’information
·                et mutualiser les outils de production (imprimeries, serveurs, distribution, etc.)
·                Protéger les sources et l’indépendance des rédactions à l’égard des pouvoirs économiques et politiques par le renforcement du statut juridique des rédactions et une charte déontologique dans la convention collective
9 La République garante des biens communs
La République est un mot creux si elle ignore les conditions concrètes de la vie des gens.
Elle ne peut qu’être sociale.
Mais l’impératif écologique exige aussi davantage de la République et une République d’un genre nouveau.
Le changement climatique menace l’existence de la vie humaine sur la planète.
Tous semblables, nous sommes liés par un intérêt général humain: conserver la biosphère qui rend possible la vie humaine.
Il est temps que la République soit écologiste.
·                Nous proposons de réaliser les mesures suivantes:Constitutionnaliser la règle verte: ne pas prélever sur la nature davantage que ce qu’elle peut reconstituer,
ni produire plus que ce qu’elle peut supporter
·                Protéger les biens communs: l’air, l’eau, l’alimentation, le vivant, la santé, l’énergie, la monnaie ne sont pas des marchandises.
·                Ils doivent être gérés démocratiquement: le droit de propriété doit être soumis à l’intérêt général, la propriété commune protégée et les services publics développés
·                Constitutionnaliser et rendre effectifs les droits au travail et au logement
·                Amnistier les syndicalistes et militants associatifs condamnés pour faits de luttes sociales, écologiques ou pour la défense des libertés,
·                 protéger les lanceurs d’alerte et investir les salariés d’une mission d’alerte sociale et environnementale
10 Reconnaître la citoyenneté dans l’entreprise et des droits nouveaux aux salariés
Comme le disait Jean Jaurès, «la grande Révolution a rendu les Français rois dans la cité et les a laissés serfs dans l’entreprise».
Le contrat de travail étant le seul contrat de subordination dans notre pays, il est temps de faire rentrer la citoyenneté dans l’entreprise.
·                Nous proposons de réaliser les mesures suivantes:Accorder de nouveaux droits de contróle aux comités d’entreprise sur les finances de leur entreprise
·                Instaurer le droit pour les salariés à un vote de défiance à l’égard des dirigeants d’entreprise ou des projets stratégiques
·                Renforcer le pouvoir d’intervention des salariés contre les licenciements économiques par un droit de veto suspensif des comités d’entrepris
11 Une justice au nom du peuple
La justice est rendue «au nom du peuple français».
Mais trop souvent, le service public de la justice ne peut assumer cette lourde tàche.
Les tribunaux sont en voie de «clochardisation», les moyens humains et financiers manquent pour assurer des délais raisonnables; les justiciables, comme les professionnels de la justice, sont en droit d’exiger un effort sans précédent.
·                Nous proposons de réaliser les mesures suivantes:Garantir la protection judiciaire de la jeunesse, la justice des mineurs, la politique de prévention de la délinquance et les sanctions éducatives
·                Mettre fin à la paupérisation de la justice et de l’administration pénitentiaire
·                Mettre en œuvre un plan de recrutement de personnels pour désengorger les tribunaux
·                Rénover et construire de nouveaux locaux pour les tribunaux
·                Recruter 2000 agents pénitentiaires pour les escortes des détenus
·                Mettre fin au tout-carcéral par des peines alternatives à la prison,
·                 rénover les prisons pour garantir la dignité humaine, assurer la socialisation des détenus
·                Remplacer les instructions ministérielles au Parquet par des lois d’orientation de politique pénale, débattues et votées par le Parlement
·                Remplacer le Conseil supérieur de la magistrature par un Conseil supérieur de la justice désigné pour partie par les magistrats et le Parlement, devant lequel il sera responsable
·                Réformer le dualisme juridictionnel en supprimant la fonction juridictionnelle du Conseil d’État et en créant une juridiction suprême commune aux deux ordres de juridictions (fusionnant la Cour de cassation et la fonction juridictionnelle du Conseil d’État)
12 Une politique antiterroriste rationnelle
La súreté est un des droits «naturels et imprescriptibles» de l’être humain, selon la Déclaration des droits de l’homme et du citoyen de 1789.
Les odieux attentats commis en France en 2015 et 2016 interrogent: comment protéger la population de meurtres terroristes?
Comment garantir notre liberté dans ce contexte?
En la matière, la surenchère sécuritaire ne protège pas, elle affaiblit et fait le jeu des assaillants.
C’est une tout autre politique et une stratégie globale qui sont nécessaires pour vivre en paix.
·                Nous proposons de réaliser les mesures suivantes:Refuser la logique du choc des civilisations et de la «guerre intérieure»,
·                 sortir des guerres déstabilisatrices et des alliances hypocrites avec les pétromonarchies du Golfe
·                Améliorer la prévention en engageant une stratégie politique pour renforcer les anticorps républicains et supprimer le terreau des communautarismes par plus de République, de laïcité, d’éducation, de justice sociale et d’implication citoyenne
·                Refuser la logique de l’exception pour réaffirmer l’État de droit
4        Permettre la sortie de l’état d’urgence à l’initiative du Parlement, état qui ne protège pas mieux
4       Faire l’évaluation des lois antiterroristes sécuritaires existantes
4       Arrêter progressivement les opérations «Sentinelle» pour confier la sécurité des lieux publics à la police
4       Garantir le contrôle par le juge judiciaire des opérations de lutte contre le terrorisme
4       et augmenter les moyens de la justice antiterroriste pour garantir une lutte efficace, durable et respectueuse des droits et libertés fondamentaux
·                Renforcer le renseignement territorial et humain en revenant sur la fusion de la Direction de la surveillance du territoire (DST) et des renseignements généraux (RG), en privilégiant l’infiltration par rapport au tout- technologique, en renforçant les moyens d’analyse des renseignements collectés,
·                 et imposer aux autorités chargées du renseignement de rendre compte devant une commission parlementaire permanente
·                Lutter contre l’embrigadement et soutenir les démarches de signalement par les proches et les programmes de prise en charge des personnes suspectées
·                Instaurer une peine de déchéance des droits civiques en cas de fraude fiscale ou d’activités illicites permettant le financement d’activités terroristes, punir les financements des trafics alimentant les réseaux terroristes et réquisitionner les entreprises qui collaborent avec les agresseurs
13 Garantir la sécurité et la sûreté
La République a besoin d’une justice.
Elle a aussi besoin d’une police; une police républicaine, agissant pour protéger les libertés individuelles et collectives.
La politique de sécurité doit être refondée en lien avec la population, par l’intégration des conscrits, loin des coups de menton et du «deux poids deux mesures».
Objectif: une politique de súreté publique commençant par le renforcement des services publics.
·                Nous proposons de réaliser les mesures suivantes:Refonder la politique de súreté publique sur la base du triptyque «prévention, dissuasion, sanction» et réaffirmer son caractère national
4       En finir avec la politique du chiffre et supprimer les primes aux résultats dont les montants seront redistribués progressivement aux différentes catégories d’agents
4       Restaurer la police de proximité en refondant les objectifs des polices municipales et affirmant la distinction entre les missions nationales et locales
4       Faire l’évaluation des lois sécuritaires, abroger les disposition inefficaces et renforcer les politiques de prévention
4       Démanteler les BAC (Brigades anti-criminalité) qui ne font que du flagrant délit et ne permettent pas d’assurer une bonne relation entre la police et la population
4       Intégrer au service public certaines fonctions de sécurité aujourd’hui privatisées (sécurité aéroportuaire notamment)
·                Faire la police républicaine
4       En finir avec la police et la justice à deux vitesses en augmentant nettement les effectifs de police en charge de la délinquance en col blanc en lien avec le fisc, les douanes et la justice financière
4       Donner la priorité au démantèlement des trafics (drogues, armes, prostitution, êtres humains ...) et à la lutte contre la délinquance financière, la corruption et le terrorisme
4       Désencombrer l’action policière par la contraventionnalisation de la consommation de stupéfiants et la légalisation de l’usage du cannabis
4       Améliorer l’accueil du public et diminuer le temps d’attente pour la prise en compte d’une plainte ainsi que les durées d’investigation ensuite, faire évaluer la police avec des questionnaires de satisfaction des usagers
4       Apaiser les conflits existant au sein de la police par des instances de dialogue internes
4       Réécrire le code de déontologie et insister sur son importance lors de la formation des forces de police, et rétablir les missions de «défense des libertés et de la République» supprimées par Manuel Valls en 2014
4       Interdire les Taser et Flash-Ball, ainsi que les grenades de désencerclement pour favoriser la désescalade des affrontements
• Renforcer les moyens humains et matériels des forces de sécurité, en quantité et qualité
4       Mettre en place un plan d’amélioration qualitative de la police et de la gendarmerie
¨         Recruter des agents administratifs pour libérer policiers et gendarmes aptes à aller sur le terrain et qui travaillent sur des postes administratifs
¨         Ramener les effectifs de policiers et gendarmes à ceux de 2007
¨         Doubler les effectifs de la police technique et scientifique
¨         Supprimer le statut précaire et peu qualifié des 11000 adjoints de sécurité en permettant la formation et la titularisation de celles et ceux qui le souhaitent
¨         Porter à deux ans la durée de formation des élèves gardiens de la paix
4       Lancer un plan de rénovation et de construction de commissariats de police pour lutter contre la «clochardisation» du bâti et l’abandon de certains territoires
4       Dotation des services en moyens techniques et matériels suffisants, renouvellement général du parc informatique sous contrainte de sécurité des échanges
14 La jeunesse au service de l’intérêt général et de la sûreté de la Nation
Aujourd’hui, de nombreuses tâches indispensables à la súreté et à l’intégrité de la Nation ne sont pas assurées.
C’est vrai aussi bien du point de vue de la défense et de la súreté que de l’intégrité écologique, de la solidarité et du secours à la population.
Ces préoccupations ne peuvent être abandonnées aux marchands ni aux seuls agents des services concernés.
C’est la Nation tout entière qui doit y faire face, pour les tâches civiles comme militaires.
Nous proposons de réaliser les mesures suivantes:• Créer un service citoyen obligatoire
4       Pour les femmes et pour les hommes
4       Par conscription avant 25 ans, proche du lieu de vie, en limitant le «casernement» aux fonctions qui l’exigent réellement
4       D’une durée totale de neuf mois, comprenant une formation militaire initiale incluant un droit à l’objection de conscience
4       Rémunéré au smic
4       Affecté à des tâches d’intérêt général: secours à la population, sapeurs-pompiers, sécurité publique, défense, sécurité civile, protection et réparation de l’environnement, appui à des associations labellisées d’intérêt général
4       Présence sur tout le territoire, y compris les Outre-mer, les zones rurales et les quartiers populaires
4       Comprenant un bilan de santé, une évaluation des capacités d’écriture, de lecture et de calcul avec leur éventuelle mise à niveau, la formation gratuite à la conduite et le passage de l’examen du permis de conduire
• Créer une garde nationale placée sous commandement civil et composée
4       Des jeunes en service citoyen obligatoire ayant choisi d’intégrer la réserve pour la protection de la sûreté et de l’intégrité de la Nation
4       Des unités existantes labellisées: réserve de sécurité nationale, réserve de sécurité civile, réserve citoyenne
15 L’égalité réelle pour les Outre-mer
Les Outre-mer sont la chance de la France.
Ils pourraient être des pointes avancées de la planification écologique et du progrès humain.
Au lieu de se développer de manière endogène, ils sont maintenus dans la dépendance d’un système inégalitaire d’économie de comptoir et de pauvreté de masse.
La République doit vivre partout et pour tous!
·                Nous proposons de réaliser les mesures suivantes:Faire vivre la République, l’égalité, le métissage et le droit du sol contre le racisme et l’ethnicisme
4       Assurer la tenue démocratique du référendum d’autodétermination prévu en Nouvelle-Calédonie en 2018
4       Étendre la laïcité dans les Outre-mer, en appliquant la loi de 1905 là où elle ne l’est pas
4       Soutenir l’enseignement des langues et cultures d’Outre-mer pour ceux qui en font la demande, et mettre en valeur avec les populations la diversité des patrimoines culturels et linguistiques qu’apportent les Outre-mer
·                Faire des Outre-mer des territoires pilotes de la planification écologique
4       Élaborer et mettre en œuvre un plan d’autonomie énergétique de chaque territoire d’Outre-mer à partir des énergies renouvelables disponibles, terrestres (géothermie, solaire, éolien) et marines (éolien, utilisant les différences de températures ...)
4       Faire des Outre-mer des territoires pilotes de l’économie de la mer, doter chacun d’eux d’au moins un lycée professionnel maritime et des formations supérieures nécessaires à ce développement
4       Préserver les trésors de biodiversité des Outre-mer (renforcer les moyens d’études et de protection)
·                Assurer l’égalité et la présence de l’État
4       Garantir la continuité territoriale (desserte de service public à tarifs réglementés), l’interconnexion régionale et le désenclavement intraterritorial (en Guyane notamment)
4       Engager un plan pluriannuel d’investissement et de développement des services publics (transports, éducation, santé, logement, culture)
4       Supprimer les exemptions fiscales bénéficiant aux ultrariches pour les investissements outre-mer (notamment sur l’ISF)
·                Favoriser un développement endogène en rupture avec le modèle actuel d’économie de comptoir
4       Libérer les Outre-mer des monopoles privés et de la captation de la richesse par la rente en développant des circuits de distribution publics et la production en coopératives
4       Protéger les économies locales par un bouclier douanier: préserver l’octroi de mer et renforcer la protection commerciale des productions locales (taxe kilométrique pour promouvoir les productions locales, privilégier les importations à faible emprunte écologique, préférence commerciale pour les produits d’Outre-mer en métropole et en Europe, partenariats commerciaux équilibrés avec les voisins régionaux)
4       Atteindre l’autosuffisance alimentaire en soutenant le développement d’une agriculture écologique et paysanne et des filières de transformation agro-alimentaire locales
·                Faire des Outre-mer des leviers d’alternative à l’échelle mondiale
4       Faire des Outre-mer des pôles régionaux de codéveloppement: transfert de technologie auprès des pays voisins, aide logistique et scientifique, investir dans des établissements de formation de haut niveau (santé) bénéficiant à la fois aux étudiants ultra-marins et à ceux des pays voisins
4       Rejoi ndre les coopérations régionales dans une démarche de codéveloppement écologique, social et de progrèshumain: par exemple l’ALBA (Alliance bolivarienne pour les peuples de notre Amérique) pour les Antilles et la Guyane française, l’Afrique australe pour Mayotte et La Réunion, etc.
4       Construire des points d’appui des combats écologiques d’intérêt universel: appui à la préservation des forêts (Guyane pour l’Amazonie); appui aux populations du Pacifique et de l’océan Indien menacées par la montée des eaux; défense des fonds marins contre la prédation pétrolière et la pêche industrielle
16 Mettre fin au pillage économique de la Nation
Le règne de l’oligarchie est aussi celui du pillage sans limite ni honte des biens publics.
Infrastructures, services publics, fleurons industriels ou techno logiques, industries de souveraineté: combien de privatisations à vil prix, de «partenariats» abusifs, d’argent confisqué, voire détourné?
L’intérêt général doit être défendu et protégé de ses adversaires par la loi et la justice.
·                Nous proposons de réaliser les mesures suivantes:Créer une mission parlementaire spéciale pour faire le bilan de toutes les privatisations et faveurs fiscales décidées au cours des trois décennies passées
·                Revenir sur les programmes de privatisation (aéroports, autoroutes, parts publiques, etc.)
·                Décréter un moratoire sur les partenariats public-privé (PPP), abroger les dispositions législatives les permettant et pratiquer un audit de ceux qui sont en cours
·                Mettre en place une commission d’enquête parlementaire sur le pillage économique et industriel des dernières années (abandons de fleurons comme Alstom, Alcatel, EADS ...) et permettre la mise en examen et la détention préventive des suspects
·                Poursuivre les atteintes aux «éléments essentiels du potentiel scientifique et économique» faisant partie des «intérêts fondamentaux de la Nation», selon l’article 410-1 du Code pénal
·                Rendre effectif le droit de réquisition des entreprises d’intérêt général par l’État
17 Instaurer un protectionnisme solidaire pour produire en France
L’économie productive et l’emploi sont attaqués.
La libre-circulation des capitaux et des marchandises dans l’Llnion européenne et le monde entier donne tout pouvoir à la finance contre les productifs, aux multinationales contre les PME, et aux actionnaires contre les salariés.
Bilan: des droits sociaux soumis au chantage permanent du dumping, un bilan écologique désastreux, une industrie dévastée, une agriculture désorganisée, des régions entières condamnées.
Le grand déménagement du monde doit cesser.
Il faut relocaliser les productions.
Nous avons besoin d’un protectionnisme solidaire au service de l’intérêt général contre les multinationales et la mondialisation financière.
La défense de notre souveraineté industrielle est une condition indispensable à la fondation de nouvelles coopérations internationales.
·                Nous proposons de réaliser les mesures suivantes:Faire l’inventaire et l’évaluation des accords déjà appliqués pour construire une autre politique internationale des échanges commerciaux, basée sur la coopération et inspirée de la charte de La Havane, permettant de pratiquer des politiques de protection des droits sociaux et de l’emploi
·                Adopter des mesures anti-dumping d’urgence sur les industries stratégiques (acier, photovoltaïque ...), augmenter immédiatement les droits de douane pour les pays aux droits sociaux limités (travail des enfants, absence de droits syndicaux), prendre des mesures de rétorsion commerciales contre les paradis fiscaux
·                Imposer le respect de normes sociales et écologiques pour la commercialisation des produits importés en france
·                Réviser le Code des marchés publics pour favoriser les entreprises de l’économie sociale et solidaire, les produits et services écologiques, l’activité locale
18 Engager un plan de relance de l’activité et de l’emploi au service de la transition écologique
La bifurcation écologique et la révolution numérique imposent des investissements massifs pour changer les modes de production, d’échange et de consommation.
Ce serait un levier formidable pour créer des emplois de qualité et vivre mieux, alors que le chómage atteint un niveau sans précédent.
Nicolas Sarkozy et François Hollande ont créé un chómeur de plus toutes les deux minutes depuis dix ans.
L’appareil de production français souffre de sous-investissement malgré les milliards d’euros offerts au Medef.
Et les infrastructures publiques, tel le réseau ferré, sont abandonnées en silence.
Un plan de relance massif est vital à brève échéance.
·                Nous proposons de réaliser les mesures suivantes:Injecter 100 milliards d’euros supplémentaires dans l’économie pour des investissements écologiquement et socialement utiles
·                Transformer les 41 milliards d’euros annuels du pacte de responsabilité et du crédit d’impót compétitivité (soit 2% du PIB chaque année, 200 milliards d’euros sur un quinquennat) pour financer la transition énergétique et les activités socialement utiles
·                Remettre à plat l’ensemble des aides publiques et exonérations d’impót ou de cotisation accordées aux entreprises, évaluer leur efficacité, et revenir sur les aides antisociales et anti-écologiques
·                Réindustrialiser le pays par l’investissement, le rétablissement de plans de filières pour coordonner donneurs d’ordres et sous-traitants, clients et fournisseurs (par exemple SNCF et Alstom pour la filière ferroviaire, etc.), la création de póles publics dans l’énergie ou les transports, la défense des industries stratégiques et la reconstruction de conglomérats combinant plusieurs activités
19 Mettre au pas la finance
La finance a mis par terre l’économie réelle en 2008.
Elle devait être «l’adversaire» du président sortant.
Elle ne s’est jamais aussi bien portée et les revenus des actionnaires n’ont jamais été aussi élevés en France.
Notre pays a le record d’Europe du versement de dividendes!
De nouvelles bulles se forment et menacent d’une déflagration encore plus terrible.
Il est plus que temps d’agir!
·                Nous proposons de réaliser les mesures suivantes:Séparer les banques d’affaires et de détail
·                Contróler les mouvements de capitaux
·                Instaurer une taxe réelle sur les transactions financières
·                Interdire les ventes de gré à gré et la titrisation, plafonner les effets de levier et les rendements actionnariaux exorbitants
·                Identifier et interdire les produits dérivés toxiques et inutiles au financement ou à la couverture des flux économiques réels
·                Engager les procédures de recouvrement des 2,2 milliards d’euros d’argent public accordés sans preuve à la Société générale suite à l’affaire Kerviel, évaluer les actes comparables et poursuivre les coupables de ces abus
20 Définanciariser l’économie réelle
Les financiers étranglent chaque jour les PME et les ménages.
Les actionnaires exigent des taux de rendement intenables, obtenus au détriment des droits sociaux et de l’appareil de production.
Ils imposent la tyrannie du temps court sur le temps long de l’activité humaine et de l’impératif écologique.
Il faut leur reprendre le pouvoir.
·                Nous proposons de réaliser les mesures suivantes:Mettre fin à la cotation continue des entreprises en Bourse
·                Moduler les droits de vote des actionnaires selon la durée d’engagement dans l’entreprise en réservant le droit de vote aux actionnaires acceptant de s’engager sur une durée de présence
·                Moduler l’impót sur les sociétés selon l’usage des bénéfices pour encourager l’investissement en France: un taux réduit pour les bénéfices réinvestis en France, un taux plein pour les bénéfices distribués aux actionnaires
·                Augmenter la mise en réserve légale (aujourd’hui à seulement 5% des bénéfices) qui oblige l’entreprise à conserver une part de son résultat plutót que de le distribuer entièrement en dividendes
·                Interdire aux entreprises de distribuer un montant de dividendes supérieur à leur bénéfice et donc d’emprunter pour distribuer des dividendes
·                Limiter les LBO aux seules procédures de reprise des entreprises par les salariés (Leveraged Buy Out, mécanisme financier permettant aujourd’hui à quelques actionnaires de faire main basse sur une entreprise)
21 Mobiliser l’argent pour financer les petites et moyennes entreprises et la création d’emplois
Chaque jour les petites entreprises meurent faute d’être soutenues par les banques.
À l’inverse, des milliards d’euros sont perdus sans contróle ni contrepartie industrielle, sociale ou écologique.
Finançons enfin l’économie réelle et les PME, pas les multinationales et les actionnaires!
·                Nous proposons de réaliser les mesures suivantes:Créer un póle public bancaire notamment par la socialisation de banques généralistes, en vue de financer les entreprises et de mener une politique du crédit sur critères sociaux et écologiques
·                Accorder une licence bancaire à la Banque publique d’investissement dans son ensemble (groupe Bpifrance) pour lui permettre de se financer auprès de la Banque centrale
·                Financer l’escompte des PME à taux zéro par le póle financier public
·                Réserver l’avantage fiscal de l’assurance-vie aux fonds investis en France
·                Encadrer la sous-traitance et étendre la responsabilité juridique, sociale et écologique des donneurs d’ordre
·                Créer un fonds de solidarité interentreprises pour mutualiser la contribution sociale entre toutes les entreprises, mettre à contribution les grandes entreprises et les groupes pour soulager les PME et assurer la solidarité financière entre donneurs d’ordres et sous-traitants.
·                Il sera financé grâce à une contribution des entreprises selon un barème progressif
22 Protéger et généraliser l’économie sociale et solidaire et l’économie collaborative
Face à la prédation de la finance et à la dictature des actionnaires, une autre économie est possible!
Elle existe déjà, avec des centaines de milliers d’entreprises et des millions d’emplois.
Elle doit être développée et renforcée.
La révolution numérique peut être un levier pour de nouvelles activités réellement collaboratives.
Mais cela suppose de ne pas laisser le champ libre aux multinationales et aux stratégies lucratives ou d’évasion fiscale qui prévalent aujourd’hui.
·                Nous proposons de réaliser les mesures suivantes:Reconnaître un droit de préemption aux salariés pour former une coopérative en cas de fermeture ou de vente de leur entreprise
·                Généraliser l’économie sociale et solidaire, garantir son accès au financement et aux marchés publics
·                Encadrer le développement des activités liées à l’économie collaborative pour préserver le caractère de «partage» et d’utilité sociale contre la privatisation, l’évasion fiscale, la concurrence déloyale et stopper l’«ubérisation» des activités
23 Empêcher les licenciements boursiers dans l’entreprise pour conserver et développer l’emploi
Relancer l’économie ne suffira pas à créer des emplois, si les logiques financières continuent de dominer et si les actionnaires continuent d’avoir tous les droits dans la gestion des entreprises.
Pour que l’activité économique soit créatrice d’emplois, utile écologiquement et socialement, il est indispensable de donner de nouveaux droits aux salariés et à leurs représentants dans les entreprises.
·                Nous proposons de réaliser les mesures suivantes:Interdire les licenciements boursiers
·                Interdire le versement de dividendes dans les entreprises ayant recours à des licenciements économiques
·                Accorder un droit de veto suspensif aux comités d’entreprise sur les plans de licenciements, réformer les tribunaux de commerce et les procédures de redressement et liquidation d’entreprise pour donner plus de pouvoirs aux salariés et à leurs représentants, refondre la procédure judiciaire de contestation des licenciements économiques pour qu’ils ne puissent être effectifs avant épuisement des recours
·                Refonder le recours à la rupture conventionnelle pour empêcher les licenciements déguisés
·                Garantir et renforcer les pouvoirs de l’Inspection du travail et des instances représentatives de salariés, doubler les effectifs de l’Inspection du travail pour lui permettre d’être plus efficace dans la protection de l’emploi et des salariés, dans la lutte contre la souffrance au travail et dans l’assistance juridique aux PME
24 Abroger la loi El Khomri
Le mouvement social contre la loi El Khomri a montré combien les luttes sociale et républicaine sont liées.
La loi El Khomri a mis fin à la hiérarchie des normes sociales.
Désormais, un accord d’entreprise peut s’imposer même si un accord de branche ou la loi sont plus favorables aux salariés.
Cela devra être supprimé.
C’est la porte ouverte au dumping à l’intérieur d’une même branche entre entreprises et à la régression de tous les droits des salariés.
L’accord d’entreprise ne doit primer que s’il est plus favorable aux salariés.
Il en va de l’égalité des salariés et de la justice entre les entreprises.
Nous rétablirons la hiérarchie des normes sociales et le principe de faveur.
25 Éradiquer la précarité, respecter les métiers et les travailleurs
85% des contrats signés sont aujourd’hui des contrats précaires (CDD, intérim, etc.).
Sans compter les temps partiels contraints, quasi exclusivement occupés par des femmes, qui ne permettent pas une paye suffisante pour vivre dignement.
Cette vision «jetable» des salariés dévalorise le travail, nie les métiers et les savoir-faire.
C’est humainement destructeur et économiquement nuisible.
·                Nous proposons de réaliser les mesures suivantes:Réaffirmer dans les faits le CDI comme norme du contrat de travail
·                Instaurer un quota maximum de contrats précaires dans les entreprises: pas plus de 10% de contrats précaires dans les PME, pas plus de 5% de contrats précaires dans les grandes entreprises
·                Faciliter la requalification en contrat de travail salarié des auto-entrepreneurs à client unique et des collaborateurs exclusifs des plateformes dites collaboratives (Uber...)
·                Lutter contre le temps partiel contraint qui touche 80% des femmes
·                Régulariser les travailleurs sans-papiers pour assurer l’égalité sociale entre travailleurs
·                Titulariser tous les précaires des trois fonctions publiques
26 Construire un nouveau statut protecteur pour les travailleurs: la Sécurité sociale intégrale
La précarité ne doit pas seulement être stoppée dans l’urgence.
Elle doit être éradiquée.
La peur du lendemain gangrène tout.
Survivre n’est pas vivre.
De nombreuses propositions sont sur la table pour construire une nouvelle ère protectrice pour les travailleurs, salariés et non salariés.
·                Nous proposons de réaliser les mesures suivantes:Assurer la continuité des droits personnels hors du contrat de travail (droit à la formation, ancienneté, etc.)
·                Garantir la continuité du revenu en cas de perte d’emploi ou de retrait d’activité, dans le cadre d’une Sécurité sociale professionnelle
·                Établir le «droit opposable à l’emploi» en faisant de l’État l’employeur en dernier ressort: en cas de chómage de longue durée, l’État doit proposer un emploi au chómeur en lien avec sa qualification, sur une mission d’intérêt général.
·                L’indemnisation par l’allocation-chómage se poursuit jusqu’à ce qu’un tel emploi soit proposé par l’État
·                Refonder le service public de l’emploi en identifiant clairement chacune des missions (conseil et accompagnement; indemnisation; orientation et formation professionnelle)
·                Donner la liberté aux artisans, commerçants, indépendants, chefs d’entreprise et auto-entrepreneurs de s’affilier au régime général de la Sécurité sociale plutót qu’au Régime social des indépendants (RSI)
27 Donner aux jeunes les moyens de leur autonomie
Les jeunes commencent leur vie par un parcours d’obstacles: difficulté à payer leurs études, à trouver un premier emploi ou à accéder à un logement, etc.
Les jeunes des classes populaires sont les plus frappés, mais ils sont loin d’être les seuls concernés.
L’autonomie est un droit, lúat doit la rendre possible!
·                Nous proposons de réaliser les mesures suivantes:Instaurer une allocation d’autonomie pour les jeunes de 18 à 25 ans, d’une durée de trois ans, sous réserve d’une formation qualifiante et sous condition de ressources
·                Remplacer les «emplois d’avenir» par un «contrat jeune» d’une durée de cinq ans, dans le secteur non marchand et public, ouvrant droit à une formation qualifiante en alternance ou à une préparation aux concours de la fonction publique
28 Réduire le temps de travail, travailler moins pour travailler tous
Pourquoi tant de gens s’épuisent au travail alors que d’autres s’épuisent à essayer d’en trouver?
Le progrès technique et la productivité des travailleurs français permettent au contraire de travailler tous en travaillant moins.
La réduction du temps de travail est un objectif historique particulièrement pertinent en ces temps de révolution technologique.
Mais c’est aussi la politique la plus juste, la plus efficace et la moins coúteuse contre le chómage.
·                Nous proposons de réaliser les mesures suivantes:Généraliser une 6e semaine de congés payés pour tous les salariés
·                Appliquer réellement et immédiatement les 35 heures:
·                                Majorer les heures supplémentaires (25% pour les 4 premières et 50% et plus au-delà)
·                                Revenir sur la flexibilisation, l’annualisation, l’intensification et les horaires fractionnés
·                                Revenir sur le forfait-jour et le limiter aux seuls cadres dirigeants
·                                Revenir sur les élargissements du travail du dimanche
·                Convoquer une conférence nationale sur le partage du temps de travail et l’impact du progrès technologique, favoriser le passage à la semaine de quatre jours pour aller vers les 32 heures et appliquer les 32 heures pour les salariés en travail de nuit et les métiers pénibles
·                Harmoniser les temps sociaux (par jours, semaine, année, vie): installer des bureaux du temps ayant pour mission l’évaluation de la synchronie des temps sociaux constatés (concordance entre les horaires de travail et de garde d’enfant, par exemple), l’aide à la formulation des demandes pour l’organisation de la réduction des temps de transport emploi-domicile et de bourse d’échange d’emplois
29 Instaurer un salaire maximum autorisé pour les dirigeants d’entreprise
Les inégalités ont explosé ces dernières années.
Les revenus des dirigeants des grandes entreprises sont chaque fois un peu plus indécents.
Que font donc ces gens pour mériter de tels salaires ?
N’y a-t-il pas moyen de faire le travail de meilleure façon et pour moins cher?
Bien súr que si!
Les actionnaires ont montré qu’ils ne voulaient pas limiter les rémunérations des grands patrons.
La loi doit donc le faire!
·                Nous proposons de réaliser les mesures suivantes:Fixer un salaire maximum autorisé pour limiter l’écart de 1 à 20 entre le salaire le plus bas et le salaire le plus haut dans une entreprise
·                Interdire les parachutes dorés et les retraites chapeaux
·                Supprimer les stock-options
30 Augmenter les salaires
Aujourd’hui, un salarié au smic gagne à peine plus que le seuil de pauvreté.
Et encore, à condition d’avoir un emploi à temps complet et non un temps partiel.
C’est inadmissible.
Le travail est la source de la création des richesses, les travailleurs doivent obtenir leur dû.
Leur dignité et leur droit à l’existence doivent être garantis.
L’augmentation du smic est une mesure de justice sociale.
Mais combinée au protectionnisme solidaire, c’est aussi une mesure efficace de relance écologique de l’activité: c’est permettre aux salariés de consommer des produits de meilleure qualité et locaux.
·                Nous proposons de réaliser les mesures suivantes:● Augmenter immédiatement le smic net mensuel de 16% pour le porter à 1326 euros net pour 35 heures
·                ● Engager une revalorisation des salaires des fonctionnaires, gelés depuis 2010
31 Restaurer le droit à la retraite à 60 ans, augmenter les petites pensions
François Hollande s’est vanté auprès de la Commission européenne d’avoir repoussé l’âge de la retraite à 66 ans!
En effet, il a validé le report de l’âge de départ à 62 ans décidé par Nicolas Sarkozy en 2010.
Et il a rendu encore plus inaccessibles les conditions pour avoir une retraite à taux plein en allongeant la durée de cotisations à quarante-trois ans!
Au point que de plus en plus de personnes partent à la retraite avec une pension amputée par les décotes et le manque de trimestres, du fait du chómage et de la précarité.
C’est injuste.
Pourtant, l’argent existe pour financer les retraites, augmenter les pensions et rétablir le droit au départ à 60 ans.
·                Nous proposons de réaliser les mesures suivantes:Restaurer le droit à la retraite à 60 ans à taux plein, ramener la durée de cotisation pour une retraite complète à quarante ans
·                Revaloriser les pensions de retraite au niveau du smic pour une carrière complète et porter le minimum vieillesse au niveau du seuil de pauvreté
·                Assurer le financement durable des régimes de retraites solidaires, intergénérationnelles et par répartition, par la mise à contribution des revenus financiers des entreprises, par l’augmentation du nombre de cotisants et de l’assiette des cotisations (créations d’emplois, hausse des salaires, recul de la précarité, hausse de l’activité des femmes, etc.) et de leur taux, la fin des exonérations fiscales pour les régimes de retraite par capitalisation
32 Réprimer les inégalités femmes-hommes dans les entreprises
L’égalité entre les femmes et les hommes n’est pas une question morale.
Ce n’est pas non plus seulement une question institutionnelle ou sociétale.
C’est d’abord une question sociale!
Aujourd’hui encore, à postes et qualifications équivalents, les femmes sont moins payées que les hommes.
Et la maternité reste un «risque» pour la carrière de nombreuses femmes.
Cela suffit.
Il est plus que temps d’agir et de contraindre ceux qui ne veulent pas de l’égalité!
·                Nous proposons de réaliser les mesures suivantes:Étendre à toutes les entreprises l’obligation d’adopter un plan ou un accord d’entreprise contre les inégalités de salaires et de carrière entre hommes et femmes, aujourd’hui limitée aux entreprises de plus de 50 salariés
·                Augmenter les sanctions financières et pénales contre les entreprises qui ne respectent pas cette égalité, pouvant aller jusqu’à l’interdiction d’accès aux marchés publics
·                Revaloriser les métiers occupés majoritairement par des femmes (qualifications, grilles salariales...) et agir pour l’égal accès à toutes les formations et à tous les métiers
·                Favoriser des congés parentaux de durée identique entre les parents
33 Éradiquer la pauvreté
9 millions de personnes vivent sous le seuil de pauvreté en France, soit avec moins de 1000 euros par mois.
Des centaines de milliers de personnes tentent de survivre avec à peine quelques centaines d’euros par mois.
Notre pays et nos villes comptent de nombreuses personnes sans abri abandonnées à elles-mêmes, faute d’intervention des pouvoirs publics.
Le recul des services publics
et la précarisation des conditions de vie ont fait exploser la pauvreté.
On ne peut pas vivre heureux dans un océan de malheur.
La République doit faire cesser ce scandale!
·                Nous proposons de réaliser les mesures suivantes:Créer un Plan personnalisé contre la pauvreté (PPP) prenant en compte la situation des personnes dans leur globalité (revenus, état de santé, insertion professionnelle, logement, etc.)
·                Créer une «garantie dignité» en revalorisant les minima sociaux (aucun niveau de vie en dessous du seuil de pa uvreté)
·                Restructurer les emprunts des ménages surendettés et garantir à tous l’accès effectif aux services bancaires de base
·                Atteindre l’objectif de zéro sans-abri: chacun doit se voir proposer un hébergement d’urgence ou un logement et un accompagnement durable
·                Instaurer la gratuité de l’accès et des quantités d’eau, électricité et gaz indispensables à une vie digne en commençant par faire appliquer l’interdiction de coupure d’eau et de réduction de débit au domicile principal
·                Lutter contre le non-recours aux droits sociaux et civiques par la simplification des démarches et des critères, et le retrait de contreparties pour l’attribution du RSA, qui sera de nouveau financé par l’État.
·                Mobiliser les volontaires nationaux pour inscrire ou réinscrire 100% de la population majeure sur les listes électorales et vérifier ses droits sociaux
34 Garantir le droit effectif au logement
30000 enfants vivent sans abri fixe dans notre pays.
Près de 1 million de personnes n’ont pas de logement personnel, 4 millions sont mal logées, 12 millions sont menacées d’un problème lié à leur logement.
Les loyers s’envolent dans les grandes villes.
Le libre marché et les allégements fiscaux ne permettront pas de régler le problème, au contraire.
·                Nous proposons de réaliser les mesures suivantes:Interdire les expulsions locatives sans relogement
·                Construire 200000 logements publics par an pendant cinq ans aux normes écologiques
·                Mettre en place une garantie universelle des loyers pour favoriser l’accès de tous au logement, par l’intermédiaire d’une caisse de solidarité alimentée par les bailleurs comme le défend la Confédération nationale du logement
·                Lancer un plan d’éradication du logement insalubre, de renouvellement urbain et de construction de logements sociaux en renforçant les sanctions des communes trop faiblement dotées en parc social
·                Imposer les hautes transactions immobilières par une taxe progressive
·                Soutenir les projets d’habitat participatif et coopératif
35 Refuser le chantage à la dette publique
L’argent existe pour vivre mieux.
La France n’a jamais été aussi riche de son histoire.
La dette n’est pas un problème.
Son montant est tout à fait supportable une fois ramené à sa durée de vie réelle: plus de sept ans.
Mais l’État a été volontairement appauvri par des cadeaux fiscaux aux plus fortunés, à la finance et aux grands groupes.
Certains ont même gagné deux fois: ils ont pu prêter à l’État les impóts épargnés et empocher au passage des intérêts!
Ce chantage et ce rançonnage doivent cesser!
·                Nous proposons de réaliser les mesures suivantes:Réaliser un audit citoyen de la dette publique pour déterminer la part illégitime et préparer un réaménagement négocié (échelonnement des remboursements, baisse des taux d’intérêt, annulation partielle ...)
·                Faire racheter la dette publique par la Banque centrale
36 Faire la révolution fiscale
De l’argent, il y en a.
Mais il est capté par les uns au lieu d’être mis au service de l’intérêt général par l’impót.
Le système fiscal est à bout de souffle: injuste, plein de «niches» et de trous, tel un gruyère.
Il doit être entièrement refondé sur des bases claires, lisibles, en appliquant le principe de la progressivité qui veut que plus on gagne d’argent, plus on contribue au bien public.
·                Nous proposons de réaliser les mesures suivantes:Refonder l’imposition sur les revenus en transformant la CSG et l’impót sur le revenu actuel en un nouvel impót citoyen sur les revenus, garantissant les recettes de la Sécurité sociale et de l’État
4       Imposer les revenus du capital comme ceux du travail par une assiette large et unifiée
4       Rendre l’impôt sur les revenus plus progressif avec un barème à 14tranches contre 5 aujourd’hui: tout le monde doit payer et chacun selon ses moyens réels
4       Instaurer un revenu maximum autorisé: 100% d’impôt pour la tranche au-dessus de 20 fois le revenu médian, soit 400000 euros de revenus annuels (33000 euros par mois)
4       Mettre fin au quotient conjugal, système patriarcal favorisant les inégalités salariales entre les femmes et les hommes
4       Remplacer l’injuste quotient familial fiscal actuel par un crédit d’impôt par enfant
·                Évaluer chacune des niches fiscales et supprimer les niches injustes, inefficaces socialement ou nuisibles écologiquement
·                Refonder l’impót sur les sociétés pour établir l’égalité devant l’impót entre PME et grands groupes, instaurer un barème progressif et favoriser l’investissement plutót que la distribution de dividendes
·                Renforcer l’impót de solidarité sur la fortune (ISF)
·                Augmenter les droits de succession sur les gros patrimoines et créer un héritage maximum pour les fortunes les plus importantes (égal au patrimoine des 0,01% les plus riches, soit 33 millions d’euros en 2012)
·                Réduire la TVA sur les produits de première nécessité, revenir sur les hausses récentes et réinstaurer une «TVA grand luxe» pour financer ces baisses
37 Terrasser l’évasion et la fraude fiscales
La révolution fiscale n’est possible que si on mène en parallèle une lutte sans merci contre les déserteurs fiscaux.
La fraude et l’évasion fiscales représentent un manque à gagner de 80 milliards d’euros pour l’État!
Il faut aller chercher l’argent là oú il est!
·                Nous proposons de réaliser les mesures suivantes:Mettre en place la taxation différentielle permettant de soumettre chaque citoyen français aux impóts français quel que soit son pays de résidence
·                Obliger les entreprises à déclarer leurs résultats pays par pays et taxer les bénéfices des entreprises là oú ils sont réalisés
·                Interdire aux banques françaises toute activité dans les paradis fiscaux en retirant les licences bancaires des établissements récalcitrants
·                Agir contre l’évasion fiscale au niveau international, notamment en organisant le blocus des paradis fiscaux
·                Renforcer les moyens humains et techniques de l’administration fiscale et des douanes dans la lutte contre la fraude et l’évasion fiscales
38 La transition écologique, enjeu central
Pour les tenants du système, l’écologie est une question à part.
C’est tout l’inverse.
L’urgence écologique est une question fondamentale.
C’est autour et à partir de l’exigence écologique que doit se penser toute la politique de la Nation.
Pour cela, la préoccupation écologique doit être inscrite au sommet de la hiérarchie des normes et de l’activité de l’État.
Le temps de l’écosystème, c’est le temps long.
Le temps court de la finance et du productivisme saccage tout.
La reconquête du temps long est la principale exigence.
C’est le but de la planification écologique: mettre en cohérence dans le temps et dans l’espace les mesures nécessaires pour faire bifurquer le modèle de production, de consommation et d’échanges.
·                Nous proposons de réaliser les mesures suivantes:Constitutionnaliser la règle verte: ne pas prélever sur la nature davantage que ce qu’elle peut reconstituer ni produire plus que ce qu’elle peut supporter
·                Adopter une loi-cadre instaurant une planification écologique, démocratique et articulant les niveaux national et local
·                Créer une fonction de délégués départementaux à l’écologie chargés d’alerter sur les dysfonctionnements, sur le modèle des délégués départementaux de l’Éducation nationale
39 100% d’énergies renouvelables en 2050
Le changement climatique impose de sortir des énergies émettrices de gaz à effet de serre.
Le nucléaire n’est pas une solution d’avenir.
Il ne règle aucune question: ni l’indépendance d’approvisionnement, ni la súreté des installations, ni la gestion des déchets, ni les coúts financiers.
Il faut donc sortir des deux à la fois.
C’est un horizon technique et humain enthousiasmant.
Plusieurs études (NegaWatt, Ademe...) ont montré que c’est possible d’ici 2050.
Ne manque que la volonté politique.
Nous l’avons.
·                Nous proposons de réaliser les mesures suivantes:Adopter un plan de transition énergétique avec un double axe so b riété      effica cité énergétique et transition vers les énergies renouvelables
4       Développer l’ensemble des énergies renouvelables
4       Sortir des énergies carbonées en commençant par l’arrêt des subventions aux énergies fossiles et de toute exploration de gaz et pétrole de schiste et de houille
4       Stopper la privatisation des barrages hydroélectriques
·                Sortir du nucléaire
4       Fermer immédiatement Fessenheim en garantissant l’emploi des salariés et leur formation pour en faire un site pilote du démantèlement
4       Abandonner l’opération du grand carénage visant à prolonger la vie des centrales nucléaires au-delà de quarante ans
4       Abandonner les projets d’EPR (Flamanville et Hinkley Point) et d’enfouissement des déchets nucléaires à Bure
4       Rendre publiques les données sur l’enfouissement des déchets nucléaires depuis soixante ans et informer sur les dangers sanitaires avérés et ou éventuels
·                Créer un póle public de l’énergie pour mener une politique cohérente, en renationalisant EDF et Engie (ex-GDF) en lien avec des coopératives locales de production et de consommation d’énergies renouvelables et en favorisant l’autoproduction et le partage des excédents
·                Revenir sur la libéralisation du marché de l’électricité et abroger la loi NOME
40 Plan de rénovation écologique de tout le bâti
Le bâti est un des principaux émetteurs de gaz à effet de serre.
Les logements passoires thermiques restent très nombreux, pénalisant financièrement ceux qui les occupent (propriétaires et locataires).
Les dispositifs existants ne sont pas assez efficaces: trop dispersés, trop dépendants de l’action individuelle des propriétaires.
Un véritable plan doit être mis en place pour changer d’ampleur et de résultats.
·                Nous proposons de réaliser les mesures suivantes:Assurer l’isolation d’au moins 700000 logements par an
·                Renforcer les programmes locaux de détection des passoires énergétiques, avec davantage de moyens humains et financiers
·                Mettre fin aux situations de précarité énergétique que vivent les ménages
·                Former, labelliser et coordonner les professionnels de la rénovation énergétique afin d’imposer une obligation de résultats
·                Mettre en place un «guichet unique» regroupant les demandes de financement, l’évaluation des besoins, la coordination des professionnels nécessaires pour organiser la rénovation par les propriétaires individuels
41 Développer les transports publics écologiques et repenser la mobilité individuelle
Avec le bâti, les transports sont très émetteurs de gaz à effet de serre.
Et rien n’est fait pour améliorer cela.
Les précédents gouvernements ont abandonné le transport ferroviaire au profit de la route (camions, bus «Macron»...).
La libéralisation générale (ferroviaire, portuaire ...) empêche une politique volontariste en laissant libre cours au marché.
·                Nous proposons de réaliser les mesures suivantes:Développer le transport ferroviaire
·                Adopter un plan de développement du ferroutage et de report modal pour réduire le transport routier de marchandises
·                Refuser la mise en concurrence du transport ferroviaire: bloquer l’ouverture à la concurrence des TER d’ici 2023 et des trains de nuit, remettre en cause la libéralisation du transport de marchandises et voyageurs grandes lignes
·                Revenir sur la loi Macron et l’autorisation du cabotage par autocar: les liaisons par autocar doivent être autorisées seulement là où il n’y a pas de lignes TER et non en concurrence avec elles
·                • Développer le cabotage maritime entre les ports français et le transport fluvial
·                Renationaliser les autoroutes
·                Repenser la mobilité individuelle
4       Engager la sortie du diesel en commençant par supprimer progressivement l’avantage fiscal pour les flottes d’entreprise
4       Développer les usages partagés de la voiture (auto-partage, covoiturage courte et longue distances) et les mobilités douces (vélo, etc.)
4       Développer les véhicules électriques pour les flottes ca ptives
42 Pénaliser les transports sur longue distance pour relocaliser les productions
C’est le règne du déménagement permanent des marchandises.
Les chaînes de production et les lieux de consommation sont de plus en plus éloignés.
Pour relocaliser les productions au plus près des consommateurs, le protectionnisme solidaire doit s’accompagner d’une politique qui pénalise les transports de longue distance, notamment routiers.
·                Nous proposons de réaliser les mesures suivantes:Introduire une contribution carbone sur le transport de marchandises
·                Instaurer une taxe kilométrique aux frontières de la France pour intégrer le coút écologique dans les produits, qui dépendra de la distance parcourue par les produits i m po rtés
·                • Privilégier systématiquement les circuits courts et les productions locales dans la commande publique (alimentation, fournitures, etc.) et les rendre obligatoires pour les cantines scolaires
43 Consommer autrement
Le système aujourd’hui est absurde: il prive d’eau les personnes qui ne peuvent payer et ne pénalise pas le mésusage.
Changeons de logique, imposons la gratuité des quantités nécessaires à une vie digne et sanctionnons les gaspillages.
·                Nous proposons de réaliser les mesures suivantes:Instaurer une tarification progressive sur l’eau et l’énergie incluant la gratuité des quantités indispensables à une vie digne et pénalisant les mésusages et gaspillages
·                Soutenir la création de coopératives de consommation en lien direct avec les producteurs
·                Imposer l’objectif d’une alimentation 100% biologique locale dans la restauration collective
·                Réduire la part des protéines carnées dans l’alimentation au profit des protéines végétales
44 Une France «0 déchet»
Le tiers des aliments produits est jeté alors que tant de personnes n’arrivent pas à se nourrir correctement.
Un nouveau continent s’est formé, fait de déchets plastiques flottants!
L’ère du jetable et des déchets doit cesser.
Plusieurs villes du monde sont engagées dans des démarches visant à éliminer les déchets.
La France peut montrer l’exemple.
·                Nous proposons de réaliser les mesures suivantes:Combattre l’obsolescence programmée des biens de consommation par un allongement des durées de garanties légales des produits
·                Lutter contre le suremballage, le gaspillage (notamment alimentaire) et refuser le tout jetable
·                Rendre obligatoires le recyclage, le compostage ou l’incinération avec récupération de l’énergie produite pour tous les déchets, généraliser les consignes dans les commerces
·                Soutenir toutes les initiatives s’appuyant sur la réutilisation des matériaux (ressourceries ...) et développer les filières scolaires et universitaires professionnelles dans le secteur
45 Sauver l’écosystème et la biodiversité
L’activité humaine est en train de provoquer une sixième grande extinction d’espèces vivantes.
La biodiversité recule sous les coups du changement climatique, des pollutions, du braconnage, etc.
La lutte pour la préservation de cette biodiversité passe évidemment par une action vigoureuse au niveau international pour lutter contre ces causes.
Mais elle passe aussi par des actes nationaux et locaux.
En somme, chacun doit apprendre à protéger la nature et la biodiversité.
·                Nous proposons de réaliser les mesures suivantes:Refuser la brevetabilité du vivant à tous les niveaux, lutter contre la biopiraterie
·                Refuser les OGM, bannir les pesticides nuisibles en commençant par une interdiction immédiate des plus dangereux (glyphosate, néonicotinoïdes, etc.)
·                Gérer durablement l’eau, bien commun essentiel à toute forme de vie; lancer des programmes de dépollution des cours d’eau et océans, favoriser la création de régies publiques de l’eau au niveau local pour une gestion démocratique
·                Sanctuariser le foncier agricole et naturel et lutter contre l’artificialisation des sols
·                Généraliser les fermes pédagogiques pour la sensibilisation à l’enjeu écologique et l’éveil à la Nature
·                Éradiquer la maltraitance envers les animaux
46 Pour une agriculture écologique et paysanne
L’agro-business détruit tout: l’écosystème, la santé des consommateurs et celle des paysans.
Les maux sont connus: pesticides chimiques, gigantisme agricole, ultra-spécialisation et soumission au libre marché.
À terme, ce système met à mal notre capacité à nourrir l’humanité.
On peut faire autrement: produire mieux pour se nourrir mieux!
·                Nous proposons de réaliser les mesures suivantes:Engager la réforme agraire pour faciliter l’installation des jeunes agriculteurs en limitant la concentration des terres et la course à l’agrandissement et créer 300000 emplois agricoles grâce à des prix rémunérateurs et une refonte de la PAC
·                Stopper les projets de fermes usines
·                Développer l’agriculture biologique, proscrire les pesticides chimiques, instaurer une agriculture diversifiée et écologique (polyculture-élevage, etc.) et promouvoir les arbres fruitiers dans les espaces publics
·                Favoriser les circuits courts, la vente directe, la transformation sur place et plafonner les marges de la grande distribution par un coefficient multiplicateur limité pour garantir des prix rémunérateurs aux producteurs et interdire les ventes à perte pour les agriculteurs
47 Organiser et aménager le territoire par la démocratie et les services publics
Quelques métropoles reliées entre elles par le TGV et tant pis pour le reste du pays.
C’est la ligne appliquée en matière d’aménagement du territoire depuis des années.
Bilan: des territoires ruraux et des petites villes abandonnés, des métropoles explosées entre ghettos de riches et quartiers pauvres.
Remettons de l’ordre et de la justice dans l’organisation du pays.
·                Nous proposons de réaliser les mesures suivantes:Arrêter les grands projets inutiles comme l’aéroport de Notre-Da me-des-La ndes
·                Inverser la logique des métropoles et des méga-régions, de la compétition entre territoires
·                Stopper l’étalement urbain en incitant au rapprochement entre bassins de vie et bassins d’emploi
·                Défendre et reconstruire le maillage de transports en commun et de services publics sur tout le territoire, dans les départements ruraux et les quartiers populaires
48 Exploiter durablement la forêt française
La France possède l’une des plus importantes forêts d’Europe.
Mais nous importons chaque année du bois pour construire des meubles ou des maisons!
Pire, la forêt française est progressivement abandonnée à la finance.
Ce joyau mérite une autre politique, écologiquement soutenable et utile pour construire une filière bois créatrice d’emplois locaux.
·                Nous proposons de réaliser les mesures suivantes:S’opposer à la marchandisation de la forêt française, refuser la privatisation de la forêt publique et garantir les moyens de l’Office national des forêts
·                Développer la filière bois française pour permettre une exploitation forestière respectueuse du rythme des forêts et de la biodiversité, répondant aux besoins (chauffage, ameublement, construction, etc.) et créatrice d’emplois locaux
·                Soutenir par la commande publique le développement des constructions en bois issu des forêts françaises
49 Prendre les mesures immédiates et unilatérales de sauvegarde des intérêts de la Nation et d’application de notre projet
«Il n’y a pas de choix démocratique contre les traités européens.» En tenant ces propos, le président de la Commission européenne Jean-Claude Juncker a lui-même fixé le cadre de la tyrannie qu’il exerce.
Notre programme n’est pas compatible avec les règles des traités européens qui imposent l’austérité budgétaire, le libre-échange et la destruction des services publics.
Pour appliquer notre programme, il nous faudra donc désobéir aux traités dès notre arrivée au pouvoir, par des mesures de sauvegarde de la souveraineté du peuple français.
·                Nous proposons de réaliser les mesures suivantes:S’exonérer du pacte de stabilité et des règles européennes encadrant les déficits et dénoncer le Traité sur la stabilité, la coordination et la gouvernance (TSCG) ratifié à l’initiative de François Hollande en violation de ses engagements de campagne
·                Cesser d’appliquer unilatéralement la directive sur le détachement de travailleurs en France: la législation nationale doit s’appliquer totalement, y compris concernant les cotisations sociales patronales et salariales
·                Refuser les régressions du droit européen sur les questions sociales et écologiques par rapport au droit national
·                Refuser les traités de libre-échange: le traité transatlantique TAFTA entre l’UE et les États-Unis, CETA avec le Canada et le traité TISA de libéralisation des services
·                Stopper la libéralisation et la privatisation de services publics (barrages hydroélectriques, transport ferroviaire intérieur grandes lignes et TER, etc.)
·                Encadrer les mouvements de capitaux pour éviter l’évasion fiscale et les attaques spéculatives contre la France
50 Organiser le processus de sortie du Royaume-Uni de l’Union européenne sans esprit de vengeance ou de punition
Le vote du peuple britannique le 23 juin 2016 pour la sortie du Royaume-Uni de l’Union européenne doit être respecté.
Cela suppose des négociations sans esprit de vengeance ni punition, mais qui défendent l’intérêt national des Français et la coopération entre les peuples.
La frontière du Royaume-Uni n’est pas dans le Pas-de-Calais: nous dénoncerons les accords du Touquet.
51 Plan A. Proposer une refondation démocratique, sociale et écologique des traités européens par la négociation
L’UE est en voie de dislocation.
Elle n’a pas voulu écouter les refus des peuples depuis le référendum français de 2005.
La sortie des traités européens actuels s’impose à nous.
Ce sera nécessairement un rapport de force, notamment avec le gouvernement allemand.
Nous proposons donc une stratégie de gouvernement en deux temps avec un plan A et un plan B en cas d’échec du plan A.
Le plan A, c’est la sortie concertée des traités européens par l’abandon des règles existantes pour tous les pays qui le souhaitent et la négociation d’autres règles.
Le plan B, c’est la sortie des traités européens unilatérale par la France pour proposer d’autres coopérations.
L’UE, on la change ou on la quitte.
Le mandat de négociation de ces plans sera soumis au préalable à l’Assemblée nationale.
La validation de ce processus passera nécessairement par une décision du peuple français par référendum.
Dans cette refondation européenne, nous voulons notamment:
·                Mettre fin à l’indépendance de la Banque centrale européenne, modifier ses missions et statuts, autoriser le rachat de la dette publique directement aux États, interdire à la BCE de couper les liquidités à un État membre.
·                Sans attendre, la Banque de France sera mise au service de ces objectifs
·                Dévaluer l’euro pour revenir à la parité initiale avec le dollar
·                Mettre au pas la finance, prohiber les instruments financiers toxiques, taxer les transactions financières, contróler les mouvements de capitaux pour empêcher les attaques spéculatives
·                Organiser une conférence européenne sur les dettes souveraines débouchant sur des moratoires, une baisse des taux d’intérêt, des rééchelonnements et annulations partielles
·                Arrêter la libéralisation des services publics (rail, énergie, télécoms ...)
·                Mettre en place un protectionnisme solidaire: arrêt de la libre circulation des capitaux et des marchandises entre l’UE et les pays tiers, arrêt des politiques de libreéchange qui ruinent les économies en développement et détruisent l’industrie européenne, autorisation des aides d’État aux secteurs stratégiques
·                Mettre fin au dumping à l’intérieur de l’UE par une politique volontariste et rapide d’harmonisation sociale et fiscale par le haut dans toute l’UE avec inscription d’une clause de non-régression des droits sociaux
·                Refonder la politique agricole commune pour garantir l’autosuffisance alimentaire, la relocalisation et l’agriculture écologique et paysanne
·                Abandonner le marché carbone et mettre en oeuvre une véritable politique de réduction des émissions de gaz à effet de serre avec des critères de convergence impératifs
En cas d’accord, le résultat des négociations sera soumis à référendum du peuple français qui décidera souverainement de sa participation à l’Union européenne refondée ou de la sortie.
52 Appliquer un «plan B» en cas d’échec des négociations
·                Nous proposons de réaliser les mesures suivantes:Stopper la contribution de la France au budget de l’Union européenne (22 milliards d’euros par an dont 7 milliards d’euros de contribution «nette»)
·                Réquisitionner la Banque de France pour transformer l’euro en monnaie commune et non plus unique
·                Mettre en place un contróle des capitaux et des marchandises aux frontières nationales pour éviter l’évasion fiscale des plus riches et des grands groupes,
et se protéger des attaques spéculatives et du dumping social, fiscal et écologique
·                Construire de nouvelles coopérations avec les États qui le souhaitent en matière culturelle, éducative, scientifique, etc.
53 Défendre et développer les coopérations avec les autres peuples d’Europe
Les traités européens imposent la concurrence au lieu de la coopération entre les peuples.
Nous voulons plus de coopération dans les domaines culturel, scientifique, industriel, écologique et social.
Les espaces existants et à créer pour cela sont nombreux.
·                Nous proposons de réaliser les mesures suivantes:Proposer une alliance des pays d’Europe du Sud pour sortir de l’austérité et engager des politiques concertées de relance écologique et sociale de l’activité
·                Renforcer la participation française aux programmes de coopérations plus larges que l’UE (Erasmus ...) ou n’ayant rien à voir avec l’UE (CERN, Arianespace, Airbus)
·                Proposer de nouvelles coopérations fondées sur la libre participation des Nations en matière sociale ou écologique (programme de dépollution, transition énergétique ...)
54 Instaurer l’indépendance de la France dans le monde
Les quinquennats Sarkozy et Hollande ont enfermé la France dans l’Otan et l’ont privée d’une voix indépendante et originale.
Pour promouvoir la paix et la coopération, retrouver l’indépendance est une nécessité absolue.
·                Nous proposons de réaliser les mesures suivantes:Refuser la logique du «choc des civilisations»
·                Sortir de l’Otan et refuser la participation de la France à toute alliance militaire permanente à l’exception des opérations de maintien de la paix sous l’égide de l’Onu
·                Stopper l’érosion du réseau diplomatique français et sa mise sous tutelle par l’UE
·                Sortir du FMI et de la Banque mondiale pour œuvrer à la création d’un Fonds d’urgence sociale et d’une Banque solidaire d’investissement
·                Offrir l’asile aux «combattants de la liberté», c’est-àdire toute personne persécutée en raison de son action en faveur de la liberté dans l’esprit du préambule de la Constitution de 1946.
·                Edward Snowden et Julian Assange seront récompensés et accueillis en France
·                Engager la formation d’une nouvelle alliance altermondialiste
55 Reconstruire une défense indépendante, nationale et populaire
L’Otan, construite par et pour les États-Unis pendant la guerre froide, n’a plus lieu d’être.
Son ennemi soviétique a disparu.
Cette organisation ne sert plus qu’à embrigader les pays européens derrière les États-Unis.
Mais nous n’avons pas les mêmes principes ni les mêmes objectifs.
La France peut et doit se défendre elle-même pour pouvoir agir librement.
Pour cela, la défense doit retrouver un lien avec la Nation tout entière, rompu depuis la fin de la conscription.
·                Nous proposons de réaliser les mesures suivantes:Rédiger un nouveau Livre blanc et adopter une nouvelle loi de programmation militaire ayant pour objectif la restauration pleine et entière de l’indépendance militaire
·                Stopper les programmes de privatisation des industries d’armement et des missions de défense nationale et engager leur reconquête publique
·                Établir la règle de l’acquisition de matériel militaire français par l’armée (armement et fournitures)
·                Ouvrir la possibilité d’effectuer son service citoyen obligatoire sous la forme d’un service militaire
56 Renforcer et réinvestir l’Onu pour faire vivre un monde ordonné
La France n’a pas à être le gendarme du monde.
Le seul organe légitime pour assurer la sécurité collective est l’Organisation des Nations unies.
La France doit proposer le retour en force de cette institution face aux déséquilibres et menaces pour la stabilité et la paix.
·                Nous proposons de réaliser les mesures suivantes:Réaffirmer que l’Onu est le seul organe légitime pour la sécurité collective aux yeux de la France
4       Refuser toute intervention militaire sans mandat de l’Onu
4       Faire vivre le comité d’état-major de l’Onu pour commander les opérations de maintien de la paix et enclencher un processus de démocratisation de l’organisation
·                Créer une Organisation mondiale de l’environnement dans le cadre de l’Onu
·                Réformer la FAO (Organisation de l’Onu pour l’agriculture et l’alimentation) pour favoriser la souveraineté alimentaire, la régulation des marchés mondiaux et la conversion écologique de l’agriculture
57 Refuser le libre-échange, instaurer un protectionnisme solidaire et la coopération économique
La mondialisation est d’abord la globalisation de l’argent et le déménagement du monde pour le seul profit des multinationales.
Dans les pays développés, c’est la désindustrialisation et le chómage.
Dans les pays en développement, c’est la mainmise des grandes firmes et des accords commerciaux inégaux qui pousse aux migrations.
Le protectionnisme solidaire est nécessaire pour le codéveloppement et l’avènement du progrès humain partout.
·                Nous proposons de réaliser les mesures suivantes:Intégrer le respect des règ les fonda mentales de l’Organisation internationale du travail dans les accords commerciaux
·                Sortir de l’Organisation mondiale du commerce et renforcer la Cnuced (Conférence des Nations unies pour le commerce et le développement) comme organe légitime pour organiser le commerce mondial en fonction de l’intérêt général des peuples, à la place des G20, G7, FMI et OMC
·                Soutenir l’adoption à l’Onu d’un cadre réglementaire contraignant les multinationales à respecter un socle de normes sociales et environnementales
58 Étendre les protections du droit international à de nouveaux domaines
Face au désordre libéral et au changement climatique, la nécessité d’un monde «ordonné» s’impose.
Mais cet ordre international doit être légitime, c’est-à-dire s’inscrire autant que possible dans l’Onu.
L’impératif climatique et écologique doit être reconnu et protégé par le droit international.
·                Nous proposons de réaliser les mesures suivantes:Protéger la haute mer de toute appropriation et du productivisme
·                Construire un statut international pour l’Arctique sur le modèle de l’Antarctique, protégeant de l’appropriation et du productivisme
·                Faire appliquer le principe de non-privatisation de l’espace prévu dans le traité de l’espace (1967)
·                Créer un crime international d’écocide (atteinte grave à l’environnement) jugé par un tribunal international de justice écologique ou dans le cadre de la Cour pénale internationale
·                Créer un tribunal international de justice économique pour juger notamment les crimes financiers transnationaux (évasion fiscale internationale, spéculation, corruption)
59 Lutter contre les causes des migrations
Émigrer est toujours une souffrance pour celui qui part.
Les migrations sont un sujet trop sérieux pour les réduire à des surenchères et à des pulsions incontrôlées.
La première tâche est de permettre à chacun de vivre chez soi.
Pour cela, il faut arrêter les guerres, les accords commerciaux qui détruisent les économies locales,
et affronter le changement climatique qui sera, sinon, pourvoyeur de centaines de millions de réfugiés climatiques.
·                Nous proposons de réaliser les mesures suivantes:Gérer enfin les migrations à l’échelle internationale
4       Créer une Organisation mondiale des migrations liée à l’Onu pour renforcer l’action internationale aujourd’hui réduite au Haut Commissariat aux réfugiés de l’Onu et à l’Organisation internationale pour les migrations
4       Organiser une conférence internationale annuelle sur les migrations, sous l’égide de l’Onu, combinant les réponses d’urgence, le soutien aux pays d’accueil, la préparation du retour des réfugiés et l’anticipation des millions de réfugiés climatiques des décennies à venir
·                Éviter aux migrants de devoir fuir leur pays
4       Arrêter les guerres par une diplomatie active et indépendante au service de la paix
4       Mettre fin aux accords commerciaux inégaux qui déstablisent des pays entiers, détruisent les agricultures locales et empêchent le codéveloppement
4       Agir contre le dérèglement climatique par des transferts de technologies et l’aide financière et matérielle à la transition dans les pays les plus vulnérables
·                En Europe, sortir de l’impasse de Schengen et de Frontex
4       Renforcer les moyens civils de sauvetage en mer Méditerranée pour éviter les milliers de noyés
4       Refonder la politique européenne de contrôle des frontières extérieures
et refuser la militarisation de la politique de contrôle des flux migratoires
4       Refuser l’accord «Visa + adhésion contre migrants» avec la Turquie
4       Construire un programme pour l’aide au retour des réfugiés qui le souhaitent lorsque la situation de leur pays de départ le permet
·                Assumer notre devoir d’humanité envers les réfugiés arrivant en Europe
4       Respecter la dignité humaine des migrants, leur droit fondamental à une vie de famille et accompagner les mineurs isolés
4       En finir avec le placement en centre de rétention d’enfants, même accompagnés de leurs parents
4       Construire des camps d’accueil aux normes inter nationales sur le modèle de celui de Grande-Synthe, pour proposer aux migrants des conditions dignes et des centres d’accueil des demandeurs d’asile pour les héberger le temps de l’analyse de leur demande
4       Réaffirmer et faire vivre le droit d’asile sur le territoire de la République, accueillir les réfugiés qui en relèvent, grâce à une administration adaptée à cette mission
60 Construire la paix en Syrie
La Syrie est ravagée par cinq ans de guerre.
La guerre civile a laissé place à une guerre de mercenaires oú les puissances régionales et internationales s’affrontent par groupes interposés.
Cela suffit.
La France doit changer de stratégie et œuvrer enfin pour l’éradication de Daech, le retour à la paix, la transition politique et la reconstruction de la Syrie.
·                Nous proposons de réaliser les mesures suivantes:Réviser les alliances hypocrites avec les pétro- monarchies du Golfe (Qatar, Arabie saoudite ...) et le régime turc actuel, tarir les financements des terroristes
·                Mettre en place une coalition universelle sous mandat de l’Onu pour éradiquer Daech et rétablir la paix et la stabilité en Syrie et en Irak, associant les combattants kurdes
·                Construire une solution politique en Syrie pour une paix durable, sous l’égide de l’Onu et reposant sur:
4       Un cessez-le-feu durable excluant les groupes islamistes
4       Le soutien au processus de Genève en y intégrant les Kurdes de Syrie
4       L’organisation d’élections libres et pluralistes, sans ingérence étrangère, sous surveillance de l’Onu pour que le peuple syrien décide souverainement et démocratiquement de ses dirigeants
4       La garantie de l’intégrité de l’État syrien et de ses frontières
·                Organiser à Paris une conférence internationale pour la reconstruction de la Syrie et le retour des réfugiés
61 Agir pour une paix juste et durable entre Israël et la Palestine
Les conditions d’une paix juste et durable au ProcheOrient sont connues.
Elles sont inscrites dans les résolutions de l’Onu depuis 1967.
Il manque la volonté politique de les faire appliquer.
La France doit reconnaître l’État palestinien et prendre une initiative pour la paix entre cet État et Israël.
·                Nous proposons de réaliser les mesures suivantes:Reconnaître l’État palestinien
·                Appuyer la solution à deux États coexistant pacifiquement par l’application pleine et entière des résolutions de l’Onu (reconnaissance du droit souverain du peuple palestinien à disposer d’un État viable et indépendant, dans les frontières de 1967, avec Jérusalem Est pour capitale et dans le respect du principe du droit au retour des réfugiés)
62 Construire des coopérations altermondialistes et internationalistes
Un autre monde est possible.
Plus juste, plus ordonné, plus écologique et non soumis à la finance.
Pour cela, de nouvelles coopérations doivent être engagées et d’autres renforcées.
La France doit proposer une nouvelle alliance altermondialiste pour changer le cours du monde.
·                Nous proposons de réaliser les mesures suivantes:En finir avec la Françafrique: respecter l’indépendance des États africains et la souveraineté des peuples en s’interdisant de se mêler des élections et en réprimant les corrupteurs
·                Tenir enfin l’objectif de consacrer 0,7% du revenu national brut au budget de l’aide publique au développement
·                Relancer la politique de codéveloppement et de coopération (scientifique, universitaire, sanitaire ...) avec les pays en développement, notamment en matière de lutte contre le changement climatique
·                Adhérer à la banque de développement des BRICS (Brésil, Russie, Inde, Chine, Afrique du Sud) et bâtir une nouvelle alliance altermondialiste avec les BRICS, ouverte à tous et fondée sur l’indépendance de chacun, la coopération et le renforcement de l’ordre international légitime de l’Onu
·                Soutenir le projet chinois d’une monnaie commune mondiale pour libérer l’économie mondiale de la domination du dollar
·                Appuyer la mise en œuvre d’un mécanisme de restructuration des dettes souveraines dans le cadre de l’Onu sur la base de la résolution votée en 2015 sur proposition de l’Argentine
·                Multiplier les coopérations avec les pays émergents pour repousser les frontières de la connaissance et de l’humanité (coopération spatiale, maritime ...)
·                Instaurer une politique de codéveloppement avec l’Amérique latine et les Caraïbes en adhérant à l’ALBA (Alliance bolivarienne pour les peuples de notre Amérique)
63 Unir le petit bassin méditerranéen autour d’objectifs communs de progrès
Ne nous résignons pas à voir la mer Méditerranée devenir seulement un cloaque ou un cimetière pour migrants.
Il y a tant d’intelligence et tant à faire autour d’elle.
Reprenons le fil de l’histoire de l’humanité, faisons place à l’intelligence, à la culture, aux coopérations techniques, scientifiques, écologiques.
France, Italie, Espagne, Portugal, Grèce, Algérie, Maroc, Tunisie et Libye peuvent agir ensemble.
La France doit assumer la responsabilité particulière créée par son histoire, sa géographie, sa langue, la richesse et la diversité de son peuple.
·                Nous proposons de réaliser les mesures suivantes:Créer une chaîne de télévision méditerranéenne émettant en plusieurs langues et diffusée sur les deux rives de la Méditerranée et sur internet, sur le modèle de la chaîne franco-allemande Arte
·                Créer un réseau d’universités méditerranéennes couvrant tous les niveaux de formations d’enseignement supérieur
·                Organiser un réseau méditerranéen de l’enseignement professionnel
·                Créer un organisme méditerranéen de sécurité civile pour lutter contre les incendies, pour le secours en mer ou en cas de catastrophes naturelles
·                Mettre en place une structure commune de lutte contre les pollutions et de gestion de l’écosystème de la mer Méditerranée
64 Passer à la francophonie politique
La langue française est la troisième langue la plus parlée au monde.
Mais si peu est fait pour la mettre en valeur, la diffuser, multiplier ses usages et les liens entre ceux qui l’ont en usage commun.
C’est un trésor à faire vivre pour un monde meilleur et davantage de mises en commun.
·                Nous proposons de réaliser les mesures suivantes:Réorganiser les institutions de la francophonie en agissant pour son recentrage sur la défense, le rayonnement de la langue et son usage commun
·                Créer une académie et un Erasmus de la francophonie
·            Renforcer le réseau des instituts    Alliances frangais dans les pays non francophones et planifier les échanges d’étudiants et de lycéens
·                Renforcer la présence des auteurs francophones ultra-marins et étrangers dans les programmes scolaires
·                Élaborer des contenus éducatifs et des diplómes communs entre pays francophones
·                Développer au moins une revue scientifique internationale digne de ce nom en frangais
·                Défendre l’usage du frangais dans les institutions internationales à commencer par l’Union européenne
·                Renforcer les médias audiovisuels francophones (RFI, France 24 et TV5 Monde) et les mettre en partage avec la communauté francophone
65 Définir de nouveaux indicateurs de progrès humain
L’activité humaine ne doit plus être réduite aux seuls chiffres de la croissance, des cours de la Bourse ou des chiffres du déficit public.
L’action de l’État et les politiques menées doivent viser d’autres objectifs et être évaluées au regard d’autres critères que ceux actuellement à l’œuvre: des objectifs et des critères de bien-vivre et de progrès humain (santé, éducation, etc.).
Le droit au bonheur est encore une idée neuve!
66 Viser l’allongement de l’espérance de vie et l’espérance de vie en bonne santé
L’espérance de vie a reculé en 2015 en France pour la première fois depuis 1969.
C’est le cas dans plusieurs pays développés, en particulier pour les travailleurs et les pauvres.
L’espérance de vie en bonne santé recule aussi.
Tels sont les effets de la malbouffe, des pollutions, de la précarité grandissante et du recul des services publics de santé, sous les coups de boutoir libéraux.
Ne nous résignons pas à ce recul de civilisation.
Cette grande régression peut être stoppée.
67 Faire passer la santé d’abord et pour tous
Le système de santé français a longtemps été le meilleur au monde.
Mais aujourd’hui, l’austérité et la marchandisation ont entamé sa dislocation.
Combien de déserts médicaux oú il est impossible de trouver un généraliste, un ophtalmo, un gynécologue, dans les zones rurales mais aussi dans les grandes villes?
Combien d’heures d’attente aux urgences, malgré le dévouement des personnels?
Combien de maladies chroniques liées à notre mode de vie ?
Combien de cas oú le travail blesse ou tue en silence?
Et comment ne pas voir les reculs de la Sécurité sociale et la hausse des inégalités entre riches et pauvres?
La santé publique doit redevenir une exigence de premier ordre.
·                Nous proposons de réaliser les mesures suivantes:Rembourser à 100% les soins de santé prescrits, dont les soins et appareils dentaires, optiques et auditifs, faire baisser les tarifs des lunettes et appareils auditifs
·                Instaurer une politique de santé publique et de prévention
4       Élaborer un plan de santé environnementale (lutte contre la pollution, interdiction des pesticides ...)
4       Engager un plan de santé au travail, implanter un réseau sans faille de médecine du travail
4       Éradiquer les maladies chroniques liées à l’alimentation: lutte drastique contre l’obésité, contre la malbouffe et les abus de sel, sucre et graisses par l’industrie agro-alimentaire...
4        Abolir le logement insalubre et lutter contre le mal- logement et leurs conséquences sanitaires
4       Faire de la prévention et de l’éducation à la santé dès le plus jeune âge, en renforçant la médecine scolaire et la Protection maternelle et infantile
4       Imposer un plan de lutte et de prévention contre les maladies sexuellement transmissibles et promouvoir des politiques de santé sexuelle et reproductive émancipatrices des personnes
·                Combler les déserts médicaux et créer un corps de médecins géné ralistes fonctionnaires rémunérés pendant leurs études, afin de pallier l’insuffisance de médecins dans certaines zones
·                Abolir les dépassements d’honoraires, renforcer le paiement au forfait, créer des centres de santé pratiquant le tiers payant
·                Reconstruire le service public hospitalier, revenir sur la tarification à l’acte et les suppressions de lits et de personnels, et engager un plan pluriannuel de recrutement de médecins, infirmiers, aides-soignants et personnels administratifs
·                Créer un póle public du médicament pour faciliter l’égal accès aux traitements, protéger la recherche de la finance et supprimer l’influence des entreprises privées dans les activités médicales et hospitalières, notamment par l’arrêt de l’accès libre des visiteurs médicaux à l’hópital public
·                Mener un plan national de lutte contre la résistance microbienne en faisant le bilan de l’élevage productiviste, comme le recommande l’Organisation mondiale de la santé
68 Pas d’obstacle aux personnes en situation de handicap
Non, le handicap n’est pas une affaire privée.
C’est d’abord une affaire publique.
Celle de la dignité des personnes en situation de handicap, de leur liberté, de l’égalité entre les êtres humains.
Le plan de lutte contre les obstacles au travail et dans les espaces publics a été trop de fois repoussé.
La prise en compte du handicap est trop souvent reléguée au second plan ou noyée parmi d’autres thèmes comme la dépendance ou la maladie.
Une personne en situation de handicap n’est pas plus que quiconque réductible à son handicap.
·                Nous proposons de réaliser les mesures suivantes:Atteindre enfin l’objectif «zéro obstacle»: tolérance zéro contre les entraves, les préfets pourront se substituer aux maires pour imposer les travaux et fermer les bàtiments privés ne respectant pas la loi, et imposer un plan de mise en accessibilité des transports (trains intercités notamment)
·                Titulariser les personnels d’accompagnement des élèves en situation de handicap et recruter pour renforcer les capacités d’accueil et d’accompagnement
·                Augmenter l’Allocation aux adultes handicapés (808 euros de base aujourd’hui) au niveau du smic pour les personnes en situation de handicap dans l’incapacité totale de travailler
·                Assurer la pérennité des moyens pour le financement de l’insertion professionnelle des personnes en situation de handicap et garantir leur usage exclusif pour ces missions
69 Changer de logique en matière d’addiction et de drogues
La politique française en matière de drogues se résume trop souvent à la répression, et la «guerre contre la drogue» est un échec à la fois sanitaire et de sécurité.
Il y a si peu de réflexion sur les consommations de psychotropes, si peu d’efforts faits pour aider les personnes à sortir de ces consommations.
L’heure est venue de changer de stratégie pour lutter plus efficacement et plus humainement contre les addictions.
·                Nous proposons de réaliser les mesures suivantes:Établir un diagnostic global des consommations, intégrant les anxiolytiques prescrits médicalement et viser une politique de réduction des risques, plutót que de répression des consommateurs, s’attaquant à la variété des causes des addictions
·                Légaliser et encadrer la consommation, la production et la vente de cannabis dans des conditions permettant de lutter contre l’addiction par le contróle de la qualité des produits et des quantités écoulées: production et vente encadrées par l’État (entreprises publiques ou système de licences délivrées par l’administration), taxation, interdiction de la vente d’alcool et de cannabis dans un même lieu, interdiction effective de la vente aux mineurs
·                Affecter les recettes des taxes sur le cannabis à des programmes de lutte contre les addictions et à une politique de prévention et d’aide à la désintoxication
70 En finir avec la souffrance sociale et la souffrance au travail
Le chómage tue de 10000 à 14000 personnes par an.
Le travail tue 1000 personnes par an du fait d’accidents, de maladies professionnelles, de suicides.
La souffrance physique et psychologique est un mal très largement répandu et très souvent passé sous silence.
Qa suffit!
·                Nous proposons de réaliser les mesures suivantes:Déclarer la souffrance au travail «grande cause nationale» pour mobiliser les moyens financiers et de communication contre ce fléau et subventionner les réseaux professionnels et de santé agissant sur ce thème, ainsi que les artistes mettant en lumière la souffrance au travail
·                Renforcer la médecine du travail
4       Intégrer la médecine du travail au service public de santé et garantir ses moyens
4       Restaurer la visite médicale obligatoire à l’embauche auprès d’un médecin et périodiquement en cours de contrat de travail
4       Ouvrir l’accès de la médecine du travail aux chômeurs et instaurer une visite obligatoire pour les chômeurs au-delà de six mois
·                Reconnaître le burn-out comme maladie professionnelle, lutter contre l’idéologie managériale et ses effets psychologiques et sanitaires et imposer l’enseignement des sciences sociales et des risques psycho sociaux dans les cursus de gestion, commer et ressources humaines
·                Faire du nombre d’accidents du travail un critère de sélection dans l’accès aux marchés publics
71 Faire face collectivement au vieillissement de la population et à la perte d’autonomie
·                Nous proposons de réaliser les mesures suivantes:Réduire le «reste à charge» de 500 euros par mois pour les personnes en établissement et augmenter de 50% le montant de l’APA (Allocation personnalisée d’autonomie, aujourd’hui de 700 euros) pour les personnes restant à domicile, pour faire face en urgence aux frais engagés par les personnes concernées
·                Construire une prise en charge solidaire de la dépendance, financée par une mise à contribution des revenus immobiliers et des successions sur les gros patrimoines
·                Développer un réseau public de maisons de retraite avec des tarifs harmonisés et accessibles, créer 10000 places par an en EHPAD (Établissement d’hébergement pour personnes âgées dépendantes) publics pendant cinq ans
·                Former, qualifier et recruter en nombre suffisant le personnel nécessaire, soit au moins 100000 personnes
·                Refondre les grilles de rémunération et de qualifications pour valoriser les métiers de prise en charge de la perte d’autonomie
72 Donner la priorité aux enfants
Une société se juge d’abord à la place qu’elle accorde à ses enfants et aux efforts qu’elle consent pour eux.
Accueil, protection, scolarisation, la France manque de moyens publics pour les enfants, laissant se propager les inégalités.
Investissons pour leur avenir.
·                Nous proposons de réaliser les mesures suivantes:Verser une allocation familiale dès le premier enfant
·                Créer un service public de la petite enfance et ouvrir 500000 places en crèche et modes de garde adaptés dans les cinq ans
·                Renforcer les moyens de l’aide sociale à l’enfance et de la protection judiciaire de la jeunesse
73 Instruire mieux et davantage
Une école fermée par jour depuis dix ans.
22000 journées de classe perdues en 2015-2016, faute de professeurs remplaçants en nombre suffisant.
Des activités périscolaires payantes pour 40% des familles.
Quelle régression!
Le but des libéraux est de créer un marché de l’éducation en sabordant l’éducation publique, laïque et gratuite.
L’éducation n’est pas une marchandise.
Elle est la principale richesse du peuple et du pays.
Il est temps de réparer les dégàts!
·                Nous proposons de réaliser les mesures suivantes:Adopter une loi d’orientation pour l’école
4       Abroger la réforme du collège du gouvernement Va lls
4       Garantir le cadre national des programmes et des diplômes
4       Étendre la scolarité obligatoire de 3 à 18 ans, en adaptant les pédagogies et les parcours scolaires
·                Assurer l’égalité devant l’école
4       Instaurer une nouvelle carte scolaire établissant la mixité sociale
4       Mettre en œuvre un plan de lutte contre les inégalités à l’école maternelle et primaire, notamment avec un droit à la scolarisation dès 2 ans, la baisse du nombre d’élèves par classe en primaire, la présence de davantage d’instituteurs que de classes dans les écoles, le développement des Réseaux d’aide aux élèves en difficulté
·                Assurer la gratuité réelle de l’éducation publique, y compris les cantines, le transport et les activités périscolaires, fournir gratuitement aux élèves les manuels scolaires, ainsi que des fournitures sans marque, pour assurer une réelle égalité des conditions entre élèves et lutter contre l’intrusion marchande à l’école
·                Recruter au moins 60000 enseignants supplémentaires sur le quinquennat et mettre en place un dispositif de prérecrutement pour favoriser l’accès au métier d’enseignant par les jeunes issus de milieux populaires
·                Revaloriser le salaire des enseignants, en particulier ceux du primaire
·                Réserver l’argent public au financement de l’école publique (abrogation de la loi Carle notamment)
74 Qualifier tout le monde
L’apprentissage.
Les libéraux n’ont que ce mot à la bouche.
Ils oublient l’essentiel: dans le monde d’aujourd’hui, l’élévation continue du niveau de qualification des travailleurs est essentielle.
Et l’apprentissage n’offre une réponse que très partielle à cette exigence, sans oublier que ce statut rime souvent avec précarité pour les jeunes.
Les filières d’enseignement professionnel publiques sont détruites.
Elles sont pourtant une voie d’excellence dans laquelle la moitié de la jeunesse du pays étudie.
Là réside une grande partie de la solution pour l’avenir des jeunes et du pays.
·                Nous proposons de réaliser les mesures suivantes:Appuyer l’enseignement professionnel public, arrêter les fermetures de classes et de lycées professionnels et augmenter le nombre d’établissements
·                Rétablir le bac professionnel en quatre ans
·                Développer les cursus courts dans l’enseignement supérieur et encourager la poursuite d’études après un bac professionnel ou technologique (BTS, DUT, licences professionnel les...)
·                Refonder l’organisation de la formation professionnelle des adultes et la formation continue, et l’inclure dans le service public de l’enseignement professionnel.
·                Elle doit d’abord profiter aux travailleurs pas ou peu qualifiés et aux chómeurs
75 Refonder l’enseignement supérieur
Précarité des étudiants, doctorants et jeunes diplómés, concurrence entre établissements, financements insuffisants et aléatoires, abandon de formations de proximité partout sur le territoire...
C’est dans l’enseignement supérieur que les conséquences de la marchandisation sont les plus avancées.
Tout est à reconstruire.
·                Nous proposons de réaliser les mesures suivantes:Réorganiser les grands instituts publics de recherche (CNRS, Inserm, Inra, etc.), garants des recherches d’intérêt général, et supprimer l’Agence nationale pour la recherche (ANR)
·                Redonner à l’enseignement supérieur et à la recherche les moyens nécessaires au développement du savoir et de la qualification professionnelle
·                Créer, dans chaque université, une université populaire, ouverte à tous et chargée d’organiser le lien entre les chercheurs et la population, dans un esprit de diffusion des savoirs et de réflexion citoyenne sur leur usage
·                Refonder le financement de l’enseignement supérieur et de la recherche pour favoriser les financements pérennes, plutót que des appels à projets erratiques, augmenter le budget des universités et assurer une rémunération u n ifiée
·                Abroger les lois LRU et Fioraso pour:
4       Reconstruire une offre cohérente de formations d’enseignement supérieur sur tout le territoire, y compris dans les villes moyennes, et pilotées nationalement.
4       Les communautés d’universités et d’établissement (comUE), regroupements forcés, seront dissoutes
4       Arrêter le féodalisme des présidents d’universités pour une direction démocratique et collégiale des universités, pour des procédures transparentes d’attributions des postes d’enseignants-chercheurs, pour mettre un terme à la concurrence entre universités, dont la concurrence malsaine pour les financements, ainsi qu’à l’évaluation permanente, chronophage et bureaucratique, au profit d’une évaluation scientifique
·                Mettre fin à la précarité des doctorants et jeunes chercheurs par la titularisation des personnels effectuant des missions pérennes
·                Permettre aux universités publiques d’accéder gratuitement aux articles de leurs chercheurs sans enrichir les revues et bases de données privées
·                Créer une nouvelle section «économie et société» du Conseil national des universités, pour assurer le pluralisme dans l’enseignement et la recherche économique et socia le
·                Remettre en cause la dualité entre grandes écoles et universités en les intégrant et en égalisant les moyens octroyés
76 Éradiquer l’illettrisme et développer l’alphabétisation
Plus de deux millions de personnes sont illettrées en France.
Personne n’en parle.
Pourtant, pour elles, travailler, se déplacer et accomplir tant d’autres actes de la vie quotidienne est une souffrance.
C’est indigne d’un grand pays comme le nótre.
·                Nous proposons de réaliser les mesures suivantes:Éradiquer l’illettrisme pour les jeunes sortis du système scolaire et les adultes à horizon 2022
·                Développer les structures d’alphabétisation et les cours de langue française pour les personnes non francophones
77 Démocratiser la culture et ses pratiques, soutenir ceux qui la font vivre
Festivals annulés, baisse du budget de la culture pour la première fois depuis des décennies...
Le bilan de François Hollande est affligeant.
Retrouvons l’ambition culturelle.
Ne réservons pas la culture à quelques lieux ou à quelques publics, faisons-la revenir et entrer partout.
·                Nous proposons de réaliser les mesures suivantes:Défendre l’exception et la diversité cu ltu rel les dans toutes les négociations internationales
·                Porter le budget consacré à l’art, à la culture et à la création à 1% du PIB chaque année pour:
4       Pérenniser le régime des intermittents du spectacle sur la base de l’accord du 28 avril 2016 et l’étendre aux professions artistiques précaires
4       Soutenir la création, le spectacle vivant, et l’appropriation par tous des œuvres et pratiques culturelles, et ce par le renouveau de l’éducation artistique à l’école et dans les conservatoires, de l’éducation populaire et de la culture en entreprise
·                Supprimer la Hadopi, qui n’a pas fonctionné, et mettre en place un nouveau cadre du partage numérique de la culture par:
4       L’instauration d’une cotisation universelle sur les abonnements internet, finançant la création et ouvrant droit en contrepartie au téléchargement non marchand
4       La création d’un service public nouveau de l’internet et d’une médiathèque publique en ligne, avec une plateforme publique d’offre légale en ligne de musique, films et contenus culturels
78 Libérer le sport et les corps de l’argent
La politique sportive est aujourd’hui réduite à la course à l’accueil des grandes compétitions internationales.
Paris s’est engagée pour accueillir les Jeux olympiques de 2024.
Mais pour faire quoi?
Dépenser à perte des milliards d’euros dans des infrastructures et offrir quinze jours de publicité aux multinationales sponsors?
Pendant ce temps, tant de clubs et d’associations sportives populaires luttent pour leur survie.
Faisons le choix d’un sport libéré de l’argent, d’un sport pour tous, en réaffirmant la fonction émancipatrice de la pratique sportive.
·                Nous proposons de réaliser les mesures suivantes:Réaffirmer le róle des professeurs d’EPS dans la transmission d’une éducation physique obligatoire pour toutes et tous
·                Interdire la cotation en Bourse des clubs sportifs, s’opposer au naming et à l’appropriation commerciale des équipements et compétitions
·                Interdire à tout sportif qui n’est pas fiscalement domicilié en France de participer à l’équipe nationale dans le cadre des dispositions d’imposition des Français à l’étranger, refuser toute forme de défiscalisation et de réduction de cotisations sociales sur les revenus des sportifs professionnels
·                Garantir l’égalité entre le sport féminin et masculin, y compris en matière de diffusion à la télévision
·                Renforcer les liens de solidarité entre le sport pour tous et le sport de haut niveau, entre les secteurs amateur et professionnel, augmenter la taxation sur les retransmissions sportives à la télévision (taxe Buffet), pour financer le sport amateur, démocratiser la gestion des fédérations sportives et assurer la souveraineté des licenciés sur leur fédération
79 Lutter contre l’agression publicitaire et la marchandisation
La pub est partout.
Chaque personne est exposée à des centaines, voire des milliers de messages publicitaires chaque jour!
C’est un dressage social au service du productivisme: entretenir et créer sans cesse des frustrations pour vendre toujours plus, quitte à fabriquer des besoins lorsqu’ils n’existent pas.
Dégâts civiques, sociaux et écologiques garantis.
L’être humain n’est pas uniquement du «temps de cerveau disponible» pour annonceurs!
·                Nous proposons de réaliser les mesures suivantes:Interdire la publicité commerciale dans les institutions publiques (écoles, hôpitaux ...)
·                Revenir sur les partenariats privés dans l’Éducation nationale (Microsoft, Teach for France ...)
·                Interdire la publicité dans les programmes de télévision destinés aux enfants et la mise en scène d’enfants dans les publicités
·                Faire reculer l’affichage publicitaire, en commençant par les abords des villes et des bourgs aujourd’hui défigurés, interdire les écrans publicitaires numériques dans les lieux publics, ouvrir des espaces d’affichage pour l’expression citoyenne et culturelle
80 Ouvrir une nouvelle ère de coopérations internationales
La mer et l’espace sont des biens communs de l’humanité.
Ce sont aussi des frontières, tant les connaissances dans ces domaines restent limitées.
La France apporte une contribution majeure sur ces deux enjeux du xxie siècle.
Allons plus loin, proposons de nouveaux partenariats pour le bien de tous.
·                Nous proposons de réaliser les mesures suivantes:Proposer de nouvelles coopérations spatiales ouvertes à tous
4       Créer une université internationale des métiers de l’espace
4       Proposer un programme international de dépollution de l’orbite géostationnaire et de prévention contre les astéroïdes géocroiseurs
4       Lancer le projet de renouvellement de la station spatiale internationale
4       Garantir le projet Luna27 de base lunaire russo-européenne
4       Fédérer les différentes missions vers Mars et assurer la participation française à ses missions
·                Lancer des coopérations maritimes pour faire face au défi écologique
4       Lancer un programme international de dépollution des océans et de récupération des déchets flottants
4       Faire de la Méditerranée un espace de coopérations intenses
4       Proposer la construction de la première station sous- marine permanente sur le modèle de la station spatiale internationale
4       Créer une université internationale des métiers de la mer
81 Engager la France dans un «plan Mer» et créer 300000 emplois maritimes
La France est une puissance maritime qui s’ignore.
C’est pourtant une question de souveraineté essentielle pour notre pays, présent dans toutes les mers du globe.
Et une source formidable pour une relance écologique de l’activité en France.
300000 emplois existent pourtant déjà dans ce domaine et autant pourraient être créés très rapidement.
Énergie, alimentation, médecine, transport, tant de ressources sont à notre portée, pour peu qu’on sache les utiliser avec intelligence et conscience de l’enjeu écologique.
·                Nous proposons de réaliser les mesures suivantes:Développer les énergies marines renouvelables (EMR) dans le cadre du plan de transition énergétique et d’une maîtrise publique des installations et réseaux
·                Refuser l’abandon de la filière d’énergie marine et assurer son développement industriel par la nationalisation de la branche Énergies marines d’Alstom, cédée à General Electric, de la branche éolienne d’Areva, cédée à Siemens
·                Développer la pêche artisanale, refuser la marchandisation de la politique commune des pêches au niveau européen, appliquer les quotas pluriannuels pour donner de la visibilité aux pêcheurs et gérer durablement la ressource, mettre fin au chalutage en eau profonde
·                Instaurer un plan quinquennal pour l’aquaculture écologique, notamment marine et littorale, et soutenir l’utilisation des algues pour remplacer les énergies fossiles (plastiques, etc.)
·                Défendre la marine marchande frangaise par le protectionnisme, imposer le pavillon frangais de premier registre pour toute liaison entre deux territoires frangais, notamment la Corse et le continent, et élargir le concept de «flotte stratégique» à d’autres activités que le transport pétrolier (câbliers, etc.)
·                Nationaliser le chantier naval STX de Saint-Nazaire et développer la filière frangaise de construction et déconstruction navale
·                Mettre en place un mécanisme d’aide au renouvellement de la flotte (de commerce, de pêche, de plaisance) pour les navires de plus de trente ans, démantelés en France et remplacés par des navires construits en France avec des procédés et matériaux écologiques
·                Relancer les ports frangais et moderniser les infrastructures portuaires
4       Élaborer un plan national de transport de marchandises (fret ferroviaire, fluvial, maritime) pour une desserte multimodale et coordonnée sur tout le territoire.
4       Développer le cabotage maritime entre ports français
·                Faire de la France le leader mondial de la recherche et de l’éducation dans le secteur maritime, en ouvrant au moins un lycée professionnel maritime dans chaque département littoral en métropole et dans chaque département ou territoire d’Outre-mer, et développer les formations d’enseignement supérieur liées au maritime, en renforçant les moyens de recherche de l’Inserm et de l’Inra liés aux ressources marines, ainsi que les moyens de l’Ifremer
·                Connaître et gérer durablement l’espace maritime français
4       Achever le programme Extraplac de connaissances des fonds sous-marins et obtenir la reconnaissance des résultats par l’Onu
4       Réaliser un audit de l’application de la loi littoral, mettre en place une mission scientifique d’évaluation de l’impact de l’élévation du niveau des mers sur les rivages fran çais et élaborer un plan d’adaptation
4       Créer un ministère de la Mer et une direction générale de la mer, pour une politique maritime intégrée
82 Relancer la découverte de l’espace
C’est depuis Toulouse qu’était piloté le petit robot Philae qui nous a émerveillés.
L’indépendance de la France et notre contribution à la connaissance dépendent de l’espace.
Nos savoir-faire méritent mieux que le mépris des dirigeants passés et actuels qui ont privatisé Arianespace, la société qui réalise les tirs de la fusée Ariane.
Ce domaine ne doit pas être abandonné aux marchands, c’est l’intérêt général qui est en jeu.
·                Nous proposons de réaliser les mesures suivantes:Défendre l’indépendance de la France, ce qui implique de:
4        Garantir le lancement de la fusée Ariane 6 en 2020 et renforcer les recherches pour Ariane 7, notamment la recherche pour un lanceur réutilisable en 2025 et la maîtrise des technologies nécessaires à un vol habité
4       Revenir sur la privatisation d’Arianespace et la filière de lancement de satellites, renforcer les moyens du Centre national d’études spatiales
4       Instaurer un protectionnisme pour favoriser le développement d'Arianespace pour les lancers européens
·                Garantir l’achèvement du programme Galileo de radionavigation par satellite
·                Renforcer la contribution française à la présence humaine permanente dans l’espace en lien notamment avec la Russie, la Nasa, la Chine et l’Inde
·                Renforcer la recherche sur les propulseurs nécessaires aux expéditions les plus lointaines et avancer dans la maîtrise des vols suborbitaux
·                Développer les missions interplanétaires
·                Doter la France des moyens de neutra lisation des actions hostiles menées contre elle depuis l’espace
83 Mobiliser le savoir-faire français dans le numérique et le virtuel au service de l’intérêt général
Il y a un autre domaine oú la France excelle trop discrètement.
C’est l’ensemble des activités liées au virtuel, au numérique et à la robotique.
Cette révolution technologique ne doit pas faire peur.
Mais elle ne donnera pas le meilleur si on laisse faire les multinationales.
C’est un enjeu démocratique, économique et social de premier plan.
Pour que la technologie serve le progrès humain.
·                Nous proposons de réaliser les mesures suivantes:Affirmer le caractère d’intérêt général de la révolution numérique
4       Reconquérir la maîtrise publique des technologies liées au numérique et aux télécommunications (câbles sous-marins, tirs de satellites, réseaux basse et haute tension, etc.)
4       Généraliser l’usage des systèmes d’exploitation et des logiciels libres dans les administrations publiques et l’Éducation nationale
4       Garantir la neutralité du net et lutter contre le profilage en ligne, comme le défend l’association La Quadrature du Net
4       Systématiser la publication en open data des données publiques détenues par les collectivités, comme le propose l’association Regards citoyens
·                Garantir l’égalité d’accès au numérique sur tout le territoire, notamment en accélérant l’achèvement de la couverture du pays en très haut débit d’ici 2022
·                Anticiper les transformations numériques du travail et de la production en lançant un plan pour l’industrie 4.0 associant les salariés
·                Promouvoir une économie numérique vraiment collaborative
4       S’opposer aux logiques de privatisation des services liés au numérique,
lutter contre l’évasion fiscale
et la création de nouvelles rentes privées par les plateformes lucratives
4       Soutenir la création d’associations à but non lucratif, de coopératives (SCOP, SCIC, etc.) ou d’entreprises publiques pour fournir les services collaboratifs rendus possibles par le numérique et l’exploitation des données publiques (État, entreprises de transports, etc.)
4       Protéger les données personnelles contre leur utilisation mercantile
4       Soutenir la création de Fablabs et autres lieux collectifs de création et de fabrication, liés au numérique, à l’impression 3D, etc.
·                Renforcer la prééminence frangaise dans le virtuel, soutenir les créations frangaises (jeux vidéo notamment) dans un but émancipateur
·                Soutenir la recherche publique sur la réalité et l’humanité augmentées dans le cadre d’une concertation éthique et citoyenne constante"
31320_201706,PS,Parti Socialiste,79,"Un contrat clair pour la France, une gauche constructive et vigilante
I. Une gauche constructive qui investit dans l’avenir
1 Investir dans le futur et pour l’emploi:
Plan innovation et recherche destiné à l'industrie du futur,
l'agro -écologie, l'économie de la mer;
Fonds de Transition Travail pour créer de nouveaux emplois (revitalisation des bassins d'emploi, reconversions industrielles) ;
développement du “Fabriqué en France“ par une loi qui réserve 50 % des marchés publics aux PME et TPE ;
financement intégral par la BPI des projets innovants des TPE-PME.
2 Investir pour la transition écologique et énergétique: investissements écologiques pour la rénovation thermique, le Très Haut Débit, le réseau ferré;
doublement du soutien engagé depuis 2012 en faveur de l'économie verte et des économies d'énergie permettant des gains de pouvoir d'achat ;
mise en œuvre du „mix énergétique„ fixé par la loi de transition énergétique;
engager un plan „France maritime„ pour moderniser les infrastructures portuaires,
développer les énergies marines renouvelables et l'aquaculture, en métropole et dans les Outre-mer;
soutenir l'économie  sociale et solidaire et les circuits courts.
3 Pour le travail et le pouvoir d'achat : revaloriser de 50 % la prime d'activité créée en 2016 ;
déclarer la souffrance au travail grande cause nationale avec les partenaires sociaux et les acteurs de la santé;
assurer l'égalité salariale effective entre les femmes et les hommes dans les entreprises;
donner accès à  l'assurance chômage pour tous.
4 Maintenir l'éducation 1er budget: après avoir créé 60 000 postes de professeurs en cinq ans et rétabli la formation des maîtres, nouveaux recrutements d'enseignants notamment de professeurs remplaçants; enseignement professionnel soutenu; seuil maximum de 25 élèves en CP-CE1-CE2 ;
dans les territoires de l'éducation prioritaire et en Outre-Mer, pas plus de 12 élèves par enseignant pour 12 000 classes et prime des enseignants qui y exercent portée à 3 000 € nets;
porter l'ambition que 60% d'une classe d'âge soit diplômée de l'enseignement supérieur dans les dix années à venir;
fixer l'objectif de 2% du PIB consacré à l'enseignement supérieur.
5 Lutter contre les déserts médicaux : après avoir redressé les comptes de la Sécurité sociale et créé 32 000 postes dans l'hôpital, 1500 maisons de santé supplémentaires ;
installation de médecins (suppression du numerus clausus pour la formation, soutien matériel et financier aux médecins qui s'installent dans les zones sous dotées,  implantation de médecine salariale dans les territoires en pénurie) ;
prévention des risques de santé avec l'interdiction des pesticides dangereux et des perturbateurs endocriniens.
6 Renforcer la sécurité de proximité et reconnaître le travail des forces de l'ordre : grâce à la création de 10 000 postes et à l'augmentation de 20 % des crédits de fonctionnement de la police et de la gendarmerie, rétablissement d'une police de proximité et soutien accru au renseignement territorial;
recrutement de 5 000 postes de policiers et gendarmes;
prime généralisée pour les policiers et gendarmes dans les territoires les plus sensibles.
7 Conforter les moyens pour la justice: indépendance garantie comme c’est le cas depuis 2012;
poursuite des recrutements de magistrats et greffiers ;
15 000 places de prison dans la décennie ;
priorité à la justice des mineurs ;
politiques de réinsertion et de prévention de la récidive;
aide aux victimes;
renforcement des moyens de contrôle des brigades financières et du Parquet national financier ainsi que des services fiscaux concernés.
8 Soutenir l’autonomie des jeunes: effort continué pour revaloriser les bourses et construire des logements pour les étudiants;
dotation en capital de départ de 10 000 euros pour chaque jeune adulte.
9 Agir pour nos ainés : minimum vieillesse revalorisé et APA augmentée;
maintien à domicile favorisé avec un crédit d’impôt pour les travaux d’adaptation des logements;
qualité des soins améliorée pour les personnes dépendantes (augmentation des places accessibles et du nombre d’aides-soignants en EHPAD ;
poursuite de l’aide aux aidants et aux familles par la création d’une allocation spécifique.
10 Inclure les personnes en situation de handicap: recrutement d’assistants de vie scolaire auprès des élèves en situation de handicap;
revalorisation de l’allocation adulte handicapé;
meilleure prise en charge de l’autisme.
11 Etendre la Sécurité sociale professionnelle: compte personnel d’activité (CPA) étendu;
volet revenu pour que personne ne vive avec moins de 800 € par mois et dont les conditions seront à définir avec les partenaires sociaux;
fusion des minima sociaux pour créer une couverture commune;
investissement massif dans une formation mieux adaptée pour les jeunes et les demandeurs d’emploi peu ou pas qualifiés.
12 Développer tous les territoires et les services publics : après l’augmentation des budgets de la politique de la ville et des dotations aux territoires ruraux, poursuite du déploiement du Schéma national des services publics afin de garantir partout l’accès aux soins, à l’éducation, à la sécurité, au numérique (mise en œuvre du Plan Très Haut débit) ;
plus de justice sociale dans les impôts locaux et maintien des dotations pour les collectivités locales afin qu’elles investissent et garantissent les services de proximité ;
fonds d’aide pour la revitalisation des centres-villes et des centres-bourgs ;
mise en œuvre des engagements de la loi relative à l'égalité réelle en Outre-mer.
13 Pour la démocratie : encourager la diversité des formes de consultation des citoyens, participation citoyenne à l’élaboration de la loi par l’usage du numérique, proposition de  loi citoyenne examinée par session parlementaire ;
renforcement des droits et du rôle du Parlement (initiative de la loi, évaluation et contrôle des politiques publiques) ;
évolution du mode de scrutin par l’introduction d’une part de proportionnelle; reconnaissance du vote blanc et extension du droit de vote aux étrangers non communautaires pour les élections locales, qui existe déjà pour les ressortissants européens.
14 Pour investir en France, il faut réinvestir le projet européen.
L’Europe doit être plus puissante, plus sociale et plus démocratique: consolidation du pacte de sécurité européen contre le terrorisme imposé et engagé par la France, et Europe de la défense;
mobilisation pour un plan européen d'investissements de 1.000 milliards d’euros consacré à la transition écologique et à la recherche;
action forte de la France pour un pilier social protecteur pour les Européens et pour réviser la directive sur les travailleurs détachés pour lutter contre le dumping social ;
engagement d’une initiative de la France pour l’indépendance énergétique de l’Europe;
gouvernance économique de la zone euro ;
lutte contre l’optimisation et l’évasion fiscales par une taxe sur les multinationales.
II. Une gauche vigilante qui vous protège
15 Défendre le dialogue social et les droits des salariés: pas de recours aux ordonnances et pas de recul des droits des salariés sur le code du travail et respect des partenaires sociaux et du Parlement;
renforcement de la démocratie sociale dans l’entreprise: la moitié des membres votants dans les conseils d’entreprise pour les représentants des salariés.
16 Défendre le compte pénibilité et les droits de chacun à la retraite en prenant en compte les carrières longues, les périodes d’interruption professionnelle et la situation des femmes.
Engager la réforme du RSI.
17 Défendre la justice fiscale: poursuite de la baisse de l’impôt sur le revenu pour les ménages modestes et les classes moyennes;
refus de la suppression de l’impôt sur la fortune pour les plus riches;
établissement d’une liste crédible des paradis fiscaux;
mise en place de la réforme du prélèvement à la source déjà engagée.
18 Défendre la moralisation de la vie publique mise en œuvre depuis 2012: pas plus de trois mandats successifs pour les parlementaires et les responsables d’exécutifs locaux;
interdiction pour un parlementaire de recruter un membre de sa famille.
19 Défendre la culture: garantir le socle de1 % du budget de l’Etat à chaque loi de finances, comme c’est le cas pour 2017 grâce aux efforts de redressement budgétaire;
création d’un statut de l’artiste pour ceux qui n’ont pas accès à l’intermittence ;
soutien à l’entreprenariat culturel et à l’exportation de la culture française (jeux vidéo, design).
20 Défendre la laïcité: respect intransigeant de la loi de 1905, élaboration dans la concertation d’une charte nationale de la laïcité pour en rassembler les principes et en expliciter les conditions d’application aujourd’hui.
21 Défendre les engagements de la COP 21, ainsi que les lois de transition énergétique et sur la biodiversité.
22 Défendre le juste échange: les traités commerciaux devront respecter les normes sanitaires,  sociales, environnementales de l’Europe (refus du TAFTA, réécriture du CETA)."
31425_201706,LREM,La République en Marche,386,"Emmanuel Macron président.
“Retrouver notre esprit de conquête pour bâtir une France nouvelle”
MON CONTRAT AVEC LA NATION
« RETROUVER NOTRE ESPRIT DE CONQUÊTE POUR BÂTIR UNE FRANCE NOUVELLE »
COMMENT CE PROGRAMME A-T-IL ÉTÉ CONSTRUIT ?
Bien vivre de son travail et inventer de nouvelles protections
Nous ne sommes pas condamnés à choisir entre le chômage de masse et la précarisation du travail.
Nous ne sommes pas naïfs.
Nous savons bien que, dans la vie, on n’a rien sans rien et que tout progrès, personnel ou collectif, dépend de cet effort qu’on appelle le travail.
Nous savons que le travail, lorsqu’il est pratiqué dans de bonnes conditions et correctement payé, est le moteur de la progression sociale.
Nous savons aussi que le travail a toujours changé (les porteurs d’eau ou les conducteurs de calèche ont été remplacés par d’autres métiers), que de nouveaux besoins naissent du vieillissement de la population, de la transition écologique, de la transition numérique, et que de nouveaux métiers vont surgir.
Dans ce monde nouveau, chacun doit trouver sa place.
Et la France a toute la sienne,
si elle sait tout à la fois libérer les initiatives et protéger les personnes.
·               Nous améliorerons le pouvoir d’achat de tous les travailleurs.
·               Sans que cela ne revienne plus cher aux employeurs, nous réduirons les cotisations payées par les salariés, par les indépendants et par les fonctionnaires : près de 500 euros supplémentaires nets par an pour un salaire de 2200 euros nets par mois !
·               Nous augmenterons le pouvoir d’achat des ouvriers, des employés et des salariés les moins bien payés.
·               Tous les smicards qui bénéficient de la prime d’activité toucheront par exemple l’équivalent d’un 13e mois de salaire, soit 100€ nets de plus chaque mois.
·               Nous rétablirons les exonérations de cotisations sociales sur les heures supplémentaires.
·               Nous ouvrirons les droits à l’assurance-chômage aux salariés qui démissionnent.
·               Ce droit ne sera utilisable qu’une fois tous les cinq ans.
·               En contrepartie, l’insuffisance des efforts de recherche d’emploi ou le refus d’offres raisonnables entraîneront la suspension des allocations.
·               Nous engagerons un effort national de formation sans précédent.
·               Nous formerons 1 million de jeunes et 1 million de demandeurs d’emploi peu ou pas qualifiés et aujourd’hui sans perspective.
·               Nous serons aux côtés des agriculteurs pour qu’ils vivent de leur travail, plutôt que des aides publiques.
·               5 milliards d’euros de notre Plan d’investissement seront consacrés à la modernisation de leurs exploitations.
·               Et nous les aiderons à être payés au prix juste en soutenant les organisations de producteurs dans leurs négociations avec les industriels.
·               Nous nous battrons pour faire évoluer dans ce sens le droit européen de la concurrence.
·               Nous ferons un effort massif pour l’apprentissage.
·               Nous développerons les périodes de préapprentissage et les filières en alternance dans tous les lycées professionnels.
·               Des licences professionnelles seront préparées sur trois ans et en alternance.
·               Nous ferons converger les contrats existants et impliquerons pleinement les branches professionnelles dans la définition des programmes et l’organisation des formations.
Libérer le travail et l’esprit d’entreprise
Le problème qui est aujourd’hui au Cœur des préoccupations des Français, c’est le chômage de masse que nous connaissons depuis tant d’années.
Pour le surmonter, il faut changer d’approche.
Notre pays n’aime pas toujours la réussite : ceux qui réussissent suscitent une forme de jalousie ou de suspicion.
Mais notre pays refuse aussi l’échec : que ce soit à l’école ou dans la vie professionnelle, ceux qui échouent sont souvent montrés du doigt et empêchés de tenter à nouveau leur chance.
Pourtant, nous avons besoin que nos concitoyens se lancent, tentent, prennent des initiatives, quitte à les aider à rebondir s’ils échouent.
Et nous avons besoin que certains de nos concitoyens réussissent, créent de l’activité et des emplois, entraînant les autres avec eux.
C’est pourquoi nous voulons libérer le travail et l’esprit d’entreprise !
·               Nous simplifierons la vie des entrepreneurs.
·               Nous réduirons leurs charges
·               et supprimerons le Régime Social des Indépendants (RSI) qui ne fonctionne pas.
·               Nous doublerons les plafonds pour pouvoir bénéficier du régime fiscal de la microentreprise.
·               Nous mettrons fin à toute forme de concurrence déloyale en permettant chaque année à tous les artisans et commerçants d’opter ou non, selon leurs besoins, pour le régime fiscal de la microentreprise.
·               Nous réduirons le coût du travail.
·               Nous aiderons les entreprises à embaucher en baissant les cotisations sociales employeurs de 6 points en remplacement du CICE, et jusqu’à 10 points au niveau du SMIC : les employeurs économiseront près de 1800 euros par an et par salarié au SMIC, 2200 euros par an pour un salarié payé 3000 euros bruts par mois.
·               Nous combattrons la précarité en responsabilisant les employeurs.
·               Nous créerons un bonus-malus sur l’assurance-chômage.
·               Les employeurs qui entretiennent la précarité en recourant exagérément aux contrats courts paieront plus de charges, ceux qui créent des emplois stables en paieront moins.
·               Nous redéfinirons le dialogue social.
·               Les principes fondamentaux (durée légale du temps de travail, égalité professionnelle, salaire minimum...) resteront dans la loi.
·               Mais, par exemple, les horaires effectifs ou l’organisation du travail seront négociés au plus près du terrain.
·               Ils seront définis par accord majoritaire ou par référendum d’entreprise sur la base d’un accord.
·               Nous permettrons à tous les travailleurs d’avoir droit à l’assurance-chômage.
·               Les artisans, les commerçants indépendants, les entrepreneurs, les professions libérales, et les agriculteurs disposeront, comme les salariés, de cette protection.
·               Nous créerons sur Internet un nouveau service d’explication de la réglementation pour les entreprises.
·               Un site Internet unique donnera à chaque TPE ou PME les obligations légales et conventionnelles qu’elle doit respecter en fonction de sa situation.
·               Les réponses fournies en ligne seront valables face à l’administration.
Inventer un nouveau modèle de croissance
Changer le travail et l’entreprise ne suffit pas.
L’essentiel est de changer notre rapport à l’écologie et à l’environnement.
Des progrès ont déjà été faits, notamment en agriculture.
Mais regardons les choses en face: les dégâts que nous faisons collectivement au climat et à la biodiversité sont pour beaucoup irréversibles.
Les conséquences sur notre santé sont connues : des dizaines de milliers de morts par an rien qu’en France, des cancers de plus en plus nombreux et de plus en plus précoces…
Ce n’est pas qu’une question d’énergie, même si le réchauffement climatique est la menace la plus pressante.
C’est aussi une question qui est posée à chacun d’entre nous.
C’est une question sur notre modèle de développement et de production qui nous est posée à tous.
Et qui peut créer des emplois !
Surtout, c’est une question d’approche et de volonté : nous avons toutes les ressources pour changer ce qui doit l’être, et ne plus continuer comme avant, pour surmonter le poids des lobbies.
Alors nous allons faire autrement.
Car nous croyons que nous pouvons redevenir maîtres de notre destin !
·               Nous lancerons un grand Plan d’investissement de 50 milliards d’euros.
·               Ce plan sur 5 ans sera mis au service des qualifications de tous les citoyens, de la transition écologique, de la révolution numérique, de la modernisation des services publics et de la rénovation urbaine.
·               Nous soutiendrons l’investissement privé.
·               Nous baisserons l’impôt sur les sociétés de 33,3% à 25% pour rejoindre la moyenne européenne.
·               Nous transformerons le CICE en allègements de charges pérennes, et l’ISF en « Impôt sur la Fortune Immobilière » sans accroître la fiscalité actuelle sur l’immobilier et les droits de succession, et sans taxer ce qui finance les entreprises et l’emploi.
·               Nous créerons un prélèvement unique sur les revenus du capital, de l’ordre de 30%.
·               Nous créerons un Fonds pour l’industrie et l’innovation.
·               Doté de 10 milliards d’euros issus des actions d’entreprises possédées de manière minoritaire par l’État, il servira à financer l’industrie du futur.
·               Nous placerons la France en tête du combat contre les perturbateurs endocriniens et les pesticides.
·               Ils sont l’une des principales causes de l’augmentation des cancers des enfants depuis 20 ans.
·               Nous rénoverons 1 million de logements mal isolés d’ici 2022, et en priorité ceux des propriétaires les plus modestes.
·               Nous ferons de la France le leader mondial de la recherche sur la transition environnementale.
·               Les spécialistes étrangers bénéficieront de formalités d’accueil accélérées.
·               D’ici 2022, 50% des produits proposés par les cantines scolaires et les restaurants d’entreprise devront être bio, écologiques ou issus de circuits courts.
·               Nous diviserons par deux le nombre de jours de pollution atmosphérique.
·               Nous remplacerons les vieux véhicules polluants en créant une prime de 1000 euros pour acheter un véhicule neuf ou d’occasion moins polluant.
·               Nous créerons une banque de données numériques.
·               Les administrations chargées d’autoriser des activités (l’ouverture d’un hôtel, ou l’obtention d’une licence de chauffeur privé, …) devront mettre à disposition leurs données.
·               Face aux géants étrangers, des nouvelles start-ups pourront ainsi s’adresser par exemple à tous les hôteliers pour leur offrir de nouveaux services.
Les mêmes règles pour tous
En France, la République est née de l’abolition des privilèges.
Et pourtant, ils sont encore nombreux !
Notre pays se veut la patrie de l’égalité.
Mais le favoritisme fausse souvent les choses.
Les privilèges bloquent notre société.
La reconnaissance n’est pas toujours au rendez-vous pour ceux qui font des efforts.
Cela doit changer.
Nous voulons une société où tous ont les mêmes droits, tous ont les mêmes devoirs et tous sont soumis aux mêmes règles.
Nous voulons en finir avec les passe-droits, les arrangements, la fraude, la corruption.
Et nous ?
En Marche !
Ce changement, En Marche n’attend pas une nouvelle loi pour l’incarner dans le champ politique.
Aucun de nos candidats à des élections – locales, nationales et européennes – n’aura de casier judiciaire.
Nos futurs élus auront l’interdiction absolue d’embaucher des membres de leur famille dans leur équipe.
·               Nous mettrons fin aux injustices de notre système de retraites.
·               Un système universel avec des règles communes de calcul des pensions sera progressivement mis en place.
·               Le fait de changer d’activité ou de secteur sera sans effet sur les droits à la retraite.
·               Avec un principe d’égalité : pour chaque euro cotisé, le même droit à pension pour tous !
·               Nous ne toucherons pas à l’âge de départ à la retraite, ni au niveau des pensions.
·               Nous publierons les noms des entreprises qui ne respectent pas l’égalité salariale entre les femmes et les hommes.
·               Nous testerons au hasard, et massivement, les entreprises pour vérifier qu’elles respectent bien la loi en la matière.
·               Nous alourdirons les sanctions contre la fraude fiscale.
·               La lutte contre la fraude aux prestations sociales sera amplifiée.
·               Une fraude grave entraînera désormais, en plus du remboursement, la suspension de la prestation.
·               Nous imposerons les grands groupes de l’Internet sur leur chiffre d’affaires réalisé sur notre sol.
·               Pour cela, la lutte contre l’optimisation fiscale sera une priorité de notre action européenne.
·               Nous ferons la transparence sur l’attribution des logements sociaux.
·               Au lieu de procédures parfois opaques, nous mettrons en place un système de points, fondé sur des critères objectifs (taille de la famille, niveau des ressources, lieu de recherche).
·               Il permettra à chacun de connaître ses chances d’obtention d’un logement et le délai d’attente prévisible.
·               Nous nous battrons contre les abus liés au travail détaché.
·               Nous devrons limiter à un an la durée autorisée de séjour d’un travailleur détaché dans notre pays et redéfinir au niveau européen les règles du détachement pour mettre fin à toutes les formes de concurrence sociale déloyale.
Un État qui protège
Vivre dans la peur, c’est vivre sans être libre.
La peur, c’est désormais celle que nous pouvons éprouver au moment de nous rendre dans une gare, à la terrasse d’un café, à un rassemblement qui pourrait être une cible pour des terroristes.
La peur, c’est aussi une forme d’angoisse quotidienne : la crainte de laisser son logement inoccupé pendant qu’on part au travail ou en vacances, de croiser le mauvais regard ou de s’asseoir à la mauvaise place dans les transports.
Surtout quand on est une femme.
La puissance de l’État doit être mise au service de la protection de tous les Français, partout sur le territoire.
Et pour cela, ce sera tolérance zéro lorsqu’il s’agit de sécurité.
Car la sécurité est la première de nos libertés.
·               Nous recruterons 10 000 policiers et gendarmes supplémentaires.
·               Ils renforceront notamment notre dispositif de renseignement contre le terrorisme.
·               Nous créerons une police de sécurité quotidienne.
·               Au plus près des Français, elle développera une connaissance approfondie des lieux et des habitants qu’elle sera chargée de protéger et d’entendre.
·               Nous donnerons aux policiers et aux gendarmes un nouveau pouvoir : sous le contrôle du juge, ils pourront interdire à une personne délinquante de fréquenter le quartier où elle a commis ses délits.
·               Nous ne tolèrerons plus les incivilités.
·               Le harcèlement des femmes, les insultes, la dégradation du mobilier urbain, les crachats…
·                Ces incivilités seront punies d’amendes immédiates et dissuasives.
·               Toute peine prononcée sera exécutée.
·               Nous construirons 15 000 nouvelles places de prison.
·               Nous confirmerons la cyberdéfense et la cybersécurité comme priorités de notre sécurité nationale.
·               Nous augmenterons les moyens de nos armées.
·               Nous mobiliserons 2% du PIB qui serviront à renouveler les avions ravitailleurs, à moderniser les blindés de l’armée de terre, ainsi que la flotte de surface de notre marine nationale.
·               Nous créerons un état-major permanent des opérations de sécurité intérieure, de renseignement et de lutte contre le terrorisme.
·               Directement rattaché au président de la République, il associera les services et états-majors des ministères de l’Intérieur et de la Défense, avec la participation des ministères des transports, de la santé et de l’industrie.
·               Nous agirons avec nos partenaires européens pour créer une force de 5000 garde-frontières européens.
·               Ils seront chargés de surveiller et protéger les frontières extérieures de l’Union européenne.
Les mêmes chances pour tous nos enfants
La France a été faite par tous ceux qui, génération après génération, ont porté notre pays à chaque fois un peu plus loin.
L’éducation a été le moteur de cette progression, et les enseignants en ont été les artisans.
C’est grâce à eux que la France fait partie des premières puissances du monde, alors qu’elle représente moins de 1% de la population mondiale.
Depuis que nos performances scolaires diminuent, notre pays éprouve des difficultés : ce n’est pas un hasard.
Notre cohésion nationale en dépend.
Ce n’est pas qu’une question de connaissances : c’est une question de justice.
Car la mission de notre République, c’est de remettre tous ses membres sur la même ligne de départ à chaque étape  importante de leur vie.
Bien sûr, il y en a toujours qui courront vite et d’autres qui trébucheront.
Ou ne pourront tout simplement pas se lancer dans la course.
Ou choisiront une trajectoire différente.
Mais si l’on connaît à l’avance l’ordre d’arrivée, alors à quoi bon essayer de courir ?
·               Nous donnerons la priorité à l’école primaire pour que tous les élèves sachent lire, écrire et compter en arrivant en 6e.
·               Nous interdirons l’usage des téléphones portables dans l’enceinte des écoles primaires et des collèges.
·               Nous donnerons plus d’autonomie aux équipes éducatives.
·               Elles seront suivies et évaluées.
·               La formation des enseignants sera adaptée à ce nouveau cadre.
·               Nous limiterons à 12 élèves par enseignant la taille des 12 000 classes de CP et de CE1 en zone prioritaire.
·               Ces enseignants recevront une prime annuelle de 3000 euros nets.
·               Et ils seront plus expérimentés : d’ici 2022, ceux affectés en zones prioritaires auront au moins 3 ans d’ancienneté.
·               Nous rendrons possible le rétablissement de parcours bi-langues au collège, de parcours européens et d’un véritable enseignement du grec et du latin.
·               Nous proposerons à tous un accompagnement après la classe.
·               Au collège, nous rétablirons les études dirigées après la classe grâce à des bénévoles (étudiants et retraités).
·               Nous moderniserons le baccalauréat.
·               Il y aura désormais 4 matières obligatoires à l’examen final.
·               Les autres seront validées par un contrôle continu.
·               Nous renforcerons l’autonomie des universités.
·               Elles pourront recruter leurs enseignants et définir leurs formations.
·               Nous ouvrirons 80 000 places dans les filières professionnalisantes.
·               Nous demanderons à chaque lycée professionnel et université de publier ses résultats (débouchés, salaires, etc.) sur les 3 dernières années.
·               Nous construirons 80 000 logements pour les jeunes.
·               Nous ouvrirons les bibliothèques en soirée et le week-end.
·               Nous créerons un « Pass Culture ».
·               Il permettra à chaque Français de 18 ans d’effectuer 500 euros de dépenses culturelles (cinéma, théâtre, livres...).
·               Nous ne retirerons pas un euro au budget du ministère de la Culture.
Fiers d’être Français : exigence et bienveillance
Nous avons laissé se fragiliser ce qui fait de nous une Nation, comme si nous pouvions accepter que les fractures qui divisent notre pays s’élargissent sans cesse, et notamment les discriminations.
Nous avons tous en partage notre langue, notre premier trésor commun, à la fois notre socle et notre phare : ce qui nous a fait et ce qui nous distingue, nourri aussi par la vitalité de nombreuses et belles langues régionales.
Il faut aller plus loin.
Renouer avec le patriotisme sans renoncer à nos histoires multiples et à notre projet européen.
Car redonner à la France son éclat, c’est redonner confiance aux Français.
D’où qu’ils viennent.
Où qu’ils habitent.
Quels qu’ils soient.
Et leur faire confiance, c’est leur redonner le pouvoir de faire, d’agir, de réaliser.
Nous voulons être une Nation exigeante et bienveillante.
PRÉSERVER LE CADRE DE LA LAÏCITÉ
·               Nous appliquerons strictement le principe de laïcité.
·               Nous organiserons pour les ministres du culte une formation universitaire à la laïcité, aux valeurs de la République et à la langue française.
·               Nous développerons la connaissance des différentes religions à l’école en prévoyant un enseignement spécifique sur le fait religieux.
·               Nous n’étendrons pas l’interdiction du voile à l’université.
·               Nous démantèlerons les associations qui, sous couvert de religion, s’attaquent à la République.
·               Nous fermerons définitivement les lieux de culte dans lesquels certaines prêchent l’apologie du terrorisme.
REFONDER LE LIEN AVEC LA NATION
·               Nous ferons de la maîtrise de la langue française le principal critère de l’obtention de la nationalité française.
·               Nous renforcerons l’apprentissage de notre langue pour les candidats à la naturalisation.
·               Quelle meilleure preuve de la volonté de quelqu’un de s’intégrer et de devenir français ?
·               Nous examinerons les demandes d’asile en moins de 6 mois, recours compris.
·               C’est nécessaire pour accueillir dignement les réfugiés qui ont droit à la protection de la France.
·               Les autres seront reconduits sans délai vers leur pays afin qu’ils ne deviennent pas des immigrés clandestins.
ACCÉLÉRER L’INTÉGRATION
·               Nous créerons des emplois francs pour encourager l’embauche des habitants des quartiers prioritaires de la politique de la ville.
·               Quel que soit le lieu où elle se situe, une entreprise qui recrutera en CDI un habitant de l’un de ces quartiers bénéficiera d’une prime de 15 000 euros sur 3 ans : c’est comme si elle ne payait plus de charges !
·               Nous ferons de la lutte contre la discrimination une priorité nationale.
·               Nous développerons des opérations de contrôle aléatoires et imprévues à grande échelle, en matière d’accès à l’emploi ou au logement.
·               Les partenaires sociaux seront également mobilisés.
Une Europe protectrice et à la hauteur de nos espérances et à la hauteur de nos espérances
Que de lâcheté et d’hypocrisie, quand on entend parler d’Europe !
Certains l’accusent de tous les maux, oubliant qu’ils ont eux-mêmes négocié et signé les traités et tous les textes qui en découlent.
D’autres prétendent rendre la France plus libre en sortant de l’Europe.
Comme si nous avions plus de chances de peser seuls face à la Chine, à la Russie, aux États-Unis (mais aussi face à Google, Apple, Facebook et tous les géants du numérique) plutôt que rassemblés avec 500 millions d’Européens…
Tous affaiblissent l’image de la France auprès de nos partenaires en prétendant vouloir « renverser la table ».
Un grand pays s’honore de tenir sa parole.
Ce n’est pas la table qu’il faut renverser, c’est le cours de l’Europe.
Nous devons faire chez nous ce que tous nos partenaires ont fait chez eux : remettre notre économie en mouvement
et, dans l’intérêt de nos enfants, mieux gérer nos finances publiques.
Mais l’Europe aussi doit changer : elle ne doit pas avoir pour mission de gérer une bureaucratie, mais de protéger notre présent et de préparer notre avenir.
Elle doit donc nous protéger dès aujourd’hui, et investir pour demain !
·               Nous construirons une Europe qui développe nos emplois et notre économie.
·               Pour pouvoir investir beaucoup plus qu’aujourd’hui, nous voulons un budget de la zone euro voté par un Parlement de la zone euro et exécuté par un ministre de l’Économie et des Finances de la zone euro.
·               Nous lutterons contre les arrangements fiscaux entre États et entreprises multinationales.
·               Ils faussent la concurrence en Europe, comme celui entre Apple et l’Irlande qui a été sanctionné.
·               La France se montrera exemplaire en ce domaine.
·               Nous réserverons l’accès aux marchés publics européens aux entreprises qui localisent au moins la moitié de leur production en Europe dans le cadre d’un Buy European Act.
·               Nous généraliserons Erasmus et l’étendrons aux apprentis.
·               200 000 étudiants et apprentis français partiront chaque année dans un pays de l’Union européenne.
·               Nous construirons une Europe qui nous protège.
·               Nous proposerons avec l’Allemagne une Europe de la défense associant les pays volontaires, en créant un Fonds européen de défense qui financera des équipements militaires communs (comme les drones européens) et un Quartier Général européen permanent.
·               Nous construirons une Europe qui protège nos industries stratégiques.
·               Nous voulons un mécanisme de contrôle des investissements étrangers en Europe afin de préserver nos secteurs stratégiques.
·               Dans la discussion du Brexit, nous défendrons l’intégrité du marché unique européen.
·               Toutes les entreprises qui y accèdent doivent être soumises aux mêmes disciplines.
·               Nous créerons un marché unique du numérique en Europe.
·               Un fonds de capital-risque permettra de financer le développement des start-ups européennes.
·               Nous créerons un marché unique de l’énergie en Europe.
·               Nous fixerons un prix plancher du carbone dans les pays de l’Union.
·               Nous donnerons la parole au peuple.
·               Nous proposerons des conventions citoyennes dans toute l’Europe dès la fin de l’année 2017 pour redonner un sens au projet européen.
·               Ces conventions aboutiront à un projet qui sera ensuite adopté par tous les pays qui le souhaitent.
·               Aucun État membre n’aura le pouvoir de bloquer cette nouvelle étape.
Faire plus pour ceux qui ont moins
Le plus insupportable, en France, c’est que plus on part du bas de l’échelle sociale, plus les obstacles s’accumulent : en matière d’éducation, de santé, de logement, d’accès à l’emploi, au crédit, ou aux vacances...
Et à l’inverse, plus on est haut dans la société, plus les barrières se lèvent d’elles-mêmes.
L’égalité ne consiste donc pas à faire pareil pour tout le monde : sinon on ne corrige pas toutes ces injustices !
La vraie égalité consiste plutôt à faire plus pour ceux qui ont moins : les mères célibataires, les habitants des territoires abandonnés, les jeunes décrocheurs qui ont cessé d’aller à l’école, les seniors victimes d’un chômage de longue durée, et surtout les 9 millions de Français pauvres.
Il faut donc concentrer nos efforts là où ils sont les plus indispensables.
PLUS POUR NOS AÎNES ET LES PERSONNES MODESTES
·               Nous augmenterons le minimum vieillesse de 100 euros par mois.
·               Nous créerons un versement social unique.
·               Toutes les allocations sociales (APL, RSA…) seront versées le même jour du mois, un trimestre maximum après la constatation des revenus (contre jusqu’à 2 ans aujourd’hui).
·               Nous créerons un « accélérateur » d’associations.
·               Elles font un travail formidable, mais il est difficile pour elles de toucher tous leurs publics.
·               Cette nouvelle structure sera chargée de déployer sur l’ensemble du territoire et en moins de 5 ans les associations les plus utiles à notre société.
PLUS POUR LA SANTÉ
·               Nous mettrons en place la prise en charge à 100% des lunettes et des prothèses auditives et dentaires d’ici 2022, en lien avec les mutuelles et l’ensemble des professionnels de santé.
·               Nous consacrerons 5 milliards d’euros de notre Plan d’investissement à la santé, notamment à la transformation de notre médecine de ville et de nos hôpitaux.
·               Nous créerons un service sanitaire.
·               40 000 étudiants en santé consacreront 3 mois à des actions de prévention dans les écoles et les entreprises.
·               Nous renforcerons le droit à l’oubli pour les personnes ayant été malades.
·               Au moment de souscrire un emprunt ou un contrat d’assurance, les malades de cancers et de l’hépatite C n’auront plus à le mentionner dès 5 ans après leur rémission (contre 10 ans aujourd’hui).
·               Nous l’étendrons aussi à de nouvelles maladies.
·               Nous doublerons le nombre de maisons de santé.
·               Pour lutter contre les déserts médicaux, ces maisons regrouperont des médecins, des infirmières, des orthophonistes, des kinésithérapeutes, des professionnels du sport…
PLUS POUR LES PERSONNES EN SITUATION DE HANDICAP
·               Nous donnerons accès à un(e) auxiliaire de vie scolaire à tous les enfants qui en ont besoin pour avoir une scolarité comme les autres.
·               Ces AVS auront un emploi stable et un salaire décent.
·               Nous augmenterons de 100 euros par mois l’Allocation Adulte Handicapé (AAH).
Rendre la vie des Français plus facile
Des décennies d’accumulation de normes et de règlements ont rendu la vie de chacune et chacun plus compliquée au jour le jour.
Que de temps perdu en démarches administratives, en renouvellement de papiers, ou à cause de la lenteur de nos procédures de justice !
Pour les entrepreneurs, c’est la même chose.
Certains passent plus de temps à lutter contre les contraintes administratives qu’à développer leur entreprise.
Les élus locaux aussi se heurtent à des normes qui évoluent tout le temps et qui coûtent de plus en plus cher.
La justification de cette énorme accumulation de règles et d’obligations ne peut pas être seulement qu’elles ont toujours été là…
De nouveaux outils, par exemple numériques, existent déjà ou apparaissent chaque année pour rendre les choses plus faciles.
C’est donc une révolution culturelle qu’il faut mener, notamment dans nos administrations.
·               Nous créerons un droit à l’erreur pour tous.
·               Le cœur de la mission de l’administration ne sera plus la sanction mais le conseil et l’accompagnement, sauf en matière pénale, ou lorsque la sécurité est engagée.
·               Par exemple, aujourd’hui, un employeur qui oublie de déclarer à l’URSSAF la prime de Noël qu’il verse à ses salariés est condamné à une amende.
·               Il pourra demain faire valoir son droit à l’erreur.
·               Aujourd’hui, des grands-parents qui hébergent leur petite-fille parce qu’elle vient de trouver un emploi près de chez eux doivent la déclarer à la CAF sous peine de perdre une partie de leurs allocations logement et de payer des pénalités.
·               Ils pourront demain faire valoir leur droit à l’erreur et ne plus payer de pénalités.
·               Nous passerons à la vitesse supérieure en ce qui concerne la numérisation de l’administration.
·               Tous les renouvellements de documents officiels (carte d’identité, passeport, carte grise, etc.) devront pouvoir se faire en ligne, sans nécessité de se déplacer.
·               Les horaires d’ouverture des services publics seront par ailleurs élargis aux soirées et au samedi pour s’adapter aux nouveaux modes de vie des Français.
·               Nous donnerons aux préfets la capacité d’adapter l’organisation des services de l’État aux besoins de chaque région et département.
·               Nous ne rajouterons aucune norme nationale aux normes européennes dans les secteurs agricole, maritime et de la pêche.
·               Tous les services publics accueillant du public (hôpital, école, tribunal, CAF, etc.) seront tenus d’afficher leurs résultats en termes de qualité de service (ex : temps d’attente, taux de satisfaction, etc.)
·               Nous établirons dans chaque département un tribunal de première instance qui sera le guichet unique permettant un accès facilité au juge.
·               Nous ne fermerons aucun site.
·               Nous raccourcirons les délais de jugement pour les litiges inférieurs à 4000 euros.
·               La procédure les concernant sera entièrement dématérialisée et la décision sera rendue en ligne.
Une démocratie rénovée
Année après année, le regard que nous portons sur notre classe politique se dégrade sans que rien ne change vraiment.
Il est faux de prétendre que rien n’a été fait pour tenter de retisser un lien de confiance entre la Nation et ses représentants.
Mais ce n’est pas assez.
Des pratiques que l’on pensait impossibles, parce qu’elles sont à l’évidence inacceptables, sont en réalité répandues – comme l’embauche par les élus de membres de leur propre famille.
Le soupçon s’est installé, qui nourrit les extrêmes et affaiblit notre vie politique.
Il faut donc aller plus loin dans la transparence et l’exigence.
Mais il faut aussi avoir le courage d’aller plus loin vers la confiance et la proximité.
Nos représentants nous ressemblent trop peu…
La France est en effet peuplée pour une bonne moitié de femmes, pour un bon quart de jeunes, pour un bon cinquième de Français d’origine étrangère plus ou moins lointaine…
Or ces visages, cette diversité, ces parcours différents, nous ne les retrouvons pas assez sur les bancs du Parlement !
·               Nous proposerons une grande loi de moralisation de la vie publique.
·               Elle comprendra : o       L’interdiction pour les parlementaires d’exercer des activités de conseil parallèlement à leur mandat, pour mettre fin aux conflits d’intérêt.
o       Toutes leurs indemnités seront soumises à l’impôt.
o       L’interdiction de toute embauche par un élu ou un ministre d’un membre de sa famille.
o       L’interdiction du cumul de plus de trois mandats identiques successifs.
o       L’interdiction pour tous les détenteurs d’un casier judiciaire (niveau B2) de se présenter à une élection.
o       La suppression du régime spécial des retraites des parlementaires.
o       Ils seront rattachés au régime général.
o       La présentation, par le président de la République, de son bilan national et européen une fois par an devant le Congrès.
·               Nous améliorerons le renouvellement et le pluralisme de notre vie politique.
o       Nous réduirons d’environ un tiers le nombre de députés et de sénateurs.
o       Ils disposeront de moyens supplémentaires pour faire leur travail.
o       Nous obligerons les formations politiques à respecter la parité dans la présentation de leurs candidats.
o       Et nous diminuerons le financement public des formations politiques qui auront une représentation déséquilibrée en termes de parité.
o       Nous ferons de la procédure d’urgence la procédure par défaut d’examen des textes législatifs afin d’accélérer le travail parlementaire.
o       Nous entamerons une rénovation du fonctionnement parlementaire en limitant le nombre de mois pendant lesquels le Parlement légifère et en réservant plus de temps à l’évaluation et au contrôle de l’action du gouvernement, en s’appuyant sur les travaux de la Cour des comptes.
·               Nous développerons la participation des citoyens.
o       Nous demanderons aux parlementaires de mettre en place des dispositifs innovants d’évaluation du travail parlementaire et législatif (jurys citoyens, compte-rendus de mandat via les réseaux sociaux...).
o       Nous encouragerons les communes à développer les budgets participatifs, c’est-à-dire à consulter directement les citoyens sur l’utilisation de l’argent public.
Les territoires qui font notre France
Beaucoup de nos territoires se sentent progressivement délaissés, voire abandonnés.
À côté de la France des métropoles, où beaucoup réussissent, il y a des quartiers et des banlieues populaires où tout est plus dur et plus compliqué, même s’ils ne sont qu’à quelques kilomètres de distance.
De nombreux Français se sont installés un peu plus loin, pour chercher un logement un peu moins cher ou un peu plus spacieux, mais ils doivent affronter des distances toujours plus grandes pour trouver un emploi, mettre leurs enfants à l’école, se faire soigner ou accéder à des loisirs de qualité.
Il y a la France de la ruralité.
Elle est dépositaire d’une part de notre identité.
Et nous n’avons pas le droit de laisser mourir certains territoires comme beaucoup de nos paysans en ont parfois le sentiment.
Il y a la France des Outre-mer.
Grâce à elle, nous sommes présents à travers le monde.
Mais trop souvent, nous ne la considérons pas à sa juste valeur.
Nous sommes fiers de tous ces territoires.
À égalité.
Car tous ont des atouts pour réussir.
Ensemble.
·               Nous exonérerons de la taxe d’habitation tous les Français des classes moyennes et populaires (soit 80% des ménages).
·               C’est un impôt injuste : on paye souvent beaucoup plus quand on vit dans une commune populaire que dans une commune riche.
·               Dès 2020, 4 Français sur 5 ne paieront plus la taxe d’habitation, et l’État remboursera entièrement auprès des communes leur manque à gagner, à l’euro près, en préservant leur autonomie fiscale.
·               Nous couvrirons en très haut débit ou en fibre l’ensemble du territoire.
·               Ce sera fait d’ici la fin du prochain quinquennat, pour ne laisser aucun territoire à la traîne de la transition numérique.
·               Les opérateurs téléphoniques doubleront la couverture mobile en zone rurale pour réduire les zones sans réseau, et l’État prendra ses responsabilités partout où cela est nécessaire.
·               Nous réduirons le millefeuille administratif.
·               Nous supprimerons au moins un quart des départements, là où ils peuvent être rapprochés de l’une de nos grandes métropoles.
·               Nous accélérerons la construction de logements là où c’est nécessaire.
·               Nous mettrons en place des procédures accélérées dans les zones où le logement coûte trop cher.
·               Cela permettra de construire plus vite des logements et de faire baisser les prix de l’immobilier.
·               Nous réformerons radicalement notre politique des transports.
·               Car l’enjeu n’est plus de construire partout des autoroutes, des aéroports et des lignes de TGV.
·               C’est, grâce à notre Plan d’investissement, de moderniser les réseaux existants et de développer de nouveaux services pour que tous les territoires soient raccordés efficacement aux lieux de travail, d’éducation, de culture ou de soins.
·               Nous lancerons un Plan de Transition Agricole de 5 milliards d’euros.
·               Il soutiendra tous les projets de montée en gamme des exploitations, d’adaptation aux normes environnementales et de bien-être animal.
·               Nous développerons la continuité territoriale au profit des Outre-mer.
·               D’ici la fin du quinquennat, nous proposerons chaque année aux ultra-marins au moins200 000 billets d’avion à prix aidé en particulier pour les étudiants et les entrepreneurs pour leur mobilité entre les Outre-mer et l’Hexagone, et dans leur environnement régional.
·               Nous installerons en Outre-mer l’Agence Française pour la biodiversité.
·               Nous permettrons aux collectivités d’Outre-mer de modifier la réglementation de droit commun pour l’adapter à leur situation particulière.
SÉRIEUX ET RESPONSABILITÉ
Nous savons tous que l’État est lourdement endetté.
Il n’y a pas de politique qui vaille sans responsabilité budgétaire.
C’est pour cela qu’il faut RÉDUIRE NOS DÉFICITS.
La France s’y est engagée mais c’est surtout un devoir à l’égard des générations futures.
La première exigence, c’est de respecter cet engagement envers les Français.
Nous effectuerons donc 60 milliards d’économies, en responsabilisant les ministres sur leurs objectifs de réduction des dépenses.
La deuxième exigence, c’est de FAIRE DES CHOIX : cibler un petit nombre de dépenses prioritaires (l’éducation, la défense, la sécurité et la justice) et sélectionner les baisses de prélèvements qui créeront de l’activité économique et de l’emploi.
Nos baisses d’impôts seront réparties de manière juste entre les ménages et les entreprises, et seront financées par nos économies.
Nous mettrons fin à l’instabilité fiscale.
Une loi d’orientation votée en 2017 fixera pour 5 ans l’évolution de la fiscalité sur le quinquennat.
Nous ne réformerons pas plusieurs fois un même impôt dans le quinquennat.
La troisième exigence, c’est de RENOUER AVEC L’EXCELLENCEDE NOS SERVICES PUBLICS.
Nous sommes attachés à notre hôpital, à notre école.
Nous voulons qu’ils redeviennent les meilleurs, pour que nos agents publics soient respectés à leur juste valeur.
Nous voulons un Etat agile, concentré sur les priorités du pays, qui s’adapte à nos besoins et à nos modes de vie.
Efficacité, simplicité, adaptabilité : c’est aussi comme cela que nous ferons des économies.
La quatrième exigence, c’est d’INVESTIR POUR TRANSFORMER.
À l’heure du numérique, de la transition écologique, de la révolution des compétences, c’est la condition pour dépenser moins et mieux demain :former les chômeurs plutôt qu’attendre que l’économie aille mieux
; isoler les bâtiments plutôt que de trop dépenser en chauffage
; et moderniser l’agriculture plutôt que de payer des aides d’urgence.
Nous en tirerons rapidement les fruits."
31430_201706,UDI,Union des Démocrates et Indépendants,282,"Majorité pour la France
Union de la droite et du centre
PROJET
PRÉAMBULE
Au lendemain de l’élection d’Emmanuel Macron face à la candidate du Front national, il est de la responsabilité de la droite et du centre de proposer une vraie alternance dans la clarté pour relever les défis qui se présentent à notre pays.
Le projet politique démagogique du Front national, nous conduira dans l’impasse et à la ruine économique.
Nous le combattons.
Le projet politique d’Emmanuel Macron était fondé sur la confusion et la demi-mesure.
Il a certes gagné la bataille de l’ambiguïté, nous gagnerons la bataille de la clarté.
Nous devons la conduire car nous avons entendu le message que les Français nous ont adressé lors du 1er tour de l’élection présidentielle.
Pour garantir une alternance franche, la droite et le centre veulent construire une majorité pour la France.
Parce que nous mesurons la défiance à l’égard de la parole publique, nous voulons parler à tous les Français, à tous ceux qui, quel qu’ait été leur choix politique passé, refusent le déclassement de notre pays et l’abandon de la ruralité, se sentent vulnérables, ne reconnaissent plus leur pays, ont perdu la maîtrise de leur propre vie, ou désespèrent de ne jamais pouvoir réussir en France.
En agissant pour tous les Français, nous portons une ambition, celle de voir la France renouer avec la réussite, retrouver la place dans le monde qu’elle n’aurait jamais dû cesser d’occuper,
redevenir une terre d’emplois,
de promotion sociale, d’égalité des chances.
Nous voulons une France décentralisée dans laquelle l’État donne une plus grande liberté et une véritable autonomie financière aux collectivités territoriales.
Les premières semaines de l’alternance seront décisives.
Il ne pourra y avoir la moindre place pour l’improvisation.
Avec une équipe resserrée, il faudra engager un programme de réformes exigeant dès l’été qui auront trait à la sécurité intérieure,
aux finances publiques
et à notre droit du travail.
Après François Hollande, nous ne pouvons plus nous permettre un quinquennat pour rien.
Nous voulons en face du nouveau Président, une nouvelle majorité pour la France : une majorité de droite et du centre.
Voilà pourquoi nous proposons ce contrat d’alternance crédible et transparent pour tous les Français en s’appuyant solidement sur les valeurs de la République.
RENFORCER LES 4 PILIERS DE LA RÉPUBLIQUE
La République est notre bien commun.
Elle repose sur quatre piliers principaux : l’école, l’entreprise, la famille, et la laïcité.
Notre priorité est aujourd’hui de sans cesse les fortifier.
Toutes nos politiques iront en ce sens.
Nous prendrons toutes les mesures nécessaires pour y parvenir.
L’école, parce qu’il n’y a pas d’ascenseur social sans école.
Au sens large, elle est aussi le lieu de l’apprentissage, de la formation professionnelle, de l’émancipation, de l’ouverture au monde et à la culture, de la liberté et de la valorisation du mérite.
Nous devons renforcer les savoirs fondamentaux – lire écrire, compter et connaître l’histoire de notre pays - pour qu’aucun élève n’entre au collège sans les maîtriser.
Nous abrogerons la réforme des rythmes scolaires et celle du collège.
Nous croyons dans la responsabilité des acteurs de l’éducation.
C’est pourquoi une plus grande liberté de gestion et d’organisation des établissements favorisera une meilleure transmission des savoirs.
Nous ferons du suivi individuel des élèves en difficulté notre priorité : tous les élèves doivent quitter le système scolaire avec une formation qualifiante.
Tous les Français ont le droit d’être formés tout au long de leur vie.
L’entreprise, qu’elle soit petite ou grande, mondiale ou locale, artisanale ou individuelle, est le lieu de la création de la richesse et donc du pouvoir d’achat.
Il n’y a ni progrès, ni innovation sans esprit d’entreprendre et sans travail.
Le travail dans l’entreprise ou ailleurs (associations, administration...) permet l’émancipation.
Aussi toutes les politiques doivent favoriser l’emploi, l’attractivité et le développement de nos entreprises.
La famille, parce qu’il n’y a pas de société durable sans la solidité des liens familiaux.
Les familles françaises ont profondément souffert de la politique de François Hollande.
Elles doivent être confortées.
Et parce que nous voulons relancer la politique familiale, nous rétablirons l’universalité des allocations familiales et relèverons le plafond du quotient familial.
La laïcité, parce qu’elle garantit la cohésion de la Nation.
Nous n’accepterons aucun acte ou comportement qui place les lois de la religion au-dessus de celles de la République.
L’idéal républicain est universaliste et refuse tout communautarisme.
Pour les cinq prochaines années, nous proposons un contrat d’alternance pour tous les Français qui sera l’expression d’une nouvelle ambition française pour redresser notre pays et restaurer l’autorité.
·               Un contrat pour le plein-emploi et le pouvoir d’achat
·               Un contrat pour restaurer l’autorité de l’État et garantir la sécurité des Français
·               Un contrat d’équité entre tous les Français
·                Un contrat avec la jeunesse de France
·               Un contrat pour renouveler et moderniser la vie publique
UN CONTRAT POUR LE PLEIN-EMPLOI ET LE POUVOIR D’ACHAT
Depuis 5 ans le chômage de masse s’est aggravé.
Pourtant, la France mérite le plein-emploi.
Pour y parvenir, une seule direction : plus de consommation, d’investissement, d’innovation, de souplesse, de liberté, de formation et surtout moins d’impôts.
C’est la liberté d’entreprendre crée la croissance et la compétitivité et non la dépense à crédit.
RENDRE DU POUVOIR D’ACHAT AUX FRANÇAIS EN BAISSANT LES IMPÔTS
Nous n’augmenterons ni la TVA, ni la CSG.
Nous baisserons de 10 % l’impôt sur le revenu pour tous les ménages et notamment les classes moyennes matraquées fiscalement.
Pour récompenser davantage le travail, nous rétablirons la défiscalisation des heures supplémentaires.
Parce que nous voulons soutenir le pouvoir d’achat des familles, nous rétablirons l’universalité des allocations familiales et relèverons le plafond du quotient familial au niveau de 2012.
Grâce au recul de l’âge légal de départ à la retraite, nous pourrons augmenter les petites retraites de 300 € par an, et les pensions modestes de réversion de 10 %.
Enfin nous veillerons à ce que la transmission du patrimoine entre les générations soit facilitée en réduisant de 15 à 10 ans le délai entre deux donations,
et ramènerons à 15 ans le délai de détention pour une exonération totale des plus-values immobilières, de façon à vivifier le marché du logement.
BAISSER LE COÛT DU TRAVAIL POUR LUTTER CONTRE LE CHÔMAGE
Nous baisserons les charges pesant sur le travail et la production qui étouffent nos entreprises et notre industrie en rapprochant leur niveau de la moyenne européenne.
Dans un contexte particulier lié au Brexit, nous diminuerons l’impôt sur les sociétés pour atteindre 25 % au terme du quinquennat.
Nous transformerons le CICE, véritable usine à gaz, en baisse durable de charges, pour simplifier la vie des entreprises et stimuler leur compétitivité.
Pour encourager l’investissement, assurer la pérennité des entreprises et
éviter l’évasion des capitaux, nous supprimerons l’ISF.
Aucun des grands pays européens n’a mis en place un tel impôt, cessons d’être l’exception européenne.
Nous proposerons pour l’épargne des Français une taxation forfaitaire de 30 %, en conservant le régime de l’assurance vie.
Parce que les règles ne peuvent pas changer tout le temps, nous garantirons la stabilité fiscale.
Pas de nouvelles lois chaque année, pas de rétroactivité.
CRÉER UN VÉRITABLE MARCHÉ DU TRAVAIL
Nous supprimerons les 35 heures et laisserons pendant 18 mois à chaque entreprise ou à chaque branche pour les petites entreprises, la liberté de négociation du temps de travail.
Tout travail supplémentaire devra être payé en conséquence.
Nous abrogerons le compte pénibilité et traiterons la pénibilité par l’amélioration des conditions de travail, une politique de prévention plus ambitieuse et une prise en compte de la situation réelle des salariés.
Le code du travail, qui est devenu un frein au recrutement, sera simplifié et allégé pour garantir les droits fondamentaux des salariés tout en les protégeant davantage.
Le dialogue social dans l’entreprise sera modernisé, notamment grâce au référendum d’entreprise.
Nous doublerons en outre les seuils sociaux et adapterons le droit du travail aux nouvelles façons de travailler.
Le marché du travail est trop rigide et freine les recrutements.
Nous plafonnerons les indemnités prudhommales pour mettre fin à l’insécurité juridique.
Dès la signature du contrat il faudra que les éventuelles causes et modalités de rupture du CDI soient clarifiées entre employeur et employé.
Nous réorienterons le système des emplois aidés vers les petites et moyennes entreprises, et non plus vers les collectivités publiques.
DYNAMISER LES ENTREPRISES
Nous renforcerons les effets bénéfiques du crédit d’impôt recherche (CIR) pour que la France conserve son rang dans la compétition internationale et pour que nous regagnions des parts de marché à l’export.
La digitalisation de l’économie est source de création d’emplois.
Nous devons accélérer la transformation numérique en accompagnant et en formant les salariés à ces mutations
et en levant les freins à la croissance de nos entreprises.
Et pour dynamiser l’investissement dans les entreprises numériques, nous défiscaliserons à hauteur de 50 % les sommes investies par les business angels dans les start-ups.
L’agriculture, la viticulture et la pêche comptent parmi les grandes forces de la France et ces professionnels sont des entrepreneurs à part entière.
La France doit adapter son modèle économique agricole et donner aux entreprises agricoles, les moyens d’être compétitives.
Et cela passe en particulier par la diminution des charges et des normes, avec l’arrêt de toute surtransposition de textes européens.
Nous voulons sanctuariser les crédits européens de la PAC, et aller vers un modèle protégeant davantage les agriculteurs des risques climatiques et de la volatilité des marchés avec par exemple la mise en place d’un compte épargne de précaution.
UN CONTRAT POUR PROTÉGER LA FRANCE ET GARANTIR LA SÉCURITÉ DES FRANÇAIS
La République a trop reculé.
L’autorité de l’État a été considérablement affaiblie ces 5 dernières années.
Nous voulons être les gardiens d’un État qui fait respecter la loi et qui n’accepte aucune zone de non-droit.
Nous devons tourner le dos à la culture du laxisme, de la déresponsabilisation, du désarmement pénal et moral de nos forces de l’ordre et de notre Justice.
La protection des Français passe par la défense de nos valeurs.
Pas de France forte, sans Europe forte.
Une France plus libre et plus souveraine permettra d’amorcer une évolution de l’Europe.
IMPUNITÉ ZÉRO POUR LES DÉLINQUANTS
Il faut mettre fin au désarmement pénal mis en œuvre par Mme Taubira.
Nous réinstaurerons les peines-plancher automatiques pour sanctionner sévèrement les récidivistes et nous supprimerons toutes les réductions automatiques de peine en prison en réintroduisant une distinction entre le primo-délinquant et le récidiviste.
Pour faire face à la surpopulation carcérale et mettre un terme à l’inexécution des peines, nous construirons 16000 nouvelles places de prison et renforcerons en conséquence les effectifs des personnels pénitentiaires.
Nous renforcerons les effectifs des forces de l’ordre avec 10000 postes supplémentaires.
Les polices municipales seront confortées dans leur rôle de 3e force de sécurité intérieure et seront armées, sauf refus des maires.
Nous abaisserons la majorité pénale des mineurs récidivistes à 16 ans.
GAGNER LA GUERRE CONTRE LE TERRORISME
Les personnes fichées S les plus dangereuses seront placées de manière préventive sous surveillance physique et électronique renforcée, et nous interdirons de retour les binationaux qui se sont rendues à l’étranger sur des zones d’opérations terroristes et djihadistes.
Nous expulserons automatiquement les étrangers ayant des liens avec les mouvances terroristes.
Nous renforcerons les moyens et la coordination des services de renseignement intérieur, ainsi que la coopération européenne dans la lutte contre le terrorisme.
Nous dissoudrons tous les mouvements se réclamant du « salafisme » et de l’islamisme radical, ainsi que les associations qui prônent la haine, la violence et la discrimination notamment à l’encontre des femmes.
UN EFFORT MAJEUR DE DÉFENSE À LA HAUTEUR DE LA MENACE QUI PÈSE SUR LA FRANCE
Nous devons protéger notre pays des menaces extérieures.
Pour y parvenir, nous porterons à 2 % du PIB le budget de la défense au cours du prochain quinquennat afin de remettre à niveau nos effectifs et nos équipements.
Nous le devons à nos soldats.
Parce que notre outil de défense doit être adapté aux nouveaux risques, nous conserverons notre double composante nucléaire, sous-marine et aéroportée.
Nous créerons également un fonds européen de défense pour partager certaines dépenses.
RÉDUIRE DE MOITIÉ L’IMMIGRATION SUR LE QUINQUENNAT PAR LA MISE EN PLACE DE QUOTAS
La France a le droit de choisir qui elle accueille sur son territoire et de conduire une politique d’immigration conforme à l’intérêt national.
Chaque année, le Parlement fixera des quotas d’immigration correspondant aux besoins de la France et à notre capacité à accueillir dignement.
Notre pays honore sa tradition d’accueil des réfugiés
mais doit lutter avec fermeté contre l’immigration clandestine des déboutés du droit d’asile.
La question de Calais a démontré la nécessité de rétablir l’autorité de l’État.
Nous proposons la création de zones de contrôle renforcées de l’immigration, dans les territoires soumis à une très forte pression migratoire, où l’identification des migrants doit être systématique.
Nous réformerons également la procédure du droit d’asile pour que toute demande d’asile soit examinée dans des délais réduits au maximum pour faciliter l’éloignement des déboutés.
Nous reverrons également la liste des pays sûrs, harmonisée au plan européen.
Nous travaillerons à la création d’une politique d’asile commune aux pays de l’UE.
La générosité de notre modèle social n’est pas sans limites : un étranger tout juste arrivé en France ne doit pas bénéficier de prestations sociales immédiatement.
Nous voulons conditionner l’accès aux allocations familiales et logement, à au moins 2 ans de cotisations.
Dans cette même logique, nous mettrons fin dans sa forme actuelle à l’Aide Médicale d’État (AME) dont le coût a explosé, en la restructurant profondément.
Nous maintiendrons le contrôle de nos frontières tant que Schengen n’aura pas été réformé.
UNE FRANCE PLUS EUROPÉENNE ET PLUS SOUVERAINE
Nous baisserons de 100 Mds€ la dépense publique pour la ramener à 50 % du PI B.
Nous nous engageons à réduire le déficit public et la dette de façon durable pour respecter nos engagements européens.
Nous devons rompre avec la spirale infernale de la dette et reconquérir notre souveraineté financière.
Nous supprimerons notamment 300000 emplois publics sur le quinquennat avec pour objectif une baisse de 500000 postes d’ici 7 ans, sans réduire le personnel soignant hospitalier et les effectifs de sécurité.
Dans un souci d’équité avec le secteur privé, nous introduirons deux jours de carence dans la fonction publique.
Nous passerons un pacte de progrès avec la fonction publique pour une meilleure qualification, une meilleure qualité de vie au travail et de meilleures rémunérations fondées sur un allongement du temps de travail et sur le mérite.
Nous voulons offrir aux Français le meilleur service public d’Europe en termes d’accès, de qualité et de simplicité, notamment grâce au numérique.
Il n’y a pas d’avenir pour la France sans une Europe forte et plus proche des peuples.
Nous lancerons une véritable Europe politique prenant appui sur la zone euro et découplée du grand marché à 28.
Nous proposerons au Conseil européen de donner à la zone euro les moyens d’une politique économique créatrice d’emplois .
C’est une Europe de l’essentiel centrée sur la monnaie, la défense, la sécurité, les migrations, le contrôle des frontières extérieures, la politique de l’énergie.
En contrepartie, l’Europe devra cesser de s’immiscer dans les réglementations relevant des États membres ou de leurs échelons décentralisés.
L’Europe doit aussi œuvrer sans naïveté pour la protection et la promotion de nos intérêts commerciaux et économiques.
Nous veillerons à ce que les traités commerciaux européens soient réciproques et loyaux.
La concurrence entre les travailleurs français et les travailleurs européens détachés sur notre territoire est inacceptable.
Nous renégocierons la directive européenne « travailleurs détachés » pour mettre fin au dumping social et pour que l’équité soit assurée entre tous les travailleurs européens.
Lorsque l’on travaille en France, les salaires et les charges doivent être français.
Nous devons œuvrer pour une souveraineté numérique européenne face à la concurrence des États-Unis et de la Chine et des géants internationaux du numérique.
Nous imposerons et défendrons au niveau européen nos valeurs, nos innovations, nos technologies, dans le respect des libertés publiques, des données personnelles et des droits d’auteur.
Nous garantirons l’équité fiscale.
Nous voulons entre les secteurs traditionnels et les entreprises de service numérique, en particulier les plateformes collaboratives, une économie loyale.
PROTÉGER NOTRE ENVIRONNEMENT
Nous pouvons concilier écologie et économie, pour réconcilier l’homme et son environnement.
Nous respecterons nos engagements internationaux de réduction des gaz à effet de serre et de protection de la biodiversité.
Nous renforcerons le développement des énergies renouvelables dans le respect de notre engagement de plus de 20 % d’énergies renouvelables dans le mix énergétique d’ici à 2025.
La qualité de l’air doit être la priorité première de notre politique de santé environnementale pour améliorer durablement la santé des Français.
Nous fixerons l’objectif à atteindre de « zéro charbon sous cinq ans » dans la production énergétique française
Nous ferons de la protection et de la propreté des mers et des océans, une priorité mondiale.
La France doit pleinement se saisir de ce combat aux côtés des autres pays pour venir à bout du « septième continent de plastique » qui ravage nos océans.
Nous œuvrerons pour une interdiction de l’exploitation des ressources minières, pétrolières et gazières en Arctique.
Et nous nous engagerons en faveur de la protection du Grand Nord.
Nous lancerons un programme national de rénovation des bâtiments anciens les plus énergivores.
Enfin, nous conserverons une part significative de production énergétique nucléaire, qui n’émet pas de gaz à effet de serre.
Ni Fessenheim, ni aucune autre centrale ne fermeront, sauf considérations de sécurité et de sûreté.
PROTÉGER LES VALEURS FAMILIALES
Trouver une place en crèche reste le parcours du combattant pour de nombreuses familles.
Nous voulons redonner aux parents, et en particulier aux femmes, plus de libertés pour concilier leur vie professionnelle et personnelle avec leur vie de famille.
Nous relancerons la création de places disponibles en crèches, en panne depuis 2012, en simplifiant les normes contraignantes, ferons évoluer le dispositif du crédit d’impôt famille, et accélérerons la formation du personnel.
UN CONTRAT D’ÉQUITÉ ENTRE TOUS LES FRANÇAIS
Les Français n’en peuvent plus du sentiment de deux poids de mesures dans notre pays.
Nous ne pouvons pas tolérer que des territoires restent à l’abandon et que le sentiment d’exclusion pour de nombreux Français soit une réalité.
Chacun doit pouvoir travailler, se soigner, se déplacer et être un citoyen à part entière.
Nous mettrons tout en œuvre pour préserver et rendre plus juste notre modèle social.
FINANCER DE MANIÈRE RESPONSABLE ET DURABLE NOTRE MODÈLE SOCIAL
Nous devons assurer le financement et la pérennité de notre système de retraite en reculant progressivement l’âge de départ à 65 ans, en garantissant les dispositifs de carrière longue.
Ce ne sont pas à nos enfants de rembourser notre dette sociale.
Nous interdirons tout déficit de la Sécurité sociale.
Nous supprimerons le tiers payant généralisé pour redonner du temps médical aux médecins.
Nous voulons faire de la France le pays européen en pointe dans le domaine de la prévention de santé.
Chaque Français aura le droit à une consultation de prévention médicale tous les deux ans, remboursée par la Sécurité sociale.
Nous protégerons et renforcerons l’exercice libéral de la médecine
et engagerons une vaste consultation avec tous les acteurs de santé pour garantir l’avenir de notre système de santé et mieux rembourser les Français.
Nous porterons une nouvelle ambition pour l’hôpital public, qui sera renforcé dans son autonomie en partenariat avec les cliniques privées.
Il est indispensable d’associer pleinement tous les professionnels de santé au pilotage et à la gestion du système.
D’ici à 2022, nous viserons un « reste à charge » zéro pour les dépenses de santé les plus coûteuses pour les familles (optique, prothèses dentaires, audioprothèses et dépassements d’honoraires), grâce à un nouveau partenariat entre la Sécurité sociale et les organismes complémentaires.
INCLURE LES EXCLUS DE LA RÉPUBLIQUE
Avec 9 millions de pauvres en France, la situation est dramatique.
Nous lancerons un grand plan pluriannuel de lutte contre la pauvreté et l’exclusion.
Nous voulons aider nos aînés à vieillir dignement chez eux.
Pour accompagner la dépendance, nous soutiendrons en priorité les aidants familiaux afin qu’ils soient soulagés et secondés par des professionnels.
Plus généralement, nous mettrons en place un modèle assurantiel et solidaire : durant 5 ans, nous inciterons chacun à souscrire un contrat d’assurance dépendance, grâce à un crédit d’impôt.
Au-delà de cette période, l’assurance dépendance pourrait devenir obligatoire.
Nous diminuerons le reste à charge pour les personnes dépendantes.
Nous donnerons une nouvelle impulsion à la politique du handicap en particulier à l’école en renforçant la présence des auxiliaires de vie scolaire et au sein du milieu professionnel.
Nous lancerons un grand plan autisme en encourageant fortement la recherche européenne.
ROMPRE AVEC LES DÉCLASSEMENTS : L’ABANDON DE LA RURALITÉ, DE NOS OUTRE-MERS ET LA DÉSINDUSTRIALISATION DE LA FRANCE
Il n’y a aucune fatalité au déclassement rural.
Non la France n’est pas un désert.
Nous devons rompre avec le sentiment d’abandon du monde rural fondé sur des réalités inacceptables que nous combattrons parmi lesquelles : les déserts médicaux et la désertification des centres-villes, le développement économique, l’aménagement du territoire, le déploiement du numérique, des services publics et l’habitat.
La France souffre d’une véritable fracture territoriale.
Et l’inégalité territoriale est insupportable.
Il ne peut y avoir d’un côté la France des métropoles et de l’autre la France périurbaine et rurale.
Nous rétablirons un équilibre entre aires urbaines à forte concentration d’emplois, d’infrastructures et de services, et les zones rurales.
À l’image de ce qui a été pour la politique de la ville avec l’ANRU, nous voterons une loi de programmation pour la ruralité et les territoires.
Pour chaque euro investi dans la ville, nous investirons un euro dans la ruralité.
Nous imposerons un moratoire sur la fermeture des services publics en milieu rural, jusqu’à la création d’une agence de rénovation rurale et territoriale.
Enfin, grâce à un grand plan numérique, nous généraliserons l’accès au numérique et à la fibre sur tout notre territoire.
Les Outre-Mer font face aujourd’hui à un double défi politique et économique : celui de leur ancrage dans la République et celui d’un modèle économique en panne.
Nous devons restaurer le rôle de protecteur de l’État, garant de la sécurité et de l’ancrage dans la République des outre-mer, et prendre des mesures puissantes qui permettent de relever le défi économique et le défi de l’emploi.
Nous croyons à une France industrielle, moderne et digitalisée.
Parce que l’industrie est à la source de tout développement économique, nous favoriserons l’investissement et allégerons massivement les charges et impôts de production pour doper la compétitivité de nos entreprises industrielles et soutenir nos territoires qui vivent de plein fouet les mutations économiques.
RÉTABLIR LES ÉQUITÉS SOCIALES
À situation égale, traitement égal : nous supprimerons progressivement les régimes spéciaux de retraite et alignerons les régimes de retraite de la fonction publique sur le régime général.
Les commerçants, artisans et l’ensemble des travailleurs indépendants n’ont pas à choisir entre liberté et protection des individus.
Nous réformerons le RSI en le remplaçant par une caisse autonome de Protection des Indépendants pour respecter les spécificités de leurs métiers.
Nous créerons une allocation sociale unique plafonnée, fusionnant la majorité des aides sociales (hors handicap et retraite).
Plus simple et plus incitative à la reprise d’un emploi,
elle permettra également de lutter contre la fraude sociale
Nous sommes pour une société de solidarité mais pas une société d’assistanat.
Nous plafonnerons l’ensemble des aides sociales pour que les revenus du travail soient toujours supérieurs au revenu de l’assistance.
Nous avons tous des droits mais aussi des devoirs envers notre société.
Nous suspendrons le versement de toute aide sociale et tout crédit d’impôt durant 5 ans aux personnes qui commettront des fraudes fiscales et sociales lourdes.
Nous combattrons fermement les inégalités entre les femmes et les hommes, en particulier au niveau professionnel (avancement de carrière, rémunération...).
Aujourd’hui trop de mères isolées sont en grande difficulté financière, notamment parce qu’elles ne perçoivent pas la pension alimentaire qui leur est due.
Nous devons faire appliquer la loi.
C’est pourquoi, tous ceux qui n’assumeraient pas leurs responsabilités, se verront suspendre pendant 5 ans le versement des aides sociales et des crédits d’impôts.
Enfin, en matière de droits des femmes, nous ferons de l’interdiction du voile intégral dans l’espace public une réalité et sanctionnerons fermement toute violation répétée.
L’inégalité d’accès à la culture crée l’inégalité tout court.
Nous devons dès l’école créer un désir de culture et garantir à tout moment de la vie un accès facilité à toutes les formes de culture.
Nous veillerons particulièrement à la mise en valeur du patrimoine culturel français.
UN CONTRAT AVEC LA JEUNESSE DE FRANCE
Plus que tout autre, la jeunesse a l’impression d’être l’oubliée des politiques publiques.
Nous voulons lui donner les moyens d’exprimer ses talents, de s’émanciper et de créer.
La jeunesse sera au cœur de toutes nos politiques et nos ambitions.
À chaque jeune, son projet.
Nous mettrons en œuvre tous les moyens existants pour accompagner chaque jeune dans son projet – éducation, orientation, apprentissage, formations, insertion professionnelle, soutien à la création d’entreprise – et l’aider à révéler ses talents.
Aujourd’hui, les jeunes quittent le foyer parental de plus en plus tard parce que l’accès à l’emploi et au logement est largement fermé.
Pour les aider à acquérir leur indépendance et leur autonomie, nous faciliterons leur mobilité.
Trop de jeunes ne parviennent pas à trouver ou garder un emploi faute de permis de conduire ou de véhicule personnel.
Pour leur venir en aide, nous créerons « un contrat mobilité » résultant d’un partenariat entre l’État et les Régions permettant l’obtention du permis de conduire et la location du premier véhicule à prix extrêmement réduit pour les jeunes en recherche d’emploi.
Concernant l’accès au premier logement, qu’il s’agisse d’une location ou d’un achat, nous mettrons en place un mécanisme de caution pour les jeunes ménages avec une garantie publique.
Nous devons également repenser totalement avec les Régions, nos offres de formation et d’apprentissage pour préparer nos jeunes aux emplois d’aujourd’hui mais surtout de demain.
Nous mettrons en place une exonération totale des charges sociales pour l’embauche d’un jeune en alternance.
Nous généraliserons progressivement la formation en alternance à l’ensemble des formations.
Trop de jeunes décrochent du système scolaire aujourd’hui, alors que nous pouvons mettre à profit toutes les bonnes volontés pour les encadrer.
À travers un vaste plan de mobilisation de la société civile, nous mettrons en place un véritable suivi personnalisé dans tous les lieux mis à disposition des jeunes décrocheurs.
UN CONTRAT DE RENOUVELLEMENT ET DE MODERNISATION DE LA VIE PUBLIQUE
Élection après élection, les Français s’interrogent sur leurs institutions, sur l’efficacité de l’État et de l’action publique, et sur l’exemplarité de leurs représentants.
Ceci se traduit par une désaffection croissante des citoyens pour l’action publique.
Nous devons combler ce fossé entre les citoyens et leurs dirigeants.
Nous voulons des institutions plus efficientes et surtout plus transparentes.
Nous associerons les citoyens aux décisions publiques qui les concernent, grâce au référendum, y compris numérique, et aux consultations nationales et locales.
Nous voulons rendre compte systématiquement des résultats des politiques publiques menées, ce qui marche, mais aussi ce qui marche moins bien pour pouvoir améliorer les mesures prises.
Nous voulons de nouveaux rapports entre l’administration et les administrés, les citoyens et les élus, parce que nous croyons en la République de la confiance.
Nous réduirons le nombre de parlementaires, et refonderons leur statut.
Nous renforcerons le rôle du Parlement dans sa fonction de contrôle de l’action du Gouvernement.
La séparation des pouvoirs garantit la solidité de notre République.
Nous voulons des institutions fortes, transparentes et équilibrées.
Nous lutterons contre l’excès de bureaucratie et le poids des normes qui paralysent notre pays.
Nous nous engageons à accélérer la prise de décisions publiques, car la lenteur est l’ennemi de la croissance.
La France ne jouera pas à armes égales avec les autres pays tant que l’on s’imposera toujours plus de normes et de contraintes qu’aux autres, et que l’on ne me mettra pas fin à la surtransposition des règles européennes.
L’administration doit d’abord conseiller puis contrôler.
L’uniformité ne peut pas être la règle.
Nous permettrons l’ajustement des règles et normes aux réalités des territoires en donnant un pouvoir d’adaptation aux acteurs locaux.
Les Français ont choisi un président de la République qui veut être ni de droite, ni de gauche.
Clarifions les choses et donnons à la France une majorité claire et cohérente, une majorité de droite et du centre, pour de nouvelles protections, de nouvelles libertés, et de nouvelles équités.
Les institutions de la ve République sont solides et nous les respecterons.
Nous gouvernerons sans esprit d’affrontement.
Notre majorité sera une nouvelle chance pour la France.
Fort du soutien des Français, nos institutions nous permettront de mener les réformes urgentes dont notre pays a besoin, dès l’été.
Voilà l’ambition que les Républicains et l’UDI portent en voulant donner clairement une nouvelle majorité à la France.
Nous y sommes prêts."
31624_201706,MoDem,Mouvement Démocrate,493,"La France solidaire : le programme
Nos Propositions
La France est une grande nation, admirée pendant des siècles pour sa culture et ses valeurs : les droits de l'homme, la créativité artistique, la liberté de ses intellectuels…
Nous avons été un pays respecté, offrant une référence à bien des populations opprimées.
Les Français sont un grand peuple.
Les épreuves ne l'ont pas épargné mais chaque génération a su puiser jusqu'ici dans sa foi en l'avenir et dans les valeurs de la République la fierté et le dynamisme nécessaires.
Nous en sommes capables à nouveau.
Mais en ce début du 21e siècle, nous voici confrontés à de grandes difficultés.
Notre société a subi des mutations profondes qui ne sont pas toutes des progrès.
Chacun le voit bien : le profit n'est pas équitablement partagé.
La grande entreprise apparaît trop souvent comme la propriété de ses seuls actionnaires, et la place des salariés n'est pas reconnue comme elle devrait l'être.
Une politique d'endettement public sans frein nous appauvrit chaque jour davantage.
En outre, de mauvais choix de politique industrielle ont conduit à sacrifier une grande part de notre appareil de production nationale.
Ce que nous savons faire, nous devons le faire : produire à nouveau en France n'est pas une utopie mais une nécessité.
Ce qu'ont fait d'autres nations voisines, nous pouvons le faire.
Dans le même temps, alors que l'école de la République fut longtemps un modèle pour une large partie du monde, les maîtres ne se sentent plus respectés, les voies sur lesquelles sont entraînés un grand nombre d'élèves semblent par avance condamnées.
Des jeunes ont de plus en plus de difficultés à trouver l'emploi qui les rendra autonomes.
Un peuple dont la jeunesse doute n'a pas d'avenir.
Nous devons redéfinir la façon dont nous voulons instruire.
Pour autant, nous ne croyons pas au déclin de la France.
La chute que certains nous prédisent n'est en rien une fatalité.
Nous pouvons reconstruire notre avenir commun si nous avons le courage de la lucidité, si nous avons confiance les uns envers les autres.
À condition que soient tracées les voies claires du redressement.
C'est l'ambition du Mouvement Démocrate : indiquer le chemin qui permettra à tous de retrouver l'espoir et la dignité, autour des valeurs qui cimentent notre unité nationale.
La liberté.
Les Français, dit-on, sont frondeurs, prompts à la révolte.
Tant mieux si ce sont là les signes d'un peuple libre.
Il n'appartient qu'à nous de le rester en veillant à ce que la loi ne définisse que des règles essentielles de justice commune et compréhensibles par tous ; la loi se perd lorsqu'elle jargonne et se fait texte de circonstance.
Il nous faut de toute urgence rendre confiance au peuple dans sa justice et dans ses élus.
Ceci impose de moraliser immédiatement la vie publique
et de garantir aux magistrats une réelle indépendance.
De même, la démocratie ne peut demeurer vivante et proche de chacun que si les élus locaux, les syndicats et les associations conservent leur autonomie.
L'État doit cesser de rabaisser les corps intermédiaires et de pratiquer une centralisation rampante.
L'égalité.
La justice sociale est redevenue un enjeu essentiel.
La voie de l'ascension sociale est bloquée pour trop de nos compatriotes.
L'enjeu n'est pas que nous soyons tous identiques, mais que chacun bénéficie de deux choses : du minimum nécessaire pour garantir sa dignité d'être humain
et des chances lui permettant d'exprimer ce qu'il a de meilleur en lui.
Ceci justifie que nous repensions les formes de la solidarité pour mieux en défendre le principe.
Nous ne voulons pas qu'à l'avenir la qualité des soins auquel chacun devra avoir accès dépende de sa capacité financière.
Nous refusons une société qui conditionne la vie de nos concitoyens à leur carte bleue.
La fraternité.
Ce n'est pas en opposant les Français les uns aux autres que l'on bâtira un avenir meilleur.
L'identité nationale est une belle ambition si elle se conçoit comme un projet commun en faveur des valeurs républicaines et humanistes ; elle n'est que le signe désastreux de la peur si elle se présente comme une citadelle assiégée.
C'est pourquoi je défends en même temps la laïcité et la tolérance.
Seule, la laïcité peut garantir la diversité des opinions et des croyances ; seul l'esprit de tolérance permet d'accepter les différences.
L'ouverture aux autres reste la meilleure façon d'éviter des conflits inutiles et de faire triompher la cause de l'homme ici et dans le monde.
C'est une République du respect que nous proposons de construire.
La crise que traverse la France est la plus grave que nous ayons vécue depuis plus de cinquante ans.
Pour autant, nous allons nous en sortir.
La France est riche de talents, de créativité, d'énergie, de compétences.
Les mauvais jours finiront, à condition de choisir une stratégie claire pour assurer le redressement de la France.
Mais la première condition est de comprendre avec lucidité que la crise ne vient pas d'ailleurs.
Elle vient de chez nous, de mauvaises décisions accumulées au travers du temps, de facilités trop longtemps consenties, de démagogies multipliées.
Ce n'est ni la faute de la mondialisation, ni la faute de la finance internationale, ni la faute de l'Europe, ni la faute de l'euro, si nous n'arrivons pas à apprendre à lire aux enfants, ou si nous avons perdu les secteurs de production que nos voisins ont conservés et développés.
C'est notre responsabilité.
Et c'est un grand motif d'optimisme.
Car si les erreurs et les fautes sont chez nous, nous pouvons les corriger.
C'est la meilleure nouvelle du moment de crise que nous vivons : notre destin nous appartient.
Le redressement des finances publiques
Un objectif
·               Atteindre l’équilibre budgétaire en 2016 en répartissant à part égale l’effort de redressement des finances publiques entre recettes et dépenses, à hauteur de 50 milliards d’€ de baisse des dépenses et 50 milliards d’€ de hausse des recettes;
·                à cet effet, inscrire la « règle d’or » de discipline budgétaire dans la constitution.
Agir sur les dépenses
·               Maintenir pendant deux ans le niveau de la dépense publique.
·               Réexaminer en profondeur toutes les missions, l’organisation et le train de vie de l’Etat (économies de fonctionnement, subventions…)
·               Conclure un pacte de modération financière avec les collectivités locales,
·                clarifier les compétences
·                et mutualiser certains services.
·               Consolider et rationaliser les dépenses de sécurité sociale (réorganisation des services et des prestations).
Agir sur les recettes
·               Au titre des niches fiscales et sociales, donner un coup de rabot général de 15 % sur 3 ans et supprimer les niches non fondées, comme l’exonération de l’impôt sur le revenu des heures supplémentaires, la « niche Copé », ou la déduction d’intérêt au titre des emprunts pour prises de participation.
·               Affecter une hausse modérée de TVA à la réduction du déficit budgétaire, à hauteur de 1 point et, deux ans plus tard si la croissance n’est pas au rendez-vous, d'1 point supplémentaire.
·               Au titre de l’équité, rendre l’impôt sur le revenu plus progressif, par le passage de la tranche de 41 % à 45 % et la création d’une tranche à 50 % pour les revenus supérieurs à 250 000 € par part.
·               Transformer l’ISF en Contribution de Solidarité sur le Patrimoine (CSP) plus simple et transparente.
·                Pour tout patrimoine au-dessus de 1 million d’€, compte tenu des abattements actuels inchangés, un revenu théorique de 1 % est intégré dans la base de l’Impôt sur le Revenu.
·                Ainsi la progressivité est assurée et la solidarité aussi.
·               Mettre en place une taxe sur les transactions financières internationales avec les partenaires européens.
·               Créer une Haute autorité de lutte contre la fraude fiscale et sociale, composée de magistrats, pour lutter contre toutes les formes de fraude.
Produire
Un environnement favorable à la production
·               Créer un Commissariat national aux stratégies.
·                Cette structure légère aura pour objectif de mobiliser et coordonner tous les acteurs du redressement économique du pays et définir filière par filière une politique de production à long terme.
·               Simplifier les contraintes administratives et fiscales parce qu’une entreprise, comme une famille, a besoin de visibilité, et pas d’un paysage juridique en perpétuel mouvement.
À l’image du « Small business Act » américain, établir des règles propres aux petites entreprises pour favoriser leur accès au crédit, aux marchés publics, à la sous-traitance,
et créer un guichet unique, avec un correspondant administratif unique de l’entreprise pour l’accompagner, l’informer de ses droits, et prévenir les pénalités.
Diviser par deux les déclarations administratives.
·               Expérimenter la hausse de 50% des seuils sociaux des entreprises, de 10 à 15 salariés et de 50 à 75 salariés, et observer son effet sur la création d'emploi.
·               Mettre en réseau les grandes entreprises et les PME, pour créer une complémentarité profitable, encouragée par un avantage fiscal lorsqu’il y aura investissement en faveur des PME.
·               Créer un outil de financement propre : un établissement financier, régionalisé, associant les  collectivités locales, dédié au financement des PME et des entreprises de taille intermédiaire.
·               Créer un livret d'épargne industrie : le réarmement économique de la France suppose qu'une partie de l'épargne soit dirigée vers l'industrie, sous la forme de ressources nouvelles.
·               Compléter le crédit impôt-recherche par un crédit impôt-innovation.
·               Rétablir l’incitation fiscale, réduite en 2010, au profit de ceux qui investissent dans les entreprises non cotées.
·               Au total, l'Etat doit garantir au moins l'égalité de traitement entre PME et grandes entreprises du CAC 40.
·               Limiter dans le temps le statut d’auto-entrepreneur et aider son bénéficiaire à rejoindre le statut de droit commun.
·               Engager une réflexion conduisant à un allègement progressif d’une part significative des cotisations assises sur le travail.
·               Permettre aux entreprises de moins de 50 salariés, aux artisans et aux commerçants de créer un emploi sans charges, pendant deux ans, si elles recrutent un jeune en premier emploi ou un chômeur sous la forme d'un CDI (à condition de n'avoir pas préalablement supprimé de poste de travail).
Un label «produit en France»
·               Créer un label indépendant pour que les consommateurs puissent connaître la provenance, ou la part française des produits qu’ils achètent.
·               Associer les consommateurs à la démarche du « produire en France ».
·               Développer l’image de marque du « produit en France ».
·               Privilégier la qualité en allongeant à 5 ans la durée de garantie légale des produits.
Une nouvelle économie sociale et solidaire
·               Soutenir l’économie sociale et solidaire en leur facilitant l’accès à la commande publique et en promouvant l’innovation sociale.
·               Promouvoir toutes les forces de distribution en circuit court du producteur au consommateur, favoriser les coopératives de production et de distribution,
·               créer un nouveau type d’entreprise, « l’OSEE » (entreprises à Objet Social Environnemental et Economique).
·                Ces entreprises OSEE verront leur taux d’impôt sur les sociétés minoré.
·               Moduler la fiscalité des entreprises en fonction des résultats et des efforts fournis en matière de responsabilité sociale, sur la base de normes européennes communes.
Numérique
·               Créer une zone économique autonome dans le monde Internet, dans laquelle on expérimentera un certain nombre de règles mises en place par les créateurs d’entreprises eux-mêmes.
·               Elaborer une stratégie nationale de développement fondée sur l’expertise du Conseil national du numérique et de l’ensemble des acteurs concernés.
·               Etendre aux business angels les avantages fiscaux dont bénéficient les fonds de capital risque et reconfigurer OSEO et le FSI.
·               Adopter une démarche positive du respect du droit d’auteur par le développement de l’offre de téléchargement à bas prix.
·               Faire de l’ouverture des données publiques non nominatives un droit garanti pour tous les citoyens et encourager les entreprises à ouvrir l’accès à leurs données.
Un dialogue social refondé
Recréer un environnement favorable au retour de la production en France,
cela se fera avec les ouvriers, les employés, les cadres, toutes celles et ceux qui constituent les forces vives de la France.
A travers des corps intermédiaires reconnus, ils participeront pleinement au développement et aux choix de leurs entreprises.
·               Rénover le dialogue social pour adapter l'entreprise aux contraintes extérieures.
·                L’Etat sera facilitateur et non pas décideur et ce dialogue portera sur les aspects suivants :
·               Négociation d’accords-cadres fixant, dans les différentes branches, le cahier des charges de la discussion sur le temps, la durée du travail et l'évolution des salaires.
·               Simplification du droit du travail pour revoir les dispositions devenues incompréhensibles et inapplicables.
·               Le CDD doit être strictement réservé aux cas prévus par la loi (missions à durée déterminée, emplois saisonniers…).
·               Un contrat de travail unique - le CDI - doit être désormais la règle : fondé sur une consolidation progressive des droits, il permettra de connaître le montant des indemnités dues, en cas de licenciement et diminuera le recours aux prud'hommes, long et aléatoire pour les parties.
·                C’est un élément de libération pour ceux qui voudraient embaucher mais craignent les contentieux coûteux.
·               Etendre le rôle des comités d’entreprise à la négociation des conditions de travail et des rémunérations.
·               Ouvrir aux salariés les conseils d’administration et les comités des rémunérations des entreprises, avec droit de vote.
·               Limiter les rémunérations excessives en excluant des charges déductibles au titre de l’impôt sur les sociétés les rémunérations (fixes et bonus) les plus élevées (au-delà de 50 fois le SMIC).
·               Supprimer les stock-options, sauf pour ls start-up.
Un droit à la formation renforcé
·               Créer un droit effectif à la formation tout au long de la vie, matérialisé par l’ouverture d’un compte formation continue personnel.
·               Soutenir la formation professionnelle qui est un facteur d'accès au premier emploi, de sécurisation des parcours professionnels et de reconversion.
·               Pour cela, remettre à plat les crédits à travers une Agence nationale dont la mission sera de transparence et de stratégie, de mise en ordre du secteur de la formation professionnelle.
·               Fluidifier le marché de l’emploi en mutualisant davantage les moyens de Pôle Emploi, des CCI, des maisons de l’emploi et des missions locales pour capter les emplois en entreprise et notamment dans les TPE et PME.
Une agriculture compétitive, préservée et durable
·               La politique agricole commune dans le cadre de la réforme en cours à l’horizon 2013 sera défendue avec trois objectifs non négociables :
·               - Le premier : défendre non seulement des productions, mais le tissu des producteurs, des exploitations familiales viables dont nos sociétés ont besoin pour conserver leur équilibre et défendre la ruralité.
·               Le premier objectif de la politique agricole commune est de défendre les agriculteurs qui sont les producteurs et qui animent le tissu agricole de notre pays.
·               - Le deuxième : permettre que les productions agricoles soient payées à leur juste prix, que les agriculteurs puissent en vivre sans avoir besoin d'intervention extérieure des pouvoirs publics et, compte tenu de l'entretien de l'espace et du patrimoine naturel dont on leur confie la charge au bénéfice de toute la société, obtenir des prix agricoles et des revenus agricoles qui compensent ces efforts d'entretien.
·               - Le troisième : obtenir une agriculture respectueuse de l'environnement, par une agriculture raisonnée, par une agriculture biologique avec des circuits de commercialisation courts et qui sera en elle-même une défense de notre patrimoine nature.
·               Encourager la filière viticole française qui a des atouts considérables.
·               Redynamiser les filières de nos industries agro-alimentaires.
·               Favoriser une conception nouvelle des bateaux de pêche, consommant moins de gasoil et la co-expertise scientifique sur la pêche en réunissant des scientifiques désignés par les autorités politiques et des scientifiques désignés par les pêcheurs.
Une finance au service de l'économie réelle
L’économie financière, celle de la spéculation, est en passe de dominer et parfois de détruire l’économie réelle, celle de la production, de la distribution, des biens et services.
Pour mettre fin à cette domination, cinq grands principes s’imposent :
·               Renforcer les pouvoirs et l’indépendance du régulateur européen face au lobby bancaire,
·               imposer les règles de prudence les plus strictes privilégiant le financement de l’économie réelle.
·               Plus la prise de risque est élevée plus elle doit être soumise à des règles de pénalités sur les fonds propres.
·               Etudier la séparation des banques de dépôt et des banques d’affaires.
·               Réguler strictement les marchés dérivés et de matières premières pour empêcher les opérations spéculatives.
·               Lutter effectivement contre les paradis fiscaux en pénalisant les établissements bancaires qui y ont recours.
·               Mettre un terme aux tarifications abusives en renforçant la transparence entre les banques.
La France, modèle de développement durable
La mutation que nous connaissons est une étape, irréversible, vers un autre modèle environnemental.
On ne pourra plus revenir en arrière.
C'est à une production et à une consommation plus durables, à un meilleur respect des ressources rares, à la lutte contre le réchauffement climatique que nous devons nous atteler.
C'est le but de l'écologie positive, tout entière au service de l'homme et de la nature.
La France doit être pionnière en la matière.
·               Financer les politiques de développement durable : créer un fonds d’investissement dédié au développement durable, alimenté par les quotas carbone issus du protocole de Kyoto, l’investissement privé, et l’épargne populaire.
·               Il investira dans l’efficacité énergétique du logement et des transports,
·               dans le capital des projets industriels d’énergie renouvelable,
·                la recherche dans le domaine des énergies nouvelles,
·                et la restauration et la préservation de la biodiversité.
·               Créer un malus environnemental sur les produits de consommation les plus nuisibles à l’environnement.
·               Rénover le bâti ancien pour limiter nos émissions de CO2 : simplifier et amplifier significativement le mécanisme des certificats d’économie d’énergie.
·               Créer un organisme public  privé pour accompagner les projets de rénovation énergétique, intervenant directement auprès des particuliers propriétaires ou des entreprises pour les conseiller dans les travaux les plus efficaces à envisager et pour faire le suivi des travaux afin que ces derniers soient effectués avec le plus d’efficience possible.
·               Moduler la taxe sur le foncier bâti en fonction de la performance énergétique des bâtiments.
·               Organiser un débat sur l’avenir de la production électrique en France, dès le début de la mandature, dont l’objectif est de définir un scénario et une feuille de route à un horizon 2030, avec des rendez-vous d’étape tous les 3 ans.
·               Cette feuille de route devra assurer à la fois l’approvisionnement électrique nécessaire, réduire le plus possible le recours aux énergies carbonées en visant un développement massif des énergies renouvelables qui devraient atteindre en 2030 40 % de la production électrique française.
·               Pour le nucléaire, énergie de transition, la garantie de sécurité des installations est non négociable.
·               Conforter l’indépendance de l’Autorité de Sureté Nucléaire en intégrant des experts européens et en donnant aux citoyens la possibilité de poser des questions avec obligation pour l’agence de donner une réponse publique.
·               Stabiliser et simplifier les règlementations administratives et fiscales pour les énergies renouvelables sur les 20 prochaines années.
·               Créer un consortium européen de l’énergie renouvelable, à l’image d’EADS, en lien avec nos partenaires européens.
·               Préserver la biodiversité : limiter l’imperméabilisation des sols en France à terme à 10 % maximum du territoire, en modulant notamment les dotations de l’Etat en fonction de la maitrise de l’étalement urbain.
·               Moduler dans un cadre européen l’impôt sur les sociétés en fonction de leurs performances environnementales.
Instruire
L'école de la réussite
Elle repose sur quelques certitudes.
L'enseignement valide, c'est celui qui unit l'acquisition de connaissances solides à l'épanouissement personnel.
L'un est l'appui de l'autre.
C'est dans l'expérience, le savoir-faire, l'humanité des maîtres que se situe, dans le premier et le second degré, le gisement de progrès de l'éducation.
La clé de l'égalité des chances, à l'école comme dans la vie, c'est la langue : elle est la priorité car elle donne accès, en même temps, à l'univers des connaissances, des sentiments et de la création.
Enfin, la valorisation méthodique des aptitudes est la condition de la mise en confiance, de l'estime de soi des élèves.
·               Ecrire un Contrat de progrès entre l'école et la nation qui garantira le maintien des moyens et précisera les objectifs que la nation assigne à son école.
·               Exclure la violence de l’école et refaire du respect la règle entre élèves et enseignants, dans la classe comme dans la cour de l’école.
·               Définir les méthodes pédagogiques par l’évaluation des résultats : ce n'est ni au gouvernement ni au président de la République de trancher des méthodes d'apprentissage, c'est à la classe, au résultat effectif, à condition qu'aucune méthode ne se voie exclue pour raison idéologique.
·               Fixer comme objectif la maîtrise de la lecture et de l’écriture à l’entrée au collège.
·               Si l’élève est en défaut, une pédagogie adaptée doit lui permettre de reconstruire son rapport à l'écrit.
·               Faire débattre le Parlement du principe des programmes et de leur lisibilité.
·               Maintenir le nombre d’enseignants, ainsi que le décret qui définit leur statut.
·               Défendre les concours de recrutement nationaux qui sont la voie la plus républicaine et la plus légitime pour sélectionner les enseignants du second degré.
·               Reconstruire une année de formation des enseignants, en alternance avec exercice dans la classe et transmission de l'expérience d'autres enseignants.
·               Rendre l’évaluation des enseignants plus objective, en réservant la notation pédagogique des enseignants à des évaluateurs expérimentés.
·               Mettre fin aux surcharges administratives.
·               Donner aux chefs d'établissement des possibilités nouvelles, par exemple recrutement direct des remplaçants, gestion des volumes d'heures pour organiser des soutiens individualisés ou en petit groupe.
·               Pour les élèves : consacrer 50 % du temps de travail à l’école primaire à la langue française.
·               Faciliter le repérage précoce des difficultés psychoaffectives.
·               Limiter l’emploi du temps des élèves à 28 h maximum en reconstruisant les rythmes scolaires.
·               Penser le nombre d’élèves par classe en fonction de la réalité de la classe, selon un principe simple : à classe difficile petit nombre d'élèves, à classe équilibrée et de bon niveau, plus grand nombre d'élèves.
·               Réorganiser le temps scolaire pour favoriser les activités artistiques et la créativité intellectuelle.
·               Rétablir l’enseignement de l’histoire-géographie en Terminale S autrement que comme une option.
·               Organiser les devoirs dans le cadre de l'établissement sous la surveillance de tuteurs, d'enseignants de l'établissement s'ils le souhaitent, d'enseignants à la retraite ou le plus souvent d'étudiants qui recevront une bourse pour se familiariser ainsi avec l'enseignement.
·               Créer des collèges « hors les murs » pour les élèves en échec, avec des pédagogies adaptées pour permettre une reconstruction et le retour, s'ils le souhaitent, à la voie classique.
·               Informer les élèves sur ce qu'ils ne maîtrisent pas, par exemple, les codes de comportement, d'habillement, de langage…
·               Pour les parents : créer des écoles associatives de parents, pour aider ceux qui ont des difficultés à accompagner leur enfant.
·               Permettre aux élèves de l’enseignement professionnel de découvrir les métiers, à travers une information sur les métiers tout au long du collège, la découverte des entreprises et des chantiers.
·               Développer l’apprentissage et l’enseignement en alternance.
·               Développer l’e-learning.
·               Ouvrir les établissements scolaires en dehors des heures de cours à la demande d'éducation de la société.
·               Réfléchir à l’organisation d’un baccalauréat d’excellence littéraire et scientifique, parce que l’obligation à choisir entre littéraire et scientifique pour un certain nombre d'élèves est un choix trop difficile.
·               Refonder l’articulation entre secondaire et supérieur en repensant la Terminale comme une véritable préparation à l'entrée dans l'enseignement supérieur.
·               Créer une Agence nationale de l’orientation qui dise la vérité aux jeunes au moment où ils s’engagent dans une formation en fournissant les chiffres réels de ce qui les attend à la sortie
Sport
·               Défendre le principe européen du fair-play financier (on ne dépense pas plus que ce que l’on gagne) et réguler les salaires des sportifs.
·               Renforcer les contrôles antidopage grâce à l’intervention de médecins indépendants.
·               Reconnaître le travail effectué par les fédérations sportives et améliorer leurs relations avec l’Education nationale.
·               Encourager le sport à l’école dans le cadre du réaménagement des rythmes scolaires.
·               Préserver le système français et européen de passerelles entre le sport amateur et le sport professionne
Enseignement supérieur et recherche
L'enseignement supérieur est le couronnement de l'édifice dont l'école, le collège et le lycée constituent le socle.
Pour aller à l'essentiel, je dirai de notre enseignement supérieur que sa modernisation doit être poursuivie, de notre recherche qu'elle doit continuer à viser l'excellence internationale et de l'innovation qu'elle mérite d'être amplifiée dans notre pays.
Quant à la méthode, je souhaite, non une marche forcée vers une sélection hâtive, mais une maîtrise concertée du changement, un accompagnement de la communauté universitaire, un pilotage plus efficace de la recherche.
·               Préserver le service public national de l’enseignement supérieur, dans le statut des enseignants, dans la délivrance des diplômes et dans son mode de fonctionnement qui doit reposer sur la coopération et non sur la concurrence entre les établissements et les personnes.
·               Développer l'autonomie des universités et revoir leur gouvernance pour assurer plus de démocratie et de collégialité.
·               Confier le recrutement des enseignants à des commissions de spécialistes disciplinaires.
·               Allouer les moyens aux Universités de manière plus transparente et moins rigide au travers d'un contrat de cinq ans qui fera l'objet d'une véritable négociation avec l'Etat et en liaison avec les collectivités locales qui le souhaitent.
·               Ouvrir une concertation pour définir l'organisation et les moyens nécessaires à l'enseignement supérieur et de la recherche pour lui permettre de relever les défis du futur.
·               Engager un rapprochement des universités et des grandes écoles.
·               Repenser l'organisation et le rôle respectif des différentes filières - licence, DUT, classes préparatoires – pour offrir à chaque étudiant une formation adaptée à ses besoins.
·               Pour mieux préparer les étudiants au marché de l'emploi, compléter les formations générales par une possibilité de formation en alternance.
·               Inciter les universités à devenir des acteurs centraux de la formation continue.
·               Adopter une loi d'orientation pour la recherche (2013-2017) qui aura pour but de redonner une perspective à la recherche, de préciser les priorités et le rôle respectif des divers organismes.
·               Rééquilibrer le financement public de la recherche en faveur du soutien de base des laboratoires.
·               Diminuer le poids des contraintes administratives d'évaluation et de gestion de la recherche.
·               Valoriser le parcours doctoral par l’incitation des partenaires sociaux à reconnaître le doctorat dans les conventions collectives et l’encouragement au recrutement de jeunes docteurs dans la haute fonction publique, nationale et locale.
·               Améliorer la vie étudiante par l'ouverture nocturne des équipements universitaires, bibliothèques, installations sportives et lieux de vies, assurée par des étudiants bénéficiant d’une bourse à cet effet.
·               Ouvrir une réflexion pour corriger, dans le sens d'une plus grande équité, le régime des aides actuelles (bourses, logement, demi part fiscale...)
·               Engager un programme de construction de logements étudiants coopératifs favorisant la colocation et la mixité sociale.
Culture
La culture doit être partie prenante du redressement de la France.
·               Insérer l’enseignement artistique dans les programmes scolaires.
·               Mettre en place des conventions de développement culturel passées entre l'Etat et les collectivités locales, pour une période de 5 ans (celle des contrats de projet Etat-régions) et une aide dégressive au démarrage des petites structures et compagnies.
·               Encourager le mécénat culturel comme cela est déjà fait pour les œuvres d'art ou la restauration du patrimoine.
·               Inscrire au cahier des charges des spectacles subventionnés de création des représentations supplémentaires qui multiplient le nombre des spectateurs à un coût réduit.
·               Faire adopter une loi sur la réhabilitation du patrimoine.
·               Faire ratifier par la France la Charte des langues régionales ou minoritaires.
·               Mettre en œuvre dans le secteur de la Francophonie une politique déterminée pour promouvoir notre langue.
Un nouveau contrat social
Retraite
La réforme du régime des retraites n’est pas achevée.
Un pas a été fait mais on n’est pas au bout du chemin, en termes de financement comme de justice, en particulier pour la prise en compte de la pénibilité et de la situation des femmes.
·               Instaurer un régime unique de retraite par points.
·                Il s'agit d'un régime fondé sur le principe de répartition auquel nous sommes attachés
·               et sur des droits individuels acquis par le salarié.
·                Cette réforme présente plusieurs avantages : - équilibre entre cotisations et pensions, une fois la réforme mise en place (après une période de transition nécessaire)
- transparence pour le salarié qui saura à tout moment ce que sera sa pension, en fonction de sa date de départ à la retraite
- justice car ce régime permet une meilleure prise en compte de la pénibilité, des rythmes de travail, des périodes d’engagement associatif…
- liberté, chacun pouvant partir à la retraite, plus tôt ou plus tard, en fonction d'un choix de vie personnel et d'un rachat éventuel de points
·               Rééquilibrer les petites retraites (agriculteurs, commerçants, conjoints) à travers un plan de rattrapage inscrit dans la nouvelle loi-cadre qui redéfinira l'architecture de la retraite.
Santé, dépendance, handicap
Pour la santé, ni l'équilibre ni l'équité ne sont aujourd'hui garantis.
Notre système de soins, reconnu pour sa qualité dans le curatif est moins performant dans le préventif.
Il conduit, si l'on n'entreprend pas les corrections nécessaires, à une médecine à deux vitesses, l'une pour les riches, l'autre pour les pauvres.
Quant à la dépendance, tout ou presque reste à faire face aux perspectives d'allongement de la vie et de perte d'autonomie pour le plus grand âge.
·               Mettre en place un « Bouclier santé » destiné à couvrir les personnes qui sortent des minimas sociaux et qui ne sont pas pris en charge par la Couverture Maladie Universelle (CMU) financé par une meilleure gestion de l’argent alloué à l’aide complémentaire santé.
·               Engager une réflexion sur une mutuelle universelle à l’exemple de ce qui se passe en Alsace et en Moselle.
·               Réorienter profondément la politique de santé publique vers la prévention.
·               Rendre confiance aux médecins hospitaliers et de ville en reconnaissant la primauté de l’acte médical sur les contraintes administratives.
·               Modifier la loi Hôpital, Patients, Santé et Territoire (HPST) pour passer d’une logique purement gestionnaire et administrative à une construction en réseau sur le territoire qui donne la priorité aux patients et aux médecins.
·               Etablir un bilan de la convention sur le prix de la consultation médicale.
·               Proposer une nouvelle définition du « numerus clausus » médical avec des places supplémentaires assorties d’un engagement de service de 10 ans dans une région déficitaire.
·               Instaurer des services médicaux de proximité (Urgences, maternité, soins ambulatoires), en amont des plateaux techniques des hôpitaux, pour lutter contre les « déserts médicaux » et garantir les soins à tous les malades et à tous les territoires.
·               Revaloriser la filière de médecin généraliste au cours des études médicales avec la mise en place de matières d’enseignement spécifiques, de stages plus précoces et plus nombreux.
·               Initier un « plan santé » pour prévenir les conduites addictives des jeunes (sensibilisation, information et prévention) et mobiliser les étudiants en médecine pour lutter contre les addictions dans les établissements scolaires.
·               Encourager une politique de prévention-santé dès l’école primaire (soins dentaires, lunettes, obésité…).
·               Développer une politique de santé au travail et de prévention des maladies professionnelles.
·               Créer une Autorité indépendante chargée de l’alerte, notamment en matière de santé et de sécurité sanitaire, et constituée d’experts totalement indépendants, dont la mission sera de déclencher l’alerte à temps avec des éléments tangibles.
·                Cette autorité pourra être saisie par les citoyens, les associations, les praticiens, les pharmaciens…
·               Lutter contre la surconsommation de médicaments et la multiplication des médicaments à service médical rendu insuffisant.
·               Lancer un plan « Face à la dépendance » qui devra capitaliser sur l'expérience acquise et qui fera jouer tous les leviers disponibles, recherche médicale et pharmacologique, amélioration de la prise en charge dans les maisons de retraite et les hôpitaux, construction d'une offre plus abordable pour les familles, appui aux aidants et mise en œuvre de la solidarité nationale.
·               Combiner solidarité nationale et mutualisation du risque et à terme inciter fortement une démarche de prévoyance associant solidarité nationale et mutualisation.
·               Rendre effective la loi sur l’accessibilité des bâtiments publics, en faisant établir une cartographie, une planification et un agenda afin que tous les édifices et les transports publics soient accessibles.
·               Poursuivre l’intégration des enfants handicapés en milieu scolaire ordinaire.
·               Aider et former les enseignants à leur prise en charge.
Logement
Plus de cinquante ans après l'appel de l'Abbé Pierre, la question du logement n'a pas été résolue dans notre pays.
La dispersion des responsabilités, la multiplicité des acteurs font que ce chantier, pourtant prioritaire, est loin d'avancer aussi rapidement que la situation l'exige.
Mal logés, jeunes ayant du mal à accéder à l'autonomie, expulsions, SDF, cette réalité témoigne de notre retard.
Je considère que le logement doit constituer une grande cause nationale pour les cinq prochaines années.
Je conduirai donc une action sur les volets suivants : ·               Mettre en place une mutuelle logement obligatoire pour les locataires qui garantisse les risques d’impayés et supprime les cautions.
·               Cela favorisera le retour sur le marché des logements vacants.
·               Porter le pourcentage de la loi sur la Solidarité et le Renouvellement Urbain (SRU) à 25% de logements sociaux dans les zones en tension et instaurer le blocage des dotations de l’Etat pour les communes qui ne la respectent pas.
·               Imposer la mixité sociale dans les programmes immobiliers.
·               Convoquer une Conférence Nationale du Logement qui définira les objectifs nationaux de construction, déclinés par région,
·                avec des aides décentralisées à la pierre et l’expérimentation d’une gestion décentralisée des aides à la personne.
·               Créer des « préfets de la cohésion sociale et du logement » dans les zones en tension en matière de logement social qui pourront prendre l’ensemble de la responsabilité « urbanisme » jusqu’à la délivrance des permis de construire.
·               Créer un observatoire des loyers qui rendra public les loyers, zone par zone et opposable aux tiers.
·                La taxation sera utilisée pour corriger les abus.
·               Créer des Observatoires des besoins Locaux pour aider les élus à se projeter vers l’avenir de leur ville, favoriser l’intercommunalité, équilibrer l’offre de logements, catalyser la construction.
·               Mettre en place des formules de logement « ultra social » en regroupant 3 ou 4 logements sociaux autour d’un animateur social.
·                Ce type de logement-relais sera imposé dans chaque plan local de l’habitat.
·               Mettre en place des programmes de cession des terrains de l’Etat à des fins de construction sociale ou avec engagement de prix de sortie accessible.
·               Concrétiser ces actions par une loi de programmation de cinq ans autour d’un nouveau plan de cohésion sociale.
Une société du respect
La France est plurielle comme elle l’a d’ailleurs toujours été.
Cessons de dresser les Français les uns contre les autres, de bâtir un mur de haine entre les nationaux et les étrangers que nous accueillons.
De même, pour que notre contrat social prenne tout son sens, l’urgence est au combat contre toutes les discriminations, contre toutes les intolérances.
·               Créer un ministère de l’Egalité, qui s’occupera de toutes les égalités nécessaires en France et de la lutte contre les discriminations.
·               Généraliser les bourses au mérite pour mieux reconnaitre les réussites issues de l’immigration.
·               Développer les enquêtes sur la diversité pour mieux évaluer l’efficacité de la politique de lutte contre les discriminations.
·               Insérer dans la loi sur les Nouvelles Régulations Economiques (NRE) des indicateurs précis sur le genre, l’âge, le handicap et l’origine et contraindre les entreprises de plus de 500 salariés comme les administrations à faire des progrès chiffrés sur ces critères.
·               Créer un contrat de vie partagée, sans connotation de vie de couple, qui permettrait de sécuriser et d'encourager à la vie commune.
·               Reconnaitre le droit de vote aux élections municipales aux étrangers qui résident en situation régulière en France depuis au moins 10 ans.
·               Mener une politique de rigueur à l’encontre des étrangers qui entrent sur le territoire de manière illégale, mais régulariser les étrangers sans papiers, sous condition de travail, d’insertion, de logement et de maîtrise de la langue.
·               Renforcer l'obligation de parité dans le cadre du référendum de moralisation de la vie publique pour que l'on sorte enfin de cette anomalie qui met la France à la 61ème place parmi les pays du monde pour la place des femmes dans la vie publique.
·               Garantir l’égalité salariale entre hommes et femmes en pénalisant financièrement les entreprises peu vertueuses
·               et combattre la multiplication des contrats à durée déterminée à temps partiel qui frappent particulièrement les femmes, dans le cadre de la mise en place du contrat de travail unique.
·               Faire voter une loi-cadre sur la violence conjugale, afin d’améliorer la prévention et l’accompagnement des femmes qui en sont victimes.
·               Reconnaître le lien parental avec le deuxième parent pour préserver les droits de l’enfant adopté par un célibataire homosexuel.
·                Pour les couples désirant un engagement, reconnaître l’égalité de droits sous forme d’une union reçue en mairie et inscrite à l’état-civil.
Un nouveau contrat démocratique
L'équilibre des institutions
Les Français ont perdu confiance dans leurs institutions et dans leurs dirigeants.
Ils sont sceptiques sur la capacité du pouvoir politique à changer le cours des choses, ils doutent de l’indépendance de leur justice et éprouvent un sentiment d'insécurité, dans leur emploi et dans leur vie quotidienne.
Si l'on ne sort pas de ce climat dépressif, la défiance, y compris entre citoyens, pourrait devenir la règle, détruisant le socle du vivre ensemble.
Je veux restaurer la confiance entre les citoyens et leurs représentants.
Le 10 juin, jour du 1er tour des élections législatives, je soumettrai au référendum une loi-cadre sur la moralisation de la vie publique qui réglera une fois pour toutes les questions qui demeurent insolubles depuis des lustres et des décennies faute de volonté.
·               Composer un Gouvernement resserré de moins de 20 membres.
·               Mettre fin au cumul du mandat et d'une fonction locale pour les députés, le limiter pour les sénateurs.
·               Supprimer les délégations de vote au Parlement, avec présence obligatoire et caractère public de tous les scrutins.
·               Supprimer la myriade de micro-partis de complaisance, destinés à contourner les règles de financement de la vie politique et des campagnes électorales.
·               Interdire pour dix ans le retour dans la vie publique des élus condamnés pour corruption.
·               Adopter une loi électorale plus juste et plus représentative, avec la réduction du nombre des députés à 400 environ, dont les ¾ seront élus au scrutin majoritaire actuel et ¼ à la proportionnelle.
·                Cette combinaison permettra une représentation de tous les courants dépassant le seuil de 5 % des suffrages exprimés et la constitution d'une majorité à l'Assemblée nationale.
·               Réduire, dans une proportion comparable, le nombre des sénateurs.
·               Reconnaître le vote blanc, à toutes les élections, comme suffrage exprimé.
·               Renforcer la règle de la parité hommes-femmes.
·               Définir par la loi les conflits d'intérêts, comme l’interférence entre l’exercice d'une mission de service public et la satisfaction d'un intérêt privé.
·               Rendre obligatoire une déclaration des intérêts privés avant l'entrée en fonction, étendre les règles d'incompatibilité, créer une Autorité nationale de déontologie de la vie publique pouvant être saisie par tout citoyen.
·               Affirmer l’indépendance des médias.
·                Elaborer de nouvelles règles applicables à la détention du capital des médias pour mieux assurer le pluralisme de l'information.
·               Mettre fin à la nomination des présidents de l’audiovisuel public par le chef de l’Etat.
·               Créer un grand service audiovisuel extérieur, avec la rationalisation des offres de TV5 et de France 24.
·               Préserver l’indépendance de l’Agence France-Presse.
·               Privilégier exclusivement la compétence, l’expérience, la capacité personnelle et la loyauté pour progresser au sein de l’Etat.
·               Etablir une procédure nouvelle applicable aux plus hauts emplois pour éviter les nominations de complaisance : soumission, après audition, à une véritable approbation parlementaire.
·               Nommer un gouvernement d’unité nationale composé d’hommes et de femmes issus des grandes familles de pensée de notre pays, à l’exception des extrêmes qui n’adhèrent pas aux valeurs sur lesquelles notre civilisation repose.
·               Ouvrir la majorité parlementaire à toutes celles et tous ceux qui se reconnaissent dans le projet présidentiel choisi par les Français le 6 mai, capables de privilégier l’intérêt du pays sur l’intérêt d’un parti.
·               Incarner une présidence impartiale.
·                Le Président est celui qui inspire l'action politique, qui en garantit la concrétisation.
·               Il a le devoir de fédérer, de représenter le peuple tout entier.
·                C'est pourquoi, il ne peut être un chef de parti.
·               Rendre compte régulièrement aux Français des grands enjeux de notre pays, de l’Europe et du monde.
·               Réduire le salaire du Président et des ministres de 10 %.
·               Réduire le train de vie de l’Elysée de 20 %.
·               Confier au Premier ministre la conduite de l’action gouvernementale et la mise en œuvre des orientations du projet présidentiel.
·                Le Premier ministre doit disposer de l’autonomie nécessaire pour définir les voies et moyens.
·                Il remplit une mission de coordination ministérielle permanente, rehaussée par sa responsabilité politique devant l’Assemblée nationale.
·               Renforcer les pouvoirs du Parlement qui est le lieu du débat démocratique, de la confection des lois et du contrôle de l’action gouvernementale.
·               Créer une Autorité indépendante chargée de la vérification de l’application de la loi.
Les corps intermédiaires
Aux côtés de la démocratie politique et des institutions élues, il y a la démocratie sociale et les corps intermédiaires.
Ils sont pour nous des partenaires de l’Etat, qui les traitera d’égal à égal, en les considérant, en les écoutant, en les respectant.
Parce qu’il n’y a pas de démocratie viable sans corps intermédiaires, sans syndicats, sans presse libre, sans associations.
·               Ouvrir, dès la fin du processus électoral, un travail approfondi qui pourra prendre plusieurs mois sur l'évolution de la démocratie sociale en France, et dont l’objectif est de constitutionnaliser ses grands principes.
·               Présenter la loi de 1901 et sensibiliser à la création d'association dans les programmes d'éducation civique au collège et au lycée.
·               Etablir un cadre juridique pour l’emploi du bénévole associatif, défini et protégé par la loi.
·                Sans toucher au principe de la gratuité de l’engagement, permettre un remboursement plus facile des frais engagés par les bénévoles, et une prise en compte de leurs acquis et de leur expérience.
·               Renforcer le Haut Conseil à la vie associative, pour en faire un vrai lieu de débats et d'échanges où les associations pourront s'exprimer.
·               Créer des bourses d’engagement, par exemple pour les jeunes ou les personnes retraitées, afin de soutenir des actions associatives reconnues.
·               Reconnaître l’engagement associatif dans la validation des acquis pour l’obtention d’un diplôme.
·               Garantir aux associations une stabilité en soutenant la signature de Contrats d'objectifs pluriannuels chaque fois que cela est possible, afin de réduire ""la paperasse"".
·               Garantir que chaque euro contractualisé sera effectivement un euro versé à l'association.
L'indépendance de la justice
La justice en France n’a jamais été réellement indépendante en dépit de toutes les promesses de réformes, de gauche comme de droite.
Or, il ne peut y avoir de peuple libre sans une justice libre et sereine.
Je veux instaurer une fois pour toutes cette garantie.
La loi commune ne sera respectée que si chacun sait qu’elle s’applique de la même façon, aux puissants comme aux plus petits.
·               Assurer l'indépendance et l'efficacité de la justice.
·                Faire approuver la nomination du ministre de la justice par une majorité qualifiée de l’Assemblée nationale.
·               Il définira la politique pénale de la nation et sera responsable devant l’Assemblée nationale, par laquelle il pourra être censuré.
·               Rééquilibrer le Conseil supérieur de la magistrature pour garantir son indépendance et nommer les procureurs sur avis conforme de ce conseil.
·               Interdire les instructions individuelles en matière de poursuite.
·               Assurer l'égal accès de tous à la justice.
·                Doter chaque tribunal d'un service public d'accès à la justice chargé d'orienter et conseiller les justiciables.
·                Développer la médiation pour éviter les procédures inutiles et coûteuses.
·                Simplifier le droit et renforcer l’obligation de motivation des jugements.
·                Apporter des aides matérielles supplémentaires aux magistrats et aux greffiers pour assurer leurs missions.
·               Assurer à la fois l'effectivité des sanctions de tous les délits et la prévention de la récidive.
·                Développer les alternatives à la prison pour les primo-délinquants.
·               Maintenir une justice spécialisée pour les mineurs conformément aux engagements internationaux de la France.
·                Engager une réforme du système pénitentiaire pour lui rendre sa dignité et le mettre en conformité avec les normes européennes.
·                Mettre l’accent sur la formation générale et professionnelle et la préparation à la réinsertion du détenu à sa sortie de prison.
·                Durant le temps de la détention, la privation de liberté doit être la seule sanction qu’il peut recevoir.
Les territoires de la République
Redresser la France, bâtir un projet de solidarité, c’est tendre à l’égalité pour tous mais également partout.
Si la France est riche de la diversité de ses territoires, elle souffre également d’une grande disparité entre ceux-ci, qui vont jusqu’à empêcher nos concitoyens d’accéder aux services de base.
Je veux rétablir l’égalité entre les territoires, préalable nécessaire à l’avènement de la justice sociale.
·               Réinstaurer un climat de confiance entre les élus et l’Etat et conclure un pacte de modération financière entre les collectivités locales et l’Etat accompagné d’une révision des dotations réorientées vers la réduction des inégalités entre territoires.
·               Clarifier les compétences entre les départements et les régions (transports, éducation, économie) et proposer la mutualisation de certains services.
·               Rendre aux assemblées locales élues leur autonomie fiscale.
·               Laisser aux élus locaux le pouvoir de créer les intercommunalités selon la pertinence géographique et la cohérence des projets.
·               Développer une péréquation fiscale entre collectivités locales.
·               Maintenir les services publics de proximité dans les territoires et les réimplanter là où ils ont disparu.
·               Couvrir le plus rapidement possible tout le territoire en très haut débit.
·               Instaurer une ""évaluation citoyenne"" des promesses des élus, ouverte aux experts, aux associations et aux citoyens et qui permettrait de faire chaque année le point sur la politique menée par le gouvernement en faveur des banlieues.
·               Favoriser l’installation de maisons médicales de premiers secours pour maintenir une médecine de proximité.
·               Redynamiser les territoires ruraux par des politiques cohérentes :
·               1) Diversifier les activités, ·               encourager les énergies renouvelables, ·               les nouvelles productions agricoles ou forestières, ·               le télétravail, ·               la promotion du tourisme vert.
·               2) Proposer de nouvelles sources de financements aux entreprises : crédits, fonds propres ou systèmes de garantie plus opérationnels.
·               3) Offrir un meilleur accès à la commande publique dans le cadre d’un « small business act » à la française.
·               Lancer un plan « mobilité et numérique » visant à favoriser l’usage des nouvelles technologies en vue de réduire les mobilités (télétravail, transport à la demande, auto-partage, co-voiturage via les smart-phones).
·               Réexaminer notre réglementation nationale en matière de transports routiers et agir pour une convergence rapide des normes et des pratiques européennes.
·               Rationaliser l’usage des infrastructures routières existantes tout en confortant un maillage diversifié de nos territoires.
·               Adapter notre politique de sécurité routière aux territoires avec la prise en compte, par les forces de l’ordre, d’une cartographie des risques pour réduire encore le nombre de victimes sur les routes.
·               Demander la généralisation des systèmes anti-démarrage en cas d’alcoolémie excessive.
·               Promouvoir l’extension de l’implantation de radars pédagogiques.
·               Faire enseigner le code de la route au collège.
Outre-mer
·               Créer des zones franches globales à périmètre large.
·               Faire des Outre-mer le laboratoire français de l’excellence énergétique durable.
·               Bâtir un plan massif de lutte contre l’illettrisme.
·               Créer un bouclier santé pour les plus fragiles.
·               Rompre, après des Etats-généraux de la vie chère Outre-mer, avec les éléments qui entretiennent une véritable bulle de prix élevés.
·               Créer un Office de transports de l’Outre-mer qui gérera l’enveloppe de continuité territoriale et passera des conventions quinquennales tarifaires pour assurer au maximum la continuité territoriale.
Sécurité et tranquillité
La sécurité est un droit fondamental.
Elle est malmenée par la montée des incivilités, des violences à la personne, des atteintes aux biens dont les personnes vulnérables sont les principales victimes.
Seule une politique cohérente dans ses objectifs et dans sa durée agissant sur les causes, associant prévention et répression pourra produire des effets significatifs.
·               Enraciner des forces de sécurité, de surveillance et de prévention sur le terrain.
·               Désigner des sous-préfets dans les quartiers sensibles pour coordonner toutes les actions de l’Etat (sécurité, éducation, prévention, services publics…) avec obligation de résidence.
·               Renforcer la vidéosurveillance dans ces quartiers en complément d’un dispositif humain.
·               Instaurer une sanction – réparation immédiate avec des mesures éducatives pour chaque premier délit, particulièrement pour les très jeunes mineurs.
·               Soutenir les associations d’aide aux victimes dans leurs démarches de soutien et d’accompagnement.
La France en Europe et dans le monde
Affaires étrangères
La France doit promouvoir une politique étrangère dynamique et sereine qui s’appuiera sur la vision d’une Europe solidaire, c’est-à-dire :
·               Engager une nouvelle pratique diplomatique qui rompe avec l'opacité des réseaux parallèles et qui se fonde sur une nouvelle légitimité en renforçant le contrôle du Parlement.
·               Proposer une profonde réforme de l’Organisation Mondiale du Commerce pour intégrer les exigences sociales et environnementales.
·               Proposer le renforcement de la voix des pays en voie de développement dans la gouvernance mondiale en élargissant le Conseil de Sécurité des Nations Unies et en poursuivant la réforme des droits de vote au FMI et à la Banque Mondiale.
·               Proposer d’instituer un « crime contre la paix et la sécurité internationale » sanctionné par la Cour Pénale Internationale englobant notamment les actes de prolifération, de terrorisme et de piraterie.
·               Créer une Agence Mondiale de l’Environnement.
·               Inscrire dans un accord multilatéral de coopération contre l’évasion fiscale et le blanchiment les principes du G20 et du G8 en la matière.
·               Promouvoir les relations économiques mondiales sur le fondement de deux principes : le nécessaire équilibre Nord-Sud et la recherche d’une véritable réciprocité.
·               Organiser un grand sommet Union Européenne – BRICS (Brésil-Russie-Inde-Chine-Afrique du Sud) qui formalisera une nouvelle alliance entre l’Europe et les pays émergents dont le socle sera la sortie des populations de la pauvreté.
Europe
L'Europe est aujourd'hui à un tournant de son histoire.
Ou elle retrouvera son inspiration initiale de volonté et de solidarité, ou elle perdra sa singularité, je pourrais dire son âme.
Le rêve européen n'est pas mort mais il faut le ranimer.
Il y a urgence.
Je veux porter devant les Français les principes d’un nouvel élan européen, qui sera le leur, comme citoyens, une Europe accessible, compréhensible, mobilisatrice de nos énergies nationales et reconnue comme une zone de solidarité.
·               Elire un président de l'Union européenne au suffrage universel qui incarne, face aux intérêts nationaux, l’intérêt supérieur de l’Union.
·                Il coordonnera le Conseil et aura autorité sur la Commission.
·                S'il est besoin d'une transition, il peut être élu par un Congrès des parlements de l'Europe représentant à parts égales les parlements nationaux et le parlement européen.
·               Faire respecter le pluralisme au sein de l'Europe et l'égale dignité de tous.
·                Défendre et remettre en vigueur la méthode communautaire, comme une coopérative où l’on fait les choses ensemble, avec une Commission de plein exercice en charge de la défense de l’intérêt général européen.
·               Renforcer aux yeux des gouvernements nationaux et aux yeux des citoyens européens eux-mêmes l'importance, la légitimité des débats du Parlement européen.
·                Il faut que le Parlement européen fasse connaître à l'opinion publique son agenda largement à l'avance.
·               Retrouver une relation franco-allemande équilibrée, où la vision des deux pays est exprimée clairement aux yeux de tous, et ne se présente jamais comme dominatrice.
·               Reconnaître la zone Euro, par nature, comme une zone de solidarité et permettre à la Banque centrale européenne (BCE) d’intervenir, directement ou par un organisme interposé, lorsque les Etats ont besoin de refinancer leur dette, avec des contreparties de remise en ordre de leurs finances.
·               Favoriser l’émergence d’une Agence de notation européenne et la création d’un régulateur financier européen unique.
·               Permettre à la Cour des comptes européenne de vérifier la véracité des chiffres des comptes publics fournis par les Etats-membres, par l’intermédiaire d’Eurostat.
·               Mettre en place une Commission parlementaire de la zone euro composée de parlementaires nationaux et de députés européens.
·               Mobiliser davantage l’épargne des Européens et remettre en cause les normes comptables court-termistes pour valoriser les investissements européens à long terme.
·               Soutenir que l'Europe a besoin d'indépendance stratégique et lui donner une stratégie industrielle (politiques de recherche dans des grands programmes définis ensemble : bio technologies, nano technologies, programmes dans le domaine des énergies renouvelables, de l'astrophysique fondamentale, dans le domaine des matériaux, des sources d'énergie nouvelles et renouvelable).
·               Proposer que 10% du budget européen puisse être fléché vers des fonds liés à cette priorité.
·               Encourager l’émission d’emprunts à cet effet (project bonds).
·               Orienter la politique énergétique européenne vers une politique de lutte contre le rejet de gaz à effet de serre, pensée et voulue en commun, même si chaque Etat garde la maîtrise de ses grands choix.
·               Construire une vraie politique étrangère européenne qui fasse avancer nos valeurs.
·               Promouvoir une harmonisation du droit des étrangers et du droit d'asile et créer un corps européen de garde-frontières.
·               Préparer une action efficace d'aide au développement des pays les plus pauvres de la planète - ceci doit être une grande tâche européenne - qui va imposer un changement de conception du commerce international.
·               Bâtir une politique commune de la défense en Europe, pour que nous soyons capables de nous défendre ensemble.
Aide au développement
L'aide internationale au développement est une nécessité, elle ne doit pas être restreinte malgré la crise financière que nous traversons.
La France doit prendre toute sa part.
Sur la méthode, il convient aussi de corriger les formes que l'APD a prises depuis quelques années.
·               Faire de la taxe sur les transactions financières un véritable instrument de dégonflement de la bulle spéculative qui grève notre économie.
·               Affecter 10% des revenus de la taxe sur les transactions financières au développement, afin de venir à bout des plaies qui menacent la stabilité du monde, telle que la faim, l’illettrisme de masse, les pandémies et le dérèglement climatique.
·               Stabiliser cette ressource pour la planète, en la constituant comme financement extrabudgétaire pré-affecté à un organisme international chargé de centraliser les flux émanant des différents pays, tel UNITAID, et ainsi les redistribuer aux différents pays et causes bénéficiaires.
·               Tout faire d’ici la fin de la mandature pour respecter l’engagement qui a été pris par la France envers la communauté internationale, de consacrer à l'aide publique au développement 0,7 % de son PIB.
Défense
En matière de Sécurité la France doit maintenir intacte la capacité de sa Défense nationale, c’est-à-dire : ·               Maintenir le rang de la France en matière de défense nucléaire.
·                Sa force de dissuasion nucléaire restera crédible et indépendante avec ses deux composantes de forces.
·               Soutenir notre industrie de défense pour qu’elle soit non seulement le pivot de notre politique de Défense
mais aussi de notre politique industrielle.
·               Retisser le lien Armée-Nation, notamment en soulignant le rôle des Armées dans la promotion sociale aussi bien que dans la sécurité civile en cas de crise et en nouant un dialogue constructif avec les anciens combattants et les associations patriotiques.
·               Maintenir la gestion des ressources humaines de la Gendarmerie dans le périmètre du ministère de la Défense.
·               Refuser que la Défense soit considérée comme la « variable d’ajustement » budgétaire.
·               L’effort qui lui sera demandé sera le même que celui qui sera imposé aux autres administrations publiques du pays.
·               Respecter ses engagements vis-à-vis de ses alliés et promouvoir ardemment une politique de Défense européenne.
·               Maintenir une capacité de projection de ses forces et une capacité de renseignement autonome.
·               Approfondir la réflexion stratégique, préciser le cadre stratégique puis faire adopter par le parlement une nouvelle loi de programmation militaire et la mettre en œuvre sans reniements et sans à-coups."
31626_201706,LR,Les Républicains,282,"Majorité pour la France
Union de la droite et du centre
PROJET
PRÉAMBULE
Au lendemain de l’élection d’Emmanuel Macron face à la candidate du Front national, il est de la responsabilité de la droite et du centre de proposer une vraie alternance dans la clarté pour relever les défis qui se présentent à notre pays.
Le projet politique démagogique du Front national, nous conduira dans l’impasse et à la ruine économique.
Nous le combattons.
Le projet politique d’Emmanuel Macron était fondé sur la confusion et la demi-mesure.
Il a certes gagné la bataille de l’ambiguïté, nous gagnerons la bataille de la clarté.
Nous devons la conduire car nous avons entendu le message que les Français nous ont adressé lors du 1er tour de l’élection présidentielle.
Pour garantir une alternance franche, la droite et le centre veulent construire une majorité pour la France.
Parce que nous mesurons la défiance à l’égard de la parole publique, nous voulons parler à tous les Français, à tous ceux qui, quel qu’ait été leur choix politique passé, refusent le déclassement de notre pays et l’abandon de la ruralité, se sentent vulnérables, ne reconnaissent plus leur pays, ont perdu la maîtrise de leur propre vie, ou désespèrent de ne jamais pouvoir réussir en France.
En agissant pour tous les Français, nous portons une ambition, celle de voir la France renouer avec la réussite, retrouver la place dans le monde qu’elle n’aurait jamais dû cesser d’occuper,
redevenir une terre d’emplois,
de promotion sociale, d’égalité des chances.
Nous voulons une France décentralisée dans laquelle l’État donne une plus grande liberté et une véritable autonomie financière aux collectivités territoriales.
Les premières semaines de l’alternance seront décisives.
Il ne pourra y avoir la moindre place pour l’improvisation.
Avec une équipe resserrée, il faudra engager un programme de réformes exigeant dès l’été qui auront trait à la sécurité intérieure,
aux finances publiques
et à notre droit du travail.
Après François Hollande, nous ne pouvons plus nous permettre un quinquennat pour rien.
Nous voulons en face du nouveau Président, une nouvelle majorité pour la France : une majorité de droite et du centre.
Voilà pourquoi nous proposons ce contrat d’alternance crédible et transparent pour tous les Français en s’appuyant solidement sur les valeurs de la République.
RENFORCER LES 4 PILIERS DE LA RÉPUBLIQUE
La République est notre bien commun.
Elle repose sur quatre piliers principaux : l’école, l’entreprise, la famille, et la laïcité.
Notre priorité est aujourd’hui de sans cesse les fortifier.
Toutes nos politiques iront en ce sens.
Nous prendrons toutes les mesures nécessaires pour y parvenir.
L’école, parce qu’il n’y a pas d’ascenseur social sans école.
Au sens large, elle est aussi le lieu de l’apprentissage, de la formation professionnelle, de l’émancipation, de l’ouverture au monde et à la culture, de la liberté et de la valorisation du mérite.
Nous devons renforcer les savoirs fondamentaux – lire écrire, compter et connaître l’histoire de notre pays - pour qu’aucun élève n’entre au collège sans les maîtriser.
Nous abrogerons la réforme des rythmes scolaires et celle du collège.
Nous croyons dans la responsabilité des acteurs de l’éducation.
C’est pourquoi une plus grande liberté de gestion et d’organisation des établissements favorisera une meilleure transmission des savoirs.
Nous ferons du suivi individuel des élèves en difficulté notre priorité : tous les élèves doivent quitter le système scolaire avec une formation qualifiante.
Tous les Français ont le droit d’être formés tout au long de leur vie.
L’entreprise, qu’elle soit petite ou grande, mondiale ou locale, artisanale ou individuelle, est le lieu de la création de la richesse et donc du pouvoir d’achat.
Il n’y a ni progrès, ni innovation sans esprit d’entreprendre et sans travail.
Le travail dans l’entreprise ou ailleurs (associations, administration...) permet l’émancipation.
Aussi toutes les politiques doivent favoriser l’emploi, l’attractivité et le développement de nos entreprises.
La famille, parce qu’il n’y a pas de société durable sans la solidité des liens familiaux.
Les familles françaises ont profondément souffert de la politique de François Hollande.
Elles doivent être confortées.
Et parce que nous voulons relancer la politique familiale, nous rétablirons l’universalité des allocations familiales et relèverons le plafond du quotient familial.
La laïcité, parce qu’elle garantit la cohésion de la Nation.
Nous n’accepterons aucun acte ou comportement qui place les lois de la religion au-dessus de celles de la République.
L’idéal républicain est universaliste et refuse tout communautarisme.
Pour les cinq prochaines années, nous proposons un contrat d’alternance pour tous les Français qui sera l’expression d’une nouvelle ambition française pour redresser notre pays et restaurer l’autorité.
·               Un contrat pour le plein-emploi et le pouvoir d’achat
·               Un contrat pour restaurer l’autorité de l’État et garantir la sécurité des Français
·               Un contrat d’équité entre tous les Français
·                Un contrat avec la jeunesse de France
·               Un contrat pour renouveler et moderniser la vie publique
UN CONTRAT POUR LE PLEIN-EMPLOI ET LE POUVOIR D’ACHAT
Depuis 5 ans le chômage de masse s’est aggravé.
Pourtant, la France mérite le plein-emploi.
Pour y parvenir, une seule direction : plus de consommation, d’investissement, d’innovation, de souplesse, de liberté, de formation et surtout moins d’impôts.
C’est la liberté d’entreprendre crée la croissance et la compétitivité et non la dépense à crédit.
RENDRE DU POUVOIR D’ACHAT AUX FRANÇAIS EN BAISSANT LES IMPÔTS
Nous n’augmenterons ni la TVA, ni la CSG.
Nous baisserons de 10 % l’impôt sur le revenu pour tous les ménages et notamment les classes moyennes matraquées fiscalement.
Pour récompenser davantage le travail, nous rétablirons la défiscalisation des heures supplémentaires.
Parce que nous voulons soutenir le pouvoir d’achat des familles, nous rétablirons l’universalité des allocations familiales et relèverons le plafond du quotient familial au niveau de 2012.
Grâce au recul de l’âge légal de départ à la retraite, nous pourrons augmenter les petites retraites de 300 € par an, et les pensions modestes de réversion de 10 %.
Enfin nous veillerons à ce que la transmission du patrimoine entre les générations soit facilitée en réduisant de 15 à 10 ans le délai entre deux donations,
et ramènerons à 15 ans le délai de détention pour une exonération totale des plus-values immobilières, de façon à vivifier le marché du logement.
BAISSER LE COÛT DU TRAVAIL POUR LUTTER CONTRE LE CHÔMAGE
Nous baisserons les charges pesant sur le travail et la production qui étouffent nos entreprises et notre industrie en rapprochant leur niveau de la moyenne européenne.
Dans un contexte particulier lié au Brexit, nous diminuerons l’impôt sur les sociétés pour atteindre 25 % au terme du quinquennat.
Nous transformerons le CICE, véritable usine à gaz, en baisse durable de charges, pour simplifier la vie des entreprises et stimuler leur compétitivité.
Pour encourager l’investissement, assurer la pérennité des entreprises et
éviter l’évasion des capitaux, nous supprimerons l’ISF.
Aucun des grands pays européens n’a mis en place un tel impôt, cessons d’être l’exception européenne.
Nous proposerons pour l’épargne des Français une taxation forfaitaire de 30 %, en conservant le régime de l’assurance vie.
Parce que les règles ne peuvent pas changer tout le temps, nous garantirons la stabilité fiscale.
Pas de nouvelles lois chaque année, pas de rétroactivité.
CRÉER UN VÉRITABLE MARCHÉ DU TRAVAIL
Nous supprimerons les 35 heures et laisserons pendant 18 mois à chaque entreprise ou à chaque branche pour les petites entreprises, la liberté de négociation du temps de travail.
Tout travail supplémentaire devra être payé en conséquence.
Nous abrogerons le compte pénibilité et traiterons la pénibilité par l’amélioration des conditions de travail, une politique de prévention plus ambitieuse et une prise en compte de la situation réelle des salariés.
Le code du travail, qui est devenu un frein au recrutement, sera simplifié et allégé pour garantir les droits fondamentaux des salariés tout en les protégeant davantage.
Le dialogue social dans l’entreprise sera modernisé, notamment grâce au référendum d’entreprise.
Nous doublerons en outre les seuils sociaux et adapterons le droit du travail aux nouvelles façons de travailler.
Le marché du travail est trop rigide et freine les recrutements.
Nous plafonnerons les indemnités prudhommales pour mettre fin à l’insécurité juridique.
Dès la signature du contrat il faudra que les éventuelles causes et modalités de rupture du CDI soient clarifiées entre employeur et employé.
Nous réorienterons le système des emplois aidés vers les petites et moyennes entreprises, et non plus vers les collectivités publiques.
DYNAMISER LES ENTREPRISES
Nous renforcerons les effets bénéfiques du crédit d’impôt recherche (CIR) pour que la France conserve son rang dans la compétition internationale et pour que nous regagnions des parts de marché à l’export.
La digitalisation de l’économie est source de création d’emplois.
Nous devons accélérer la transformation numérique en accompagnant et en formant les salariés à ces mutations
et en levant les freins à la croissance de nos entreprises.
Et pour dynamiser l’investissement dans les entreprises numériques, nous défiscaliserons à hauteur de 50 % les sommes investies par les business angels dans les start-ups.
L’agriculture, la viticulture et la pêche comptent parmi les grandes forces de la France et ces professionnels sont des entrepreneurs à part entière.
La France doit adapter son modèle économique agricole et donner aux entreprises agricoles, les moyens d’être compétitives.
Et cela passe en particulier par la diminution des charges et des normes, avec l’arrêt de toute surtransposition de textes européens.
Nous voulons sanctuariser les crédits européens de la PAC, et aller vers un modèle protégeant davantage les agriculteurs des risques climatiques et de la volatilité des marchés avec par exemple la mise en place d’un compte épargne de précaution.
UN CONTRAT POUR PROTÉGER LA FRANCE ET GARANTIR LA SÉCURITÉ DES FRANÇAIS
La République a trop reculé.
L’autorité de l’État a été considérablement affaiblie ces 5 dernières années.
Nous voulons être les gardiens d’un État qui fait respecter la loi et qui n’accepte aucune zone de non-droit.
Nous devons tourner le dos à la culture du laxisme, de la déresponsabilisation, du désarmement pénal et moral de nos forces de l’ordre et de notre Justice.
La protection des Français passe par la défense de nos valeurs.
Pas de France forte, sans Europe forte.
Une France plus libre et plus souveraine permettra d’amorcer une évolution de l’Europe.
IMPUNITÉ ZÉRO POUR LES DÉLINQUANTS
Il faut mettre fin au désarmement pénal mis en œuvre par Mme Taubira.
Nous réinstaurerons les peines-plancher automatiques pour sanctionner sévèrement les récidivistes et nous supprimerons toutes les réductions automatiques de peine en prison en réintroduisant une distinction entre le primo-délinquant et le récidiviste.
Pour faire face à la surpopulation carcérale et mettre un terme à l’inexécution des peines, nous construirons 16000 nouvelles places de prison et renforcerons en conséquence les effectifs des personnels pénitentiaires.
Nous renforcerons les effectifs des forces de l’ordre avec 10000 postes supplémentaires.
Les polices municipales seront confortées dans leur rôle de 3e force de sécurité intérieure et seront armées, sauf refus des maires.
Nous abaisserons la majorité pénale des mineurs récidivistes à 16 ans.
GAGNER LA GUERRE CONTRE LE TERRORISME
Les personnes fichées S les plus dangereuses seront placées de manière préventive sous surveillance physique et électronique renforcée, et nous interdirons de retour les binationaux qui se sont rendues à l’étranger sur des zones d’opérations terroristes et djihadistes.
Nous expulserons automatiquement les étrangers ayant des liens avec les mouvances terroristes.
Nous renforcerons les moyens et la coordination des services de renseignement intérieur, ainsi que la coopération européenne dans la lutte contre le terrorisme.
Nous dissoudrons tous les mouvements se réclamant du « salafisme » et de l’islamisme radical, ainsi que les associations qui prônent la haine, la violence et la discrimination notamment à l’encontre des femmes.
UN EFFORT MAJEUR DE DÉFENSE À LA HAUTEUR DE LA MENACE QUI PÈSE SUR LA FRANCE
Nous devons protéger notre pays des menaces extérieures.
Pour y parvenir, nous porterons à 2 % du PIB le budget de la défense au cours du prochain quinquennat afin de remettre à niveau nos effectifs et nos équipements.
Nous le devons à nos soldats.
Parce que notre outil de défense doit être adapté aux nouveaux risques, nous conserverons notre double composante nucléaire, sous-marine et aéroportée.
Nous créerons également un fonds européen de défense pour partager certaines dépenses.
RÉDUIRE DE MOITIÉ L’IMMIGRATION SUR LE QUINQUENNAT PAR LA MISE EN PLACE DE QUOTAS
La France a le droit de choisir qui elle accueille sur son territoire et de conduire une politique d’immigration conforme à l’intérêt national.
Chaque année, le Parlement fixera des quotas d’immigration correspondant aux besoins de la France et à notre capacité à accueillir dignement.
Notre pays honore sa tradition d’accueil des réfugiés
mais doit lutter avec fermeté contre l’immigration clandestine des déboutés du droit d’asile.
La question de Calais a démontré la nécessité de rétablir l’autorité de l’État.
Nous proposons la création de zones de contrôle renforcées de l’immigration, dans les territoires soumis à une très forte pression migratoire, où l’identification des migrants doit être systématique.
Nous réformerons également la procédure du droit d’asile pour que toute demande d’asile soit examinée dans des délais réduits au maximum pour faciliter l’éloignement des déboutés.
Nous reverrons également la liste des pays sûrs, harmonisée au plan européen.
Nous travaillerons à la création d’une politique d’asile commune aux pays de l’UE.
La générosité de notre modèle social n’est pas sans limites : un étranger tout juste arrivé en France ne doit pas bénéficier de prestations sociales immédiatement.
Nous voulons conditionner l’accès aux allocations familiales et logement, à au moins 2 ans de cotisations.
Dans cette même logique, nous mettrons fin dans sa forme actuelle à l’Aide Médicale d’État (AME) dont le coût a explosé, en la restructurant profondément.
Nous maintiendrons le contrôle de nos frontières tant que Schengen n’aura pas été réformé.
UNE FRANCE PLUS EUROPÉENNE ET PLUS SOUVERAINE
Nous baisserons de 100 Mds€ la dépense publique pour la ramener à 50 % du PI B.
Nous nous engageons à réduire le déficit public et la dette de façon durable pour respecter nos engagements européens.
Nous devons rompre avec la spirale infernale de la dette et reconquérir notre souveraineté financière.
Nous supprimerons notamment 300000 emplois publics sur le quinquennat avec pour objectif une baisse de 500000 postes d’ici 7 ans, sans réduire le personnel soignant hospitalier et les effectifs de sécurité.
Dans un souci d’équité avec le secteur privé, nous introduirons deux jours de carence dans la fonction publique.
Nous passerons un pacte de progrès avec la fonction publique pour une meilleure qualification, une meilleure qualité de vie au travail et de meilleures rémunérations fondées sur un allongement du temps de travail et sur le mérite.
Nous voulons offrir aux Français le meilleur service public d’Europe en termes d’accès, de qualité et de simplicité, notamment grâce au numérique.
Il n’y a pas d’avenir pour la France sans une Europe forte et plus proche des peuples.
Nous lancerons une véritable Europe politique prenant appui sur la zone euro et découplée du grand marché à 28.
Nous proposerons au Conseil européen de donner à la zone euro les moyens d’une politique économique créatrice d’emplois .
C’est une Europe de l’essentiel centrée sur la monnaie, la défense, la sécurité, les migrations, le contrôle des frontières extérieures, la politique de l’énergie.
En contrepartie, l’Europe devra cesser de s’immiscer dans les réglementations relevant des États membres ou de leurs échelons décentralisés.
L’Europe doit aussi œuvrer sans naïveté pour la protection et la promotion de nos intérêts commerciaux et économiques.
Nous veillerons à ce que les traités commerciaux européens soient réciproques et loyaux.
La concurrence entre les travailleurs français et les travailleurs européens détachés sur notre territoire est inacceptable.
Nous renégocierons la directive européenne « travailleurs détachés » pour mettre fin au dumping social et pour que l’équité soit assurée entre tous les travailleurs européens.
Lorsque l’on travaille en France, les salaires et les charges doivent être français.
Nous devons œuvrer pour une souveraineté numérique européenne face à la concurrence des États-Unis et de la Chine et des géants internationaux du numérique.
Nous imposerons et défendrons au niveau européen nos valeurs, nos innovations, nos technologies, dans le respect des libertés publiques, des données personnelles et des droits d’auteur.
Nous garantirons l’équité fiscale.
Nous voulons entre les secteurs traditionnels et les entreprises de service numérique, en particulier les plateformes collaboratives, une économie loyale.
PROTÉGER NOTRE ENVIRONNEMENT
Nous pouvons concilier écologie et économie, pour réconcilier l’homme et son environnement.
Nous respecterons nos engagements internationaux de réduction des gaz à effet de serre et de protection de la biodiversité.
Nous renforcerons le développement des énergies renouvelables dans le respect de notre engagement de plus de 20 % d’énergies renouvelables dans le mix énergétique d’ici à 2025.
La qualité de l’air doit être la priorité première de notre politique de santé environnementale pour améliorer durablement la santé des Français.
Nous fixerons l’objectif à atteindre de « zéro charbon sous cinq ans » dans la production énergétique française
Nous ferons de la protection et de la propreté des mers et des océans, une priorité mondiale.
La France doit pleinement se saisir de ce combat aux côtés des autres pays pour venir à bout du « septième continent de plastique » qui ravage nos océans.
Nous œuvrerons pour une interdiction de l’exploitation des ressources minières, pétrolières et gazières en Arctique.
Et nous nous engagerons en faveur de la protection du Grand Nord.
Nous lancerons un programme national de rénovation des bâtiments anciens les plus énergivores.
Enfin, nous conserverons une part significative de production énergétique nucléaire, qui n’émet pas de gaz à effet de serre.
Ni Fessenheim, ni aucune autre centrale ne fermeront, sauf considérations de sécurité et de sûreté.
PROTÉGER LES VALEURS FAMILIALES
Trouver une place en crèche reste le parcours du combattant pour de nombreuses familles.
Nous voulons redonner aux parents, et en particulier aux femmes, plus de libertés pour concilier leur vie professionnelle et personnelle avec leur vie de famille.
Nous relancerons la création de places disponibles en crèches, en panne depuis 2012, en simplifiant les normes contraignantes, ferons évoluer le dispositif du crédit d’impôt famille, et accélérerons la formation du personnel.
UN CONTRAT D’ÉQUITÉ ENTRE TOUS LES FRANÇAIS
Les Français n’en peuvent plus du sentiment de deux poids de mesures dans notre pays.
Nous ne pouvons pas tolérer que des territoires restent à l’abandon et que le sentiment d’exclusion pour de nombreux Français soit une réalité.
Chacun doit pouvoir travailler, se soigner, se déplacer et être un citoyen à part entière.
Nous mettrons tout en œuvre pour préserver et rendre plus juste notre modèle social.
FINANCER DE MANIÈRE RESPONSABLE ET DURABLE NOTRE MODÈLE SOCIAL
Nous devons assurer le financement et la pérennité de notre système de retraite en reculant progressivement l’âge de départ à 65 ans, en garantissant les dispositifs de carrière longue.
Ce ne sont pas à nos enfants de rembourser notre dette sociale.
Nous interdirons tout déficit de la Sécurité sociale.
Nous supprimerons le tiers payant généralisé pour redonner du temps médical aux médecins.
Nous voulons faire de la France le pays européen en pointe dans le domaine de la prévention de santé.
Chaque Français aura le droit à une consultation de prévention médicale tous les deux ans, remboursée par la Sécurité sociale.
Nous protégerons et renforcerons l’exercice libéral de la médecine
et engagerons une vaste consultation avec tous les acteurs de santé pour garantir l’avenir de notre système de santé et mieux rembourser les Français.
Nous porterons une nouvelle ambition pour l’hôpital public, qui sera renforcé dans son autonomie en partenariat avec les cliniques privées.
Il est indispensable d’associer pleinement tous les professionnels de santé au pilotage et à la gestion du système.
D’ici à 2022, nous viserons un « reste à charge » zéro pour les dépenses de santé les plus coûteuses pour les familles (optique, prothèses dentaires, audioprothèses et dépassements d’honoraires), grâce à un nouveau partenariat entre la Sécurité sociale et les organismes complémentaires.
INCLURE LES EXCLUS DE LA RÉPUBLIQUE
Avec 9 millions de pauvres en France, la situation est dramatique.
Nous lancerons un grand plan pluriannuel de lutte contre la pauvreté et l’exclusion.
Nous voulons aider nos aînés à vieillir dignement chez eux.
Pour accompagner la dépendance, nous soutiendrons en priorité les aidants familiaux afin qu’ils soient soulagés et secondés par des professionnels.
Plus généralement, nous mettrons en place un modèle assurantiel et solidaire : durant 5 ans, nous inciterons chacun à souscrire un contrat d’assurance dépendance, grâce à un crédit d’impôt.
Au-delà de cette période, l’assurance dépendance pourrait devenir obligatoire.
Nous diminuerons le reste à charge pour les personnes dépendantes.
Nous donnerons une nouvelle impulsion à la politique du handicap en particulier à l’école en renforçant la présence des auxiliaires de vie scolaire et au sein du milieu professionnel.
Nous lancerons un grand plan autisme en encourageant fortement la recherche européenne.
ROMPRE AVEC LES DÉCLASSEMENTS : L’ABANDON DE LA RURALITÉ, DE NOS OUTRE-MERS ET LA DÉSINDUSTRIALISATION DE LA FRANCE
Il n’y a aucune fatalité au déclassement rural.
Non la France n’est pas un désert.
Nous devons rompre avec le sentiment d’abandon du monde rural fondé sur des réalités inacceptables que nous combattrons parmi lesquelles : les déserts médicaux et la désertification des centres-villes, le développement économique, l’aménagement du territoire, le déploiement du numérique, des services publics et l’habitat.
La France souffre d’une véritable fracture territoriale.
Et l’inégalité territoriale est insupportable.
Il ne peut y avoir d’un côté la France des métropoles et de l’autre la France périurbaine et rurale.
Nous rétablirons un équilibre entre aires urbaines à forte concentration d’emplois, d’infrastructures et de services, et les zones rurales.
À l’image de ce qui a été pour la politique de la ville avec l’ANRU, nous voterons une loi de programmation pour la ruralité et les territoires.
Pour chaque euro investi dans la ville, nous investirons un euro dans la ruralité.
Nous imposerons un moratoire sur la fermeture des services publics en milieu rural, jusqu’à la création d’une agence de rénovation rurale et territoriale.
Enfin, grâce à un grand plan numérique, nous généraliserons l’accès au numérique et à la fibre sur tout notre territoire.
Les Outre-Mer font face aujourd’hui à un double défi politique et économique : celui de leur ancrage dans la République et celui d’un modèle économique en panne.
Nous devons restaurer le rôle de protecteur de l’État, garant de la sécurité et de l’ancrage dans la République des outre-mer, et prendre des mesures puissantes qui permettent de relever le défi économique et le défi de l’emploi.
Nous croyons à une France industrielle, moderne et digitalisée.
Parce que l’industrie est à la source de tout développement économique, nous favoriserons l’investissement et allégerons massivement les charges et impôts de production pour doper la compétitivité de nos entreprises industrielles et soutenir nos territoires qui vivent de plein fouet les mutations économiques.
RÉTABLIR LES ÉQUITÉS SOCIALES
À situation égale, traitement égal : nous supprimerons progressivement les régimes spéciaux de retraite et alignerons les régimes de retraite de la fonction publique sur le régime général.
Les commerçants, artisans et l’ensemble des travailleurs indépendants n’ont pas à choisir entre liberté et protection des individus.
Nous réformerons le RSI en le remplaçant par une caisse autonome de Protection des Indépendants pour respecter les spécificités de leurs métiers.
Nous créerons une allocation sociale unique plafonnée, fusionnant la majorité des aides sociales (hors handicap et retraite).
Plus simple et plus incitative à la reprise d’un emploi,
elle permettra également de lutter contre la fraude sociale
Nous sommes pour une société de solidarité mais pas une société d’assistanat.
Nous plafonnerons l’ensemble des aides sociales pour que les revenus du travail soient toujours supérieurs au revenu de l’assistance.
Nous avons tous des droits mais aussi des devoirs envers notre société.
Nous suspendrons le versement de toute aide sociale et tout crédit d’impôt durant 5 ans aux personnes qui commettront des fraudes fiscales et sociales lourdes.
Nous combattrons fermement les inégalités entre les femmes et les hommes, en particulier au niveau professionnel (avancement de carrière, rémunération...).
Aujourd’hui trop de mères isolées sont en grande difficulté financière, notamment parce qu’elles ne perçoivent pas la pension alimentaire qui leur est due.
Nous devons faire appliquer la loi.
C’est pourquoi, tous ceux qui n’assumeraient pas leurs responsabilités, se verront suspendre pendant 5 ans le versement des aides sociales et des crédits d’impôts.
Enfin, en matière de droits des femmes, nous ferons de l’interdiction du voile intégral dans l’espace public une réalité et sanctionnerons fermement toute violation répétée.
L’inégalité d’accès à la culture crée l’inégalité tout court.
Nous devons dès l’école créer un désir de culture et garantir à tout moment de la vie un accès facilité à toutes les formes de culture.
Nous veillerons particulièrement à la mise en valeur du patrimoine culturel français.
UN CONTRAT AVEC LA JEUNESSE DE FRANCE
Plus que tout autre, la jeunesse a l’impression d’être l’oubliée des politiques publiques.
Nous voulons lui donner les moyens d’exprimer ses talents, de s’émanciper et de créer.
La jeunesse sera au cœur de toutes nos politiques et nos ambitions.
À chaque jeune, son projet.
Nous mettrons en œuvre tous les moyens existants pour accompagner chaque jeune dans son projet – éducation, orientation, apprentissage, formations, insertion professionnelle, soutien à la création d’entreprise – et l’aider à révéler ses talents.
Aujourd’hui, les jeunes quittent le foyer parental de plus en plus tard parce que l’accès à l’emploi et au logement est largement fermé.
Pour les aider à acquérir leur indépendance et leur autonomie, nous faciliterons leur mobilité.
Trop de jeunes ne parviennent pas à trouver ou garder un emploi faute de permis de conduire ou de véhicule personnel.
Pour leur venir en aide, nous créerons « un contrat mobilité » résultant d’un partenariat entre l’État et les Régions permettant l’obtention du permis de conduire et la location du premier véhicule à prix extrêmement réduit pour les jeunes en recherche d’emploi.
Concernant l’accès au premier logement, qu’il s’agisse d’une location ou d’un achat, nous mettrons en place un mécanisme de caution pour les jeunes ménages avec une garantie publique.
Nous devons également repenser totalement avec les Régions, nos offres de formation et d’apprentissage pour préparer nos jeunes aux emplois d’aujourd’hui mais surtout de demain.
Nous mettrons en place une exonération totale des charges sociales pour l’embauche d’un jeune en alternance.
Nous généraliserons progressivement la formation en alternance à l’ensemble des formations.
Trop de jeunes décrochent du système scolaire aujourd’hui, alors que nous pouvons mettre à profit toutes les bonnes volontés pour les encadrer.
À travers un vaste plan de mobilisation de la société civile, nous mettrons en place un véritable suivi personnalisé dans tous les lieux mis à disposition des jeunes décrocheurs.
UN CONTRAT DE RENOUVELLEMENT ET DE MODERNISATION DE LA VIE PUBLIQUE
Élection après élection, les Français s’interrogent sur leurs institutions, sur l’efficacité de l’État et de l’action publique, et sur l’exemplarité de leurs représentants.
Ceci se traduit par une désaffection croissante des citoyens pour l’action publique.
Nous devons combler ce fossé entre les citoyens et leurs dirigeants.
Nous voulons des institutions plus efficientes et surtout plus transparentes.
Nous associerons les citoyens aux décisions publiques qui les concernent, grâce au référendum, y compris numérique, et aux consultations nationales et locales.
Nous voulons rendre compte systématiquement des résultats des politiques publiques menées, ce qui marche, mais aussi ce qui marche moins bien pour pouvoir améliorer les mesures prises.
Nous voulons de nouveaux rapports entre l’administration et les administrés, les citoyens et les élus, parce que nous croyons en la République de la confiance.
Nous réduirons le nombre de parlementaires, et refonderons leur statut.
Nous renforcerons le rôle du Parlement dans sa fonction de contrôle de l’action du Gouvernement.
La séparation des pouvoirs garantit la solidité de notre République.
Nous voulons des institutions fortes, transparentes et équilibrées.
Nous lutterons contre l’excès de bureaucratie et le poids des normes qui paralysent notre pays.
Nous nous engageons à accélérer la prise de décisions publiques, car la lenteur est l’ennemi de la croissance.
La France ne jouera pas à armes égales avec les autres pays tant que l’on s’imposera toujours plus de normes et de contraintes qu’aux autres, et que l’on ne me mettra pas fin à la surtransposition des règles européennes.
L’administration doit d’abord conseiller puis contrôler.
L’uniformité ne peut pas être la règle.
Nous permettrons l’ajustement des règles et normes aux réalités des territoires en donnant un pouvoir d’adaptation aux acteurs locaux.
Les Français ont choisi un président de la République qui veut être ni de droite, ni de gauche.
Clarifions les choses et donnons à la France une majorité claire et cohérente, une majorité de droite et du centre, pour de nouvelles protections, de nouvelles libertés, et de nouvelles équités.
Les institutions de la ve République sont solides et nous les respecterons.
Nous gouvernerons sans esprit d’affrontement.
Notre majorité sera une nouvelle chance pour la France.
Fort du soutien des Français, nos institutions nous permettront de mener les réformes urgentes dont notre pays a besoin, dès l’été.
Voilà l’ambition que les Républicains et l’UDI portent en voulant donner clairement une nouvelle majorité à la France.
Nous y sommes prêts."
31720_201706,FN,Front National,274,"Au nom du peuple
144 ENGAGEMENTS PRÉSIDENTIELS
Marine 2017
Engagements présidentiels Marine 2017
Remettre la France en ordre, en cinq ans. C’est l’engagement que je prends. Mon projet contient 144 grandes mesures qui vous seront détaillées tout au long de la campagne. J’ai voulu, par cette démarche, vous permettre de controller mon action à la tête de l’État au cours du quinquennat. Sans ce contrôle, il n’existe pas de démocratie saine. L’objectif de ce projet est d’abord de rendre sa liberté à la France et la parole au peuple. Car c’est en votre nom, et pour votre seul bénéfice, que toute politique nationale doit être menée. Je veux aussi rendre leur argent aux Français, parce que depuis de trop nombreuses années, notre politique sociale et fiscale appauvrit les classes moyennes et populaires, alors qu’elle enrichit les multinationales et dilapide l’argent public via une immigration totalement incontrôlée. Mon projet, vous pourrez le constater, consiste en une véritable révolution de la proximité. Proximité démocratique : je veux que les décisions soient prises au plus près des citoyens et directement contrôlées par eux. Proximité économique : il s’agit de réaménager notre territoire, d’y trouver des services publics partout, de relocaliser nos entreprises et donc nos emplois. Plus aucun Français, plus aucun bout de France, y compris l’Outre-mer pour lequel j’ai déjà présenté mon projet complet, ne doit être oublié. Vous en êtes conscients, cette élection présidentielle mettra face à face deux visions. Le choix « mondialiste » d’un côté, représenté par tous mes concurrents, qui cherche à détruire nos grands équilibres économiques et sociaux, qui veut l’abolition de toutes les frontières, économiques et physiques, et qui veut toujours plus d’immigration et moins de cohésion entre les Français. Le choix patriote de l’autre, que j’incarne dans cette élection, qui met la défense de la nation et du peuple au coeur de toute décision publique et qui par-dessus tout veut la protection de notre identité nationale, notre indépendance, l’unité des Français, la justice sociale et la prospérité de tous. Ce choix entre deux grandes visions, il sera le vôtre, ce sera un choix de civilisation. Et il engagera aussi l’avenir de nos enfants.
I - UNE FRANCE LIBRE
RENDRE À LA FRANCE SA SOUVERAINETÉ NATIONALE.
VERS UNE EUROPE DES NATIONS INDÉPENDANTES, AU SERVICE DES PEUPLES
Retrouver notre liberté et la maîtrise de notre destin en restituant au people français sa souveraineté (monétaire, législative, territoriale, économique).
Pour cela, une négociation sera engagée avec nos partenaires européens suivie d’un referendum sur notre appartenance à l’Union européenne.
L’objectif est de parvenir à un projet européen respectueux de l’indépendance de la France, des souverainetés nationales et qui serve les intérêts des peuples.
RÉFORMES INSTITUTIONNELLES : RENDRE LA PAROLE AU PEUPLE ET ÉTABLIR UNE DÉMOCRATIE DE PROXIMITÉ
Organiser un référendum en vue de réviser la Constitution et conditionner toute révision future de la Constitution à un référendum.
Élargir le champ d’application de l’article 11 de la Constitution.
Permettre la représentation de tous les Français par le scrutin proportionnel à toutes les élections.
À l’Assemblée nationale, la proportionnelle sera intégrale avec une prime majoritaire de 30 % des sièges pour la liste arrivée en tête et un seuil de 5 % des suffrages pour obtenir des élus.
Abaisser le nombre de députés à 300 (contre 577 aujourd’hui) et le nombre de sénateurs à 200 (contre 348 aujourd’hui).
Créer un véritable référendum d’initiative populaire, sur proposition d’au moins 500 000 électeurs.
·               • simplification (suppression des doublons et répartition claire des compétences);
·               • proximité (en donnant plus de poids à des élus que les Français connaissent, comme les maires);+
·               • économies (notamment sur les indemnités d’élus et les frais de fonctionnement).
·                Elle permettra rapidement une baisse des impôts locaux.
Revaloriser en conséquence le rôle et le statut des maires des petites et moyennes communes.
REFAIRE DE LA FRANCE UN PAYS DE LIBERTÉS
Garantir la liberté d’expression et les libertés numériques par leur inscription dans les libertés fondamentales protégées par la Constitution,
tout en renforçant la lute contre le cyber-djihadisme et la pédo-criminalité.
En parallèle, simplifier pour ceux qui en sont victimes les procédures visant à faire reconnaître la diffamation ou l’injure.
Créer une charte à valeur constitutionnelle qui inclura la protection des données personnelles des Français, notamment par une obligation de stockage de ces données sur des serveurs localisés en France.
Défendre les droits des femmes : lutter contre l’islamisme qui fait reculer leurs libertés fondamentales ;
mettre en place un plan national pour l’égalité salariale femme homme et lutter contre la précarité professionnelle et sociale.
Assurer le respect de la liberté d’association dans les seules limites exigées par l’ordre public et soutenir les petites structures associatives culturelles, sportives, humanitaires, sociales, éducatives, etc., qui animent la vie de nos territoires.
Instaurer une véritable liberté syndicale par la suppression du monopole de représentativité et moraliser la vie syndicale par un contrôle public du financement des syndicats.
Garantir la liberté de scolariser ses enfants selon ses choix, tout en contrôlant plus strictement la compatibilité avec les valeurs de la République des enseignements dispensés dans les établissements privés hors-contrat.
II - UNE FRANCE SÛRE
RÉTABLIR L’ORDRE RÉPUBLICAIN ET L’ÉTAT DE DROIT PARTOUT ET POUR TOUS
Rétablir la sécurité en veillant à la protection des libertés individuelles.
Réarmer massivement les forces de l’ordre : en personnels (plan de recrutement de 15 000 policiers et gendarmes), en matériels (modernisation des équipements, des commissariats et des casernes, adaptation des armements aux nouvelles menaces), mais aussi moralement et juridiquement (notamment par la présomption de légitime défense).
Garantir le statut militaire des gendarmes.
Recentrer la police et la gendarmerie sur leur mission de sécurité publique en les libérant des tâches indues et administratives.
Mettre en place un plan de désarmement des banlieues concernées et de reprise en main par l’État des zones de non-droit.
Cibler les 5 000 chefs de bandes délinquantes et criminelles identifiées par le ministère de l’Intérieur.
Afin d’empêcher leur reconstitution, instaurer en complément de la peine pénale l’injonction civile d’éloignement.
Rétablir des services de renseignement de terrain pour lutter contre les traffics criminels.
UNE RÉPONSE PÉNALE FERME ET RAPIDE
Appliquer la tolérance zéro et en finir avec le laxisme judiciaire par l’abrogation des lois pénales laxistes (comme la loi Taubira), le rétablissement des peines planchers et la suppression des remises de peine automatiques.
Lutter contre la délinquance des mineurs en responsabilisant les parents par la suppression du versement des aides sociales aux parents de mineurs récidivistes en cas de carence éducative manifeste.
Instaurer une peine de prison de perpétuité réelle incompressible pour les crimes .
5 ans.
Rétablir l’expulsion automatique des criminels et des delinquants étrangers.
Mettre en place des accords bilatéraux permettant que les étrangers condamnés purgent leur peine dans leur pays d’origine.
Rattacher l’administration pénitentiaire au ministère de l’Intérieur et renforcer le renseignement pénitentiaire.
Augmenter le nombre de postes de magistrats, notamment par un recrutement au tour extérieur.
Afin de rompre avec la culture du laxisme, supprimer l’École Nationale de la Magistrature et créer une filière de formation commune aux carriers judiciaires (avec des écoles d’application).
RETROUVER DES FRONTIÈRES QUI PROTÈGENT ET EN FINIR AVEC L’IMMIGRATION INCONTRÔLÉE
Rétablir les frontières nationales et sortir de l’espace Schengen (un dispositive particulier pour les travailleurs frontaliers sera mis en place pour leur faciliter le passage de la frontière).
Reconstituer les effectifs supprimés dans les douanes par le recrutement de 6 000 agents durant le quinquennat.
Rendre impossible la régularisation ou la naturalisation des étrangers en situation illégale.
Simplifier et automatiser leur expulsion.
Réduire l’immigration légale à un solde annuel de 10 000.
Mettre fin à l’automaticité du regroupement et du rapprochement familial ainsi qu’à l’acquisition automatique de la nationalité française par mariage.
Supprimer les pompes aspirantes de l’immigration.
Supprimer le droit du sol : l’acquisition de la nationalité française sera possible uniquement par la filiation ou la naturalisation dont les conditions seront par ailleurs plus exigeantes.
Supprimer la double nationalité extra-européenne.
Revenir à l’esprit initial du droit d’asile qui ne pourra par ailleurs être accordé qu’à la suite de demandes déposées dans les ambassades et consulats français dans les pays d’origine ou les pays limitrophes.
ÉRADIQUER LE TERRORISME ET BRISER LES RÉSEAUX FONDAMENTALISTES ISLAMISTES
Interdire et dissoudre les organismes de toute nature liés aux fondamentalistes islamistes.
Expulser tous les étrangers en lien avec le fondamentalisme islamiste (notamment les fichés S).
Fermer toutes les mosquées extrémistes recensées par le ministère de l’Intérieur et interdire le financement étranger des lieux de culte et de leur personnel.
Interdire tout financement public (État, collectivités territoriales…) des lieux de culte et des activités cultuelles.
Lutter contre les filières djihadistes : déchéance de la nationalité française, expulsion et interdiction du territoire pour tout binational lié à une filière djihadiste.
Appliquer l’article 411-4 du Code pénal sur l’intelligence avec l’ennemi et placer en détention préventive tout individu de nationalité française en lien avec une organisation étrangère suscitant des actes d’hostilité ou d’agression contre la France et les Français.
Établir la liste de ces organisations.
Rétablir l’indignité nationale pour les individus coupables de crimes et délits liés au terrorisme islamiste.
Renforcer les moyens humains et techniques des services de renseignement intérieurs et extérieurs et créer une agence unique de lutte antiterroriste rattachée directement au Premier ministre, chargée de l’analyse de la menace et de la coordination opérationnelle.
III - UNE FRANCE PROSPÈRE
UN NOUVEAU MODÈLE PATRIOTE EN FAVEUR DE L’EMPLOI
Mettre en place un plan de ré-industrialisation dans le cadre d’une cooperation associant l’industrie et l’État-stratège pour privilégier l’économie réelle face à la finance spéculative.
Soutenir les entreprises françaises face à la concurrence internationale déloyale par la mise en place d’un protectionnisme intelligent
et le rétablissement d’une monnaie nationale adaptée à notre économie, levier de notre compétitivité.
Afin d’assurer la protection des consommateurs et la concurrence loyale, interdire l’importation et la vente de produits provenant de l’étranger qui ne respectent pas les normes imposées aux producteurs français.
Parallèlement, soutenir le « Fabriqué en France » par un étiquetage obligatoire, clair et loyal sur l’origine des produits et denrées commercialisés en France.
Instaurer un vrai patriotisme économique en se libérant des contraintes européennes et en réservant la commande publique aux entreprises françaises si l’écart de prix est raisonnable.
Réserver une partie de la commande publique aux PME.
Supprimer sur notre territoire la directive « détachement des travailleurs » qui y crée une concurrence déloyale inadmissible.
Mettre en place une taxe additionnelle sur l’embauche de salariés étrangers afin d’assurer effectivement la priorité nationale à l’emploi des Français.
Assurer la protection des secteurs stratégiques et porteurs par un contrôle des investissements étrangers qui portent atteinte aux intérêts nationaux grâce à une Autorité de Sûreté Économique.
Créer sous la tutelle de la Caisse des Dépôts et Consignations un fonds souverain avec la double mission de protéger les entreprises des fonds vautour ou des OPA hostiles et de prendre des participations dans des secteurs porteurs.
Créer un secrétariat d’État dédié aux mutations économiques rattaché au ministère des Finances afin d’anticiper les évolutions des formes de travail liées aux nouvelles technologies (ubérisation, robotisation, économie du partage…).
En coopération avec les secteurs concernés, établir une nouvelle régulation pour préserver une concurrence loyale.
Fixer l’innovation en France en empêchant en cas de subvention publique que la société soit cédée à une société étrangère pendant dix ans.
Promouvoir les secteurs stratégiques de la recherche et de l’innovation, en augmentant la déductibilité fiscale des dons.
Augmenter de 30 % le budget public de la recherche (pour le porter à 1 % du PIB).
Créer un grand ministère de l’Outre-mer et de la Mer afin de valoriser la dimension maritime de la France
et développer un vaste plan stratégique d’investissement autour de l’économie de l’or bleu.
Remettre de l’ordre dans nos finances publiques par la fin des mauvaises dépenses publiques (notamment celles liées à l’immigration et à l’Union européenne)
et par la lutte contre la fraude sociale et fiscale.
Sortir de la dépendance aux marchés financiers en autorisant à nouveau le financement direct du Trésor par la Banque de France.
SOUTENIR LES ENTREPRISES EN PRIVILÉGIANT L’ÉCONOMIE RÉELLE
Alléger la complexité administrative et fiscale pesant sur les TPE-PME : guichet unique dédié (social, fiscal et administratif), généralisation du « titre emploi service entreprise » aux TPE,
remplacement du compte pénibilité, inapplicable dans sa forme actuelle, par un nouveau dispositif reposant sur une évaluation personnalisée grâce à une médecine du travail qui sera reconstituée.
La pénibilité constatée sera compensée par une majoration des annuités de retraite.
Pour favoriser l’embauche, réduire le nombre des obligations administratives liées au seuil social de 50 salariés et fusionner les institutions représentatives du personnel entre 50 et 300 salariés (hors représentation syndicale) en une structure unique conservant les mêmes compétences.
Abaisser les charges sociales des TPE-PME de façon lisible et significative en fusionnant l’ensemble des dispositifs d’allègement des charges sociales de manière dégressive (le CICE sera transformé en allègement de charges et entrera dans le dispositif).
Cet allègement de charges sera conditionné au maintien de l’emploi.
Maintenir le dispositif à taux réduit à 15 % de l’impôt sur les sociétés pour les TPE-PME et créer un taux intermédiaire à 24 % (au lieu de 33 %) pour les PME.
Fluidifier la transmission d’entreprises en accordant l’exonération totale des plusvalues de cession des actions et parts sociales des PME-PMI au bout de sept ans.
Imposer à l’État et aux collectivités territoriales le respect des délais de paiement en appliquant des pénalités réellement impératives et automatiques.
Libérer l’accès au crédit pour les petites et très petites entreprises grâce à des taux préférentiels sous la supervision de la Banque de France afin de remettre la finance au service de l’économie réelle.
Diviser par deux le taux d’intérêt maximum (taux d’usure) pour les emprunts et les découverts bancaires (agios) pour les entreprises et les ménages.
Faire de la France une terre d’innovation : recentrer le Crédit Impôt Recherche vers les PME et les startups, diriger une part de l’assurance-vie (2 %) vers le capital-risque et les startups et inciter les grands groupes à créer leur propre fonds d’investissement dans les entreprises innovantes.
GARANTIR LA PROTECTION SOCIALE
Fixer l’âge légal de la retraite à 60 ans avec 40 annuités de cotisations pour percevoir une retraite pleine.
Retirer la loi Travail (dite loi El Khomri).
Rehausser progressivement le plafond du quotient familial, rétablir la demi-part des veuves et veufs et la défiscalisation de la majoration des pensions de retraite pour les parents de famille nombreuse.
Mettre en oeuvre une vraie politique nataliste réservée aux familles françaises, en rétablissant l’universalité des allocations familiales et en maintenant leur indexation sur le coût de la vie.
Rétablir la libre répartition du congé parental entre les deux parents.
Renforcer la solidarité intergénérationnelle en permettant à chaque parent de transmettre sans taxation 100 000 euros à chaque enfant tous les cinq ans (au lieu de quinze ans actuellement) et en augmentant le plafond des donations sans taxation aux petits-enfants à 50 000 euros, également tous les cinq ans.
Créer un bouclier social pour les indépendants en leur proposant le choix de s’affilier au régime général ou de conserver la spécificité de leur régime après une refonte totale du RSI qui fonctionnera sur la base de l’auto-déclaration trimestrielle des revenus.
AGIR POUR LE POUVOIR D’ACHAT
Revaloriser le minimum vieillesse (ASPA) partout en France, y compris Outre-mer, et le conditionner à la nationalité française ou à vingt ans de résidence en France, ce qui permettra également d’augmenter les très petites retraites.
Instaurer une Prime de Pouvoir d’Achat (PPA) à destination des bas revenus et des petites retraites (pour les revenus jusqu’à 1 500 euros par mois), financée par une Contribution Sociale sur les Importations de 3 %.
Baisser immédiatement de 5 % les tarifs réglementés du gaz et de l’électricité.
Sécuriser les dépôts et l’épargne des Français en abrogeant la directive européenne sur l’Union bancaire et la disposition de la loi Sapin II qui prévoient la ponction ou le gel de l’épargne bancaire et des contrats d’assurance-vie en cas de menace de crise bancaire.
Maintenir la liberté et la pluralité des moyens de paiement.
Aggraver les sanctions contre les dirigeants d’entreprise coupables d’ententes ou d’agissements frauduleux qui ponctionnent une partie du pouvoir d’achat des consommateurs.
Geler les autorisations accordées aux grandes surfaces et aux entrepôts de vente par correspondance dans l’attente d’un audit global des surfaces de vente de la grande distribution.
Maintenir la durée légale hebdomadaire du travail à 35 heures.
Autoriser la négociation sur l’allongement du temps de travail exclusivement au niveau des branches professionnelles et à la condition d’une compensation salariale intégrale (37 heures payées 37 ou 39 heures payées 39).
Défiscaliser les heures supplémentaires et maintenir leur majoration.
IV - UNE FRANCE JUSTE
PROTÉGEONS À 100 % LA SANTÉ DES FRANÇAIS
Garantir la Sécurité sociale pour tous les Français ainsi que le remboursement de l’ensemble des risques pris en charge par l’Assurance maladie.
Pérenniser son financement en simplifiant l’administration du système, en luttant contre la gabegie financière et en investissant dans les nouveaux outils numériques pour permettre des économies durables.
Relever le numerus clausus d’accès aux études de santé pour éviter le recours massif aux médecins étrangers et permettre le remplacement des nombreux departs à la retraite prévus.
Favoriser la coopération entre professionnels de santé, en reconnaissant les compétences spécifiques de chacun.
Lutter contre les déserts médicaux en instaurant un stage d’internat dans les zones concernées, en permettant aux médecins retraités d’y exercer avec des déductions de charges et en y développant les maisons de santé.
Maintenir au maximum les hôpitaux de proximité et augmenter les effectifs de la fonction publique hospitalière.
Créer un cinquième risque de Sécurité sociale consacré à la dépendance afin de permettre à chaque Français de se soigner et de vivre dans la dignité.
Soutenir les startups françaises pour moderniser le système de santé.
Réaliser des économies en supprimant l’Aide Médicale d’État réservée aux clandestins,
en luttant contre la fraude (création d’une carte Vitale biométrique fusionnée avec le titre d’identité),
en baissant le prix des médicaments coûteux (via l’augmentation de la proportion de génériques), en développant la vente à l’unité des médicaments remboursables (en imposant aux laboratoires l’adaptation de leurs chaînes de production).
Protéger la complémentarité du double système de santé public et libéral.
Protéger le maillage territorial des acteurs indépendants de la santé (pharmacies, laboratoires d’analyses…).
Réorganiser et clarifier le rôle et les obligations des agences de sécurité sanitaire et alimentaire et assurer leur indépendance.
RENDRE LA FISCALITÉ PLUS JUSTE
Assurer une juste contribution fiscale, en refusant toute hausse de la TVA et de la CSG et en maintenant l’ISF.
Baisser de 10 % l’impôt sur le revenu sur les trois premières tranches.
Opérer une simplification fiscale en supprimant les impôts à très faible rendement.
Supprimer le prélèvement à la source afin de protéger la vie privée des Français et d’éviter une complexité administrative supplémentaire pour les entreprises.
Lutter efficacement contre l’évasion fiscale
pour préserver notre modèle social en s’attaquant aux paradis fiscaux et en créant une taxe sur l’activité réalisée en France par les grands groupes et les profits qui auraient été détournés.
Continuer la coopération fiscale internationale dans ce but.
Priver d’accès aux marchés publics les multinationales qui pratiquent l’évitement fiscal et refusent de régulariser leur situation.
Dénoncer les conventions fiscales avec les pays du Golfe qui accordent des privilèges indus, qui facilitent la prise de contrôle de l’économie française par les pétrodollars et qui sont contraires à l’intérêt national.
PERMETTRE À CHACUN DE TROUVER SA PLACE
Revaloriser le travail manuel par l’établissement de filières professionnelles d’excellence (suppression progressive du collège unique, autorisation de l’apprentissage à partir de 14 ans).
Développer des lycées professionnels ou technologiques de la seconde chance sur tout le territoire pour les élèves sortis du système scolaire sans diplôme.
Créer un dispositif « premier emploi » qui exonère totalement de charges la première embauche d’un jeune de moins de 21 ans par une entreprise et ce pour un délai maximum de deux ans.
Pour une vraie justice sociale, transférer aux établissements supérieurs d’enseignement général et professionnel la charge de trouver une offre de stage à chaque étudiant.
Étendre à la métropole le Service Militaire Adapté sur le modèle de celui en vigueur en Outre-mer.
Élargir et généraliser le troisième concours de la fonction publique et le réserver aux plus de 45 ans ayant au moins huit ans d’expérience dans le privé.
Dégeler et revaloriser le point d’indice pour les fonctionnaires.
Préserver le statut de la fonction publique.
Dans un souci d’égalité, établir à deux jours le délai de carence dans le public et le privé pour le paiement des indemnités journalières d’assurance maladie.
Face aux pressions d’autorités supranationales, maintenir l’interdiction de la GPA et réserver la PMA comme réponse médicale aux problèmes de stérilité.
Créer une union civile (PACS amélioré) qui viendra remplacer les dispositions de la loi Taubira, sans effet rétroactif.
Revaloriser l’Allocation aux Adultes Handicapés (AAH), donner plus de moyens aux Maisons Départementales des Personnes Handicapées (MDPH) et developer une prise en charge digne de l’autisme et des troubles du spectre autistique.
La puissance publique se doit d’apporter une aide accrue aux personnes en situation de handicap, ainsi qu’à leur famille.
Faciliter l’accès à l’emploi des personnes en situation de handicap, renforcer la lutte contre toutes les discriminations liées aux handicaps et à la santé et étendre le droit à l’oubli aux majeurs en rémission d’affection de longue durée, avec un délai maximal de 5 ans.
Imposer un standard d’accessibilité pour les malvoyants et les malentendants.
Lancer un audit complet sur les structures d’accueil et de prise en charge des enfants afin de mettre un terme aux dérives constatées au sein de certaines d’entre elles.
Réorganiser et améliorer les politiques d’aide sociale à l’enfance.
V - UNE FRANCE FIÈRE
DÉFENDRE L’UNITÉ DE LA FRANCE ET SON IDENTITÉ NATIONALE
Défendre l’identité nationale, les valeurs et les traditions de la civilisation française.
Inscrire dans la Constitution la défense et la promotion de notre patrimoine historique et culturel.
Ériger la citoyenneté française en privilège pour tous les Français par l’inscription dans la Constitution de la priorité nationale.
Pavoiser en permanence tous les bâtiments publics du drapeau français et en retirer le drapeau européen.
Revaloriser les pensions des anciens combattants en réallouant les credits disponibles.
Promouvoir la laïcité et lutter contre le communautarisme.
Inscrire dans la Constitution le principe: « La République ne reconnaît aucune communauté.
» Rétablir la laïcité partout, l’étendre à l’ensemble de l’espace public et l’inscrire dans le Code du travail.
Défendre la langue française.
Abroger notamment les dispositions de la loi Fioraso qui permettent de restreindre l’enseignement en français dans les universités.
Renforcer l’unité de la nation par la promotion du roman national et le refus des repentances d’État qui divisent.
Promouvoir l’assimilation républicaine, principe plus exigeant que celui d’intégration.
Rétablir l’égalité réelle et la méritocratie en refusant le principe de « discrimination positive ».
Défendre l’unité et l’intégrité du territoire français en réaffirmant le lien indissoluble entre la métropole et l’Outre-mer.
UNE FRANCE QUI TRANSMET ET SE TRANSMET
Assurer la transmission des connaissances par le renforcement des apprentissages fondamentaux (français, histoire, calcul).
À l’école primaire, réserver la moitié du temps d’enseignement au français, à l’écrit comme à l’oral.
Supprimer « l’enseignement des langues et cultures d’origine » (ELCO).
Faire de l’école un « asile inviolable où les querelles des hommes n’entrent pas » (Jean Zay), donc en y imposant non seulement la laïcité, mais également la neutralité et la sécurité.
Rétablir l’autorité et le respect du maître et instaurer le port d’un uniforme à l’école.
Revenir sur la réforme des rythmes scolaires.
Rétablir une véritable égalité des chances en retrouvant la voie de la méritocratie républicaine.
À l’université, passer d’une sélection par l’échec à une sélection au mérite.
Refuser le tirage au sort comme moyen de sélection.
Revaloriser les bourses au mérite.
Défendre le modèle d’enseignement supérieur français, qui passe par la complémentarité de l’université et des grandes écoles.
Développer massivement l’alternance (contrat d’apprentissage, contrat de professionnalisation) dans l’artisanat, le secteur public et privé et rendre la formation professionnelle plus efficace, moins opaque et moins coûteuse.
UNE FRANCE QUI CRÉE ET QUI RAYONNE
Renforcer le réseau des écoles et des lycées français dans le monde.
Développer le mécénat populaire par la création d’une plate-forme numérique dédiée.
Bâtir une loi de programmation du patrimoine pour permettre un meilleur soutien à l’entretien et à la préservation du patrimoine.
Augmenter le budget alloué de 25 %.
Mettre un coup d’arrêt à la politique de vente à l’étranger et au privé de palais et bâtiments nationaux.
Lancer un grand plan national de création de filières (lycées, universités) des métiers d’art dans nos territoires et implanter un réseau de pépinières d’artistes sur tout le territoire.
Restaurer une véritable éducation musicale généraliste dans les établissements scolaires.
Réformer le Conseil Supérieur de l’Audiovisuel avec la création de trois collèges : l’un composé des représentants de l’État, le deuxième de professionnels, le troisième de représentants de la société civile (associations de consommateurs, de téléspectateurs, etc.).
Remettre en ordre le statut d’intermittent du spectacle par la création d’une carte professionnelle afin de préserver ce régime tout en opérant un meilleur contrôle des structures qui en abusent.
Supprimer Hadopi et ouvrir le chantier de la licence globale.
Créer un « contrat sportif de haut niveau » d’une durée de trois ans renouvelable permettant aux sportifs amateurs représentant la Nation dans les competitions internationales de vivre dignement et de se consacrer entièrement à leur discipline.
Soutenir les petits clubs afin de permettre la présence d’un maximum de joueurs français dans les clubs professionnels et lutter contre la financiarisation du sport professionnel.
Renforcer les actions contre la violence dans le sport amateur
et imposer le respect strict de la laïcité et de la neutralité dans tous les clubs sportifs.
VI - UNE FRANCE PUISSANTE
FAIRE RESPECTER LA France
Quitter le commandement militaire intégré de l’OTAN pour que la France ne soit pas entraînée dans des guerres qui ne sont pas les siennes.
Assurer une capacité de Défense autonome dans tous les domaines.
Reconstituer dans tous les domaines de la Défense une offre industrielle française pour répondre aux besoins de nos armées et garantir notre indépendance stratégique.
Augmenter dès la première année du mandat le budget de la Défense à 2 % du PIB puis tendre vers 3 % à l’horizon de la fin du quinquennat.
Ces 2 % minimum seront inscrits dans la Constitution.
Cet effort substantiel permettra notamment de financer :
·               un second porte-avions baptisé « Richelieu », indispensable à la permanence à la mer de notre groupe aéronaval;
·               l’augmentation des effectifs (pour les reconstituer à leur niveau de 2007, soit environ 50 000 militaires supplémentaires);
·               la pérennisation de notre force de dissuasion nucléaire;
·               l’augmentation générale de notre format d’armée (davantage d’avions, de navires, de blindés) et la modernisation des équipements;
·               le rétablissement progressif d’un service militaire (minimum obligatoire 3 mois).
REFAIRE DE LA FRANCE UN PAYS MAJEUR DANS LE MONDE
Engager la France au service d’un monde multipolaire fondé sur l’égalité en droit des nations, leur concertation permanente et le respect de leur indépendance.
Fonder la politique internationale sur le principe de réalisme et rendre à la France son rôle de puissance de stabilité et d’équilibre.
Renforcer les liens entre les peuples qui ont le français en partage.
Mettre en oeuvre une véritable politique de co-développement avec les pays d’Afrique fondée prioritairement sur l’aide au développement de l’école primaire, l’aide à l’amélioration des systèmes agricoles et l’aide au renforcement des outils de Défense et de sécurité.
VII - UNE FRANCE DURABLE
LA FRANCE, PUISSANCE AGRICOLE AU SERVICE D’UNE ALIMENTATION SAINE
Appliquer le patriotisme économique aux produits agricoles français pour soutenir immédiatement nos paysans et nos pêcheurs, notamment au travers de la commande publique (État et collectivités).
Transformer la Politique Agricole Commune en Politique Agricole Française.
Garantir le montant des subventions dont les critères seront fixés par la France et non plus par l’Union européenne, avec l’objectif de sauver et soutenir le modèle français des exploitations familiales.
Refuser les traités de libre-échange (TAFTA, CETA, Australie, Nouvelle-Zélande, etc.).
Développer les circuits courts de la production à la consommation, en réorganisant les filières.
Simplifier le quotidien des agriculteurs en stoppant l’explosion des norms administratives et encourager l’installation des jeunes agriculteurs, par le biais de défiscalisations durant les premières années.
Défendre la qualité : afin de lutter contre la concurrence déloyale, interdire l’importation des produits agricoles et alimentaires qui ne respectent pas les normes de production françaises en matière de sécurité sanitaire, de bien-être animal et d’environnement.
Imposer la traçabilité totale de l’origine géographique et du lieu de transformation sur l’étiquette, afin de garantir la transparence et l’information complète des consommateurs.
Promouvoir les exportations agricoles, notamment en soutenant les labels de qualité.
ENVIRONNEMENT ET TRANSITION ÉNERGÉTIQUE : LA FRANCE DOIT VISER L’EXCELLENCE
Pour préserver l’environnement, rompre avec le modèle économique fondé sur la mondialisation sauvage des échanges et le dumping social, sanitaire et environnemental ; la véritable écologie consiste à produire et consommer au plus près et retraiter sur place.
Afin de lutter contre la précarité énergétique et agir directement sur le pouvoir d’achat des Français, faire de l’isolation de l’habitat une priorité budgétaire du quinquennat, parce que l’énergie la moins chère est celle que l’on ne consomme pas.
Développer massivement les filières françaises des énergies renouvelables (solaire, biogaz, bois…) grâce à un protectionnisme intelligent, au patriotisme économique, à l’investissement public et privé et aux commandes d’EDF.
Décréter un moratoire immédiat sur l’éolien.
Pour maintenir, moderniser et sécuriser la filière nucléaire française, engager le Grand Carénage, et garder le contrôle de l’État sur EDF, en lui redonnant une veritable mission de service public.
Refuser la fermeture de la centrale de Fessenheim.
Soutenir une filière française de l’hydrogène (énergie propre), par un appui de l’État en matière de recherche et développement, afin de réduire notre dépendance au pétrole.
Interdire l’exploitation du gaz de schiste, tant que des conditions satisfaisantes en matière d’environnement, de sécurité et de santé ne seront pas réunies, et appliquer le principe de précaution en interdisant les OGM.
Faire de la protection animale une priorité nationale.
Défendre le bien-être des animaux en interdisant l’abattage sans étourdissement préalable et en remplaçant le plus possible les expérimentations animales.
Refuser le modèle des fermes-usines, du type « ferme des 1 000 vaches ».
ASSURER L’ÉGALITÉ SUR TOUT LE TERRITOIRE ET RENFORCER L’ACCÈS AU LOGEMENT
Garantir l’égal accès aux services publics (administrations, gendarmerie, eau, santé, transport, hôpitaux de proximité et maisons de santé…) sur tout le territoire et en particulier en milieu rural.
La libéralisation du rail voulue par l’Union européenne sera refusée.
La Poste et la SNCF resteront des entreprises publiques.
Regrouper en un seul ministère l’aménagement du territoire, les transports et le logement.
Rééquilibrer la politique de la ville vers les zones désertifiées et rurales.
Faciliter l’accès à la propriété en renforçant les dispositifs de prêts aidés et en améliorant les conditions de rachat par les locataires de leur logement social pour parvenir à 1 % du parc HLM vendu chaque année.
Réduire les droits de mutation de 10 %.
Réduire les dépenses de logement des ménages par un grand plan d’aide à la construction et à la réhabilitation des logements, par la baisse de la taxe d’habitation pour les plus modestes et le gel de son augmentation, et par la pérennisation des APL (suppression de la prise en compte du patrimoine dans leur calcul).
Créer une «Protection-Logement-Jeunes» : lancer un grand plan de construction de logements étudiants et revaloriser de 25 % les APL pour les jeunes jusqu’à 27 ans dès la première année du quinquennat.
Réserver prioritairement aux Français l’attribution du logement social, sans effet rétroactif, et le mobiliser vers les publics qui en ont le plus besoin.
Appliquer réellement l’obligation de jouissance paisible sous peine de déchéance du bail.
Rationaliser et simplifier les normes d’urbanisme et de construction afin de résorber les tensions sur le marché du logement.
Veiller à la préservation de l’environnement et des espaces naturels protégés (littoral, montagne, etc.).
Soutenir l’effort d’investissement en infrastructures, en particulier dans la ruralité (très haut débit, couverture téléphonique, routes…)
et renationaliser les sociétés d’autoroutes pour rendre aux Français un patrimoine qu’ils ont financé et dont ils ont été spoliés ; plus généralement, refuser la vente des actifs stratégiques détenus par la puissance publique."
