id,full_name,twitter_name,twitter_web_urls,tweets_en_captura,top_mentions
441,Huguette Bello,HuguetteBello,twitter.com/HuguetteBello,587,huguettebello:62; region_reunion:20; assembleenat:15; ipreunion:12; younousomarjee:11; ebareigts:9; la1ere:8; deputespcf:7; lcp:6; jlmelenchon:5; zinfoslive:5; linfore:5; manonaubryfr:4; deputeratenon:4; clicanoore:4; youtube:4; deputesfdg:4; outremers360:3; lequotidien:3; andrechassaigne:3; regionsdefrance:2; franceinsoumise:2; sitouzeceline:2; sebguyon:2; villesaintpaul:2; lequotidienrun:2; mainasage:2; nathaliebassire:2; emman:1; rostane_mehdi:1
774956,Yves Hemedinger,YvesHemedinger,twitter.com/YvesHemedinger,581,dnatweets:48; roquejeoffre:23; lalsace:19; eciotti:19; olivierclaudon:17; gwgoldnadel:16; julienaubert84:15; bfm_alsace:15; xavierbertrand:12; cnews:10; phdumont:9; villecolmar:9; europe1:8; valeriehayer:7; laurentwauquiez:6; pascalpraud:6; valeurs:5; phdevilliers:5; fxbellamy:5; slerudulier:5; bfmtv:5; bernardcarayon:5; aurelienpradie:5; brunoretailleau:4; guilhemcarayon:4; e2villiers:4; afpfr:4; emmanuelmacron:4; guillaume_bigot:4; renaissance:4
719480,Olivier Gaillard,OliveGaillard30,twitter.com/OliveGaillard30,580,midilibre:106; gouvernementfr:26; assembleenat:20; olivegaillard30:13; agnesbuzyn:13; gard:12; objectifgard:12; totem_radio:11; brunolemaire:11; bleugardlozere:10; min_ecologie:10; an_finances:10; minsolisante:10; occitanie:9; dguillaume26:9; florence_parly:9; prefet30:9; min_agriculture:7; defense_gouv:7; vidalthomasgard:6; benoitsimian:6; elisabeth_borne:5; economie_gouv:5; midilibreales:5; fderugy:5; ephilippepm:5; an_collterr:4; min_territoires:4; le_figaro:3; alesagglo:3
718838,Fabrice Brun,FabriceBrun,twitter.com/FabriceBrun,575,auvergnerhalpes:36; assembleenat:27; fabricebrun:4; francealzheimer:3; lcp:3; yannickneuder:3; mathdarnaud:2; anemmontagne:2; ledauphine:2; pannekouckefabr:2; meunier_ph:2; renaudpfeffer:2; charlie_hebdo_:1; telethon_france:1; parcoursup_info:1; gendarmerie:1; francetv:1; lesechos:1; auvergne:1; michelbarnier:1; prefet07:1; yaelbraunpivet:1; ffpjp_officiel:1; brlgroupe:1; tcfia:1; jf_rousset2:1; v_riotton:1; sdispompiers07:1; pont:1; claudeaurias:1
721474,Stéphane Viry,ViryStephane,twitter.com/ViryStephane,569,stephaneviry:14; groupeliot_an:13; virystephane:8; assembleenat:5; christophe_p:3; michelbarnier:3; astridpanosyan:3; sports_gouv:2; f_gernigon:2; rmcinfo:2; bfmtv:2; sillon_lorrain:2; lcp:2; letelegramme:1; auroreberge:1; viryst:1; mariebarsacq:1; groupesncf:1; philippetabarot:1; deputeeestelle:1; naimamoutchou:1; brunoretailleau:1; cavautrin:1; pompiersfr:1; lemondefr:1; an_afsoc:1; fredvalletoux:1; latribune:1; aurelienpradie:1; heinrichepinal:1
719718,Laurence Maillart-Méhaignerie,LMaillart,twitter.com/LMaillart,560,emmanuelmacron:53; lcp:24; renaissance_35:20; lmaillart:20; valeriehayer:16; gabrielattal:16; assembleenat:15; equipefra:15; yaelbraunpivet:13; besoindeurope:12; afpfr:10; jy_ledrian:10; jeunesmacron35:8; admdfrance:7; jonathandenis:7; olivierfalorni:7; lesechos:6; renaissance:6; elysee:6; lemondefr:6; france3bretagne:6; ouestfrance:5; zelenskyyua:5; bleuarmorique:5; cessonsevigne:5; deputesre:5; elisabeth_borne:4; ambroise_mejean:4; gerardaraud:4; bfmtv:4
719960,Valéria Faure-Muntian,V_Faure_Muntian,twitter.com/V_Faure_Muntian,517,larem_an:38; v_faure_muntian:33; assnacofin:18; brunolemaire:17; jeunesmacron42:15; assembleenat:13; brunobonnelloff:13; emmanuelmacron:12; agnesrunacher:11; w4c_france:10; cedric_o:10; an_finances:9; jeancastex:9; verkhovna_rada:8; economie_gouv:8; ffa_assurance:8; bfmtv:7; qbataillon:7; edeponcins:7; prefecture42:7; rmarche42:7; anssi_fr:6; campuscyberfr:6; franceenukraine:6; lcp:6; gouvernementfr:6; b_smart_tv:6; oliviagregoire:6; ambroise_mejean:5; 24hpujadas:5
720968,Justine Benin,Justine_BENIN,twitter.com/Justine_BENIN,515,justine_benin:29; seblecornu:25; emmanuelmacron:18; outremers360:15; guadeloupela1e:15; pg_basseterre:12; rci_gp:12; olivierveran:11; assembleenat:10; gouvernementfr:9; patrickmignola:9; la1ere:8; stimpflingeric:8; senateurdtheoph:8; ephilippepm:8; departement_971:6; ns_lhebdo:6; annickgirardin:6; prefet971:5; jborellincertin:5; lesoutremer:5; nsemaine:5; deputesdem:5; maeldisav:5; patbraflantrobo:4; procureur_pap:4; mergouv:4; lcp:4; modem:4; olivier_serva:3
610775,Philippe Gomès,PhilippeGomesCE,twitter.com/PhilippeGomesCE,500,caledoniee:463; ncla1ere:8; la1ere:5; philippegomesce:4; congresnc:4; franceculture:2; annickgirardin:1; erichelard:1; assembleenat:1; le_figaro:1; yvesthreard:1; udi_off:1; laurentwauquiez:1; la_fedom:1; lacroix:1; lepoint:1; seblecornu:1; lncnc:1
720598,Marguerite Deprez-Audebert,MDeprezAudebert,twitter.com/MDeprezAudebert,499,modem:63; agnesrunacher:62; emmanuelmacron:60; elisabeth_borne:52; enmarchefr:23; bayrou:19; bethunemajorite:17; lcp:14; mfesneau:12; jnbarrot:11; brunolemaire:9; valeriehayer:9; brigbourguignon:7; deputesdem:6; j_democrates:6; assembleenat:6; sarahelhairy:5; bfmtv:5; avecvous:5; franceinter:4; philippemichelk:4; renaissance_ue:4; pde_edp:4; jmblanquer:4; grudlerch:3; renaissance:3; renaissance_62:3; e_dupondm:3; patrickmignola:3; europe1:3
330240,Éric Ciotti,ECiotti,twitter.com/ECiotti,499,bernardchaix:13; eciotti:13; lejdd:11; bfmtv:9; groupeudr:7; c_dintorni:6; prlcastillo:4; a_masson06:4; nice_matin:4; valentin_antoi:4; nissarugby:3; ca_ginesy:3; bfmcotedazur:3; cestrosi:3; a_dupalais:2; hanane_mnsr:2; f3cotedazur:2; challoncle:2; challenges:2; rafaelquessada2:2; le_parisien:2; cnews:2; le_figaro:2; chris_gomart:2; bfmtv_inside:1; juliettechesnel:1; mchantrait:1; j_bardella:1; nicepresse:1; maxime_michelet:1
720568,Agnès Thill,ThillAgnes,twitter.com/ThillAgnes,498,plumedaliocha:23; contribuables:18; olivierbabeau:16; le_figaro:15; justice_gouv:12; vtremolet:9; fabienbougle:9; cheocheduval:9; bayrou:9; dominiquereynie:8; alexandrejardin:8; europe1:7; montbrialavocat:7; seblecornu:7; emmanuelmacron:7; davidlisnard:6; h2brgrd:6; michelf29015597:6; paulsugy:6; partisocialiste:6; gouvernementfr:6; interieur_gouv:5; gabriellecluzel:5; charlesprats:5; denispayre:5; femmeazadi:5; cnews:5; alexdevecchio:4; 7559pr:4; agri_gouv:4
721226,Sabine Rubin,SabineRubinFI93,twitter.com/SabineRubinFI93,496,sabinerubinfi93:15; clem_autain:13; ericcoquerel:9; jlmelenchon:8; franceinsoumise:7; jmblanquer:7; deputee_obono:7; trouveaurelie:6; arenasfcpe:6; vpecresse:6; alexiscorbiere:5; olivierveran:4; jeancastex:4; aquatennens:4; snetapfsu:4; vidalfrederique:4; mathildepanot:4; simonnet2:4; francois_ruffin:3; michel_larive:3; ugobernalicis:3; deputeratenon:3; gdarmanin:3; afpsofficiel:3; brunolemaire:2; lacgtcommunique:2; colinchampion_:2; luce_melanie:2; fsunationale:2; mmendiharat:2
720326,Brahim Hammouche,BHammouche5708,twitter.com/BHammouche5708,496,deputesdem:135; emmanuelmacron:55; bhammouche5708:21; jeancastex:19; olivierveran:19; lcp:18; gouvernementfr:17; lerl_thionville:16; cantonhayange21:15; prefet57:12; lci:11; lerl_metz:11; radioorient:10; gdarmanin:10; mosellecd57:10; f3lorraine:9; modem:9; bfmtv:9; hebdo_lasemaine:9; equipedefrance:8; assembleenat:8; bhammouche2022:7; fblorrainenord:7; brunolemaire:6; lacroix:6; lemondefr:6; bayrou:6; jmblanquer:6; enmarche57:5; cbeaune:5
721194,Frédérique Dumas,dumasfrederique,twitter.com/dumasfrederique,494,lepoint:42; lemondefr:35; emmanuelmacron:26; arminarefi:15; ipacglobal:14; groupelibterran:13; dumasfrederique:12; denismukwege:6; le_figaro:6; changefrance:5; goetzingerg:4; uyghurcongress:4; jy_ledrian:4; organcoalition:4; robiolle:3; cnews:3; lopinion_fr:3; gabrielattal:3; uyghurinstitute:3; mounirsatouri:3; _alairlibre:3; libe:2; colossusdiplo:2; youtube:2; g_garrigos:2; lcp:2; villanicedric:2; josepborrellf:2; robertametsola:2; jdetemmerman:2
718884,Valérie Bazin-Malgras,vbazinmalgras,twitter.com/vbazinmalgras,478,villedetroyes:111; vbazinmalgras:72; lesrepublicains:55; francoisbaroin:50; republicains_an:37; chjacob77:23; assembleenat:17; aurelienpradie:15; 5edragons:15; vpecresse:11; estac_officiel:10; constancelegrip:9; lcp:8; eciotti:7; emmanuelmacron:7; an_afcult:7; prefet_10:6; martingabriel_3:6; tgassilloud:5; maillotjaunelcl:5; receysurource:5; ligue1ubereats:5; brigitte_kuster:5; damienabad:5; odassault:5; juliendive:5; maximeminot:5; iheliotcouronne:5; fnsea:4; agnesevren:4
722244,Marie-Ange Magne,MarieAngeMagne,twitter.com/MarieAngeMagne,473,emmanuelmacron:103; ephilippepm:23; prefet87:20; marieangemagne:18; gdarmanin:18; an_finances:14; gouvernementfr:14; assembleenat:13; brunolemaire:11; jeancastex:10; franckriester:10; lepopulaire_fr:9; r_bachelot:7; gdarrieussecq:7; elysee:6; ministerecc:6; olivierdussopt:6; olivierveran:6; jmblanquer:6; franceinfo:5; transpod_inc:5; gabrielattal:5; alexiholroyd:5; agnesrunacher:5; hyperloop87:5; ademontchalin:5; gdarrieussecq21:4; larem_an:4; villelimoges87:4; 1elisamoreno:4
720298,Émilie Cariou,EmilieCariou,twitter.com/EmilieCariou,470,lemondefr:34; faureolivier:19; partisocialiste:13; franceinter:10; libe:9; lcp:5; bricegaillard:5; bfmtv:5; franceculture:5; ens_ulm:5; emiliecariou:5; albanegaillot:5; noustoutesorg:5; gc_mardis:4; francediplo:4; artefr:4; lobs:4; unesco_fr:3; edwyplenel:3; rglucks1:3; theolaubry:3; socialistesan:3; mincolonna:3; franceintheuk:3; pcanfin:3; emmarafowicz:2; chloeridel:2; prefet55:2; fc_actu:2; evajoly:2
721568,Pierre Person,pierr_person,twitter.com/pierr_person,466,usualmoney:100; pierr_person:34; rglucks1:15; emmanuelmacron:14; raph_bloch:13; fedorovmykhailo:12; nathalieloiseau:9; ericlagadec:9; paddi_hansen:9; thebigwhale_:8; ukrainestand:8; adlitb:6; curvefinance:6; pendle_fi:6; bfmcrypto:6; adan_asso:6; iaponomarenko:6; edwardmayor:5; zelenskyyua:5; momir_amidzic:4; stutireal:4; iosgvc:4; femeninna:4; stachalex:4; fpetitan:4; defi_dad:3; edge_pod:3; ether_fi:3; mevcapital:3; sachahoulie:3
719822,Sabine Thillaye,SabineThillaye,twitter.com/SabineThillaye,462,deputesdem:40; mfesneau:35; emmanuelmacron:24; jnbarrot:21; seblecornu:13; modem:10; sabinethillaye:7; ifri_:6; j_m_jacques:6; amb_delattre:6; pl_maurice:5; opexnews:5; benjaminhaddad:5; assembleenat:5; klinkertbrigitt:5; fpetitan:5; bayrou:5; dga:4; francediplo:4; an_defense:4; elysee:4; cerfaifri:3; ambdeenfr:3; senat:3; bfmtv:2; franceinfo:2; armeedeterre:2; cemat_fr:2; lcp:2; sesu_ua:2
718918,Alexandra Louis,ALouisMars,twitter.com/ALouisMars|twitter.com/ALouisDeputee13,460,diavictimes:65; emmanuelmacron:62; gabrielattal:19; alouismars:12; franceinfo:9; e_dupondm:9; bfmtv:6; enthoven_r:6; gdarmanin:5; arthur_dvx:4; cn2r_france:4; blancgerard13:4; renaissance:4; rtlfrance:4; maxime_boudet:4; nathalieloiseau:4; elysee:3; justice_gouv:3; lcp:3; claudemalhuret:3; ambroise_mejean:3; nbelloubet:3; j_bardella:3; lci:3; brunolemaire:3; le_parisien:2; perrinegoulet:2; bfmmarseille:2; laprovence:2; afpfr:2
720704,Laurence Vichnievsky,Lvichnievsky,twitter.com/Lvichnievsky,460,lvichnievsky:20; lcp:17; emmanuelmacron:14; yaelbraunpivet:11; modem:10; gdarmanin:10; bayrou:8; assembleenat:8; phgosselin:8; jmblanquer:7; an_comlois:6; bfmtv:6; jnbarrot:5; gabrielattal:5; youtube:5; deputesdem:5; f3auvergne:5; groupemodem:5; ffb_63:4; avecvous:4; olivierfourot:3; cbeaune:3; limagrain:3; an_afetr:3; franceculture:3; lci:3; fbauvergne:3; figaro_live:3; asmofficiel:3; cpiresbeaune:3
719396,Jean-Charles Larsonneur,JCLarsonneur,twitter.com/JCLarsonneur,457,audrands:46; brunotertrais:24; olivier1schmitt:17; grirejacques:13; mikaa_bm:12; emmanuelmacron:10; grand_continent:8; nathalieloiseau:7; vincentlamigeon:7; carlbildt:7; ntenzer:6; michel_goya:6; hfayet:6; kajakallas:6; kasparov63:6; annakubista:5; alexjubelin:5; rglucks1:4; francediplo:4; josephhenrotin:4; ojoelsen:4; danishmfa:4; marionvanr:4; mylovanov:3; elietenenbaum:3; sophiaaram:3; cavautrin:3; anitaanandmp:3; mcfaul:3; anders_aslund:3
719830,Nicolas Démoulin,demoulinem,twitter.com/demoulinem,456,emmanuelmacron:46; emmwargon:30; dihal_gouv:23; assembleenat:18; larem_an:17; demoulinem:15; brnomorel:10; auroreberge:9; 1elisamoreno:8; rolandlescure:8; gabrielattal:8; j_denormandie:8; jeancastex:8; franceaumali:7; prefet34:6; yaelbraunpivet:6; elysee:6; enmarchefr:6; sylv1mathieu:5; sdis34:5; emmausolidarite:5; ccastaner:5; deputecausse:5; ademontchalin:5; abbe_pierre:4; christopheeuzet:4; jfeliaou:4; cbeaune:4; croixrouge34:4; gouvernementfr:4
721458,Xavier Roseren,XavierRoseren,twitter.com/XavierRoseren|twitter.com/https:,449,brunolemaire:28; deputesre:17; rolandlescure:16; antoine_armand:15; emmanuelmacron:14; deputeshorizons:12; agnesrunacher:12; gdarmanin:11; anemmontagne:9; xavierroseren:9; auroreberge:9; ephilippe_lh:8; gabrielattal:8; renaissance:7; lcp:7; elisabeth_borne:7; horizonsleparti:6; anniegenevard:6; michelbarnier:6; assembleenat:5; seblecornu:4; bayrou:4; ferraccimarc:4; v_riotton:4; yaelbraunpivet:4; cbeaune:4; gendarmerie_074:4; oliviagregoire:4; t_cazenave:4; stanguerini:4
1809,Jérôme Lambert,jeromelambert16,twitter.com/jeromelambert16,446,amisazerbaidjan:46; gordontesos:42; jeromelambert16:31; guillaume20100:29; faureolivier:17; labdullayevamfa:16; socialistesan:13; lcp:12; azambassadefr:10; guilhemb12:10; cedric_temple:9; assembleenat:6; borisvallaud:6; pbeyssac:6; imilnb:6; moro_cedric:4; dorcel:4; bcazeneuve:3; lesrepublicains:3; valerie_rabault:3; nicolasmayernmr:3; brunoretailleau:3; emmanuelmacron:3; cphre2020:3; mathildepanot:3; samuelchurin:3; desarnez:3; senat:2; nasimiaghayev:2; caucasef:2
720644,Jérôme Nury,jeromenury,twitter.com/jeromenury,444,jeromenury:82; ornedepartement:27; senateur61:25; verolouwagie:19; prefet61:19; assembleenat:13; republicains_an:12; lcp:10; guillaumegarot:9; herve_morin:7; segouinv:7; nicolasloque:7; ornecombattante:5; ancterritoires:5; chantaljourdan:4; fbleubnormandie:4; f3normandie:4; orangenormandie:4; lbeauvaisbn:4; constancelegrip:3; fftelecoms:3; oliviermarleix:3; lesrepublicains:3; banquedesterr:3; energiematin:2; ffequitation:2; ebothorel:2; anniegenevard:2; lesburalistes:2; cdebalorre:2
721792,Émilie Guerel,eguerelLREM,twitter.com/eguerelLREM,439,sarahelhairy:47; emmanuelmacron:30; yaelbraunpivet:22; an_comlois:14; snujemengage:11; laseynesurmer:11; ephilippepm:7; assembleenat:6; eguerellrem:6; ccastaner:5; larem_an:5; auroreberge:5; lcp:4; renaudmuselier:4; guy_lvt:3; jmblanquer:3; eduscol:3; elisabeth_borne:3; lesjam83:3; jblemoyne:3; brunolemaire:3; bquestel:3; maregionsud:3; jeancastex:3; conv_citoyenne:3; oliviagregoire:3; olivierveran:3; ambroise_mejean:2; priscathevenot:2; gabrielattal:2
718868,Michel Larive,Michel_Larive,twitter.com/Michel_Larive,438,benedicttaurine:10; michel_larive:8; jlmelenchon:4; mbompard:4; l_insoumission:4; christophebex:3; mathildehignet:3; tremasuri:3; deputee_obono:3; clem_autain:3; franceinsoumise:3; manonmeunier_up:2; sylv20carriere:2; mathildepanot:2; nathalieoziol:2; leilachaibi:2; poncetraymonde:2; aleaument:2; clemence_guette:1; icioccitanie:1; confpaysanne:1; gabrielattal:1; mic:1; younousomarjee:1; sebrome:1; anne_stambach:1; leowalter04:1; leboucher_elise:1; ruralites_lfi:1; dominiquesubra:1
608416,Patrick Hetzel,patrickhetzel,twitter.com/patrickhetzel,438,patrickhetzel:117; genethique:85; lcp:23; droiterep_an:13; lesrepublicains:12; thibault_bazin:12; republicains_an:12; brunoretailleau:11; bentzchristophe:9; fxbellamy:9; cavautrin:9; republicains67:8; asso_sfap:8; philippejuvin:8; michelbarnier:8; pdharreville:8; deputecvautrin:7; potierdominique:6; h2brgrd:6; speytavie:6; anniegenevard:6; le_figaro:5; sandrousseau:5; laurentwauquiez:5; mdehennezel:5; sandrine_dogor:5; astridpanosyan:5; pilatorene:5; cecile_rilhac:5; olivierfalorni:4
267336,Joël Giraud,JoelGiraud05,twitter.com/JoelGiraud05,436,partiradical:43; elisabeth_borne:17; assembleenat:12; emmanuelmacron:12; joelgiraud05:9; mfesneau:9; lcp:8; fauredominique:8; deputesre:8; n_delattre:7; hautesalpes:6; prefet05:6; renaudmuselier:5; maregionsud:5; oliviagregoire:5; jmarie_bernard:4; arnaudmurgia:4; sarahelhairy:4; david_valence:4; ceymeoud:4; p_vergriete:3; assoardsl:3; villebriancon:3; gabrielattal:3; cbeaune:3; ferrarimarina73:3; pascaleboyerem:3; olivierdussopt:3; pace_news:3; cecile_rilhac:2
721070,Nadia Ramassamy,NadiaRamassamy,twitter.com/NadiaRamassamy,436,nadiaramassamy:44; lcp:11; republicains_an:7; assembleenat:7; jmblanquer:7; la1ere:5; reunionla1ere:3; emmanuelmacron:3; renaissance:3; seblecornu:3; marcdelatte:3; antennereunion:3; lesrepublicains:3; lejdd:3; outremers360:2; an_afsoc:2; le_figaro:2; reuniontourisme:2; lamanifpourtous:2; obergervdn:2; causeur:2; mafoikprajan:2; wef:1; defimediainfo:1; morisinfo:1; rajpalsinghall1:1; lesoutremer:1; zinfoslive:1; brajonmuriel:1; lememento:1
267378,Geneviève Levy,genevievelevy83,twitter.com/genevievelevy83,429,hubertfalco:60; republicains_an:27; genevievelevy83:19; lesrepublicains:17; villedetoulon:15; renaudmuselier:10; republicains83:10; assembleenat:7; fxbellamy:7; cmuschotti:7; massonjeanlouis:6; laurentwauquiez:6; lcp:5; chjacob77:5; philippevitel:5; nbelloubet:4; chenevard2022:3; prefet83:3; vpecresse:3; jeancastex:3; doorjean:3; francoisbaroin:3; var_matin:3; vmtoulon:3; justice_gouv:3; mltoulon:2; aauteuil:2; fdecanson:2; jeunesrep83:2; patrickhetzel:2
721372,Damien Pichereau,DamienPichereau,twitter.com/DamienPichereau,422,emmanuelmacron:22; marleneschiappa:15; damienpichereau:12; djebbari_jb:12; larem_an:12; enmarchesarthe:8; an_devdur:8; cbeaune:7; jeancastex:7; ccastaner:7; olivierveran:6; f_personne:6; elisabeth_borne:5; juliedelpech72:5; mkaramanli72:5; lmaillart:5; jmzulesi:4; brunolemaire:4; gouvernementfr:4; an_afeur:4; valeriehayer:3; fderugy:3; christophebechu:3; sergedanilo:3; gabrielattal:3; jean_lucfugit:3; joelgiraud05:3; j_denormandie:3; vpecresse:3; oconesteban:2
721734,Philippe Michel-Kleisbauer,PhilippeMichelK,twitter.com/PhilippeMichelK,421,emmanuelmacron:126; bayrou:29; jnbarrot:28; philippemichelk:18; modem:15; francediplo_en:14; franceonu:12; francediplo:11; elysee:11; lcp:11; pde_edp:9; gouvernementfr:8; zelenskyyua:8; unmissmedia:7; amb_delattre:6; narendramodi:6; mfesneau:6; keir_starmer:6; franceintheus:4; lacroix_un:4; unreliefchief:4; frenchresponse:4; franceintheuk:4; democrats_eu:4; youngdemseu:4; modemvar:4; franceenukraine:3; armees_gouv:3; iomsouthsudan:3; afpfr:3
720790,Romain Grau,RomainGrau,twitter.com/RomainGrau,420,guillemgervilla:56; peruchopierre:55; isamdenoell:50; issouf_niang:42; frigolaisa:27; comitepr66:18; e_dupondm:17; romaingrau:14; gdarmanin:11; seblecornu:10; emmanuelmacron:9; estevevalls:7; krls:6; philenglebert:6; ambroise_mejean:6; usap_officiel:5; murielpenicaud:5; nbrousse19:5; michel66000:4; jeunesmacronpo:4; lindependant:4; jam66:3; gouvernementfr:3; assembleenat:3; jcpentreprise:3; jfportarrieu:2; adia66:2; bfmbusiness:2; guitardyvon:2; top14rugby:2
2492,Didier Quentin,didierquentin,twitter.com/didierquentin,419,vpecresse:59; didierquentin:26; an_afetr:25; avecvalerie:13; lesrepublicains:11; desarnez:11; lejdd:7; assembleenat:7; smarcilly:5; republicains_an:5; labiche_david:5; julienduressay:4; republicains_17:4; ripostepecresse:3; maudgatel:3; f3vilain:3; franceaumali:3; mickaelvallet:2; laurence:2; tf1:2; nicolassarkozy:2; karampatrick:2; alexisdutertre:2; laurentwauquiez:2; dbussereau:2; franceinfo:2; ademontchalin:2; agenetet:2; an_outremers:2; sebastien_nadot:2
607395,Stéphane Travert,StTRAVERT,twitter.com/StTRAVERT,417,emmanuelmacron:35; deputesensemble:22; assembleenat:20; sttravert:20; an_afeco:16; sophiaaram:13; auroreberge:13; seblecornu:12; dp_leparti:9; elysee:8; anniegenevard:8; prefecture50:7; icicotentin:6; elisabeth_borne:6; juliettemeadel:6; lcp:5; yaelbraunpivet:5; les_citadelles:5; ebothorel:5; sauveteursenmer:5; ferraccimarc:4; lacoopagricole:4; cbeaune:4; renaissance:4; gabrielattal:3; renaudpila:3; schnockrevue:3; mathieumlefevre:3; emma_ducros:3; csnumpost:3
718944,Cathy Racon-Bouzon,RaconCathy,twitter.com/RaconCathy,415,emmanuelmacron:47; maxime_boudet:37; raconcathy:36; avecvous:17; saidahamada:12; celinecalvez:9; clementdeidda:7; laprovence:6; bfmmarseille:6; 1elisamoreno:6; elisabeth_borne:5; 1pieceofrubbish:5; gabrielattal:4; france3provence:4; matteopvne:4; najat_akodad:4; cecile_rilhac:3; j_jaures:3; benoitpayan:3; marseille:3; pascleclercq:3; assembleenat:3; jeancastex:3; prefet13:3; rixainmp:3; franceculture:3; mlp_officiel:3; nadiahai78:3; adrientaquet:3; jeunesmacron_13:2
642788,Olivier Véran,olivierveran,twitter.com/olivierveran,414,olivierveran:43; elysee:39; emmanuelmacron:24; elisabeth_borne:8; laurenceboone:4; charlottecaubel:3; fauredominique:3; rolandlescure:2; fadila_khattabi:2; b_belhaddad:2; ljacobelli:2; francedk:2; audreyaronica:1; corinnevignon:1; sarahourahmoune:1; gabrielattal:1; rimaabdulmalak:1; agnesfirmin:1; libe:1; latribune:1; lopinion_fr:1; ledauphine:1; handicap_fr:1; franceinter:1; t_cazenave:1; rtlfrance:1; agnesrunacher:1; gouvernementfr:1; christophebechu:1; olivie:1
719922,Lionel Causse,DeputeCausse,twitter.com/DeputeCausse,414,assembleenat:31; michelbarnier:26; valerieletard:23; bcazeneuve:19; deputecausse:15; deputesensemble:14; terresdeprogres:14; lcp:12; gabrielattal:10; emmanuelmacron:10; mc_garin:7; habitatffb:7; emmacosse:6; souvenirsfmdax:6; barriere_dr:5; bayrou:5; bleu_gascogne:5; federationoph:5; ecologie_gouv:4; agnesrunacher:4; caracol_colocs:4; inakiechaniz:4; plateauurbain:4; jamaissanstoit:4; borisvallaud:3; actionlogement:3; agenetet:3; leslandes40:3; prefecture40:3; gestiasolidaire:3
719230,Yannick Kerlogot,Kerlogot22,twitter.com/Kerlogot22,412,kerlogot22:27; christopheeuzet:20; emmanuelmacron:19; enmarche22:18; jeancastex:14; avecvous:13; larem_an:13; ebothorel:11; ericpllaurent:8; sarahelhairy:8; jeunesmacron:7; assembleenat:7; olivierveran:7; jeunesmacron22:6; celinecalvez:6; cecile_rilhac:6; jmblanquer:6; nouslabzh:5; stollsteph:5; erwanbalanant:5; annebrugnera:5; r_bachelot:5; graziemelchior:5; herveberville:4; france3bretagne:4; regionbretagne:4; richardferrand:4; an_afcult:4; elisabeth_borne:4; lcp:4
721036,Lénaïck Adam,LenaickADAM,twitter.com/LenaickADAM,412,guyla1ere:39; lenaickadam:36; franceguyane:36; radiopeyi:29; georgespatient:26; seblecornu:19; prefet973:16; emmanuelmacron:12; outremers360:12; olivierveran:11; ctdeguyane:11; lesoutremer:9; gabrielserville:8; annickgirardin:7; assembleenat:6; spotifyfrance:6; lcp:5; ccastaner:5; larem_an:5; guyaneactu:4; kalash972:4; mlphinerahorth:4; omr_officiel:4; emmanuelcohet:4; acguyane:3; la1ere:3; hitlokal:3; rphealexandre:3; olivier_serva:3; ephilippepm:3
605518,François-Michel Lambert,fm_lambert,twitter.com/fm_lambert,411,alp_aquaparis:20; bmoon_bee:10; franceinfo:9; embacubafrancia:8; humanite_fr:7; estherbenbassa:7; francoisedegois:5; sychazot:4; marinetondelier:4; mpbresson:4; patchampagnac:4; ardeslandes:4; martineaubry:4; elnecio_cuba:3; citizenmediafr:3; faureolivier:3; jpmignard:3; panettonepazzo:3; realmarcel1:3; karimzeribi:3; libertaire10:3; cerfiafr:3; mariebnard:3; moulinemmanuel3:2; rfi:2; yanisvaroufakis:2; gchampeau:2; nain_portekoi:2; lcp:2; sabrinasebaihi:2
721062,Jean-Hugues Ratenon,DeputeRatenon,twitter.com/DeputeRatenon,410,deputeratenon:119; franceinsoumise:73; jlmelenchon:29; ericcoquerel:23; michel_larive:19; lcp:16; lachaudb:15; nicolasframont:15; aquatennens:14; fiassemblee:14; deputee_obono:12; agnesbuzyn:12; younousomarjee:11; mathildepanot:10; clem_autain:8; assembleenat:7; ugobernalicis:7; mressiguier:6; reunionla1ere:4; la1ere:4; sarah_soilihi:4; clicanoore:4; ipreunion:4; fculture_pol:4; francois_ruffin:4; brigitte_bardot:3; huguettebello:3; julietteprados:3; hub_laferriere:3; olivierdussopt:3
720684,Pierre-Henri Dumont,phdumont,twitter.com/phdumont,406,brunoretailleau:68; lesrepublicains:42; bfmtv:14; phdumont:12; michelbarnier:11; xavierbertrand:10; radiojfrance:8; fxbellamy:8; rclens:8; mardipolitique:7; nicolassarkozy:6; rnational_off:5; le_figaro:5; sudradio:5; tf1info:5; juliendive:4; marckfootball:4; emmanuelmacron:4; forcerep_fr:4; ademe:4; jlmelenchon:3; franceinfo:3; conseil_constit:3; jonashaddad:3; jsferjou:3; rtlfrance:3; lci:3; paris2024:3; datirachida:2; cnews:2
336175,Sylvia Pinel,SylviaPinel,twitter.com/SylviaPinel,406,tarnetgaronne82:50; sylviapinel:50; groupelibterran:25; ladepeche82:22; occitanie:16; an_afeco:16; jeanluclagleize:15; prefet_82:13; lp_promotion:12; deprinceluc:11; hugueskenfack:10; marieca82:10; lcp:10; assembleenat:9; unionhlm:7; utcapitole:7; fac_droit_tlse:7; lomagnede:7; radicaux_oc:7; sdis82:7; udsp82:7; j_denormandie:7; occencommun:7; caroledelga:6; partiradicalg:6; thioyemoussa1:5; m_pmrd:4; agri_gouv:4; barbarapompili:4; jeancastex:4
722240,Pierre Venteau,PierreVenteau,twitter.com/PierreVenteau,401,fabricedandrea:81; juliengalpespom:40; gewoessner:36; emma_ducros:34; jeremyeldid:26; moreaujb23:22; aegrw:22; lacroix_prg:21; mfesneau:19; agnesrunacher:18; dc_morel:17; j_saintraymond:11; csfldefrance:11; pascalperri:11; pierreventeau:9; danielsauvaitre:9; benj_thi:9; emmanuelmacron:9; pr_f_vincent:8; fmbreon:8; bottrubuil:8; pasclavergne:7; rousseautrocy:7; barbarapompili:7; brunotdlb:6; j_:6; pat2816:6; sophiaaram:5; josette_marrant:5; warlopf:5
722336,Vincent Thiébaut,VincentThiebaut,twitter.com/VincentThiebaut,400,horizons_an:251; horizonsleparti:217; horizons_stras:209; horizons67:109; horizons68:17; assembleenat:14; vincentthiebaut:13; lmarcangeli:13; fredvalletoux:11; christophe_p:9; ephilippe_lh:7; c_goetschyb:6; lcp:6; grandirscancer:5; prefet67:5; an_devdur:4; yaelbraunpivet:4; cec_zev:4; gabrielattal:4; leseulg:4; deputeshorizons:3; evapourlavie:3; gouvernementfr:3; jpatrierleitus:3; annececilevio:3; agnesfirmin:3; horizonsjeunes:3; claudesturni:2; senat:2; acstrasbourg:2
719790,Philippe Chalumeau,Chalumeau_P,twitter.com/Chalumeau_P,400,emmanuelmacron:34; celine_oudry:33; steph_sejourne:17; chalumeau_p:15; jeunesmacron37:14; ambroise_mejean:9; avecvous:9; lcp:9; francehydrogene:8; loic_guilpain:8; renaissancet37:7; renaissance:7; enmarche37:7; assembleenat:6; mfesneau:6; gabrielattal:6; jmaireofficiel:6; olivierveran:6; elisabeth_borne:5; jeancastex:5; macron2022:5; stanguerini:4; agnesrunacher:4; brigbourguignon:4; jeunesmacron:4; yaelbraunpivet:3; mohammedbense:3; bertrandfougere:3; sante_gouv:3; auroreberge:3
721270,Stéphane Peu,stephane1peu,twitter.com/stephane1peu,400,lcp:76; stephane1peu:75; deputespcf:53; deputesgdr:34; pcf:21; emmanuelmacron:17; humanite_fr:15; bayrou:13; assembleenat:11; seblecornu:7; fabien_gay:5; franceinfo:5; cecilecukierman:4; fabien_roussel:4; halaabouhassira:3; gabriel_zucman:3; ademontchalin:2; senateurscrce:2; cyrielle_chtl:2; mathildepanot:2; sofiaboutrih:2; mardipolitique:2; nicolassansu:2; elysee:2; stepha:2; fetedelhumanite:2; binetsophie:2; yannickmonnet3:2; brunoretailleau:2; nupesnews:2
718990,Anne Blanc,AnneBlanc_12,twitter.com/AnneBlanc_12,399,anneblanc_12:31; assembleenat:31; ephilippepm:27; an_collterr:25; seblecornu:24; larem_an:23; agnesrunacher:22; emmanuelmacron:19; j_gourault:19; gouvernementfr:15; jrcazeneuve:12; olivierveran:10; an_afeco:10; rolandlescure:10; maireinfo2:8; dguillaume26:7; an_comlois:7; agnesbuzyn:7; mfesneau:7; verolouwagie:7; prefet12:6; baudu_stephane:6; jmblanquer:6; guillaumekasba:6; dept_aveyron:5; franceaubresil:5; joelgiraud05:5; brunolemaire:5; s_mazars:5; yaelbraunpivet:5
718930,Anne-Laurence Petel,al_petel,twitter.com/al_petel,398,emmanuelmacron:12; sophiaaram:11; emiliefreche:9; seblecornu:7; carolineyadan:7; cnews:5; bfmtv:5; quatremer:5; admdfrance:5; renaudpila:5; antonstruve:5; etiennecampion:4; srodan:4; equipefra:4; nous_vivrons:3; jlmelenchon:3; onu_fr:3; jnbarrot:3; jeromegodefroy:3; pbriday:3; mbompard:3; limportant_fr:3; rnational_off:3; frenchresponse:3; nunezlaurent:3; femmeazadi:3; franceinsoumise:3; soph_astro:2; benjaminhaddad:2; swordofsalomon:2
718876,Grégory Besson-Moreau,GBessonMoreau,twitter.com/GBessonMoreau,397,j_denormandie:51; gbessonmoreau:33; michelbarnier:27; auroreberge:21; lesteclair:14; chlambert_fnsea:12; lcp:12; emmanuelmacron:11; cgb_fr:10; beaudouinso:10; rolandlescure:10; an_afeco:10; fnsea:8; salondelagri:7; agri_gouv:6; moreaujb23:6; schelcher:5; prefet_10:5; sttravert:5; lebetteravierfr:5; canal32:5; _missbetter:5; ilec_asso:4; carralain2:4; aube_avec_vous:4; ania_france:4; groupe_lactalis:4; barbarapompili:4; leguilleballoy:4; b_bessotballot:4
642764,Joël Aviragnet,JAviragnet,twitter.com/JAviragnet,396,socialistesan:70; borisvallaud:40; caroledelga:29; guillaumegarot:27; nicolasmayernmr:19; valerie_rabault:16; arthurdelaporte:15; refondations1:10; lcp:9; lamiaela:8; chantaljourdan:7; p_brun:6; isasantiago_94:6; cfdtberger:5; partisocialiste:5; ukrainestand:5; laurossignol:4; hsaulignac:4; kamelchibli:4; mpdelagontrie:3; 2022elections:3; jeromeguedj:3; occitanie:3; senateursps:3; malopedia:3; lejdd:3; dassouline:2; jlmelenchon:2; assembleenat:2; festivalluchon:2
606212,Gilbert Collard,GilbertCollard,twitter.com/GilbertCollard,394,europe1:11; cnews:5; michel_viot:4; gilbertcollard:3; wassim_boughnim:2; roimartinxiv:1; cordieralice2:1; franceinter:1; deputeshorizons:1; ephilippe_lh:1; horizoneu:1; francesouvunie:1; challoncle:1; erwanbaladant:1; sergyl_lafont:1; f_desouche:1; gregorydoucet:1; charlesprats:1; tvlofficiel:1; gendarmerie:1; leasalame:1
718910,Claire Pitollat,clairepitollat,twitter.com/clairepitollat,392,clairepitollat:20; yaelbraunpivet:15; atmosud:14; emmanuelmacron:13; assembleenat:10; elisabeth_borne:10; renaissance__13:9; bfmmarseille:9; deputesre:8; christophebechu:7; aoc1978:7; atmofrance:7; prefpolice13:7; marseille:6; maregionsud:6; staillepolian:6; renaissance:5; herveberville:5; laprovence:5; agnesfirmin:5; an_devdur:5; lamarsweb:4; gabrielattal:4; b_masfraissinet:4; renaudmuselier:4; sabrinaroubache:4; auroreberge:4; valeriehayer:4; jimmypahun:4; anses_fr:4
713448,Marine Brenier,marinebrenier,twitter.com/marinebrenier,389,cestrosi:143; marinebrenier:23; villedenice:17; metropolenca:17; pcondomitti:12; estrosi2026:10; anthony_borre:10; jonathandenis:10; ephilippe_lh:9; admdfrance:8; assembleenat:7; avecbrenier:7; pierre_fiori:6; bailetmonique:6; magalialtounian:5; nicolassarkozy:5; eciotti:5; ppleonelli:5; p_pradal:5; efs_dondesang:5; prefet06:4; renaudmuselier:4; yaelbraunpivet:4; eluscontresida:4; emmanuelmacron:4; gdarmanin:4; jeanlucromero:4; stetienne_auron:4; avec_estrosi:3; lesrepublicains:3
719146,Jean-Félix Acquaviva,JF_Acquaviva,twitter.com/JF_Acquaviva,389,isulacorsica:53; fapopuluac:36; massifcorse:30; jf_acquaviva:28; partitu_femuac:27; assembleecorse:19; groupeliot_an:15; gilles_simeoni:9; maupertuis_n:8; pauluparigi:7; castellani_:7; univcorse:6; pacolombani:6; lmarcangeli:5; corsenetinfos:5; sis_2b:5; ftviastella:5; assembleenat:5; icircfm:4; cracorsica20:4; annaiglemeur_29:4; inakiechaniz:4; prefet2b:4; edfcorse:4; villecorti:4; pghionga:3; ccicorse:3; corse_matin:3; oehc_:3; francebleurcfm:3
719286,Paul-André Colombani,pacolombani,twitter.com/pacolombani,388,groupeliot_an:41; pacolombani:18; pnazionecorsa:9; lcp:7; ftviastella:7; lmarcangeli:6; jc_angelini:5; corsenetinfos:5; corse_matin:5; c_decourson:4; cavautrin:4; castellani_:3; fxceccoli:3; pauluparigi:3; yannickneuder:3; avanzemu:3; carburantcorse:3; naegelenchris:3; anniegenevard:3; deputeeestelle:3; gilles_simeoni:3; francebleurcfm:3; an_afsoc:3; stphanelenorma1:3; capeb_fr:2; asromagny:2; jf_acquaviva:2; univcorse:2; maxmathiasin:2; assembleenat:2
721908,Yaël Braun-Pivet,YaelBRAUNPIVET,twitter.com/YaelBRAUNPIVET,386,assembleenat:11; laure_miller:5; rtlfrance:4; perrinegoulet:3; jrcazeneuve:3; speakerjohnson:2; r_stefanchuk:2; phgosselin:2; glarcher:2; bruno_fuchs:2; rmcinfo:2; libe:2; franceinter:2; franceinfo:2; tf1:2; juliakloeckner:2; seblecornu:2; aguiarbranco:2; gerard_larcher:2; maires_ruraux:2; lcp:2; isasantiago_94:2; speakerpelosi:1; m_k_blonska:1; wlodekczarzasty:1; nikopeleshi:1; tf1info:1; le_figaro:1; europe1:1; hecdebats:1
334149,Daniel Fasquelle,DFasquelle,twitter.com/DFasquelle,382,brunoretailleau:33; lesrepublicains:32; hautsdefrance:29; xavierbertrand:27; le_figaro:17; michelbarnier:13; enduropaleoffic:11; laurentwauquiez:9; fxbellamy:7; glarrive:6; othmannasrou:5; anniegenevard:5; dfasquelle:4; philippefait22:4; bfmtv:3; nicolassarkozy:3; celineimart:3; mennarawlings:3; ukinfrance:3; ppe_fr:3; anel_asso:2; droiterep_an:2; faustine_maliar:2; f3nord:2; prefet62:2; ilecallennec:2; phdumont:2; epp:2; yvettecoopermp:2; emaistre:2
721584,Jean Terlier,JeanTerlier,twitter.com/JeanTerlier,380,gabrielattal:34; assembleenat:26; deputesensemble:26; lcp:24; jeanterlier:18; yaelbraunpivet:12; castresrugby:11; prefet81:11; renaissance:11; 8erpimaofficiel:9; sdis81:8; priscathevenot:6; raphbernardin:6; olivierfabremzt:6; laurentsmartin:6; philippetabarot:5; villedemazamet:5; saintsul81info:5; michelbarnier:5; seblecornu:4; nicolasmetzdorf:4; an_comlois:4; gdarmanin:4; cnews:4; stephanie_rist:3; croixrouge:3; francetv:3; dimpolitique:3; renaissancetarn:3; nunezlaurent:2
719728,Gaël Le Bohec,GaelLeBohec,twitter.com/GaelLeBohec,380,epabretagne:113; melanie_epabret:80; apatault:17; gaellebohec:16; celinecalvez:16; yaelbraunpivet:16; romeisabelle:14; emmanuelmacron:11; papndiaye:11; cgrandjean_:9; assembleenat:9; ademontchalin:8; vgb83:8; lmaillart:7; acrennes:6; francoistaddei:6; f_alphaomega:5; cgrandjean54:5; francoisegatel:4; regionbretagne:4; v_riotton:4; an_droitsfemmes:4; lorient_congres:4; diptychander:4; _domicordeiro:4; cessonsevigne:3; glaz_arena:3; pinonanne22:3; villepontivy:3; spacerennes:3
720924,Nathalie Elimas,avyelimas,twitter.com/avyelimas,379,emmanuelmacron:26; auroreberge:8; bayrou:8; avyelimas:6; elisabeth_borne:6; deputesdem:6; avecvous:6; idf_mp:5; bfmtv:5; assembleenat:5; yaelbraunpivet:4; brunomillienne:4; modem:4; lci:3; vpecresse:3; jeancastex:3; 1elisamoreno:3; jugedurand:2; olivierbabeau:2; ataquillain:2; iledefrance:2; nunezlaurent:2; cavautrin:2; gdarmanin:2; davidperrotin:2; facealinceste:2; franceinfo:2; mariecharrel:2; nicolasberrod:2; senat_fr:2
718850,Pierre Cordier,CORDIERPierre08,twitter.com/CORDIERPierre08,379,ardennescd08:48; fxbellamy:47; droiterep_an:37; elsejoseph:29; republicains_an:25; cordierpierre08:18; laurentwauquiez:18; lesrepublicains:16; lcp:13; lesrep_senat:13; fabiendifilippo:12; brunoretailleau:12; michelbarnier:12; celineimart:12; maximeminot:12; oliviermarleix:11; directan:10; emmanuelmacron:9; anniegenevard:8; brunolemaire:8; assembleenat:7; sf_siege:7; kevingengoux:7; mfesneau:7; labaronnedaniel:6; le_figaro:6; fnsea:6; prefet08:6; marechalgui:6; bricefauvarque:6
719798,Daniel Labaronne,LabaronneDaniel,twitter.com/LabaronneDaniel,378,deputesensemble:38; assembleenat:27; lcp:9; seblecornu:9; an_finances:8; gabrielattal:6; brunolemaire:5; mathieumlefevre:5; jphtanguy:5; icitouraine:5; lecese:5; emmanuelmacron:4; chasseursfrance:4; banquedefrance:4; labaronnedaniel:4; groupern_off:4; lafnpf:4; franceinsoumise:3; ofbiodiversite:3; fiassemblee:3; clemence_guette:3; eric_r_lombard:3; renaissance:3; valerieletard:3; ericcoquerel:3; onf_officiel:2; benjaminhaddad:2; vincentjeanbrun:2; rnational_off:2; franceinter:2
268019,Jean-Christophe Lagarde,jclagarde,twitter.com/jclagarde,377,udi_off:85; emmanuelmacron:23; vpecresse:20; jclagarde:14; pascalbrindeau:12; audelagarde:11; bfmtv:11; charlesprats:8; eschahl:7; jpdugoinclement:7; villededrancy:6; franceinfo:6; zemmoureric:6; laurent_sceaux:6; le_parisien:5; ohenno:5; jeancastex:5; lcp:5; sudradio:4; hervemarseille:4; tf1:4; deputesudi_ind:4; le_figaro:4; france2tv:3; avecvalerie:3; jamescheron:3; udijeunes:3; bruce_toussaint:3; erichelard:3; raquelgarridofr:2
722292,Thomas Rudigoz,trudigoz,twitter.com/trudigoz,377,jm_aulas:167; coeur_lyonnais_:51; gabrielattal:23; allanbouamrane:21; trudigoz:15; ambroise_mejean:13; generationaulas:13; poliver69:12; sarahpeillon:12; prefetrhone:10; actufr_lyon:9; gregorydoucet:9; renaissance:8; renaissance_69:8; ycucherat:6; brunobernard_fr:6; lyoncap:5; leprogreslyon:5; grandlyon:5; lucas_ciampi:4; virginievi35975:4; belouassaanais:3; gcoeurlyonnais:3; ol:3; bfmlyon:3; v_sarselli:3; leasalame:3; quelleepoqueoff:3; tribunedelyon:3; nicolaszaugra:2
722284,Bruno Fuchs,bruno_fuchs,twitter.com/bruno_fuchs,376,jnbarrot:28; r_stefanchuk:9; yaelbraunpivet:8; bruno_fuchs:8; assembleenat:7; modem:7; emmanuelmacron:6; radiojfrance:5; rfi:4; christianfbach:4; delphineminoui:4; pahlavireza:4; fpetitan:4; goldbergkevin:3; nath_broadhurst:3; bayrou:3; bfmtv:3; franceinfo:3; europe1:2; nunezlaurent:2; an_afetr:2; markomihkelson:2; ygoosz:2; jmgsiroen:2; deputesdem:2; emmanumacron:2; apffrancophonie:2; brunoretailleau:2; tebbouneamadjid:2; oifrancophonie:2
722038,Damien Adam,damienadam76,twitter.com/damienadam76,375,assembleenat:16; gabrielattal:15; emmanuelmacron:12; damienadam76:11; valeriehayer:11; deputesre:10; dominiqugambier:8; seinemaritime:7; f3normandie:7; renaissance:7; marine_caron76:6; an_devdur:6; ephilippe_lh:5; rouen:5; sdis76:4; yaelbraunpivet:4; rolandlescure:4; besoindeurope:4; cnpaesrlorenzo:4; emilie_leconte:4; f3regions:4; france3presse:4; jeunesmacron76:4; renaissance_76:4; fxbellamy:3; metropolerouenn:3; neomabs:3; jlmelenchon:3; _f_sanchez:3; lcp:3
722190,Gabriel Attal,GabrielAttal,twitter.com/GabrielAttal,375,renaissance:36; gabrielattal:18; deputesensemble:16; oliviagregoire:5; laure_miller:5; pybournazel:4; robjetten:3; klinkertbrigitt:3; stephanie_rist:3; valeriehayer:3; antoine_armand:3; jeunesmacron:3; kristenmichalpm:2; pa_anglade:2; jean_lucfugit:2; salondelagri:2; agnesrunacher:2; faire_face_:2; nathcogg:2; ambroise_mejean:2; nicolasmetzdorf:2; midy_paul:2; kmitsotakis:1; npouzyreff78:1; jdecerle:1; soph_astro:1; gab:1; leclerc_mel:1; ladepechedumidi:1; ensemble_ue:1
721896,Elsa Faucillon,elsafaucillon,twitter.com/elsafaucillon,372,elsafaucillon:13; deputesgdr:12; humanite_fr:10; lcp:8; stephane1peu:8; deputespcf:7; pcf:4; nicolassansu:4; s_bourouaha:4; sabrinasebaihi:4; brunoretailleau:3; marcellinnadeau:3; assembleenat:2; dimpolitique:2; franceinfo:2; jnbarrot:2; fabien_gay:2; bayrou:2; celine_hervieu:2; clemence_guette:2; davyrimane:2; frdric_maillot:2; alterncom:2; lyeslouffok:2; pchamoiseau:2; andrechassaigne:2; gabrielattal:2; michelbarnier:2; utopia_56:2; mariannemaximi:2
720014,Huguette Tiegna,Huguette_Tiegna,twitter.com/Huguette_Tiegna,368,emmanuelmacron:104; elysee:41; gabrielattal:17; assembleenat:12; yaelbraunpivet:11; mfesneau:11; seblecornu:9; valeriehayer:9; prefet46:7; actulot:6; f3occitanie:6; laurentsmartin:5; nbelloubet:5; pompiersdulot:4; elisabeth_borne:4; gregoryallione:4; besoindeurope:4; dimpolitique:4; gouvernementfr:3; medialot46:3; ladepeche46:3; michelbarnier:3; huguette_tiegna:3; ladepechedumidi:3; renaissance:3; v_riotton:2; pompiersfr:2; gdarmanin:2; mistralai:2; mathildepanot:2
721142,Paula Forteza,PaulaForteza,twitter.com/PaulaForteza,367,paulaforteza:72; csagaspe:25; m_orphelin:21; demouverte:19; albanegaillot:18; mau_mejiag:11; j_jaures:9; yjadot:9; paulineveron:8; assembleenat:7; bsolist:6; institrousseau:6; charlotteclavr1:5; colineaualex:5; fondspresslibre:5; mathildemaulat:5; fortezaeugenia:5; unboutdesmedias:5; bureauouvert:5; jmf60:4; laure_paradis3:4; ls_boileau:4; emiliecariou:4; causettelemag:4; journeesdete:4; mc_garin:3; sorianotech:3; axellelemaire:3; quitt3rie:3; franceculture:3
267204,Jean-Marie Sermier,jmsermier,twitter.com/jmsermier,362,jmsermier:45; lesrepublicains:20; republicains_an:18; francoisfillon:12; gillesplatret:10; fedepl:10; lcp:6; assembleenat:6; vpecresse:5; chjacob77:5; anniegenevard:5; emmanuelmacron:5; arnauddanjean:5; barbarapompili:5; f3franchecomte:5; jeremychevreuil:5; damienabad:4; n_hulot:4; tgv_lyria:3; letalkbfc:3; bonneviemaxime:3; julienaubert84:2; jgrosperrin:2; gouvernementfr:2; cperrin90:2; olivierveran:2; bleubesancon:2; glarrive:2; jmblanquer:2; fxbellamy:2
608011,Joaquim Pueyo,Joaquim_PUEYO,twitter.com/Joaquim_PUEYO,361,frebsamen:14; france_urbaine:11; cualencon:11; villesdefrance:10; joaquim_pueyo:9; prefet61:7; emmanuelmacron:6; rtlfrance:5; usbda61:4; bfmtv:4; quakenbrueck:4; l_amf:3; valeriehayer:3; tendanceouest:2; gilaverous:2; afccre:2; bfm_normandie:2; ancterritoires:2; jep:2; croixrouge:2; joebiden:2; philippehuppe:2; fedprogressiste:2; elisabeth_borne:2; tendanceouest61:1; policenationale:1; cai:1; nicolasmayernmr:1; yaelbraunpivet:1; bcazeneuve:1
610667,Gabriel Serville,GabrielServille,twitter.com/GabrielServille,361,gabrielserville:27; thibsvega:14; ctdeguyane:12; gkpa2021:11; assembleenat:10; prefet973:9; seblecornu:8; guyla1ere:7; outremers360:7; franceguyane:7; gouvernementfr:7; la1ere:6; tlechatvega:6; lenaickadam:6; deputespcf:5; laurencevanceu:4; radiopeyi:3; younousomarjee:3; jlmelenchon:3; cnes:3; parlementerfr:3; guyane_insoumis:3; florence_parly:3; parispasrose:3; merapharmacy:2; the_redbreast:2; eric_gernez:2; fabien_roussel:2; univguyane:2; skerbarh:2
643175,Stella Dupont,stelladupont,twitter.com/stelladupont,361,encommun_parti:53; bcazeneuve:38; assembleenat:21; cecile_rilhac:14; stelladupont:12; barbarapompili:7; lcp:6; bayrou:5; bfmtv:4; volt_france:4; seblecornu:4; brunoretailleau:4; lopinion_fr:3; sosmedfrance:3; ph_aghion:3; rglucks1:3; maine_et_loire:3; emmanuelmacron:3; clapotmireille:3; cfdt:3; audreylive14:3; sachahoulie:3; francoisegatel:3; laconventionbc:2; clotildevalter:2; ccfd_tsolidaire:2; mathiasulmann:2; franceinfo:2; caroledelga:2; fhollande:2
719616,Christophe Euzet,ChristopheEuzet,twitter.com/ChristopheEuzet,360,emmanuelmacron:76; agirensemble_an:22; jfeliaou:14; e_dupondm:12; christopheeuzet:8; eric_laude:8; elisabeth_borne:8; jeancastex:8; demoulinem:8; midilibresete:7; becht_olivier:7; jerometoulza:6; kerlogot22:6; deputesdem:6; an_comlois:6; gmail:5; assembleenat:5; midilibre:4; f3occitanielr:3; ccastaner:3; lesinguliersete:3; codubost:3; univ:2; upvd1:2; yvanauguet:2; heraulttribune:2; radioaviva88fm:2; thauinfos:2; gabrielblasco34:2; lopezliguori:2
331582,Philippe Vigier,VigierPhilippe,twitter.com/VigierPhilippe,360,vigierphilippe:79; lcp:78; deputesdem:44; europe1:30; radiojfrance:15; bfmtv:12; mfesneau:11; publicsenat:10; assembleenat:9; modem:8; bayrou:6; guillaumegarot:6; seblecornu:4; apoussart:4; kathiagilder:4; lecho_fr:4; jpfarandou:3; christoblanchet:3; ferraccimarc:3; yaelbraunpivet:2; lecocqcharlotte:2; citescozola28:2; michelbarnier:2; cnews:2; admdfrance:2; fiassemblee:2; veilleactsante:2; sudradio:2; c_barbier:2; nicolasmetzdorf:2
720630,Maxime Minot,MaximeMinot,twitter.com/MaximeMinot,360,cd_oise:14; lesrepublicains:13; nadegelefebvre_:8; paris2024:8; maximeminot:6; fxbellamy:5; republicains_an:5; tonyestanguet:4; assembleenat:4; laurentwauquiez:3; oiseaction:3; xavierbertrand:3; lcp:3; sdis60:2; juliendive:2; paralympics:2; fabiendifilippo:2; diasteresa60:2; cordierpierre08:2; bfmtv:2; vpecresse:1; arcom_fr:1; lafrancerepart:1; jeromebascher:1; pierrevatinoff:1; emmaus_france:1; daoud_kamel:1; michelbarnier:1; cassandrebeaugrand:1; ericpauget1:1
721024,Anne Genetet,AGenetet,twitter.com/AGenetet,360,gabrielattal:72; renaissance:44; deputesensemble:43; emmanuelmacron:18; agenetet:11; yaelbraunpivet:7; laurentsmartin:5; jnbarrot:4; seblecornu:4; priscathevenot:4; laure_miller:3; sudradio:3; nathcogg:3; sylvainmaillard:3; assembleenat:3; simonincatheryn:3; benjaminhaddad:3; bfmtv:3; ksfopenukraine:3; francediplo:2; n_forissier:2; magaliberdah:2; lci:2; le_figaro:2; lepoint:2; jeunesenmarche:2; valeriehayer:2; elisabeth_borne:2; tmohamedsoilihi:2; vincent_caure:1
998,Olivier Dassault,ODassault,twitter.com/ODassault,360,republicains_an:38; ndainville:34; odassault:33; assembleenat:20; jmfourgous:20; dassault_onair:14; lesrepublicains:12; franceculture:11; lcp:9; courrierpicard:8; sqy:8; emmanuelmacron:7; industriefrance:7; dassaultfalcon:7; leparisien_60:7; g2_ea:6; vbazinmalgras:5; xavierbertrand:5; geoffroyrdb:5; youtube:4; le_figaro:4; carolinecayeux:4; seccivilefrance:4; ephilippepm:4; europe1:4; revuepol:3; parnasse:3; le:3; olivierpaccaud:3; chjacob77:3
267673,Philippe Folliot,philippefolliot,twitter.com/philippefolliot,360,alliancec:36; senat:32; jcfromantin:27; lecentre2024:25; philippefolliot:24; pbonnecarrere81:22; uc_senat:13; assembleenat:8; publicsenat:7; jeanterlier:7; natopa:7; juliecapoortega:7; philippetabarot:6; prefet81:5; sudradio:5; sebastienpla:5; lejdd:4; latribune:4; gilles_mentre:4; gerard_larcher:3; franceotan:3; bayrou:3; georgesnaturel:3; franceinfo:3; laurence_beau:3; brunolemaire:3; tf1:3; patrice_anato:3; floriangrill:2; francerugby:2
719640,Sophie Mette,SophieMette1,twitter.com/SophieMette1,359,deputesdem:39; mfesneau:33; elisabeth_borne:23; modem:18; sophiemette1:16; modemgironde:14; assembleenat:13; rimaabdulmalak:10; lcp:9; gdarmanin:9; jpatrierleitus:7; emmanuelmacron:7; auroreberge:7; fz_cestas:7; laurentesquenet:7; jnbarrot:6; gdarrieussecq:6; yaelbraunpivet:5; t_cazenave:4; education_gouv:4; f_caussetissier:4; pbertagard:4; perrinegoulet:3; ipuparliament:3; bayrou:3; sabinethillaye:3; salondelagri:3; maudgatel:3; celinecalvez:3; brosseanthony:3
719740,Jean-Charles Colas-Roy,JCColasRoy,twitter.com/JCColasRoy,359,coenove:84; emmanuelmacron:49; agnesrunacher:15; grdf:13; gabrielattal:10; jccolasroy:9; assembleenat:9; unionhlm:7; galliardm:7; ademe:6; hyvolution:6; elisabeth_borne:6; avecvous:6; energiematin:5; enerjmeeting:5; jmzulesi:5; pcanfin:5; gwenguers:5; yaelbraunpivet:4; ffbatiment:4; interclima:4; enerpresse:4; echirolles38:4; planbatiment:3; ferraccimarc:3; salondelagri:3; cegibat:3; sylvainwaserman:3; renaissance_38:3; cre_energie:3
722000,Stéphane Buchou,StephaneBuchou,twitter.com/StephaneBuchou,358,deputesre:36; renaissance:15; gabrielattal:14; emmanuelmacron:13; deputesensemble:12; assembleenat:12; elisabeth_borne:12; yaelbraunpivet:8; gouvernementfr:8; equipefra:7; herveberville:7; stephanebuchou:6; an_devdur:6; prefetvendee:4; christophebechu:4; an_afeur:4; ouestfrance85:3; economie_gouv:3; valeriehayer:3; auroreberge:3; t_cazenave:3; agnesfirmin:3; sante_gouv:3; bcouillard33:3; antoine_armand:2; seblecornu:2; agnesrunacher:2; ouestfrance:2; franceinsoumise:2; steph_sejourne:2
719600,Éric Poulliat,EPoulliat,twitter.com/EPoulliat,356,assembleenat:14; deputesre:11; yaelbraunpivet:10; bcouillard33:6; gabrielattal:6; carolinefourest:5; enthoven_r:5; gdarmanin:5; lcp:5; prefaquitaine33:5; charlottecaubel:5; e_dupondm:4; soniabackes:4; epoulliat:4; sophiaaram:3; sabrinaroubache:3; gendarmerie:3; jeffdesport:3; sudradio:3; francerugby:3; 24hpujadas:2; khannrachel:2; ubbrugby:2; erazavi3:2; xaviergorce:2; daoud_kamel:2; sifaoui:2; seblecornu:2; franceinter:2; bleu_gironde:2
722090,Bénédicte Pételle,DeputeeBPetelle,twitter.com/DeputeeBPetelle,356,asnieresem:27; emmanuelmacron:25; adrientaquet:22; assembleenat:17; deputeebpetelle:13; an_afsoc:12; lremcolombes:10; olivierveran:7; sante_gouv:7; jeancastex:6; bai_achidi:5; 92enmarche:5; lcp:5; ciivise_contact:4; encommun_parti:4; barbarapompili:4; ccastaner:4; caritasfrance:3; villecolombes:3; richardferrand:3; iacovellixavier:3; erwanbalanant:3; 3807limon:3; nadiahai78:3; jmblanquer:3; marieabita:2; stanguerini:2; flprovendier:2; gabrielattal:2; jugedurand:2
605069,Jean-Louis Bricout,jlbricout,twitter.com/jlbricout,354,bcazeneuve:99; jlbricout:54; clotildevalter:33; groupeliot_an:27; laconventionbc:17; couturiercathy:15; assembleenat:13; lcp:12; lopinion_fr:11; laernoes:10; m_meynierm:10; hubertottalsace:9; cavousf5:5; p_brun:5; caroledelga:5; bfmtv:5; fabien_roussel:5; fhollande:4; gouvernementfr:4; hadrienclouet:4; lacroix_prg:4; arnaudbattefort:4; idelunis:4; an_devdur:4; lotcharlot:4; yfavennec:4; bsainthuile:4; davidtaupiac:4; franceinter:3; arthurdelaporte:3
719186,Fadila Khattabi,fadila_khattabi,twitter.com/KhattabiF|twitter.com/fadila_khattabi,352,fadila_khattabi:32; gabrielattal:28; emmanuelmacron:26; renaissance:18; aoc1978:18; solidarite_gouv:12; elisabeth_borne:10; equipefra:7; cavautrin:7; tonyestanguet:6; franceinfo:6; deputesensemble:5; nbelloubet:5; paris2024:5; elysee:4; sudradiofqcc:4; le_parisien:4; p_vergriete:4; gouvernementfr:4; valeriehayer:4; oliviagregoire:4; sabrinaroubache:4; modem:3; franckriester:3; bfmtv:3; gattalactu:3; sarahelhairy:3; terresdeprogres:3; philippecroizon:3; seblecornu:2
718744,Delphine Bagarry,DBagarry,twitter.com/DBagarry,350,albanegaillot:45; dbagarry:18; assembleenat:10; marinetondelier:9; emiliecariou:9; paulaforteza:8; yjadot:8; villanicedric:6; leplanning:5; malkamarcovich:5; joelgiraud05:5; edwardmayor:5; m_orphelin:5; faureolivier:4; nupes_2022_:4; fr_insoumise04:4; chapelierannie:4; alpes_1:4; rglucks1:4; partisocialiste:3; bfm_dici:3; julienbayou:3; lecese:3; blancfelix:2; delphinebatho:2; jeanlouisbianco:2; pdharreville:2; anesf_fr:2; eelv:2; nupes_2022:2
266797,Philippe Gosselin,phgosselin,twitter.com/phgosselin,340,lamanche50:35; brunoretailleau:23; droiterep_an:19; assembleenat:18; phgosselin:18; lesrepublicains:12; bayrou:10; lcp:9; an_comlois:9; conseil_constit:8; kamardine_m:8; yaelbraunpivet:5; michelbarnier:4; regionnormandie:4; anniegenevard:3; basphilippe:3; jeanmorin_cd50:3; gdarmanin:3; dmargueritte:3; prefecture50:2; juliendive:2; lapressemanche:2; julien_ham:2; adelehommet:2; jonashaddad:2; f3normandie:2; philippetabarot:1; davydelmotte:1; le_figaro:1; n_forissier:1
643192,Chantal Jourdan,ChantalJourdan,twitter.com/ChantalJourdan,339,socialistesan:104; borisvallaud:20; partisocialiste:15; guillaumegarot:15; kelouaf:10; sdelautrette:10; rglucks1:10; arthurdelaporte:9; potierdominique:8; clergeau:8; chantaljourdan:7; inakiechaniz:7; assembleenat:7; p_brun:7; faureolivier:6; lcp:5; marioncanales:4; javiragnet:4; canopee_asso:4; annapic2024:4; annapicdeputee:4; cpiresbeaune:3; unafam:3; castetslucie:3; mel_thomin:3; rita_maalouf_:3; jeromeguedj:3; j_jaures:3; gabrielattal:3; joelaviragnet:2
720960,Olivier Serva,olivier_serva,twitter.com/olivier_serva,339,olivier_serva:42; lcp:31; groupeliot_an:27; bertrandpancher:15; assembleenat:8; outremers360:7; assoutiles:7; publicsenat:5; hhuwart:4; sudradio:4; c_decourson:3; lepointevents:3; radiocourtoisie:2; ribodanslasauce:2; prefet971:2; yannickneuder:2; lpanifous:2; maxmathiasin:2; chrisbapt:2; williamjiovanny:2; bfmtv:2; maudpetit_an94:2; stimpflingeric:2; michelbarnier:2; accdom_asso:2; scienceso:2; olnic1974:2; mireilledumasof:2; afpfr:2; ass:2
720022,Michel Lauzzana,lauzzanamichel,twitter.com/lauzzanamichel,338,weillclaude:24; lafotaki:17; emmanuelmacron:9; deputesensemble:9; jzefka:8; lauzzanamichel:8; medias_citoyens:8; eddysardou:7; seblecornu:5; pbriday:5; fderugy:5; tcabarrus:5; carolinefourest:5; emma_ducros:5; jrcazeneuve:5; gabrielattal:5; surmulotsnews:5; yaelbraunpivet:4; briceculturier:4; franctireurmag:4; juliendray:4; vlautard:4; alexiskarklins:3; barriere_dr:3; pascalperri:3; assembleenat:3; huberthuertas:3; sophiaaram:3; jboovii:3; midy_paul:3
719578,Loïc Prud'homme,PrudhommeLoic,twitter.com/PrudhommeLoic,338,fiassemblee:51; manonaubryfr:25; ericcoquerel:17; manonmeunier_up:7; trouveaurelie:7; mathildefeld:6; mathildepanot:4; castetslucie:4; clemence_guette:4; canopee_asso:4; mbompard:4; sudouest:3; franceinsoumise:3; bfmtv:3; nthierry:3; matthiastavel:3; franck_rinchet:3; walydia:3; sebastiendelogu:3; ileraud:2; mediapart:2; franceinter:2; alma_dufour:2; delpeyrat:2; luciecastets:2; genefutures:2; damienmaudt:2; amisdelaterre:2; l_insoumission:2; fi_gironde:2
643157,Philippe Naillet,PNaillet,twitter.com/PNaillet,337,socialistesan:52; lcp:11; pnaillet:9; saintdenis974:9; audreybelim974:8; borisvallaud:5; ebareigts:5; faureolivier:3; assembleenat:3; partisocialiste:3; chrisbapt:2; gdarmanin:2; williamjiovanny:2; beatricebellay:2; lemondefr:1; nouveaupop:1; isasantiago_94:1; unesco:1; mel_thomin:1; reunionla1ere:1; auroreberge:1; philippetabarot:1; prefet974:1; ferraccimarc:1; emmanuelmacron:1; unrwa:1; elisabeth_borne:1; senateursps:1; romaineskenazi:1; bayrou:1
856,Gérard Cherpion,GerardCherpion,twitter.com/GerardCherpion,337,xavierbertrand:49; fxbellamy:22; patrickhetzel:10; brunoretailleau:10; nousfrance_fr:8; republicains_an:8; michelbarnier:7; julienaubert84:7; emmanuelmacron:7; lesrepublicains:7; aurelienpradie:7; le_figaro:6; philippejuvin:6; emma_ducros:6; jeanrottner:6; vpecresse:6; pierremanenti:5; montbrialavocat:5; gerardcherpion:5; publicsenat:5; eciotti:5; cnews:5; davidlisnard:5; adeguigne:4; eugeniebastie:4; arnauddanjean:4; chrissaintetien:4; nbouzou:4; gerard_larcher:4; thibault_bazin:4
720546,Alain Bruneel,Alain_Bruneel,twitter.com/Alain_Bruneel,334,alain_bruneel:24; deputespcf:23; lcp:13; assembleenat:10; pcf:10; cblocs:8; andrechassaigne:8; olivierveran:8; emmanuelmacron:5; vdndouai:5; bfmgrandlille:4; fabien_rssl:4; vidalfrederique:4; fabien_roussel:3; oxfamfrance:3; lariviere_fr:3; libhebdo:3; franceinfo:2; sebastienjumel:2; humanite_fr:2; rtenfrancais:2; elsafaucillon:2; lillefrance:2; apourceau:2; gdarmanin:2; fbleunord:2; jeancastex:2; ianbrossat:1; _mjcf:1; prefet59:1
717167,Mounir Mahjoubi,mounir,twitter.com/mounir,332,emmanuelmacron:32; enmarchefr:18; cedric_o:15; mounir:14; gdarmanin:10; francenumfr:9; laremparis19:7; yanisbacha:6; cbeaune:6; prefpolice:6; ccastaner:6; elisabeth_borne:5; paris:5; fparrainages:5; olivierveran:5; marleneschiappa:5; jeancastex:5; laustmartin:5; gouvernementfr:4; assembleenat:4; chokolia:4; brunolemaire:4; guillaumerozier:4; rolandlescure:4; 3807limon:3; adrientaquet:3; cybervictimes:3; brigitte_liso:3; elysee:3; anne_hidalgo:3
2960,Éric Woerth,ericwoerth,twitter.com/ericwoerth,331,ericwoerth:47; bfmtv:28; lci:24; europe1:22; ajparlement:21; rtlfrance:19; publicsenat:7; cnews:6; bayrou:6; tf1info:6; dariusrochebin:5; lcp:5; franceinfo:4; natopa:4; assembleenat:3; renaissance:3; seblecornu:3; franceinter:3; ben_duhamel:3; omelchenkovadym:2; deputesensemble:2; ju_arnaud:2; francegalop:2; emmanuelmacron:2; gdarmanin:2; pierredevilno:2; courdescomptes:2; margothaddad:2; sergepapin_rf:1; gabrielattal:1
719910,Mounir Belhamiti,MounirBelhamiti,twitter.com/MounirBelhamiti,330,emmanuelmacron:48; mounirbelhamiti:31; hucheterwan:20; seblecornu:20; gabrielattal:14; julienbainvel:12; elus_dp_nantes:11; johanna_rolland:9; vaug_cast_frede:6; presseocean:6; valeriehayer:6; ludovic_pouille:6; telenantesinfo:5; c_morancais:5; sarahelhairy:5; valerie_oppelt:4; renaissance_44:4; sncfnumerique:4; renaissance:4; oliviermeu50097:3; sebarrouet:3; fderugy:3; deputesre:3; jeunesmacron44:3; bfmtv:3; lcp:3; jean_ardouin:3; groupesncf:2; bayrou:2; eric_fallourd:2
718978,Mohamed Laqhila,laqhila,twitter.com/laqhila,328,bayrou:33; modem:24; jnbarrot:17; emmanuelmacron:17; mfesneau:11; deputesdem:9; modembdr:5; renaudmuselier:4; gmail:4; laprovenceaix:4; michelbarnier:4; gabrielattal:4; youtube:3; croec_paca:3; lci:3; laqhila:3; francoisecauwel:3; eurosport_fr:3; destimed:2; gometmedia:2; laprovence:2; elisabeth_borne:2; tribunedimanche:2; franceinfo:2; infofrance2:2; tonyestanguet:2; aixmaville:2; amapola_ventron:2; ge_panagiotou:2; horizonsleparti:2
719472,Jean-René Cazeneuve,jrcazeneuve,twitter.com/jrcazeneuve,321,lcp:16; jrcazeneuve:15; seblecornu:15; deputesensemble:11; emmanuelmacron:10; yaelbraunpivet:6; gabrielattal:5; europe1:5; davidlisnard:4; bfmtv:3; amiel_david_:3; ladepeche_32:3; anniegenevard:3; franceinter:3; caissedesdepots:3; dupont9a:2; franceinfo:2; l_amf:2; dseux:2; carolinefourest:2; franctireurmag:2; ademontchalin:2; lesechos:2; rtlfrance:2; philippejuvin:2; assembleenat:2; sophiaaram:2; courdescomptes:2; jeunesagri:2; frebsamen:2
719372,Guillaume Kasbarian,guillaumekasba,twitter.com/guillaumekasba,321,emmanuelmacron:36; gabrielattal:27; seblecornu:14; guillaumekasba:8; deputesensemble:8; stephanevojetta:7; valeurs:5; bfmtv:5; lci:5; lcp:5; renaissance:5; jmilei:4; lepoint:3; cnews:3; midy_paul:3; francerugby:3; elysee:2; nikolpashinyan:2; franceinsoumise:2; maudbregeon:2; castetslucie:1; stephanie_rist:1; gabriel:1; mariacorinaya:1; pjverzelen:1; oliviagregoire:1; europe1:1; somabrouk:1; guillaumekasbarian:1; feliciegerard:1
719388,Annaïg Le Meur,AnnaigLeMeur_29,twitter.com/AnnaigLeMeur_29|twitter.com/AnnaigLeMeur_AN,321,deputesensemble:27; annaiglemeur_29:21; gabrielattal:16; lcp:9; michelcanevet:8; valerieletard:8; letelegramme:7; inakiechaniz:7; assembleenat:6; renaissance:6; yaelbraunpivet:6; oliviagregoire:4; tlgquimper:4; didierlegac:3; seblecornu:3; prefet29:3; radioimmo:3; tebeotv_tebesud:3; michelbarnier:3; guillaumekasba:3; jeunesmacronbzh:3; lopinion_fr:2; amf_29:2; emmanuelmacron:2; senat:2; franceinter:2; stephanie_rist:2; rtlfrance:2; beliersdekemper:2; dimpolitique:2
672,Jean-Jacques Bridey,jjbridey94260,twitter.com/jjbridey94260,320,emmanuelmacron:94; richardferrand:35; laustmartin:31; assembleenat:21; jeancastex:20; florence_parly:15; marchederungis:13; ccastaner:12; emmwargon:12; gdarrieussecq:10; cema_fr:10; slayani:8; envie_idf:8; larem_an:7; ggomez_chef:6; maisonneuvemart:6; g_gouffiercha:6; cemat_fr:6; j_denormandie:5; mlp_officiel:4; repensemble:4; s_cluzel:4; cbeaune:4; tf1:3; sttravert:3; mikoalain:3; fdescrozaille:3; jeunesmacron94:3; pavillonviandes:3; elisabeth_borne:3
605694,Olivier Falorni,OlivierFalorni,twitter.com/OlivierFalorni,319,lcp:57; olivierfalorni:39; bcazeneuve:13; franceinfo:13; assembleenat:12; emmanuelmacron:6; yaelbraunpivet:6; cavousf5:5; bfmtv:5; europe1:5; sudradio:5; publicsenat:5; staderochelais:5; lemondefr:4; gabrielattal:4; lecese:4; charlesbietry:3; linerenaud:3; franceinter:3; tribunedimanche:3; iborrasophie1:3; lci:3; ol:3; admdfrance:3; telematin:2; seblecornu:2; oliv:2; le_parisien:2; gdarmanin:2; olivi:2
720268,Olivier Damaisin,olivierdam1,twitter.com/olivierdam1,319,emmanuelmacron:47; mfesneau:26; msa_actu:24; lemoinearnaud:22; salondelagri:21; yaelbraunpivet:15; anniegenevard:14; agri_gouv:12; gabrielattal:12; elisabeth_borne:9; fnsea:7; jeromedespey:6; confpaysanne:6; coordinationrur:6; philippefolliot:6; auroreberge:5; avocatdeschamps:5; gdarmanin:5; bruno_pomart:5; micheltaube:5; 11_fabre:4; jffruttero:4; karinelmoff:4; rousseautrocy:4; bayrou:4; olivierdam1:4; e_dupondm:4; alliancec:4; smessaertluc:3; michelbarnier:3
721750,Céline Calvez,celinecalvez,twitter.com/celinecalvez,318,emmanuelmacron:55; assembleenat:30; yaelbraunpivet:21; gabrielattal:16; celinecalvez:13; lcp:13; deputesensemble:12; pa_anglade:10; bayrou:10; elisabeth_borne:8; seblecornu:7; renaissance:7; arcom_fr:6; jnbarrot:5; bfmtv:5; v_riotton:4; sachahalphen:4; elysee:4; laurentsmartin:3; an_afeur:3; vincent92110:3; valeriehayer:3; michelbarnier:3; rmcinfo:2; re_levallois:2; midy_paul:2; zelenskyyua:2; brunoretailleau:2; lesrepublicains:2; ensemble_ue:2
721678,Robin Reda,robinreda,twitter.com/robinreda,318,gabrielattal:31; vpecresse:23; jmvilain:21; iledefrance:18; idf_rassemblee:12; gdarmanin:10; agenetet:9; viryofficiel:8; stanguerini:7; renaissance:6; vincentjeanbrun:6; charlesrodwell_:5; bfmtv:5; alexiskarklins:5; deputesensemble:5; robinreda:5; valeriehayer:5; yaelbraunpivet:4; montbrialavocat:4; datirachida:4; brunolemaire:4; nbelloubet:4; le_figaro:3; nicolassarkozy:3; savigny_off_91:3; franceinfo:3; brunoretailleau:3; emma_ducros:3; durovray:3; alexisteillet:3
720996,M'jid El Guerrab,mjidelguerrab,twitter.com/mjidelguerrab,315,slaatiriss:6; emmanuelmacron:5; atlasinfo:3; jafkech:3; royalairmaroc:2; ambafrancemaroc:2; mjidelguerrab:2; ccmeofficiel:2; tropheesmdm:2; morocconews:2; millenairemaroc:2; ambamarocfrance:2; ouadihdada2m:2; realmarcel1:2; renaudpila:1; ohleshistoires:1; pr_diomaye:1; feizabm:1; koala80:1; usembalo:1; cantalauvergne:1; prefet_15:1; almadawar:1; amaledaoud:1; aminesa807:1; royalsegolene:1; akhenatoniam:1; jlmelenchon:1; marinetondelier:1; seraphinemoreau:1
721880,Marie Guévenoux,mguevenoux,twitter.com/mguevenoux,312,gdarmanin:52; emmanuelmacron:41; mguevenoux:21; gabrielattal:20; cnews:13; paris2024:11; bfmtv:11; elysee:10; sudradio:9; telematin:8; europe1:7; franceinfo:7; valeriehayer:6; lcp:6; sylvainmaillard:6; gouvernementfr:5; outremers360:4; besoindeurope:4; seblecornu:4; rnational_off:4; mayottela1ere:4; le_figaro:3; policenationale:3; mlp_officiel:3; hc98800:2; equipefra:2; le_parisien:2; ncla1ere:2; gendarmerie:2; leparisien_91:2
609520,Barbara Pompili,barbarapompili,twitter.com/barbarapompili,301,barbarapompili:53; oneplanetsummit:50; encommun_parti:48; stelladupont:26; ingriddordain:16; clapotmireille:12; wwaterforum10:11; cecile_rilhac:9; emmanuelmacron:8; mumbamusondam:7; ramsarconv:6; francediplo_en:6; ecologie_gouv:6; paulbbarets:6; watercommongood:5; zulfiyasuleimen:5; dwaterprocess:5; un:5; francejakartafr:5; eu_env:4; worldbank:4; christophebechu:4; assembleenat:4; rolandlescure:4; unece_water:3; epa:3; usaid:3; unesco:3; wmo:3; pascal_gentil:3
721158,Pieyre-Alexandre Anglade,PA_Anglade,twitter.com/PA_Anglade,301,emmanuelmacron:52; gabrielattal:29; jnbarrot:21; deputesensemble:16; renaissance:14; rnational_off:12; bfmtv:10; seblecornu:10; pa_anglade:9; franceinsoumise:7; vincent_caure:6; j_bardella:5; franceinfo:5; zelenskyyua:5; assembleenat:4; steph_sejourne:4; cema_fr:4; lci:3; r_stefanchuk:3; lcp:2; nathcogg:2; elysee:2; taraskachka:2; robjetten:1; igorzhovkva:1; npouzyreff78:1; senat:1; valeriehayer:1; parismatch:1; pg_citizen:1
719218,Hervé Berville,HerveBerville,twitter.com/HerveBerville,300,emmanuelmacron:95; herveberville:36; gabrielattal:28; mergouv:13; elysee:9; besoindeurope:9; renaissance:6; equipefra:6; deepseaconserve:6; valeriehayer:6; deputesensemble:4; gouvernementfr:4; seblecornu:4; christophebechu:4; ensemble2024:4; franceinkenya:4; renaissance_d22:3; jeuxolympiques:3; france3bretagne:3; sauveteursenmer:3; orsuccijc:3; mfesneau:3; rpfranceue:3; ouestfrance:2; bayrou:2; michelbarnier:2; ecologie_gouv:2; guillaumekasba:2; paris2024:2; j_bardella:2
719652,Véronique Hammerer,V_Hammerer,twitter.com/V_Hammerer,300,emmanuelmacron:24; t_cazenave:9; assembleenat:9; avecvous:9; v_hammerer:8; prefaquitaine33:8; 33renaissance:7; renaissance:7; bcouillard33:7; nvelleaquitaine:7; lrem_naquitaine:6; elisabeth_borne:6; msa_actu:6; enmarchegironde:6; diaz_edwige:5; azizskalli:5; gabrielattal:4; gouvernementfr:4; rnational_off:4; edfblayais:4; tv7_sudouest:4; mlp_officiel:4; rimaabdulmalak:3; senat:3; franceinsoumise:3; pauljouffreau:3; yaelbraunpivet:3; auroreberge:3; ccastaner:3; oliviagregoire:2
267260,Bérengère Poletti,poletti_b,twitter.com/poletti_b,300,poletti_b:12; julienaubert84:10; cordierpierre08:8; lesrepublicains:7; jeanrottner:7; emmanuelmacron:5; republicains_an:5; regiongrandest:5; assembleenat:5; michelbarnier:4; brunoretailleau:4; villedecmz:4; vpecresse:4; le_figaro:3; oliviermarleix:3; elsejoseph:3; bertrandpancher:3; phdumont:2; patrick_fostier:2; damienabad:2; avecvalerie08:2; davidlisnard:2; l_amf:2; fabiendifilippo:2; lesrep_senat:2; odassault:2; concours:2; villederethel:2; boris_cm2014:2; agnesevren:2
1008,Alain David,AlainDavid_AN,twitter.com/AlainDavid_AN,300,faureolivier:115; borisvallaud:60; socialistesan:42; partisocialiste:33; bfmtv:5; aouizille:5; lcp:4; inakiechaniz:4; gabriel_zucman:4; chloeridel:4; lesjeunessoc:3; pierrickcourbon:3; cpiresbeaune:3; bayrou:3; luccarvounas:3; egregoire:2; aydahadi:2; franceinter:2; emmarafowicz:2; sebvincini:2; clauderaynal:1; letrombinoscope:1; nouveaupop:1; lyeslouffok:1; leseulg:1; so:1; binetsophie:1; ezekiel_lcs:1; mbompard:1; potierdominique:1
720870,Jean François Mbaye,JFMBAYE,twitter.com/JFMBAYE,300,ghafrance:13; psg_inside:10; assoaides:8; eluscontrepalu:7; emmanuelmacron:6; rnational_off:5; mlp_officiel:5; lions_teranga:5; gaindeyi:4; senat:4; unite_mpnetwork:4; michelbarnier:4; footballsenegal:4; fsfofficielle:4; pr_diomaye:3; franceinfo:3; coordinationsud:3; assembleenat:3; rbaptistaleite:3; bernardjomier:3; g_gouffierval:3; omarsy:2; globalfund:2; horizonsleparti:2; blablacar_fr:2; jnbarrot:2; florencethune:2; centlivreg:2; rfi:2; friendseurope:2
722162,Nicolas Turquois,TurquoisNicolas,twitter.com/TurquoisNicolas,299,turquoisnicolas:67; daugevalerie:63; lcp:38; deputesdem:31; jacqueminhager:18; modem:15; brunobelin:15; bleu_poitou:11; alainpichon86:9; assembleenat:8; departement86:8; davidsimon86:8; mfesneau:7; chatellerault86:6; bayrou:6; jpabelin:6; cyrilcibert:6; maudgatel:6; jlbourlanges:5; lvichnievsky:5; annebergantz:5; prefet86:4; f3poitouchtes:4; flaviencartier:4; benjaminbaudry:4; turquoisnico:4; theocaubel:3; jnbarrot:3; tur:2; t:2
720100,Aurélien Pradié,AurelienPradie,twitter.com/AurelienPradie,299,rscactu:15; guillaumelepers:11; lepoint:5; hhuwart:4; virystephane:4; durovray:4; bfmtv:3; cpelichy:3; lopinion_fr:3; aurelienpradie:3; b_ouisal:3; davidlisnard:3; cbernardins:3; juliendive:3; naimamoutchou:3; npolony:3; mariannelemag:3; c_barbier:2; valeurs:2; tribunedimanche:2; ahmadmassoud:2; cmoulenat:2; phdumont:2; sy_berrios:2; lesentretiens:1; ladepeche46:1; iep_upec:1; davidytier:1; ig_pompidou:1; pompiersdulot:1
722194,Florence Provendier,flprovendier,twitter.com/flprovendier,298,bernardlehut:61; jnbarrot:21; francediplo:12; o_decottignies:12; ogamashiyo:10; pybournazel:8; femmeazadi:8; fdevedjian:8; nikolpashinyan:8; gabrielattal:7; sifaoui:7; emmanuelmacron:6; alinejadmasih:6; freececile_:6; araratmirzoyan:6; nathalieloiseau:5; yaelbraunpivet:5; jchribuisson:5; armenpressfr:4; benjaminhaddad:4; am_crossroads:4; lauriannerossi:4; datirachida:3; limportant_fr:3; tolmajian:3; armkhach:3; csoutienbs:3; sachahoulie:3; sophieriottot:3; paroles_la:2
609332,Olivier Faure,faureolivier,twitter.com/faureolivier,297,partisocialiste:7; socialistesan:6; arminarefi:6; alinejadmasih:4; jrolland_nantes:3; chloeridel:3; egregoire:3; faureolivier:3; benoitpayan:3; lesjeunessoc:3; gsiryhouari:2; isabelle_rocca:2; franceinfo:2; ianbrossat:2; clauderaynal:2; bfmtv:2; berniesanders:2; pjouvet:2; pour_marseille:2; printempsmrs:2; amnestyfrance:2; pierrelepel:1; tribunedimanche:1; cejour_histoire:1; 3asseh:1; thiebaultceline:1; malbrunot:1; loeilmedias1:1; david_belliard:1; l_thinktank:1
722252,Marie-Pierre Rixain,RixainMP,twitter.com/RixainMP,297,gabrielattal:26; emmanuelmacron:25; rixainmp:18; yaelbraunpivet:13; assembleenat:11; lcp:7; elysee:6; franceinter:5; plantu:5; catladousse:5; igortvillejust:5; franceculture:4; deputesensemble:4; zineb__mekouar:4; steph_sejourne:4; valeriehayer:4; elisabeth_borne:3; bfmtv:3; antogriezmann:3; libe:3; soph_astro:3; le_parisien:3; joinjfd:3; mljr75112:2; franceinfo:2; florencesandis:2; prefet91:2; brigittegresy:2; visible_media:2; lemondefr:2
721852,Marie Lebec,marielebec78,twitter.com/marielebec78,296,emmanuelmacron:47; gabrielattal:45; deputesensemble:38; renaissance:17; seblecornu:7; lcp:6; elysee:5; bfmtv:4; jeunesenmarche:4; marielebec78:3; businessfrance:2; laure_miller:2; valeriehayer:2; radiojfrance:2; jrcazeneuve:2; ccifrance:2; bpifrance:2; soph_astro:1; stephanie_rist:1; steph_sejourne:1; gabriel:1; groupe_lactalis:1; sandfallgames:1; a2linefrancois:1; michelbarnier:1; rnational_off:1; guillaumekasba:1; xavierbertrand:1; datirachida:1; mlp_officiel:1
719154,Didier Martin,dmartindijon,twitter.com/dmartindijon,294,emmanuelmacron:38; dmartindijon:31; gabrielattal:28; deputesre:26; fadila_khattabi:18; lcp:15; assembleenat:12; agnesfirmin:11; yaelbraunpivet:10; _didierparis:8; cavautrin:8; f_patriat:6; valeriehayer:6; elysee:5; gdarmanin:5; re_cotedor:4; renaissance:4; laurencecristol:4; rolandlescure:4; lecocqcharlotte:4; elisabeth_borne:4; frebsamen:3; sylvainmaillard:3; jf_rousset2:3; jeunesmacronbfc:3; olivierfalorni:2; ferraccimarc:2; f3bourgogne:2; genethique:2; franceculture:2
720202,Sonia Krimi,Sonia_Krimi,twitter.com/Sonia_Krimi,294,emmanuelmacron:24; avecvous:21; sonia_krimi:20; odesquesnes:16; jeunesmacron50:9; victorienlachas:7; lapressemanche:6; alex_madhouse:6; avecvous50:6; olivierveran:6; sttravert:5; jamnormandie:5; villecherbourg:4; mlp_officiel:4; annebashamdc:3; enmarchecec:3; madecnathalie:3; lamanchelibre:3; larsonneurmorel:3; libe:3; renaissance:2; gabrielattal:2; stelladupont:2; france24_ar:2; fepemfr:2; assembleenat:2; j_anger:2; enmarchefr:2; brigbourguignon:2; rodolphegeisler:2
721674,Stéphanie Atger,StephanieAtger,twitter.com/StephanieAtger,293,emmanuelmacron:41; ademontchalin:15; assembleenat:14; chilly_mazarin:9; elisabeth_borne:6; gouvernementfr:6; villedemassy:6; larem_an:6; efapo3:5; mehb_officiel:5; avecvous:5; femmes_dem:4; rentreprendre91:4; jeancastex:4; palaiseau91:4; orpea_:4; villemorangis:3; amelieavecvous:3; ccastaner:3; sophiaaram:3; romeiro1l:3; stephanieatger:2; estherscolors:2; fchouat:2; jlmelenchon:2; rcme91:2; franceinter:2; pole_emploi:2; enmarchefr:2; francois_cherix:2
331835,Monique Iborra,MoniqueIborra,twitter.com/MoniqueIborra,292,emmanuelmacron:27; bfmtv:11; tcabarrus:8; yaelbraunpivet:8; lcp:8; bonuscr:7; actu_em:7; moniqueiborra:6; mauricemartin01:6; seblecornu:6; gdarmanin:5; lci:5; afpfr:4; le_figaro:4; weillclaude:4; renaudpila:4; jboovii:4; anniegenevard:4; jrcazeneuve:4; ferraccimarc:3; pbriday:3; sirafuera:3; pierrecazeneuve:3; prefetoccitanie:3; mlp_officiel:3; medias_citoyens:3; tribunedimanche:3; macronardsfm:3; oliviagregoire:3; jlmelenchon:2
720908,Naïma Moutchou,NaimaMoutchou,twitter.com/NaimaMoutchou,291,seblecornu:16; assembleenat:15; horizonsleparti:14; outremer_gouv:9; ephilippe_lh:9; naimamoutchou:8; senat:8; emmanuelmacron:6; nunezlaurent:4; sudradio:4; bfmtv:4; elysee:3; gdarmanin:3; franceinfo:3; deputeshorizons:3; telematin:3; salondelagri:2; francetravail:2; gouvernementfr:2; gendarmerie:2; prefet974:2; taafofficiel:2; ademontchalin:2; gerard_larcher:2; prefet95:2; lcp:2; horizonsjeunes:2; alexandrajac13:2; brunoretailleau:2; fxbellamy:1
719914,Geneviève Darrieussecq,gdarrieussecq,twitter.com/gdarrieussecq,291,emmanuelmacron:36; deputesdem:19; mfesneau:17; lcp:12; michelbarnier:8; bayrou:8; gdarrieussecq:7; modem:6; jnbarrot:5; seblecornu:4; elysee:3; bfmtv:3; sante_gouv:3; armee_de_lair:2; cema_fr:2; cavautrin:2; christoblanchet:2; yannickneuder:2; olivierdussopt:2; assembleenat:2; brunoretailleau:2; franceinfo:2; le_parisien:2; rtlfrance:2; drtedros:2; who:2; arsdemayotte:2; agenetet:2; perrinegoulet:1; jlmoudenc:1
720446,Brigitte Liso,brigitte_liso,twitter.com/brigitte_liso,283,assembleenat:17; brigitte_liso:9; olivierfalorni:7; deputesensemble:5; admdfrance:4; ph_pf59:4; an_afsoc:4; admd_59:3; acaffes:3; jeanlucromero:3; lecocqcharlotte:3; eluscontresida:3; yaelbraunpivet:3; lcp:3; departement59:2; patrickkanner:2; bfmgrandlille:2; lerefuge:2; lillefives1942:2; renaissancenord:2; gdarmanin:2; cavautrin:2; miviludes_gouv:2; brigi:1; bri:1; pasdecalais62:1; aclille:1; sophiebejean:1; karim:1; midy_paul:1
721344,Bruno Bonnell,BrunoBonnellOff,twitter.com/BrunoBonnellOff,280,sgpi_avenir:73; brunobonnelloff:72; emmanuelmacron:22; bpifrance:10; ericlagadec:7; christophebechu:7; rolandlescure:7; agencerecherche:7; sretailleau:7; cgrandjean_:6; agnesrunacher:6; economie_gouv:6; cnrs:6; francoisgeff:5; elisabeth_borne:5; dgentreprises:5; prefet67:5; elysee:4; gouvernementfr:4; cbeaune:4; lafrenchtech:4; radioclassique:4; nicolasdufourcq:3; businessfrance:3; jnbarrot:3; prefetrhone:3; rimaabdulmalak:3; ecologie_gouv:3; regiongrandest:3; parisvisites:3
608826,Virginie Duby-Muller,DubyMuller,twitter.com/DubyMuller,280,dubymuller:11; brunoretailleau:9; droiterep_an:7; prefet74:7; lcp:6; ghafrance:5; lesrepublicains:4; gendarmerie_074:3; gendarmerie:3; milanocortina2026:2; romane_miradoli:2; an_droitsfemmes:2; fournier_c74:2; sbastien_martin:2; auroreberge:2; atmbinfo:2; gdarmanin:2; boslandjp:2; seblecornu:2; jpatrierleitus:2; juliendive:2; l_lafon:2; samoens_officiel:1; lejdd:1; boucherbrigit:1; fredvalletoux:1; jpfarandou:1; ovial:1; laure:1; grandirscancer:1
721768,Marie Silin,Mariesilin,twitter.com/Mariesilin,276,emmanuelmacron:20; plantu:16; rolandlescure:16; coherence_e:15; gabrielattal:9; yaelbraunpivet:8; bfmtv:6; olivierfalorni:5; astridpanosyan:5; agnesrunacher:5; paroles_auteurs:4; elysee:4; gouvernementfr:4; lauriannerossi:4; lcp:4; ferraccimarc:4; renaudpila:4; interieur_gouv:3; pybournazel:3; lesguignols:3; rglucks1:3; francetv:3; alextaylornews:3; michelbarnier:3; cocoboer:3; libe:3; jnbarrot:3; le_parisien:3; enthoven_r:3; halpern_g:3
267289,Jean-Pierre Door,doorjean,twitter.com/doorjean,276,xavierbertrand:99; doorjean:18; republicains_an:15; nbouzou:11; lesrepublicains:10; vpecresse:7; pascaltebibel:6; lcp:6; nousfrance_fr:5; juliendive:4; brunoretailleau:3; nicolassarkozy:3; francoisfillon:3; bfmtv:3; eciotti:3; assembleenat:3; jeanleonetti:2; michelbarnier:2; dfasquelle:2; nousbeauvais:2; jlmelenchon:2; bdeflesselles:2; antoine_sillani:2; philippejuvin:2; cham45200:2; agathelambret:1; frhaz:1; j_bardella:1; dg_armement:1; a_saint_quentin:1
774962,Karine Lebon,KarineLebon,twitter.com/KarineLebon,272,paul_denton:9; younousomarjee:9; assembleenat:8; huguettebello:7; lcp:7; deputesgdr:7; allanbarte:4; mc_garin:4; ianbrossat:4; emmanuelmacron:4; sandrousseau:3; speytavie:3; an_droitsfemmes:3; fetedelhumanite:3; walydia:3; deputespcf:3; christophebechu:3; humanite_fr:2; bayrou:2; benjam1lucas:2; elsafaucillon:2; ouzouliasp:2; nicolasframont:2; frdric_maillot:2; le_gorafi:2; giedrelalala:2; ericcoquerel:2; nicoleferronize:2; mguevenoux:2; villesaintpaul:2
719318,Emmanuelle Anthoine,eanthoine26,twitter.com/eanthoine26,272,republicains_an:111; lesrepublicains:49; vpecresse:10; assembleenat:9; constancelegrip:9; philipbenassaya:9; damienabad:9; emmanuelmacron:7; aurelienpradie:7; mtabarot:6; julienaubert84:6; oliviermarleix:5; brigitte_kuster:5; chjacob77:5; dubymuller:4; anniegenevard:3; philippejuvin:3; richardferrand:3; maximeminot:3; eciotti:3; vbazinmalgras:3; elisabeth_borne:2; eanthoine26:2; jeromenury:2; patrickhetzel:2; michelbarnier:2; nadiaramassamy:2; rscactu:2; virystephane:2; verolouwagie:2
642868,Paul Christophe,christophe_p,twitter.com/christophe_p,264,deputeshorizons:56; horizonsleparti:40; ephilippe_lh:19; lcp:17; christophe_p:11; europe1:10; mc_garin:9; assembleenat:9; horizonsjeunes:8; xavieralbertini:7; christianpoiret:6; emmanuelmacron:6; p_vergriete:6; xavierbertrand:6; loickervran18:6; yannickneuder:6; bfmtv:5; franceinfo:5; annececilevio:5; departement59:4; jeanmoulliere:4; alehenanff:4; naimamoutchou:4; xavierroseren:4; beabellamy85:4; lise_magnier:4; seblecornu:3; fdhersin:3; rolandlescure:3; sbastien_martin:3
721514,Stéphanie Kerbarh,SKerbarh,twitter.com/SKerbarh,263,partiradical:13; medef:13; dcarlach:11; connectingpro_:10; emmanuelmacron:10; ppelouzet:9; liberteprospect:8; loiklfp:8; obsar_asso:7; lesechos:6; montebourg:5; fredericpieruc1:5; ecolearnfrance:5; francoispaquin:5; leonidas_kalo:5; jeanmariecavada:4; medentreprises:4; regionnormandie:4; fm_lambert:4; groupelibterran:4; mderdevet:3; ceser_normandie:3; jeunesradicaux:3; cmafrance_:3; bfmtv:3; publicsenat:3; lehavremetro:3; fauredominique:2; fnsea:2; edfofficiel:2
429893,Luc Carvounas,luccarvounas,twitter.com/luccarvounas,262,alfortville_94:134; unccas:28; luccarvounas:16; philippecar:12; faureolivier:11; egregoire:8; etienne_fillol:7; royalsegolene:6; publicsenat:5; partisocialiste:4; olivierrichefou:4; patrickkanner:3; francoisegatel:3; restosducoeur:2; logial_coop:2; prefet94:2; ianbrossat:2; collectifalerte:2; drouilleault:2; l_amf:2; lesechos:2; stephaneexposit:2; pierrelepel:1; tribunedimanche:1; rglucks1:1; groupe_vyv:1; a_oberdorff:1; jlmelenchon:1; ouzouliasp:1; anne_sinclair:1
720054,Yannick Haury,YHaury44,twitter.com/YHaury44,260,deputesre:16; an_devdur:11; assembleenat:8; valeriehayer:5; christophebechu:5; gabrielattal:4; deputesdem:4; horizons_an:4; rolandlescure:4; yhaury44:4; vincentdescoeur:4; aoc1978:3; sarahelhairy:3; villedepornic:3; fannypacreau:3; jmzulesi:3; paysdelaloire:3; cbeaune:3; anel_asso:3; sandrinejossoan:3; dpartementloir1:3; corinnevignon:3; prefet44:3; jeuxolympiques:2; ceremacom:2; lauzzanamichel:2; ademe:2; huguette_tiegna:2; annececilevio:2; l_amf:2
774958,Gérard Leseul,LeseulG,twitter.com/LeseulG,259,borisvallaud:9; socialistesan:7; rglucks1:7; nicolasmayernmr:5; assembleenat:3; opecst_:2; mdelafosse:2; partisocialiste:2; potierdominique:2; jlmalys:2; jlmelenchon:2; faureolivier:2; p_brun:2; fleautey:2; leseulg:2; jeromeguedj:2; chris_bouillon:2; valeriehayer:2; alma_dufour:2; senateursps:2; jeanmariefievet:1; najibbym:1; malopedia:1; ericcoquerel:1; pcf_2027:1; bayrou:1; lepoint:1; banquesalim:1; ess_france:1; letrombinoscope:1
610681,Ericka Bareigts,ebareigts,twitter.com/ebareigts,258,socialistesan:32; ebareigts:24; saintdenis974:6; outremers360:4; luccarvounas:4; valerie_rabault:4; borisvallaud:4; faureolivier:3; chantalmanes:3; chris_bouillon:3; vigierphilippe:2; region_reunion:2; apajh:2; caroledelga:2; regionsdefrance:2; romeisabelle:2; frcsbraun:2; cbeaune:2; lesoutremer:2; gdarmanin:2; seblecornu:2; aclareunion:2; prefet974:2; a_forestier:2; ramlatiali:2; stephanieatger:2; huguettebello:2; guillaumegarot:2; jlbricout:2; an_afsoc:2
721600,Laurianne Rossi,lauriannerossi,twitter.com/lauriannerossi,258,gabrielattal:46; lauriannerossi:34; emmanuelmacron:30; renaissance:20; re_hautsdeseine:17; sophieriottot:11; benjaminhaddad:10; yaelbraunpivet:9; re_boulogne:9; auroreberge:7; prefet92:6; gattalactu:6; amiel_david_:5; celinecalvez:5; elysee:4; institut_terram:4; bai_achidi:4; pierrecazeneuve:3; deputesensemble:3; jnbarrot:3; assembleenat:3; ambroise_mejean:3; iacovellixavier:3; priscathevenot:3; jeunesmacron92:3; pcbaguet:2; carolinefourest:2; gdarmanin:2; cema_fr:2; armeedeterre:2
717379,Sylvain Maillard,sylvainmaillard,twitter.com/sylvainmaillard,257,datirachida:146; pourdati2026:24; lecuyercatherin:10; egregoire:10; sylvainmaillard:8; gregorycanal:6; emmanuelmacron:6; benjhaddadparis:6; geoffroyboulard:5; dburkli:4; inesderaguenel:4; eschahl:4; maudgatel:3; leclercerwan:3; fmdidier:3; gdarmanin:3; agnesevren:3; michelbarnier:3; knafo_sarah:3; nellygarnier:3; pybournazel:3; vmontandon:3; psg_inside:2; birabenanne:2; jb_olivier:2; vpecresse:2; aminelkhatmi:2; lsailliet:2; sandrogozi:2; valentineserino:2
721004,Amélia Lakrafi,amelia_lkf,twitter.com/amelia_lkf,246,apffrancophonie:59; assembleenat:20; amelia_lkf:19; jnbarrot:17; emmanuelmacron:12; an_afetr:11; francediplo:10; oifrancophonie:10; francaispresse:9; plantu:9; caroiteleonore:8; aefeinfo:6; seblecornu:6; yaelbraunpivet:5; afd_france:4; auf_org:4; lesguerrieres:4; laurentsmartin:4; aurelientache:4; rtlfrance:3; senat:3; tmohamedsoilihi:3; modgovae:2; nehad___m:2; renaissance:2; mwlorg_fr:2; frenchresponse:2; aurelierg:2; elysee:2; jeremymichl:2
720124,Aude Amadou,AudeAmadou,twitter.com/AudeAmadou,239,emmanuelmacron:27; ensemble2024:7; jeancastex:7; equipefra:7; prefet44:7; frahandball:7; ylouarn:6; jy_ledrian:6; agnesrunacher:6; an_afetr:6; assembleenat:6; sarahelhairy:5; fcnantes:4; roxamaracineanu:4; gdarmanin:4; audeamadou:3; elisabeth_borne:3; maudpetit_an94:3; gnougnou25:3; franceolympique:3; s_cluzel:3; 1elisamoreno:3; paris2024:2; rolandlescure:2; steph_sejourne:2; fabacademypdl:2; villereze:2; sandraimperiale:2; mounirbelhamiti:2; lequipe:2
334654,Éric Straumann,ericstraumann,twitter.com/ericstraumann,239,ericstraumann:20; villecolmar:13; dnatweets:11; prefet68:8; thierrymichels:7; an_afeur:6; bleualsace:5; afpfr:5; villes2fr:5; emmanuelmacron:5; fhollande:5; klinkertbrigitt:4; assembleenat:4; afpstrasbourg:4; tf1:3; lalsace:3; bfmtv:3; f3alsace:3; fdumasdeputee:3; toutelalsace:2; gouvernementfr:2; jeancastex:2; ristori20:2; nathstey:2; bgriveaux:2; marisoltouraine:2; francetvsport:1; e_dupondm:1; europe1:1; presidentamf:1
643127,Bruno Questel,BQuestel,twitter.com/BQuestel,238,festivaldocpo:8; e_dupondm:7; yaelbraunpivet:5; lepoint:4; assembleenat:4; lcp:4; sophiaaram:4; sandrousseau:4; seblecornu:3; franceinsoumise:3; rnational_off:3; assopapillons:3; weillclaude:3; mbompard:3; richardferrand:3; jlmelenchon:3; jc_angelini:2; soanma:2; _licra_:2; lonclefrancois:2; gilles_simeoni:2; pacolombani:2; emmanuelmacron:2; a_saintoul:2; olivierdussopt:2; bfmtv:2; terlez:2; fadila_khattabi:2; qofficiel:2; lsailliet:2
720342,Nicole Le Peih,NicoleLePeih,twitter.com/NicoleLePeih,237,nicolelepeih:26; assembleenat:12; mfesneau:12; an_afeco:11; guillaumekasba:11; e_dupondm:9; lacoopagricole:6; auroreberge:6; prefet56:6; an_afeur:6; lcp:5; gabrielattal:5; emmanuelmacron:5; girardineric:5; w_d_r_2023:5; deputesensemble:4; pa_anglade:4; deputesre:4; brunolemaire:4; salondelagri:4; alexis_izard:4; cniel:4; lauzzanamichel:3; pasclavergne:3; sttravert:3; lysiane_metayer:3; sebastien_abis:3; stephanie_rist:3; mariepierrev:3; chambagrifrance:2
722236,Jean-Baptiste Djebbari,Djebbari_JB,twitter.com/Djebbari_JB,235,djebbari_jb:13; emmanuelmacron:11; airfranceklm:6; groupeadp:5; atraircraft:5; airbus:4; dassault_onair:4; safran:4; thalesgroup:4; lrem87:3; hopiumofficial:2; lesechos:2; elonmusk:2; elisabeth_borne:2; cavousf5:2; jlmelenchon:2; xvparlementaire:2; wissing:2; ecologie_gouv:2; cercledegiverny:1; lecrayonmedia:1; rtlfrance:1; brutofficiel:1; mehdighezzar:1; gg_rmc:1; lauriannerossi:1; lepopulaire_fr:1; claire_martin87:1; enmarchefr:1; nbrousse19:1
718802,Alain Perea,pereaalain,twitter.com/pereaalain,235,pereaalain:18; gdarmanin:9; prefet11:9; jeancastex:8; emmanuelmacron:6; larem_an:6; marsaudsandra:6; assembleenat:6; an_devdur:5; b_abba:5; nadiahai78:4; j_denormandie:4; verdierjouclas:4; christopheeuzet:4; jeunesmacron11:3; caroledelga:3; sdis11officiel:3; olivierdam1:3; lindependant:3; joelgiraud05:3; fm_lambert:2; daniele_herin:2; villedenarbonne:2; leguilleballoy:2; elysee:2; fdumasdeputee:2; tdp_occitanie:2; ancterritoires:2; unam_amenageurs:2; occitanie:2
721872,Brune Poirson,brunepoirson,twitter.com/brunepoirson,233,emmanuelmacron:43; brunepoirson:35; gouvernementfr:9; ecologie_gouv:7; christophebechu:5; accor:5; larem_an:5; elysee:4; pcanfin:4; lejdd:4; elisabeth_borne:4; renaissance_ue:4; jeancastex:4; barbarapompili:3; lepoint:2; actuenviro:2; assembleenat:2; cavousf5:2; fondationfemmes:2; fondationmer:2; ecologienmarche:2; cdion:2; googleenfrance:2; nato_o:2; s_cluzel:2; lmaillart:2; enmarchemonde:2; jmblanquer:2; joebiden:2; enmarchefr:2
719242,Jean-Baptiste Moreau,moreaujb23,twitter.com/moreaujb23,227,emmanuelmacron:33; sudradio:9; seblecornu:9; moreaujb23:7; eu_commission:6; emma_ducros:6; assembleenat:4; sophiaaram:4; franceinfo:4; auroreberge:3; mfesneau:3; gewoessner:3; potus:3; labrepublique:3; parlementue:2; elysee:2; realdonaldtrump:2; agri_gouv:2; europe1:2; anniegenevard:2; ademontchalin:2; rtlfrance:2; drtoudou:2; sandrousseau:2; agroparistech:2; eureennormandie:2; renaissance:2; jmblanquer:2; vonderleyen:1; j_denormandie:1
719692,Jean-François Eliaou,JFEliaou,twitter.com/JFEliaou,220,yaelbraunpivet:31; gdarmanin:14; horizonsleparti:12; ephilippe_lh:9; equipefra:6; rtlfrance:4; assembleenat:4; bfmtv:4; horizonsjeunes:4; lci:3; elisabeth_borne:3; michelbarnier:3; edouardphilippelh:3; horizonsoccitanie:3; husseinbourgi:2; mirallesmp:2; le_parisien:2; jf_audrin:2; mdelafosse:2; estrada_lysiane:2; franceinfo:2; francetvsport:2; emmanuelmacron:2; franceinter:2; jeanpierregrand:2; f3occitanielr:2; anniegenevard:1; armees_gouv:1; christophebechu:1; dariusrochebin:1
719942,Stéphane Baudu,baudu_stephane,twitter.com/baudu_stephane,220,assembleenat:45; deputesdem:30; j_gourault:16; baudu_stephane:12; groupemodem:11; mfesneau:10; prefet41:8; an_defense:7; rcvaldeloire:6; brunolemaire:6; an_collterr:6; jeancastex:5; gouvernementfr:5; territoire_gouv:5; florence_parly:4; villedeblois:4; cdegru:4; nrblois:4; ancterritoires:4; jeanlassalle:3; departement41:3; emmanuelmacron:3; nadiahai78:3; an_finances:3; lgrandguillaume:3; jrcazeneuve:3; dmartindijon:3; yodecourson:3; fdumasdeputee:2; larem_an:2
267324,Jean-Jacques Gaultier,JJ_Gaultier,twitter.com/JJ_Gaultier,220,republicains_an:31; jj_gaultier:30; lesrepublicains:25; vosgesmatin:14; lcp:12; vpecresse:10; fxbellamy:8; oliviermarleix:8; patrickhetzel:7; assembleenat:7; avecvalerie:7; bleusudlorraine:6; f3lorraine:6; damienabad:5; phdumont:4; anniegenevard:4; emmanuelmacron:4; eciotti:4; achopinez:4; michelbarnier:3; l_lafon:3; julienaubert84:3; xavierbertrand:3; mdemeaux:3; republicains88:3; jeanrottner:3; le_figaro:2; max_brisson:2; celineimart:2; datirachida:2
718954,Saïd Ahamada,saidahamada,twitter.com/saidahamada,219,ladomofficiel:86; saidahamada:50; terresdeprogres:28; olivierdussopt:11; maxime_boudet:10; emmanuelmacron:8; iacovellixavier:6; tdpmarseille:5; dp_leparti:4; renaissance:4; outremers360:4; joffrinlaurent:4; lilalokmane:3; marsactu:3; rnational_off:3; gabrielattal:3; cconconne:3; maeldisav:3; laurentlhardit:3; bcazeneuve:3; gometmedia:2; juliettemeadel:2; gillesrof:2; gomet:2; elysee:2; martiniquela1e:2; rci_mq:2; tdp_bdr:2; unccas:2; faridyattoumane:2
719550,Liliana Tanguy,lilianatanguy,twitter.com/lilianatanguy|twitter.com/LilianeTanguyAN,219,gabrielattal:46; deputesensemble:19; jnbarrot:16; emmanuelmacron:16; renaissance:15; assembleenat:10; elysee:6; benjaminhaddad:6; agnesrunacher:4; lilianatanguy:4; amiel_david_:4; seblecornu:4; paysbigoudensud:3; priscathevenot:3; zelenskyyua:3; france_espagne:2; pa_anglade:2; valeriehayer:2; michelcanevet:2; gouvernementfr:2; deputeeestelle:2; fabriceloher:2; pompiersfr:2; michelbarnier:2; ferraccimarc:1; vincent_caure:1; droiterep_an:1; guillaumegarot:1; socialistesan:1; yannickneuder:1
721888,Pierre-Alain Raphan,p_a_raphan,twitter.com/p_a_raphan,219,emmanuelmacron:15; celinecalvez:9; p_a_raphan:9; roxamaracineanu:9; cedric_o:6; economie_gouv:5; ebothorel:4; laetitiaavia:3; ccastaner:3; xxii_group:3; elisabeth_borne:3; europe2022fr:3; lemondefr:3; pluriel_mvt:3; rfi:3; 1elisamoreno:3; cedricroussel06:3; paris2024:3; eenfance:2; villanicedric:2; lafrenchtech:2; larem_an:2; renaissance_ue:2; mlp_officiel:2; navalny:2; joinstationf:2; loopsidernews:2; mi_numeco_gouv:2; villesgdb91:2; villesmso91:2
720512,Laurent Pietraszewski,pietraszewski_l,twitter.com/pietraszewski_l,216,olivierdussopt:22; emmanuelmacron:19; gouvernementfr:14; elisabeth_borne:13; bfmbusiness:12; cnews:12; europe1:12; laurenceferrari:9; pietraszewski_l:8; armentieresvill:7; gdarmanin:6; assembleenat:5; ephilippe_lh:5; human_day:4; linkedinfrance:4; jeancastex:4; audreytcherkoff:3; lavoixdunord:3; senat:3; cpmenationale:3; medef:3; u2p_france:3; cor_retraites:3; guillaumpaul:2; cfecgc:2; f3nord:2; fbleunord:2; rmcinfo:2; gefluc:2; enmarchefr:2
405480,François Pupponi,fpupponi,twitter.com/fpupponi,215,cnews:17; assembleenat:6; europe1:4; jchribuisson:3; changefrance:1; ftapiro:1; rimahas:1; jfachilli:1; hautsdefrance:1; xavierbertrand:1; cerclefa:1; bilongocarlos:1; elisabeth_borne:1; gouvernementfr:1; armembfrance:1; villesarcelles:1; jclagarde:1; latifaibnz:1; meyer_habib:1
718756,Aude Bono-Vandorme,AudeBono,twitter.com/AudeBono,215,audebono:14; an_afeur:9; fjolivet36:5; emmanuelmacron:5; assembleenat:5; an_finances:5; sabinethillaye:4; sawsenclemjeb:3; brunolemaire:3; gdarmanin:3; univ_lille:3; florence_parly:3; lcp:2; ccastaner:2; jkrabal:2; marcdelatte:2; courrierpicard:2; jmblanquer:2; olivierdussopt:2; oscepa:2; uefrance:2; laon:2; s_cluzel:2; cemat_fr:2; mdeprezaudebert:2; peps_sos:2; renaissance_ue:2; stanguerini:1; cottezrubens:1; olivierrazemon:1
721418,Patrick Mignola,PatrickMignola,twitter.com/PatrickMignola,212,bayrou:40; patrickmignola:20; lcp:16; emmanuelmacron:15; modem:11; dimpolitique:8; tf1info:7; mfesneau:6; assembleenat:6; lejdd:5; letellier_ftv:5; franceinfo:4; elysee:4; gouvernementfr:4; radiojfrance:3; franceinter:3; yaelbraunpivet:3; gabrielattal:3; elisabeth_borne:3; telematin:3; ajparlement:3; deputesdem:2; dep_74:2; julespasquier18:2; deputesensemble:2; jeanterlier:2; ballardphilippe:2; laprovence:2; agindre:2; ademontchalin:2
720354,Jean-Michel Jacques,J_M_Jacques,twitter.com/J_M_Jacques,210,armees_gouv:26; cavautrin:22; assembleenat:20; rufoalice:17; an_defense:14; cema_fr:13; marinenationale:9; seblecornu:9; deputesensemble:9; armee_de_lair:8; armeedeterre:8; franceinfo:6; francediplo:6; gouvernementfr:6; yaelbraunpivet:5; economie_gouv:4; jnbarrot:4; dga:3; etatmajorfr:3; tebeotv_tebesud:3; cemat_fr:3; franceculture:2; sbastien_martin:2; dgris_fr:2; cem_aae:2; rolandlescure:2; liudmylabuimis:2; r_stefanchuk:2; didierlegac:2; emmanuelmacron:2
1838,Jean Lassalle,jeanlassalle,twitter.com/jeanlassalle,209,alliancerurale:11; resistonsfrance:10; resistons:4; sudradio:4; jeanlassalle:4; willyschraen:3; francetele:2; andrebercoff:2; salondesmaires:1; boreal:1; alliance:1; jeanlas:1; legrouxvincent:1; jeanlassal:1; deniseleiboff:1; infofran:1; parispremiere:1; conseil_constit:1; omerta_officiel:1; ladepechedumidi:1; tarnlibre:1; gerardlenfant7:1; lindependant:1; jeunesavecjl:1; clichesdejigme:1; inakiechaniz:1; le_parisien:1; le_figaro:1; romainissart:1; tf1:1
2150,Jean-Luc Mélenchon,jlmelenchon,twitter.com/jlmelenchon,207,franceinsoumise:10; i_laboetie:9; l_insoumission:7; fiassemblee:7; jlmelenchon:5; mbompard:5; belouassaanais:3; aurelien_le_coq:2; manonaubryfr:2; p_proisy:1; trouveaurelie:1; mathildepanot:1; rimahas:1; floriankobryn:1; paulvannierfi:1; blast_france:1; mickael_idr:1; cerveauxnon:1; marinamesure:1; juliamignacca:1; nathalieoziol:1; clemence_guette:1
722082,Françoise Ballet-Blu,fballetblu,twitter.com/fballetblu,201,emmanuelmacron:12; florence_parly:4; elisabeth_borne:2; tiktok_france:2; gdarrieussecq:2; sachahoulie:2; an_defense:2; gendarmerie_086:1; c_decourson:1; mathildepanot:1; mlp_officiel:1; jpraffarin:1; emorinchartier:1; brunolemaire:1; yaelbraunpivet:1; ccastaner:1; franckriester:1; hervegrandjean:1; mfesneau:1; salondelagri:1; zelenskyyua:1; mirallesmp:1; olivierdam1:1; jl_thieriot:1; rixainmp:1; ba_vienne86:1; fballetblu:1; larem_an:1; jeancastex:1; jy_ledrian:1
722300,Anissa Khedher,Anissa_Khedher,twitter.com/Anissa_Khedher,201,emmanuelmacron:45; avecvous:12; prefetrhone:8; anissa_khedher:6; santearmees:5; gdarmanin:4; cema_fr:3; oman_paris:3; francediplo:3; gabrielattal:3; s_cluzel:3; bfmlyon:3; vtrillet_lenoir:3; bron_esa:2; sirhafood:2; charlottecaubel:2; olivierdussopt:2; solidarite_gouv:2; elisabeth_borne:2; assembleenat:2; cbeaune:2; chudelyon:2; faireensembleem:2; lyoncap:2; gouvernementfr:2; brunolemaire:2; olivierveran:2; economie_gouv:1; laurentsmartin:1; armee_de_lair:1
721328,Anne Brugnera,AnneBrugnera,twitter.com/AnneBrugnera,200,gabrielattal:23; ensemble2024:23; valeriehayer:12; emmanuelmacron:8; besoindeurope:5; assembleenat:4; ol:4; sretailleau:3; lyoncap:3; deputesre:3; notredameparis:2; renaissance:2; lyonmag:2; bfmlyon:2; lcp:2; i4ce_:2; rnational_off:2; j_bardella:2; raphaelgerard17:2; olfeminin:2; auroreberge:1; olivierfalorni:1; sandrinerunel:1; ambroise_mejean:1; emmanuelhamelin:1; horizonsleparti:1; lterrenes:1; trudigoz:1; elodierouxdebez:1; samuel_soulier:1
608695,Cécile Untermaier,ceciluntermaier,twitter.com/ceciluntermaier,198,ceciluntermaier:10; cpiresbeaune:7; cnbarreaux:6; justice_gouv:6; bfmtv:5; montebourg:5; yaelbraunpivet:5; socialistesan:5; borisvallaud:4; p_brun:4; glthinktank:4; faureolivier:3; c_decourson:3; emmanuelmacron:3; franceinfo:3; ti_france:3; cnews:3; lehuffpost:3; lcp:3; humanite_fr:3; hatvp:3; bcazeneuve:3; gdarmanin:2; bayrou:2; rglucks1:2; syndicatavocats:2; mariannelemag:2; publicsenat:2; le_figaro:2; assembleenat:2
719770,Florian Bachelier,F_BACHELIER,twitter.com/F_BACHELIER,198,f_bachelier:7; vtremolet:6; emmanuelmacron:5; franceinter:5; sophiaaram:4; dominiquereynie:4; carolinefourest:4; bfmtv:4; seblecornu:4; lejdd:4; elysee:4; radiojfrance:4; grandelibrairie:3; faureolivier:3; arosencher:3; jlmelenchon:3; cavousf5:3; le_figaro:2; europe1:2; cemat_fr:2; jl7508:2; franctireurmag:2; etienneklein:2; mitrahejazipour:1; avecbachelier:1; france3bretagne:1; mariemesmeur:1; nathalieappere:1; lboichot:1; figarovox:1
721968,Michel Vialay,MichelVialay,twitter.com/MichelVialay,198,michelvialay:21; manteslajolie_:12; noplasticfrance:8; assembleenat:8; lesrepublicains:8; raphaelcognet:8; eciotti:8; republicains_an:7; pierre_bedier:7; les_yvelines:7; lcp:5; gerard_larcher:4; sophieprimas:4; cugpseo:4; aurelienpradie:3; prefet78:3; pjl_ppl_bot:3; chjacob77:3; letour:3; vpecresse:3; clairepitollat:3; lauriannerossi:3; ericwoerth:3; fxbellamy:3; wwffrance:2; mathildepanot:2; zerowastefr:2; parisnice:2; uae_france:2; max_brisson:2
267233,Christophe Bouillon,Chris_Bouillon,twitter.com/Chris_Bouillon,197,petitesvilles:57; chris_bouillon:48; ancterritoires:41; f3normandie:8; fauredominique:8; leseulg:7; lafhfnormandie:5; villebarentin:5; prefet27:5; francebleu:4; prefet76:4; austreberthe:4; rouen2028:4; francoisegatel:3; thegoodfr:3; l_amf:3; transcite:3; agnesfirmin:3; christophebechu:3; cnews:3; rtlfrance:2; lcp:2; le_parisien:2; herve_morin:2; coriton_bastien:2; luccarvounas:2; unccas:2; croixrouge:2; prefet24:2; sabrinaroubache:2
719024,Christophe Blanchet,christoblanchet,twitter.com/christoblanchet,197,christoblanchet:31; lcp:29; assembleenat:26; deputesdem:19; unifab:17; modem:14; yaelbraunpivet:8; mfesneau:6; cnac_inpi:6; xvparlementaire:5; emmanuelmacron:5; sudradio:4; prefet14:4; bayrou:4; inpifrance:3; seblecornu:3; snujemengage:3; pybournazel:3; adumourier:2; christ:2; paz_olivier:2; gabrielattal:2; deauvillefr:2; elisabeth_borne:2; sarahelhairy:2; metafrance:2; brunomillienne:2; ygoosz:1; christobla:1; frontrep:1
722320,Christophe Lejeune,lejeune_ch,twitter.com/lejeune_ch,197,renaissance:15; emmanuelmacron:11; steph_sejourne:10; deputesre:8; mlp_officiel:7; gabrielattal:6; lejeune_ch:5; moca_francois:4; rnational_off:3; gdarmanin:3; jlmelenchon:3; emma_ducros:2; alainchretien:2; valeriehayer:2; avecrenaissance:2; olivierveran:2; ericalauzet:2; lcp:2; auroreberge:2; fderugy:2; b_bessotballot:2; marclandes40:2; elisabeth_borne:2; david_rachline:2; sophiaaram:2; bleubelfort:2; henrisarre1:2; lrem70:2; brunolemaire:2; j_denormandie:2
720242,Bérangère Abba,b_abba,twitter.com/b_abba,193,ephilippe_lh:40; horizonsleparti:28; besoindeurope:15; pybournazel:12; valeriehayer:9; b_abba:8; horizonsjeunes:7; gillesboyer:5; franck_leroy_:5; jhm_fr:4; cestrosi:3; deputeshorizons:3; france3ca:3; marielebec78:3; nathalieloiseau:2; rtlfrance:2; leparisien_pol:2; franceinfo:2; gabrielattal:2; christophe_p:2; christophebechu:2; franceinter:2; fredvalletoux:2; bfmtv:2; libe:2; regiongrandest:2; gouvernementfr:1; rachelflore:1; knafo_sarah:1; bournazel2026:1
722358,Thomas Gassilloud,tgassilloud,twitter.com/tgassilloud,190,seblecornu:23; tgassilloud:16; emmanuelmacron:14; damiengirard56:7; gouvernementfr:5; opexnews:5; armees_gouv:4; dga:4; gendarmerie:4; elysee:4; an_defense:4; lcp:3; franceinfo:3; franckentheo:3; valdoise:3; franceencoree:3; pascalbtr:2; peuravion:2; anthony_gislain:2; cema_fr:2; renaulttrucksco:2; assembleenat:2; defense137:2; echiva:2; bfmtv:2; safran:2; armeedeterre:2; rmcinfo:2; romainmielcarek:2; gassilloud:2
720500,Valérie Petit,ValeriePetit_AN,twitter.com/ValeriePetit_AN,190,alexiskarklins:8; emmanuelmacron:8; rglucks1:7; mxsba:6; cidff_:5; rafael_eyth:5; gablattanzio:4; n_hervieu:4; erwanlenoan:4; cobra_fx_:3; sc_cath:3; lemondefr:3; democrats_eu:3; glthinktank:3; gillesgressani:2; zelenskyyua:2; lci:2; xavierbertrand:2; sachahoulie:2; ugobernalicis:2; le_figaro:2; nbouzou:2; bfmtv:2; diavictimes:2; chdelporte:2; raulmagniberton:2; seltzer_c:2; schelcher:2; davidcormand:1; barriere_dr:1
722398,Rémy Rebeyrotte,RRebeyrotte,twitter.com/RRebeyrotte,189,ccgam71:42; vincentchauvet:23; rrebeyrotte:19; autunville:19; ccdelautunois:15; lejsl:8; jslautun:7; cathyvalacci:6; f3bourgogne:4; obsterritoria:3; nf1987:3; awabot:2; lecese:2; cultureroutes:2; roxanabulmez:2; interconnectes:2; c_bonvalot:2; autun_infos:2; enzoni71:2; gipeaux:2; ecole_numerique:1; jeunesmacron71:1; laurentbacquart:1; sndgct:1; franiclode65:1; normandesvideos:1; inte:1; petitschanteurs:1; nrjchalon:1; lal:1
1327,Nicolas Forissier,N_Forissier,twitter.com/N_Forissier,188,emmanuelmacron:25; jnbarrot:21; seblecornu:18; n_forissier:11; francediplo:5; businessfrance:4; salondelagri:4; elysee:4; les_cce:3; publicsenat:3; anniegenevard:3; medef_i:2; omerbolattr:2; ekonomimcom:2; rcvaldeloire:2; malkassabi:2; wef:2; ademontchalin:2; francediplo_ar:2; francediplo_en:2; francekoweit:2; gauvinolivier:2; andrejplenkovic:2; maregionsud:2; noiweala:2; parmeling:2; khalid_alfalih:2; cnrs:1; triumflab:1; ubc:1
719668,Patricia Mirallès,MIRALLESMP,twitter.com/MIRALLESMP,185,emmanuelmacron:29; seblecornu:23; bleuetfrance:17; armees_gouv:8; nunezlaurent:4; mirallesmp:4; midilibre:4; dp_leparti:3; armeedeterre:3; radionotredame:3; radiorcf:3; prefet06:2; yannmarecprod:2; macronardsfm:2; barbaraderathe:2; montpellierhsc:2; pompiersherault:2; le_figaro:2; franceinsoumise:2; libe:2; lucalbernhe:2; nathalieoziol:2; 1erspahis:2; fs_francaises_:2; dilcrah:2; elysee:2; le_parisien:2; cemat_fr:2; cemm_fr:2; onacvg:2
719060,Christophe Jerretie,chrisjerretie,twitter.com/chrisjerretie,184,labanquepostale:42; groupelaposte:36; limogeshandball:9; fftennis:9; regionsdefrance:8; frahandball:8; modem:6; i4ce_:6; emmanuelmacron:6; an_collterr:5; assembleenat:5; modemcorreze:5; lpnews_na:5; intercodefrance:4; wansquare:4; elisabeth_borne:4; l_amf:4; lagazettefr:3; reneweuropefra:3; nathqueencole:3; fedepl:2; acteurspublics:2; senat:2; cercle_eco:2; benoitleguet:2; celleisabelle:2; amalriccatheri1:2; renaissancecor2:2; montagnetulle:2; courdescomptes:2
267901,Mansour Kamardine,Kamardine_M,twitter.com/Kamardine_M,181,phgosselin:58; droiterep_an:37; lesrepublicains:34; oliviermarleix:16; brunoretailleau:13; laurentwauquiez:12; assembleenat:8; kamardine_m:7; lcp:5; marinenationale:3; ligne__droite:3; emmanuelmacron:3; causeur:3; bayrou:3; gendarmerie:2; deputeeestelle:2; an_comlois:2; conseil_constit:2; destexhe:2; sudradio:2; fxbellamy:2; lesrep_senat:2; senat:2; censuregouv:1; vigierphilippe:1; mlp_officiel:1; sbastien_martin:1; ferraccimarc:1; labnf:1; mayottela1ere:1
332228,Thierry Benoit,ThierryBenoit35,twitter.com/ThierryBenoit35,180,assembleenat:18; thierrybenoit35:13; lcp:13; fougeresbasket:9; michelbarnier:6; horizons_an:6; lmarcangeli:5; gendarmerie:5; anniegenevard:4; francoisegatel:4; naimamoutchou:4; christophe_p:4; deputeshorizons:3; gdarmanin:3; lecocqcharlotte:3; fredvalletoux:3; emmanuelmacron:3; psimonof:3; fhollande:2; le20hfrancetele:2; boblecentriste:2; slefoll:2; jeunesagri35:2; emmanuelchaunu:2; brunomillienne:2; deputeeestelle:2; outremer_gouv:2; gouvernementfr:2; phgosselin:2; publicsenat:2
330357,Olivier Dussopt,olivierdussopt,twitter.com/olivierdussopt,180,emmanuelmacron:83; elysee:10; dp_leparti:8; jeunesenmarche:4; sophiaaram:3; carolinefourest:3; nbouzou:3; mvignaud:3; francediplo:2; lcp:2; nunezlaurent:2; xjaravel:2; emiliecchalas:2; lci:2; bfmtv:2; zelenskyyua:2; olivierdussopt:2; ensemble_ue:1; ambdeenfr:1; bundeskanzler:1; lebrac21:1; theeconomist:1; weillclaude:1; gablattanzio:1; a_bergeaud:1; lem:1; ph_aghion:1; arminarefi:1; renaissance:1; jlbourlanges:1
1498,Claude Goasguen,ClaudeGoasguen,twitter.com/ClaudeGoasguen,180,fszpiner:72; datirachida:59; claudegoasguen:22; juliengdj:13; samiabadat:11; lesrepublicains:10; verobucaille:9; datipourparis:8; jeremy_redler:7; b_lecouturier:7; ali_oubaali:5; bruliomar:4; lr75_16:4; sboelle:4; danielegiazzi:4; ariellevyparis:4; agnesbuzyn:3; lci:3; anne_hidalgo:3; cbe16:3; sophymallet:3; danlr26:3; hannasebbah:2; danlr16:2; jeanbouinparis:2; netanyahu:2; jeanheloujh:2; birabenanne:2; lrepublicains75:2; rtlfrance:2
722110,Hubert Wulfranc,HubertWulfranc,twitter.com/HubertWulfranc,180,hubertwulfranc:18; deputespcf:16; rouenpcf:13; fabien_roussel:9; lcp:7; sebastienjumel:7; andrechassaigne:5; pcf:4; deputesgdr:4; calameo:4; defenseaxessud1:3; senateurscrce:2; garessos:2; assembleenat:1; joelaviragnet:1; david_valence:1; f3normandie:1; hubertwulfran:1; fabien_gay:1; orvaultpcf:1; parlementscpo:1; sciencespo:1; l_deffontaines:1; larelevelapeste:1; manuel_domergue:1; cyrielle_chtl:1; mathildepanot:1; yannickmonnet3:1; humanite_fr:1; uvlu:1
721542,Marie-Christine Verdier-Jouclas,verdierjouclas,twitter.com/verdierjouclas,180,onacvg:80; mirallesmp:44; bleuetfrance:29; armees_gouv:25; emmanuelmacron:15; verdierjouclas:15; lfpfr:15; seblecornu:12; gouv_mili_paris:5; struthof_kl:3; armee_de_lair:3; montvalerienof:3; fauredominique:3; sallepleyel:2; jl_thieriot:2; francerugby:2; ginettept:2; ini_invalides:2; elisabeth_borne:2; prefet57:1; rsma_guadeloupe:1; prefet972:1; 11_fabre:1; dguillaume26:1; prefet67:1; imarabe:1; cema_fr:1; hc_polynesie987:1; outremers360:1; bestdefense_:1
720286,Caroline Fiat,CarolineFiat54,twitter.com/CarolineFiat54,180,prunebourbon:27; mbompard:22; jlmelenchon:20; franceinsoumise:19; gacciob:10; l_insoumission:10; clemence_guette:7; carolinefiat54:7; emma_frr:7; fiassemblee:6; hadrienclouet:5; lachaudb:5; ludodelaherche:5; mathildepanot:4; fabien_gay:3; libe:2; alma_dufour:2; emmanuelmacron:2; farida_amrani_:2; ludodelaher:2; frapiquemal:2; leoniehebert68:2; gabriellecthl:2; bayrou:2; ouzouliasp:1; glupatate:1; realmarcel1:1; actualitte:1; caronaymericoff:1; annetestuz:1
721932,Marie-France Lorho,FranceLorho,twitter.com/FranceLorho,180,mlp_officiel:36; groupern_off:34; rnational_off:12; j_bardella:10; h2lepinau:5; cathrimbert84:5; rnvaucluse:5; assembleenat:4; francelorho:2; phdebeauregard:2; cnews:2; jphtanguy:2; fnsea:1; vigneronindep:1; l_bouffard_off:1; fr:1; nadinelechonrn:1; thierrymariani:1; eu_commission:1; laurenceferrari:1; somabrouk:1; javaucluse:1; pascalmarkowsky:1; florelle84:1; marionmarechal:1; jeunesagri:1; sf_siege:1; louis_aliot:1; jphta:1; tavernemich:1
720230,Lise Magnier,lise_magnier,twitter.com/lise_magnier,180,equipefra:51; assembleenat:20; yaelbraunpivet:15; horizons_an:15; lise_magnier:8; chalonsagglo:8; chevaliersenat:6; horizonsleparti:5; prefet51:5; ephilippe_lh:5; seblecornu:5; franck_leroy_:5; christophe_p:4; cavautrin:4; jm_roze:4; villedereims:3; deputeshorizons:3; emmanuelmacron:3; jnbarrot:3; foiredechalons:3; arnaudrobinet:3; armees_gouv:2; benoistapparu:2; interieur_gouv:2; christianbruyen:2; christophedany1:2; michelbarnier:2; an_defense:2; lisemagnier:1; rcfcoeurdechamp:1
718902,Cédric Roussel,CedricRoussel06,twitter.com/CedricRoussel06,179,emmanuelmacron:42; aoc1978:18; brunolemaire:15; paris2024:14; xvparlementaire:14; economie_gouv:11; lequipe:8; rolandlescure:8; gabrielattal:5; yaelbraunpivet:5; salondes_sports:5; rmcsport:5; nice_matin:4; newstankfoot:4; francerugby:4; bpifrance:3; assembleenat:3; bfmcotedazur:3; cosmosportif:3; dgentreprises:3; senat:2; cedricroussel06:2; jeuxolympiques:2; gouvernementfr:2; obs_sport_biz:2; elysee:2; franceolympique:2; agence_du_sport:2; france2023:2; oliviagregoire:2
605036,Damien Abad,damienabad,twitter.com/damienabad,179,departement_ain:18; emmanuelmacron:8; oyonnaxrugby:7; letour:6; nantuamaville:4; gabrielattal:3; gdarmanin:2; karlolive:2; assembleenat:2; leprogresain:2; nicolassarkozy:2; francoisbelay:2; tourdelain:2; agnesrunacher:2; prefet01:2; brunoretailleau:1; jeuxolympiques:1; eciotti:1; jp_thomasset:1; memorializieu:1; jlbourgbasket:1; jmzulesi:1; handihardi21:1; loickervran18:1; kevinphalippon:1; frahandball:1; enfantain01:1; sectionpaloise:1; ffcyclisme:1; georgesblancoff:1
722178,Jacques Maire,JMaireofficiel,twitter.com/JMaireofficiel,179,encommun_parti:24; pace_news:23; aldeparty:14; vkaramurza:13; jmaireofficiel:12; navalny:11; franceosaka2025:10; emmanuelmacron:10; libe:6; coe_fr:6; ekaramurza:5; confront_europe:5; coe:5; assembleenat:5; cfdt:3; clapotmireille:3; becht_olivier:3; lcp:3; mariefontanel67:3; barbarapompili:3; pace_legalhr:3; iulibulai:3; ua_parliament:3; france3paris:3; maryliseleon:2; sophiaaram:2; olgaprokopieva:2; rus_lib:2; cecile_rilhac:2; mohamedbazoum:2
609590,Valérie Rabault,Valerie_Rabault,twitter.com/Valerie_Rabault,179,rglucks1:29; caroledelga:15; plantu:12; borisvallaud:10; socialistesan:10; valerie_rabault:7; aurorelalucq:6; mdelafosse:6; placepublique_:5; lequipe:4; p_brun:3; ladepeche82:3; zelenskyyua:3; partisocialiste:3; maliteo63:3; midilibre:2; sandumaiamd:2; senateursps:2; nicolasmayernmr:2; perladanan:2; pcf_82:2; sebvincini:2; cavousf5:2; telematin:2; brunolemaire:2; claire_fita:2; patrickkanner:2; mlmontpellier:2; mdelmestre:2; cpaveyron:1
719660,Christelle Dubos,duboschristelle,twitter.com/duboschristelle,179,emmanuelmacron:23; rolandlescure:6; duboschristelle:6; larem_an:6; ephilippe_lh:5; marleneschiappa:5; olivierveran:5; horizonsleparti:3; assembleenat:3; elisabeth_borne:3; beaudouinso:3; macron2022:3; enmarchegironde:3; publicsenat:3; brunolemaire:3; gendarmerie:2; cnaf_actus:2; azizskalli:2; patricebegay:2; avecvous:2; claudemalhuret:2; elisefajgeles:2; emmwargon:2; joelgiraud05:2; laustmartin:2; lcp:2; itolleret:2; al_rousset:2; bcouillard33:2; dbaichere:2
722046,Aurore Bergé,auroreberge,twitter.com/auroreberge,179,emmanuelmacron:17; franceinfo:11; auroreberge:11; cnews:11; europe1:10; frhaz:7; bfmtv:6; seblecornu:5; reunionla1ere:4; i24news_fr:3; sudradio:3; somabrouk:3; sandrinejossoan:3; lcp:3; lepoint:2; franceinsoumise:2; simonnetdeputee:2; benjaminhaddad:2; mariannelemag:2; lejdd:2; renaissance_78:2; v_riotton:2; egalite_gouv:2; auroreb:2; radiojfrance:2; monajafarian:1; carolineyadan:1; sylvainmaillard:1; le_parisien:1; laurentsorel:1
719488,Philippe Berta,PBertaGard,twitter.com/PBertaGard,178,assembleenat:12; an_afcult:12; pbertagard:11; sretailleau:10; cavautrin:9; objectifgard:7; opecst_:7; mfesneau:7; deputesdem:7; modem:6; rolandlescure:6; alliancemr:5; emmanuelmacron:5; telethon_france:4; gabrielattal:4; jnbarrot:3; midilibre:3; acadsciences:3; institutpasteur:3; acadmed:3; fredvalletoux:3; bayrou:2; gdarrieussecq:2; opecst:2; ericvivier1:2; innatepharma:2; acolson_:2; letrombinoscope:2; nbelloubet:2; besoindeurope:2
721530,Aude Luquet,AudeLuquet77,twitter.com/AudeLuquet77,171,deputesdem:24; lcp:18; gabrielattal:12; modem:11; bayrou:10; audeluquet77:9; emmanuelmacron:9; gdarmanin:7; p_brun:5; bfmtv:5; gouvernementfr:5; auroreberge:4; jp_mattei:3; idfmobilites:3; vpecresse:3; franceinfo:3; mguevenoux:3; seblecornu:3; calvi3d:3; audel:3; 28minutes:3; connectgares:2; jpfarandou:2; ligner_sncf:2; arsaint_martin:2; sophiaaram:2; assembleenat:2; senat:2; j_bardella:2; gendarmerie:2
643089,Jean-Louis Thiériot,JL_Thieriot,twitter.com/JL_Thieriot,170,jl_thieriot:17; europe1:11; sudradio:8; seblecornu:7; le_figaro:6; cavautrin:5; rufoalice:5; opexnews:5; ifri_:4; cema_fr:4; j_m_jacques:4; brunoretailleau:4; cemat_fr:3; bfmtv:3; plenfrance:3; armee_de_lair:2; an_defense:2; ychenevard83:2; loickervran18:2; lcp:2; vincentlamigeon:2; edeponcins:2; frdefensepoland:2; pawelblizniuk:2; theatrumbelli:2; thomasgomart:2; navalgroup:2; lexpress:2; sandumaiamd:2; jl_thierio:2
721278,Patrice Anato,patrice_anato,twitter.com/patrice_anato,161,emmanuelmacron:20; patrice_anato:16; grandnumerique:14; sesametg:7; huaweifr:7; philippefolliot:6; larem93:5; 1elisamoreno:4; elisabeth_borne:4; lecentre2024:3; shannonseban:3; ensemble9303:3; dianelvy13:2; nddtogo:2; renaissance:2; a_favereau:2; sportypeppers:2; jean_delalandre:2; enmarchefr:2; brunolemaire:2; alliancec:2; prefet93:2; neuilly_marne:2; iacovellixavier:2; linkedinfrance:2; plombiersdunum:2; djebbari_jb:2; villenoisy:2; f_bachelier:1; realdonaldtrump:1
720822,Bruno Bilde,BrunoBilde,twitter.com/BrunoBilde,160,mlp_officiel:67; j_bardella:51; rnational_off:4; caromeloni:3; brunoclavet:3; danypaiva__:3; c_szczurek:3; groupern_off:3; challoncle:3; steevebriois:2; marinetondelier:1; giorgiameloni:1; bfmtv:1; mchantrait:1; sophiedupont_:1; thom_morelle:1; laurenceferrari:1; arnoklarsfeld:1; lagarde:1; patrioteseurope:1
719952,Jean-Michel Mis,JeanMichelMIS,twitter.com/JeanMichelMIS,160,emmanuelmacron:5; brunolemaire:5; clarachappaz:5; seblecornu:4; grand_continent:4; assembleenat:3; bostondynamics:3; usembassyfrance:2; jnbarrot:2; fadouce:2; lcp:2; armee_de_lair:2; senat:2; soph_astro:2; esa_fr:2; anssi_fr:2; frenchresponse:2; alehenanff:2; lepoint:2; elonmusk:2; gouvernementfr:2; googledeepmind:2; realdonaldtrump:2; ajcceo:1; annesosebban:1; labrepublique:1; herve_pillaud:1; claudeposternak:1; whitehouse:1; anthropicai:1
722170,Sophie Beaudouin-Hubiere,BeaudouinSo,twitter.com/BeaudouinSo,160,guillaumekasba:20; deputesre:18; lrem87:15; emmanuelmacron:8; sylvainmaillard:8; gabrielattal:7; damienmaudt:6; valeriehayer:5; manonmeunier_up:4; ferraccimarc:4; auroreberge:4; renaissance:4; claudemalhuret:3; dc_morel:3; olivierdussopt:3; sophiaaram:3; rnational_off:3; besoindeurope:2; priscathevenot:2; steph_sejourne:2; groupesncf:2; guillaumedaret:2; gouvernementfr:2; cbeaune:2; agathehbs:2; veroniquedauve1:1; indep_senat:1; joffrinlaurent:1; bricehardelin:1; lcp:1
643205,Anne-Christine Lang,AChristine_Lang,twitter.com/AChristine_Lang,160,pybournazel:34; emmanuelmacron:30; datirachida:5; elysee:5; frenchresponse:5; bekouz:4; sudradio:4; tribunedimanche:4; pegah_maleka:4; bfmtv:4; marleneschiappa:3; apollinewakeup:3; gabrielattal:3; le_parisien:3; zelenskyyua:3; lefigarotv:2; egregoire:2; le_figaro:2; grand_continent:2; dariusrochebin:2; jnbarrot:2; leparisien_pol:2; pybteam:2; oliviagregoire:2; ephilippe_lh:2; frog_of_war:1; jacques:1; marionvanr:1; lamiaela:1; france3paris:1
721286,Alain Ramadier,alainramadier,twitter.com/alainramadier,160,aulnaysousbois:45; brunobeschizza:44; terresdenvol:15; ianboucard:8; vpecresse:3; alainramadier:3; juliendive:3; republicains_an:3; lesrepublicains:2; a2maulnay:2; patrickhetzel:2; rmcinfo:2; geoffreycarva:1; jeunesreps93:1; kristellniasme:1; soyonslibres:1; iledefrance:1; karampatrick:1; jeancastex:1; laur:1; mairesherve:1; philippedallier:1; eciotti:1; aurelienpradie:1; sudradio:1; fxbellamy:1; kamardine_m:1; paris2024:1; laliguecancer:1; gdparisexpress:1
605131,Christophe Castaner,CCastaner,twitter.com/CCastaner,160,emmanuelmacron:16; ccastaner:12; jlmelenchon:11; renaudmuselier:3; atmbinfo:3; elisabeth_borne:3; spagnou:3; e_barreille:3; prefet74:2; nbelloubet:2; destimed:2; gregoryallione:2; valeriehayer:2; renaissance:2; najat_akodad:2; sdis_74:2; b_masfraissinet:2; rnational_off:2; camillegaltier:2; brunolemaire:1; franck_leroy_:1; lopinion_fr:1; antoine_armand:1; tribunedimanche:1; cmadrolle:1; sanef_groupe:1; ecom_news:1; aclaudiuspetit:1; franceculture:1; sandrogozi:1
721832,Sandra Boëlle,SBoelle,twitter.com/SBoelle,160,grpedemainparis:54; mairiedu16:35; fszpiner:27; verobucaille:18; jeremy_redler:15; brunoretailleau:13; sboelle:8; oeuvredorient:6; jackyvesbohbot:5; samiabadat:4; gabrielnegrotto:3; jrepsparis16:3; lesrepublicains:3; lr75_16:3; negrottog:3; prefpolice:2; sainteperine:2; vbaladi:2; le_crif:2; lejdd:2; jeunesreps:2; ali_oubaali:2; nunezlaurent:2; scarlettszpiner:2; bfmtv:2; _artaxias_:2; jeanmarcbideau:2; anne_hidalgo:2; cgirbe:2; villlede:2
722308,Nathalie Serre,NathalieSerre,twitter.com/NathalieSerre,160,celineimart:26; fxbellamy:17; annelaureblin:14; julienaubert84:14; kovitzmos:10; oserlafrance:9; anniegenevard:9; jl_thieriot:8; patrickhetzel:7; emma_ducros:7; droiterep_an:4; vtremolet:4; laurentwauquiez:4; eugeniebastie:3; fbblackler:3; gabrielmelaimi:3; assembleenat:2; le_figaro:2; valerieboyer13:2; philippejuvin:2; lcp:2; oliviermarleix:2; phgosselin:2; lesrepublicains:2; aude_leroy:2; brunoretailleau:2; jlmelenchon:2; aportier69:2; franceinfo:2; babgi:1
720108,Valérie Oppelt,valerie_oppelt,twitter.com/valerie_oppelt,159,foulques44:79; sarahelhairy:29; guillaumerichar:23; valerie_oppelt:22; jrolland_nantes:8; auroreberge:8; gabrielattal:7; lgarnier44:6; mannereau:5; fderugy:5; c_morancais:4; jmdormoy:3; enzo_chiron:3; renaissance:3; johanna_rolland:2; telenantesinfo:2; btertrais44:2; rglucks1:2; presseocean:2; plonchampt:2; sandrinejossoan:2; luchiniofficiel:2; brunoretailleau:2; bfmtv:1; chombart2026:1; claudeseyse:1; iciloireocean:1; lepoint:1; caroledelga:1; afpfr:1
702052,Maina Sage,MainaSage,twitter.com/MainaSage,158,outremers360:10; radio1tahiti:5; ecowarriorss:5; elisabeth_borne:4; emmanuelmacron:4; mcponamale:4; torreschaub:4; bfmtv:4; thom_astro:3; equipedefrance:3; afpfr:3; france2tv:3; outremernetwork:2; lemondefr:2; le_parisien:2; coral_gardeners:2; nasa:2; theeconomist:2; valeriehayer:2; seb6philippe:2; tomasstatius:2; polynesiela1ere:2; ajezeq:2; glispa_discuss:2; tf1info:2; ap:2; lci:2; cnn:2; larrouturou:1; christophebechu:1
720720,Josy Poueyto,josypoueyto,twitter.com/josypoueyto,157,bfmtv:10; jnbarrot:9; frabus3:7; cavautrin:7; seblecornu:7; bcazeneuve:7; j_m_jacques:6; armeedeterre:6; ville_pau:5; emmanuelmacron:5; rufoalice:5; edaycard:5; policenationale:4; nunezlaurent:4; delphlingemann:4; prefet64:4; cemat_fr:4; sarahelhairy:4; fs_francaises_:3; ecoledestap:3; patdeloups:3; lcp:3; etatmajorfr:3; bayrou:3; gendarmerie:3; lci:2; rmcinfo:2; stelladupont:2; armees_gouv:2; amiel_david_:2
721976,Bruno Millienne,BrunoMillienne,twitter.com/BrunoMillienne,156,pascalperri:8; emmanuelmacron:6; mfesneau:6; jlmelenchon:5; quatremer:4; sophiaaram:4; weillclaude:4; macronardsfm:4; emma_ducros:4; fderugy:4; franceinsoumise:3; gewoessner:3; jnbarrot:3; gablattanzio:3; ademontchalin:3; michelf29015597:2; huberthuertas:2; boucherbrigit:2; e_dupondm:2; namiasrobert:2; francoisedegois:2; seblecornu:2; bayrou:2; 24hpujadas:2; enthoven_r:2; fmomboisse:1; femmeazadi:1; partisocialiste:1; xaviergorce:1; jeromeguedj:1
335758,Franck Riester,franckriester,twitter.com/franckriester,153,gabrielattal:40; renaissance:22; deputesensemble:17; pybournazel:8; assembleenat:3; marleneschiappa:2; datirachida:2; oliviagregoire:2; stephanie_rist:2; guillaumekasba:2; jbmarteau:2; lcp:2; seblecornu:2; jeunesenmarche:2; cbeaune:1; gattalactu:1; radiojfrance:1; bfmtv:1; julieboillot:1; bruno_fuchs:1; uscongress:1; midy_paul:1; t_cazenave:1; theatrechatelet:1; agnesrunacher:1; marielebec78:1; vspillebout:1; achillehourde:1; arcelormittalf:1; egregoire:1
720430,Ugo Bernalicis,ugobernalicis,twitter.com/ugobernalicis,153,jlmelenchon:14; mbompard:13; fiassemblee:6; ugobernalicis:6; l_insoumission:5; franceinsoumise:4; aurelien_le_coq:4; l_addouche:4; aleaument:4; ericcoquerel:4; meseydiba:3; clemence_guette:3; mathildepanot:3; abomangoli:2; l_fournier_:2; belouassaanais:2; glupatate:2; sebastianjroche:2; bfmtv:2; gdarmanin:2; emmanuelmacron:2; portes_thomas:2; p_proisy:1; assoadap:1; humanite_fr:1; trouveaurelie:1; franceinfo:1; rimahas:1; nupesnews:1; pkolebacki:1
718768,Alexandra Valetta Ardisson,A_Ardisson,twitter.com/A_Ardisson,152,davidlisnard:83; nouv_energie:51; a_ardisson:8; quentinhoster:7; cnews:6; jeunesenergies:5; yvesdamecourt:4; femmeazadi:3; martinalex06:3; sudouest:3; europe1:3; somabrouk:3; lopinion_fr:2; olivierbabeau:2; alexandreneigel:2; giorgiameloni:2; jl7508:2; lepoint:2; n_energie_64:2; sdementhon:2; gwgoldnadel:1; contrepoints:1; jsferjou:1; emmanuelmacron:1; nlle_energie_81:1; elysee:1; khannrachel:1; lo:1; zeclint:1; ephilippe_lh:1
721996,Patrick Loiseau,ploiseau85,twitter.com/ploiseau85,140,emmanuelmacron:9; salondelagri:8; an_finances:6; assembleenat:6; prefetvendee:5; sante_gouv:5; sarahelhairy:5; gdarrieussecq:4; ploiseau85:4; j_denormandie:4; olivierveran:4; deputesdem:4; bfmtv:3; modem:3; depvendee:3; armees_gouv:3; acnantes:3; nateduc:3; sdis85:2; gouvernementfr:2; freddy_roy:2; dila_officiel:2; economie_gouv:2; agri_gouv:2; uncsiege:2; francerugby:2; sandrinejossoan:2; paysdelaloire:2; bayrou:2; richardferrand:2
720492,Catherine Osson,Ossoncatherine,twitter.com/Ossoncatherine,140,terresdeprogres:52; dp_leparti:19; olivierdussopt:13; iacovellixavier:11; damiencastelain:8; metropolelille:7; gabrielattal:5; elisabeth_borne:4; jad_zahab:4; tdp_occitanie:4; renaissance:3; priscathevenot:3; mpc_mel:3; erguntoparslan:2; chamboncelben:2; ambroise_mejean:2; gregjoron_un1te:2; fadila_khattabi:2; patrickkanner:1; romanebouillez:1; mirallesm:1; clarachappaz:1; maximeperrin56:1; mirallesmp:1; maximeper:1; jmborello:1; tmohamedsoilihi:1; lacroix_prg:1; cbeaune:1; jeunesenmarche:1
719052,Loïc Kervran,LoicKervran18,twitter.com/LoicKervran18,138,deputeshorizons:16; seblecornu:12; ephilippe_lh:5; horizonsleparti:4; nunezlaurent:3; an_defense:2; assembleenat:2; gdarmanin:2; loickervran18:2; sudradio:2; vonderleyen:1; jl_thieriot:1; ini_invalides:1; jeanmoulliere:1; sebchenu:1; ici_berry:1; sdis_18:1; udsp18:1; emma_ducros:1; gewoessner:1; yaelbraunpivet:1; bfmtv:1; christophe_p:1; deputesdem:1; deputesensemble:1; fspfsyndicat:1; j_bardella:1; auroreberge:1; equidia:1; francegalop:1
719520,Mickaël Nogal,mickaelnogal,twitter.com/mickaelnogal,120,eric_r_lombard:42; steph_sejourne:11; jlmoudenc:8; emmanuelmacron:7; valeriehayer:7; anah_officiel:5; rtlfrance:4; gabrielattal:4; svyrydenko_y:4; economie_gouv:3; jnbarrot:3; vonderleyen:3; sergezaka:3; henrydelaguerie:3; renaissance:2; lejdd:2; laurentsmartin:2; cnews:2; zelenskyyua:2; deputecausse:2; renaissance31hg:1; jeunesmacron31:1; carlos_cuerpo:1; jmirandsarmento:1; rothgilles:1; tf1:1; tf1info:1; sebastienlecornu:1; mic:1; v_terrailnoves:1
1276,Michel Fanget,michelfanget,twitter.com/michelfanget,119,michelfanget:18; lamontagne_fr:8; prefet63:5; _infomagazine:5; f3auvergne:5; fbauvergne:5; groupemodem:4; assembleenat:4; desarnez:4; clermontfd:3; youtube:3; lcp:2; adrientaquet:2; an_afetr:2; obj_capitales:2; auvergnerhalpes:2; fehap_actu:2; yannwehrling:2; guillaumeben:1; bruno_fuchs:1; patrickmignol:1; departement63:1; brunomillienne:1; stepherman:1; nicolasturgeon:1; lrem_auvergne:1; gabrielattal:1; ephilippepm:1; sttravert:1; arnaudcoudry:1
721960,Danièle Obono,Deputee_Obono,twitter.com/Deputee_Obono,117,franceinsoumise:6; deputesdem:2; deputesensemble:2; socialistesan:2; fiassemblee:2; jnbarrot:2; education_gouv:2; mathildepanot:2; droiterep_an:1; srcontretemps:1; glupatate:1; l_insoumission:1; fbdlm:1; me_maati:1; arnaultraphael:1; portes_thomas:1; amnesty:1; btselem:1; hrw:1; abomangoli:1; franceinfo:1; deputesgdr:1; gpe_ecolosocial:1; deputeshorizons:1; groupeliot_an:1; ademontchalin:1; andreetaurinya:1; mdiplo:1; emilemeunier:1; justice_gouv:1
721118,Moetai Brotherson,Moetai1,twitter.com/Moetai1,99,moetai1:21; outremers360:6; deputespcf:5; lcp:4; assembleenat:4; sergemassau:4; davidkoubbi:3; jfmbaye:3; gabrielserville:2; deputee_obono:2; an_comlois:2; change:2; fabien_rssl:2; presidencepf:1; deputesgdr:1; achabus:1; brunoblanque:1; nesaste:1; bymaddyness:1; brun:1; conf_batonniers:1; julietteprados:1; elsafaucillon:1; tematangi:1; pacblueline:1; teanau_tuiono:1; christophedilys:1; guyonvarchc:1; johanitowamytan:1; fm_lambert:1
267794,Michèle Tabarot,MTabarot,twitter.com/MTabarot,97,mtabarot:4; philippetabarot:4; prefet06:4; napsarkozy:2; dominiq_estrosi:2; ericpauget1:2; avectabarot:1; hornetslecannet:1; laurentwauquiez:1; seblecornu:1; louisnegrecsm:1; nunezlaurent:1; veroniqueborre:1; lesrepublicains:1; volerolecannet:1; annelaureblin:1; droiterep_an:1; jeromeviaud:1; an_afetr:1; yaelbraunpivet:1
719930,Boris Vallaud,BorisVallaud,twitter.com/BorisVallaud,80,acadleonblum:16; partisocialiste:12; socialistesan:11; nouveaupop:11; aydahadi:3; gaucheunietlse:3; arnosimion:2; fbriancon:2; mel_thomin:2; najatvb:2; thaimasamman:2; thiebaultceline:1; caroledelga:1; leparisien_75:1; lemondefr:1; act_lgbt:1; lehuffpost:1; egregoire:1; lyeslouffok:1; senateursps:1; solidaritefemme:1; chloeridel:1; youmnikezzouf:1; zelenskyyua:1; laurentlhardit:1; salondelagri:1; benoitpayan:1; clauderaynal:1; bfmtv:1; martinevassal:1
336439,Jean-Michel Clément,jmclement86,twitter.com/jmclement86,80,groupeliot_an:44; lcp:14; bertrandpancher:14; c_decourson:8; bfmtv:3; bsainthuile:3; yaelbraunpivet:3; publicsenat:2; changefrance:1; plantu:1; santelli841:1; corsenetinfos:1; elisabeth_borne:1; blick_fr:1; cnews:1; lopinion_fr:1; assoutiles:1; anouk1818:1; elabe_fr:1; bertrandpanch:1; galamiou:1; johannfourmond:1; c_rossignol:1; werlych:1; jrcazeneuve:1; canardenchaine:1; realmarcel1:1
719570,Catherine Fabre,cfabreAN,twitter.com/cfabreAN,79,t_cazenave:58; fairegagnerbx26:8; jmblanquer:4; lepoint:2; emmanuelmacron:2; n_delattre:2; michelrevol:1; philippinerbt:1; macronardsfm:1; songsa93:1; renaissance:1; annefahmy:1; 24hpujadas:1; shalmani_abby:1; b:1; jnbarrot:1; femmeazadi:1; ffbnleaquitaine:1; placeco_media:1; gabrielattal:1; alexmartin33000:1; horizons_bdx33:1; ici_gironde:1; fcbdeputeducher:1; lbleublancrouge:1; paoloarieldov:1
718710,Pascale Boyer,pascaleboyer05,twitter.com/pascaleboyer05,69,pascaleboyer05:8; baptistemenard:5; alpes1:5; carlab20:5; poyaurelie:3; lemedia05:2; alpes_1:2; chpierrel:2; nathalielanzi:2; le1hebdo:1; lafabriqueaviva:1; ledauphine:1; libe:1; changefrance:1; diciradio:1; laposte:1; paulgiacobetti:1
767,Jacques Cattin,JCattin2017,twitter.com/JCattin2017,61,jcattin2017:22; virginiecalmels:7; republicains_an:3; ericstraumann:3; republicains68:3; droitelib:3; assembleenat:2; klinkertbrigitt:2; fabienne_keller:2; bleualsace:2; jl_reitzer:2; hubertott2017:2; benoitlupp:2; bachty68:1; christophechebi:1; dutterclaire:1; patoon68:1; remy67:1; lcp:1; dinocinieri:1; cordierpierre08:1; vbazinmalgras:1; sitetaiwaninfo:1; julienaubert84:1; leclerc2017:1; thibault_bazin:1; bernard_stalter:1; sylvainwaserman:1; guydokennel:1; bechtgroff2017:1
783463,Sophie Métadier,SMetadier,twitter.com/SMetadier,57,smetadier:8; assembleenat:6; valeriepetit_an:3; fbtouraine:3; nr_tours:2; nr_loches:2; sophie_auconie:2; rbrutinaud:1; aauteuil_gouest:1; an_devdur:1; barbarapompili:1; lagazettefr:1; lmaillart:1; vincent_louault:1; meuniermatth:1; sarahelhairy:1; lanouvellerep_:1; ecologie_gouv:1; inrae_france:1; marsaudsandra:1; jclagarde:1; udi_an:1; udi_off:1; michel_lamy:1; ginersylvie:1; agnesrunacher:1; prefet37:1; a2largentaye:1; martinmalvy:1
755549,Sylvain Brial,SylvainBrial,twitter.com/SylvainBrial,50,assembleenat:11; gouvernementfr:10; sylvainbrial:6; groupelibterran:6; bertrandpancher:4; senat:3; nicole_sanquer:2; olivierveran:2; fm_lambert:1; bpifrance:1; seblecornu:1; jimmypahun:1; hervemariton:1; la_fedom:1; loigcg:1; paul_molac:1; dwfparis:1; wfla1ere:1; libertsterrito1:1; annickgirardin:1; caissedesdepots:1
721046,Nathalie Bassire,NathalieBassire,twitter.com/NathalieBassire,20,gecologie974:1; jllagourgue:1; nadiaramassamy:1; 974radiofreedom:1; annickgirardin:1; clicanoore:1; ipreunion:1; lequotidien:1; lesoutremer:1; zinfoslive:1; assembleenat:1; federationafd:1
2828,Alain Tourret,AlainTourret,twitter.com/AlainTourret,20,alaintourret:3; sudradio:3; richardferrand:2; madamefromagefr:1; richezlerouge:1; drapeauxsfv:1; lepreaucdn:1; gerardcollomb:1; basphilippe:1; valerie_expert:1; tourret2017:1; twitter:1; bfmbusiness:1
712015,Julien Dive,juliendive,twitter.com/juliendive,20,xavierbertrand:4; aegrw:1; seblecornu:1; hautsdefrance:1; brunoretailleau:1; celineimart:1; juliendive:1; magaliberdah:1; sudradio:1; gg_rmc:1; vivrelhistoire:1
721410,Émilie Bonnivard,BonnivardE,twitter.com/BonnivardE,20,laurentwauquiez:6; droiterep_an:6; lcp:3; oliviermarleix:2; publicsenat:1; frbackbone:1; le_figaro:1; odoxasondages:1; lci:1; valdiguie:1; laurentsmartin:1; vincentjeanbrun:1
333818,Christian Hutin,ChristianHutin,twitter.com/ChristianHutin,5,christianhutin:1; jluc_laurent:1; mrc_france:1; lcp:1; changefrance:1
