deputy_id,full_name,twitter_name,twitter_web_urls,political_group_abbrev,political_group,mentioned_handles,text
722194,Florence Provendier,flprovendier,twitter.com/flprovendier,LAREM,La République en Marche,francediplo,"RT @francediplo: ⚠️ Français de passage au Moyen-Orient 🇫🇷🌍
Nos équipes sont pleinement mobilisées pour vous informer et vous assister en c…"
722194,Florence Provendier,flprovendier,twitter.com/flprovendier,LAREM,La République en Marche,francediplo,"RT @francediplo: ⚠️ Compte tenu de la situation au Moyen-Orient, les Français présents dans la région sont invités à suivre strictement les…"
722194,Florence Provendier,flprovendier,twitter.com/flprovendier,LAREM,La République en Marche,paroles_la,"RT @paroles_la: Un orphelin d'Arménie qui se dit ""soldat régulier de l’Armée française de la Libération"". Arrêté le 16 novembre 1943, il éc…"
722194,Florence Provendier,flprovendier,twitter.com/flprovendier,LAREM,La République en Marche,paroles_la,"RT @paroles_la: Demain, à partir de 9h, et à chaque demi-heure, un portrait de Missak et Mélinée Manouchian, ainsi que de leurs 21 camarade…"
722194,Florence Provendier,flprovendier,twitter.com/flprovendier,LAREM,La République en Marche,ogamashiyo,RT @ogamashiyo: Notre compatriote Christophe Gleizes est détenu arbitrairement par un régime qui bafoue le droit et la dignité humaine. Le…
722194,Florence Provendier,flprovendier,twitter.com/flprovendier,LAREM,La République en Marche,jdomerchet,"RT @jdomerchet: L’#Arménie dans le viseur de #Moscou
«La Russie lancera presque certainement une importante campagne d'influence contre l'A…"
722194,Florence Provendier,flprovendier,twitter.com/flprovendier,LAREM,La République en Marche,datirachida; pybournazel,"RT @pybournazel: « Le club des homosexuels veut me faire perdre »

Voilà @DatiRachida comment vous parleriez de vos concurrents à la Mairie…"
722194,Florence Provendier,flprovendier,twitter.com/flprovendier,LAREM,La République en Marche,equipefra,RT @EquipeFRA: ON PREND LES MÊMES ET ON RECOMMENCE 🥇 https://t.co/9LazYijalf
722194,Florence Provendier,flprovendier,twitter.com/flprovendier,LAREM,La République en Marche,ogamashiyo,"RT @ogamashiyo: Refusons de nous taire. Quand l’injustice frappe, le silence devient complicité. Le sort réservé à Christophe Gleizes nous…"
722194,Florence Provendier,flprovendier,twitter.com/flprovendier,LAREM,La République en Marche,equipefra,"RT @EquipeFRA: ILS SONT MAJESTUEUX 🥇

POUR LA PREMIÈRE FOIS DE L'HISTOIRE, LE RELAIS MASCULIN EST CHAMPION OLYMPIQUE 🤩

Quelle course d'ant…"
722194,Florence Provendier,flprovendier,twitter.com/flprovendier,LAREM,La République en Marche,francediplo,"RT @francediplo: #Russie | Le Royaume-Uni, la Suède, la France, l'Allemagne et les Pays-Bas estiment qu'Alexeï Navalny a été empoisonné ave…"
722194,Florence Provendier,flprovendier,twitter.com/flprovendier,LAREM,La République en Marche,ogamashiyo,"RT @ogamashiyo: Révoltant de voir un cas comme celui de Christophe Gleizes, dont la détention en Algérie suscite de vives inquiétudes, somb…"
722194,Florence Provendier,flprovendier,twitter.com/flprovendier,LAREM,La République en Marche,ogamashiyo,"RT @ogamashiyo: Soutenir Christophe, ce n’est pas prendre parti, c’est refuser l’indifférence. Quand défendre ses droits devient un combat,…"
722194,Florence Provendier,flprovendier,twitter.com/flprovendier,LAREM,La République en Marche,emmanuelmacron,RT @EmmanuelMacron: C’est la journée internationale des femmes et des filles de sciences. À toutes les jeunes qui se disent « je n’ai aucun…
722194,Florence Provendier,flprovendier,twitter.com/flprovendier,LAREM,La République en Marche,pybournazel,"RT @pybournazel: Nos têtes de liste pour offrir aux Parisiens un véritable projet ! ✨ 

#Bournazel2026 https://t.co/N2eld8bUhc"
722194,Florence Provendier,flprovendier,twitter.com/flprovendier,LAREM,La République en Marche,ogamashiyo,RT @ogamashiyo: Christophe Gleizes reste en détention pendant que le silence diplomatique s’éternise. Quand la justice devient un message p…
722194,Florence Provendier,flprovendier,twitter.com/flprovendier,LAREM,La République en Marche,ogamashiyo,RT @ogamashiyo: On ne devrait jamais s’habituer à l’injustice. Christophe Gleizes est détenu en Algérie dans des conditions dénoncées par s…
722194,Florence Provendier,flprovendier,twitter.com/flprovendier,LAREM,La République en Marche,femmeazadi,"RT @femmeazadi: Des centaines, peut être des milliers d’enfants iraniens massacrés par Khamenei. L’UNICEF c’est 9 milliards de budget, plus…"
713448,Marine Brenier,marinebrenier,twitter.com/marinebrenier,LC,"Les Constructifs : républicains, UDI, indépendants",,Bravo à nos courageux policiers municipaux !
713448,Marine Brenier,marinebrenier,twitter.com/marinebrenier,LC,"Les Constructifs : républicains, UDI, indépendants",magalialtounian,"RT @MagaliAltounian: On se retrouve ce week-end autour de deux temps forts : 

☀️ Samedi à 9h30 à la Permanence de campagne 
📸 Dimanche à 9…"
713448,Marine Brenier,marinebrenier,twitter.com/marinebrenier,LC,"Les Constructifs : républicains, UDI, indépendants",cestrosi,"RT @cestrosi: Les transports avec #TousPourNice, c’est ⤵️

Ligne 4 vers Cap 3000, Saint-Laurent-du-Var et Cagnes-sur-Mer.
Ligne 5 pour dése…"
713448,Marine Brenier,marinebrenier,twitter.com/marinebrenier,LC,"Les Constructifs : républicains, UDI, indépendants",cestrosi,"RT @cestrosi: Je suis, comme les Niçois, inquiet de la montée de l’insécurité, qui touche l’ensemble du pays. Nice est certainement la vill…"
713448,Marine Brenier,marinebrenier,twitter.com/marinebrenier,LC,"Les Constructifs : républicains, UDI, indépendants",estrosi2026,"RT @Estrosi2026: #CiottiVousMent La destruction d'Acropolis n'a pas coûté 500M€. Mais 13M€, en large partie payée par l'Union européenne (1…"
713448,Marine Brenier,marinebrenier,twitter.com/marinebrenier,LC,"Les Constructifs : républicains, UDI, indépendants",estrosi2026,RT @Estrosi2026: #CiottiVousMent Les échanges entre Eric Ciotti et le Gouvernement Macron ont été révélés par l'hebdomadaire Marianne dans…
713448,Marine Brenier,marinebrenier,twitter.com/marinebrenier,LC,"Les Constructifs : républicains, UDI, indépendants",estrosi2026,RT @Estrosi2026: #CiottiVousMent Le conseil d'Etat a bien classé Eric Ciotti comme un candidat d'extrême droite par décision du 27/02/2026…
713448,Marine Brenier,marinebrenier,twitter.com/marinebrenier,LC,"Les Constructifs : républicains, UDI, indépendants",avec_estrosi,"RT @avec_estrosi: Voter pour Christian Estrosi, c’est choisir une culture pour tous à Nice 🎭

Palais des Arts et de la Culture, nouvelle am…"
713448,Marine Brenier,marinebrenier,twitter.com/marinebrenier,LC,"Les Constructifs : républicains, UDI, indépendants",cestrosi,"RT @cestrosi: Et on ne s’arrête pas là pour redynamiser, sécuriser et embellir ce quartier et améliorer le cadre de vie des Niçoises et des…"
713448,Marine Brenier,marinebrenier,twitter.com/marinebrenier,LC,"Les Constructifs : républicains, UDI, indépendants",cestrosi,"RT @cestrosi: Avenue de la République, vos attentes sont claires, et nous y répondons.
La Promenade du Paillon Saison 2 a redonné de l’air…"
713448,Marine Brenier,marinebrenier,twitter.com/marinebrenier,LC,"Les Constructifs : républicains, UDI, indépendants",bilannoirciotti; rrepublicain06,"RT @BilanNoirCiotti: Depuis plus de 4 ans, les élus du groupe @RRepublicain06 dénoncent la dérive financière du Département sous la houlett…"
713448,Marine Brenier,marinebrenier,twitter.com/marinebrenier,LC,"Les Constructifs : républicains, UDI, indépendants",cestrosi,"RT @cestrosi: Tout ce que je combats depuis toujours dans ma ville frappe aujourd'hui à ma porte.
Abject. https://t.co/nOHBBxTRvf"
713448,Marine Brenier,marinebrenier,twitter.com/marinebrenier,LC,"Les Constructifs : républicains, UDI, indépendants",cnews; i_montaigne; pimou06,"RT @pimou06: Merci à @CNEWS 

Le rapport de l’Institut Montaigne (@i_montaigne) le dit :
Nice, meilleur élève… en gestion budgétaire 🤩

On…"
713448,Marine Brenier,marinebrenier,twitter.com/marinebrenier,LC,"Les Constructifs : républicains, UDI, indépendants",estrosi2026,"RT @Estrosi2026: Chaque jour, un rendez-vous avec un visage de Nice qui soutient Christian Estrosi et son action. 

Merci à Surya Bonaly, p…"
713448,Marine Brenier,marinebrenier,twitter.com/marinebrenier,LC,"Les Constructifs : républicains, UDI, indépendants",estrosi2026,"RT @Estrosi2026: Chaque jour, un rendez-vous avec un visage de Nice qui soutient Christian Estrosi et son action. 

Merci à Hugo Damy, rest…"
713448,Marine Brenier,marinebrenier,twitter.com/marinebrenier,LC,"Les Constructifs : républicains, UDI, indépendants",pimou06,"RT @pimou06: Nice mérite du concret.
Un bilan solide.
Un projet clair.
Une équipe engagée.

Depuis 3 mois, nous avons travaillé pour cela.…"
713448,Marine Brenier,marinebrenier,twitter.com/marinebrenier,LC,"Les Constructifs : républicains, UDI, indépendants",cestrosi,"🔜 Vendredi 18:00, présentation du projet de @cestrosi et notre équipe #tousPourNice ; des projets et des personnes engagées pour Nice et les niçois ! https://t.co/MiCkXcdntJ"
713448,Marine Brenier,marinebrenier,twitter.com/marinebrenier,LC,"Les Constructifs : républicains, UDI, indépendants",cestrosi,"Honorée de la confiance renouvelée de @cestrosi en figurant sur sa liste. Fière du travail accompli pour les familles niçoises, et pleinement déterminée à continuer à agir pour elles et pour tous les Niçois.
Les 15 &amp; 22 mars, #TousPourNice #Nice06 https://t.co/TfEIbyi1b3"
713448,Marine Brenier,marinebrenier,twitter.com/marinebrenier,LC,"Les Constructifs : républicains, UDI, indépendants",,"De l’énergie, des sourires et l’envie de faire rayonner Nice ! Bienvenue à Gérard Holtz dans l’équipe."
713448,Marine Brenier,marinebrenier,twitter.com/marinebrenier,LC,"Les Constructifs : républicains, UDI, indépendants",cestrosi,"Inauguration de la placette Francis Cresci en présence de Ludovic Cresci et @cestrosi. La famille Cresci c’est un bout de l’histoire moderne de #Nice06, de ces niçois d’origine italienne qui ont choisi la France et lui ont tant donné. https://t.co/tsd9j0hFNp"
718918,Alexandra Louis,ALouisMars,twitter.com/ALouisMars|twitter.com/ALouisDeputee13,LAREM,La République en Marche,emmanuelmacron,"RT @EmmanuelMacron: Soyons puissants.
Soyons unis.
Soyons libres. https://t.co/4yq5CxVV7O"
718918,Alexandra Louis,ALouisMars,twitter.com/ALouisMars|twitter.com/ALouisDeputee13,LAREM,La République en Marche,elysee,RT @Elysee: L’esprit français. 🇫🇷 https://t.co/m0rwSkEC9X
718918,Alexandra Louis,ALouisMars,twitter.com/ALouisMars|twitter.com/ALouisDeputee13,LAREM,La République en Marche,diavictimes,"RT @DIAVictimes: Parler des victimes, c’est aussi parler de stéréotypes. 

""Fragile, vulnérable, sidérée""…

❌👉 Un imaginaire faux. Car la «…"
718918,Alexandra Louis,ALouisMars,twitter.com/ALouisMars|twitter.com/ALouisDeputee13,LAREM,La République en Marche,boucherbrigit,"Ceux qui s’en prennent à une journaliste,planqués derrière leurs écrans, sont aussi lâchés que dangereux. 
Tout mon soutien à @boucherbrigit."
718918,Alexandra Louis,ALouisMars,twitter.com/ALouisMars|twitter.com/ALouisDeputee13,LAREM,La République en Marche,arthur_dvx; rivalsons,RT @Arthur_Dvx: Le Choeur du 13 a chanté Shooting Stars avec son compositeur Jay Buchanan (@rivalsons) hier à Paris. Joli rappel des commém…
718918,Alexandra Louis,ALouisMars,twitter.com/ALouisMars|twitter.com/ALouisDeputee13,LAREM,La République en Marche,diavictimes,"RT @DIAVictimes: 🇪🇺🇫🇷 Hier, nous étions le 22 février 2026. Journée européenne des victimes. 

Victimes, aide aux victimes, de quoi parle-t…"
718918,Alexandra Louis,ALouisMars,twitter.com/ALouisMars|twitter.com/ALouisDeputee13,LAREM,La République en Marche,,Merci Sylvie pour ce puissant témoignage . Je pense à toutes ces femmes qui après les faits se sont senties si seules.
718918,Alexandra Louis,ALouisMars,twitter.com/ALouisMars|twitter.com/ALouisDeputee13,LAREM,La République en Marche,,La principale victime de ce type de délinquance est la démocratie. Heureusement la justice a fait son œuvre.
718918,Alexandra Louis,ALouisMars,twitter.com/ALouisMars|twitter.com/ALouisDeputee13,LAREM,La République en Marche,cn2r_france; diavictimes,"RT @DIAVictimes: À Lille, à la rencontre du @CN2R_France, partenaire indispensable de la DIAV 🗣️🔬

Son rôle ? 

Permettre une meilleure con…"
718918,Alexandra Louis,ALouisMars,twitter.com/ALouisMars|twitter.com/ALouisDeputee13,LAREM,La République en Marche,diavictimes,"RT @DIAVictimes: L’École élève les esprits comme elle protège ceux qui transmettent. 

À Sanary-sur-Mer, nous avons pourtant vécu le pire.…"
718918,Alexandra Louis,ALouisMars,twitter.com/ALouisMars|twitter.com/ALouisDeputee13,LAREM,La République en Marche,diavictimes,"RT @DIAVictimes: Passé le temps de la Justice, que deviennent les victimes ? ⤵️

https://t.co/h9ZkZ8A8tI https://t.co/98fXf2dug7"
718918,Alexandra Louis,ALouisMars,twitter.com/ALouisMars|twitter.com/ALouisDeputee13,LAREM,La République en Marche,,Rien n’est fait à la SNCF pour les enfants. Obligation de monter les poussettes à l’étage si vous êtes en haut. Aucun espace dédié mis à part un minuscule locale pour le change. Il faut négocier avec le serveur de la voiture bar pour chauffer un biberon.
718918,Alexandra Louis,ALouisMars,twitter.com/ALouisMars|twitter.com/ALouisDeputee13,LAREM,La République en Marche,alouismars; diavictimes,"RT @DIAVictimes: 2026, une année de fraternité. 

@ALouisMars et toute l’équipe de la DIAV vous présentent leurs meilleurs vœux pour cette…"
718918,Alexandra Louis,ALouisMars,twitter.com/ALouisMars|twitter.com/ALouisDeputee13,LAREM,La République en Marche,alouismars; victimestrevise,"RT @VictimesTrevise: @ALouisMars, Madame la Déléguée interministérielle, nous vous remercions sincèrement pour votre présence et votre sout…"
718918,Alexandra Louis,ALouisMars,twitter.com/ALouisMars|twitter.com/ALouisDeputee13,LAREM,La République en Marche,alouismars; diavictimes,RT @DIAVictimes: @ALouisMars était aujourd'hui aux côtés du président de la République pour la cérémonie d'hommage rendue aux victimes de l…
718918,Alexandra Louis,ALouisMars,twitter.com/ALouisMars|twitter.com/ALouisDeputee13,LAREM,La République en Marche,emmanuelmacron,RT @EmmanuelMacron: Notre compatriote Laurent Vinatier est libre et de retour en France. Je partage le soulagement de sa famille et de ses…
718918,Alexandra Louis,ALouisMars,twitter.com/ALouisMars|twitter.com/ALouisDeputee13,LAREM,La République en Marche,diavictimes,"RT @DIAVictimes: #Hommage aux victimes de Charlie Hebdo et de l’Hyper Cacher, à Ahmed Merabet et à Clarissa Jean-Philippe 🕊️🇫🇷⬇️

https://t…"
718918,Alexandra Louis,ALouisMars,twitter.com/ALouisMars|twitter.com/ALouisDeputee13,LAREM,La République en Marche,emmanuelmacron,"RT @EmmanuelMacron: Il y a onze ans, le terrorisme islamiste frappait la République et endeuillait la France.

En frappant Charlie Hebdo, l…"
718918,Alexandra Louis,ALouisMars,twitter.com/ALouisMars|twitter.com/ALouisDeputee13,LAREM,La République en Marche,diavictimes,"RT @DIAVictimes: « Le monde des bisounours... » 🧸 

C’est donc ça, la justice #restaurative ? 

Idées reçues, préjugés, clichés… la délégué…"
718918,Alexandra Louis,ALouisMars,twitter.com/ALouisMars|twitter.com/ALouisDeputee13,LAREM,La République en Marche,emmanuelmacron,"RT @EmmanuelMacron: Bientôt le coup d’envoi de la CAN !

L’Afrique va faire vibrer les stades et nos cœurs. Au Maroc qui organise, grande n…"
718918,Alexandra Louis,ALouisMars,twitter.com/ALouisMars|twitter.com/ALouisDeputee13,LAREM,La République en Marche,emmanuelmacron,"RT @EmmanuelMacron: Contrôler l’âge sur les réseaux sociaux, comme nous l’avons fait pour les sites pornographiques : nous pouvons le faire…"
718918,Alexandra Louis,ALouisMars,twitter.com/ALouisMars|twitter.com/ALouisDeputee13,LAREM,La République en Marche,emmanuelmacron,"RT @EmmanuelMacron: Dans le quartier de Saint-Jérôme à Marseille, un nouveau commissariat a ouvert ses portes pour les 13e et 14e arrondiss…"
718918,Alexandra Louis,ALouisMars,twitter.com/ALouisMars|twitter.com/ALouisDeputee13,LAREM,La République en Marche,franceinfo,"RT @franceinfo: ⚡ALERTE INFO - ""Il faut taper au portefeuille, ça n'est pas festif de se droguer"", a déclaré le chef de l'Etat lors d'un éc…"
718918,Alexandra Louis,ALouisMars,twitter.com/ALouisMars|twitter.com/ALouisDeputee13,LAREM,La République en Marche,diavictimes,"RT @DIAVictimes: Les mots manquent face à l’horreur la plus abjecte.

Nos pensées émues et solidaires accompagnent la famille et tous les p…"
718918,Alexandra Louis,ALouisMars,twitter.com/ALouisMars|twitter.com/ALouisDeputee13,LAREM,La République en Marche,arthur_dvx; le_parisien; rontesoriere,"RT @Arthur_Dvx: Dejà 65k€ en 48h, merci pour Sonia. Via @le_Parisien et @RonTesoriere https://t.co/p8c93R8xid"
718918,Alexandra Louis,ALouisMars,twitter.com/ALouisMars|twitter.com/ALouisDeputee13,LAREM,La République en Marche,diavictimes,"RT @DIAVictimes: Aujourd'hui, a lieu la journée internationale pour l’élimination de la violence à l’égard des femmes. 

Un temps fort de m…"
718918,Alexandra Louis,ALouisMars,twitter.com/ALouisMars|twitter.com/ALouisDeputee13,LAREM,La République en Marche,diavictimes; perrinegoulet,"RT @DIAVictimes: 🗣️ « Le numérique, on est nés avec, on vit avec, on s’engage avec. »

Merci à @perrinegoulet d’avoir organisé une journée…"
718918,Alexandra Louis,ALouisMars,twitter.com/ALouisMars|twitter.com/ALouisDeputee13,LAREM,La République en Marche,bfmmarseille,"RT @BFMMarseille: Amine Kessaci: ""Je ne peux pas avoir peur après ce qu'ils ont fait à mon frère (...) C'est une lutte à mort qui est engag…"
718918,Alexandra Louis,ALouisMars,twitter.com/ALouisMars|twitter.com/ALouisDeputee13,LAREM,La République en Marche,,"Le trafiquants font beaucoup de victimes trop souvent réduites au silence. Ce sont des familles entières qui vivent dans l’effroi, le deuil et l’angoisse pour que certain puisse s’acheter leur drogue."
718918,Alexandra Louis,ALouisMars,twitter.com/ALouisMars|twitter.com/ALouisDeputee13,LAREM,La République en Marche,auschwitzmuseum; grok; x,"RT @AuschwitzMuseum: We remind @grok that denying the Holocaust violates the regulations of @X.

SS documents, survivor and witness testimo…"
718918,Alexandra Louis,ALouisMars,twitter.com/ALouisMars|twitter.com/ALouisDeputee13,LAREM,La République en Marche,laprovence,"RT @laprovence: Narcotrafic : les acheteurs de cocaïne ou cannabis sont ""complices"", déclare Emmanuel Macron
👉 https://t.co/sehwS7OvCY http…"
718918,Alexandra Louis,ALouisMars,twitter.com/ALouisMars|twitter.com/ALouisDeputee13,LAREM,La République en Marche,nunezlaurent,"RT @NunezLaurent: Marseille ne tombera pas. 
Je veux remercier les forces de l’ordre, les magistrats, tous ceux qui s’engagent avec courage…"
718918,Alexandra Louis,ALouisMars,twitter.com/ALouisMars|twitter.com/ALouisDeputee13,LAREM,La République en Marche,asso_mm,"RT @Asso_MM: 10 ans après 🕊
#13Novembre2015

« La mort n’arrête pas l’amour »
N’oublions pas
Marie &amp; Mathias 💙 https://t.co/2PVi470Mj2"
718918,Alexandra Louis,ALouisMars,twitter.com/ALouisMars|twitter.com/ALouisDeputee13,LAREM,La République en Marche,kessaciamine1,Ces criminels ont  arraché encore une fois un enfant à sa famille. Tout mon soutien à @kessaciamine1 et à sa famille endeuillée. Le narco banditisme n’aura pas le dernier mot.
718918,Alexandra Louis,ALouisMars,twitter.com/ALouisMars|twitter.com/ALouisDeputee13,LAREM,La République en Marche,afpfr,"RT @afpfr: 🇫🇷 ""Mon amour est plus fort que ta haine ne le sera jamais"" : le Choeur 13, composé de rescapés, victimes et témoins des attenta…"
718918,Alexandra Louis,ALouisMars,twitter.com/ALouisMars|twitter.com/ALouisDeputee13,LAREM,La République en Marche,13onze15; lifeforparis,"Les voix des victimes du #13novembre sont devenue celles de toute une nation.
Merci aux associations de victimes @13onze15 et @lifeforparis pour ce qu’elles sont et se qu’elles font depuis 10 ans pour les victimes et pour notre démocratie. https://t.co/NiAU3LQFgV"
718918,Alexandra Louis,ALouisMars,twitter.com/ALouisMars|twitter.com/ALouisDeputee13,LAREM,La République en Marche,francetv,"RT @FranceTV: Jesse Hughes du groupe Eagles of Death Metal chante ""You’ll never walk alone"" avec le Choeur du 13, composé de survivants et…"
718918,Alexandra Louis,ALouisMars,twitter.com/ALouisMars|twitter.com/ALouisDeputee13,LAREM,La République en Marche,emmanuelmacron,RT @EmmanuelMacron: La France se souvient. https://t.co/ByBdJiFdVX
718918,Alexandra Louis,ALouisMars,twitter.com/ALouisMars|twitter.com/ALouisDeputee13,LAREM,La République en Marche,davidfritzgoep,"RT @DavidFritzGoep: C’est chose faite.

Les héros, mes héros sont enfin honorés."
718918,Alexandra Louis,ALouisMars,twitter.com/ALouisMars|twitter.com/ALouisDeputee13,LAREM,La République en Marche,emmanuelmacron,RT @EmmanuelMacron: La France se souvient. https://t.co/3EuGwYboMt
722194,Florence Provendier,flprovendier,twitter.com/flprovendier,LAREM,La République en Marche,pybournazel,"RT @pybournazel: Pour redresser Paris, mon plan est clair et chiffré :
✅ 4,2 Mds€ d'économies sur le fonctionnement

Grâce à une meilleure…"
722194,Florence Provendier,flprovendier,twitter.com/flprovendier,LAREM,La République en Marche,emmanuelmacron,"RT @EmmanuelMacron: Immense soulagement. Tom Felix a été acquitté par la justice malaisienne. Pensées particulières pour ses parents, que j…"
722194,Florence Provendier,flprovendier,twitter.com/flprovendier,LAREM,La République en Marche,marleneschiappa; pybournazel,"RT @pybournazel: J’ai le plaisir de vous présenter les trois porte-paroles de ma campagne pour Paris :

@MarleneSchiappa, ancienne ministre…"
722194,Florence Provendier,flprovendier,twitter.com/flprovendier,LAREM,La République en Marche,hadrienghomi,"RT @HadrienGhomi: Malgré la pluie, nous étions nombreux ce soir aux Invalides pour le rassemblement de solidarité avec le peuple iranien qu…"
722194,Florence Provendier,flprovendier,twitter.com/flprovendier,LAREM,La République en Marche,nathalieloiseau,RT @NathalieLoiseau: Ce fut un combat et je suis fière d’y avoir participé: l’Europe a commencé et poursuit son assistance militaire à l’Ar…
722194,Florence Provendier,flprovendier,twitter.com/flprovendier,LAREM,La République en Marche,jnbarrot,"RT @jnbarrot: Iran : il ne peut y avoir d’impunité.

L’insoutenable répression de la révolte pacifique du peuple iranien ne peut rester san…"
722194,Florence Provendier,flprovendier,twitter.com/flprovendier,LAREM,La République en Marche,ogamashiyo,"RT @ogamashiyo: Christophe Gleizes n’est pas un pion diplomatique. Son emprisonnement ressemble à un règlement de comptes d’État à État, su…"
722194,Florence Provendier,flprovendier,twitter.com/flprovendier,LAREM,La République en Marche,dvatw,RT @DVATW: Why is the world silent? https://t.co/LASDTJH0VU
722194,Florence Provendier,flprovendier,twitter.com/flprovendier,LAREM,La République en Marche,noamagid,"RT @NoaMagid: ALI RAHBAR WAS EXECUTED

An athlete and fitness coach, 33, from Mashhad. Executed after just 10 days in detention - no trial,…"
722194,Florence Provendier,flprovendier,twitter.com/flprovendier,LAREM,La République en Marche,pybournazel,"RT @pybournazel: Vous avez voté le 30 juin 2015 pour le projet de Tour Triangle, main dans la main avec Anne Hidalgo. Et maintenant parce q…"
722194,Florence Provendier,flprovendier,twitter.com/flprovendier,LAREM,La République en Marche,carolinefourest; kurdistanau,"RT @CarolineFourest: SYRIE. « Nos alliés, nos amis meurent. Et nous regardons ailleurs » https://t.co/ggcIdS6EuD via @KurdistanAu"
722194,Florence Provendier,flprovendier,twitter.com/flprovendier,LAREM,La République en Marche,shayan_,"RT @shayan_: I’m devastated. A good friend and dormmate of mine, Amin Pourfarhang, has been sentenced to death after protesting in Iran 😭 H…"
722194,Florence Provendier,flprovendier,twitter.com/flprovendier,LAREM,La République en Marche,anzhela_yan,"RT @ANZHELA_YAN: I don’t know if my words can save anyone, but I know silence kills — it killed my own people. As a woman, as a human, I re…"
722194,Florence Provendier,flprovendier,twitter.com/flprovendier,LAREM,La République en Marche,limportant_fr,"RT @Limportant_fr: Afghanistan. Khadija, une entraîneuse de taekwondo, arrêtée pour avoir enseigné clandestinement le sport à des filles, r…"
722194,Florence Provendier,flprovendier,twitter.com/flprovendier,LAREM,La République en Marche,femmeazadi,RT @femmeazadi: Sanam devait donner un concert ce soir là … elle a été abattue dans la rue par les terroristes de Khamenei. Une balle dans…
722194,Florence Provendier,flprovendier,twitter.com/flprovendier,LAREM,La République en Marche,loufrance75,"RT @LouFrance75: 🚨🚨Des milliers de Kurdes du nord du Kurdistan franchissent les barrières et les frontières imposées, se dirigeant vers le…"
722194,Florence Provendier,flprovendier,twitter.com/flprovendier,LAREM,La République en Marche,ogamashiyo,"RT @ogamashiyo: 7 ans de prison pour avoir fait son métier. Christophe Gleizes, journaliste sportif, croupit dans une geôle algérienne pend…"
722194,Florence Provendier,flprovendier,twitter.com/flprovendier,LAREM,La République en Marche,gewoessner,"RT @GeWoessner: En France, de nombreux médias ont fait le choix éditorial d'adopter le comptage de l'ONG Iran Human Rights, basée en Norvèg…"
718918,Alexandra Louis,ALouisMars,twitter.com/ALouisMars|twitter.com/ALouisDeputee13,LAREM,La République en Marche,arthur_dvx,RT @Arthur_Dvx: Mon discours ce soir : 10 ans de salut par la République Française. https://t.co/tCJSfOBRBA
718918,Alexandra Louis,ALouisMars,twitter.com/ALouisMars|twitter.com/ALouisDeputee13,LAREM,La République en Marche,franceinfo,"RT @franceinfo: 🔴 ""Je suis secouriste, je travaille à l’hôpital. Alors quand les tirs se sont tus, j’ai pris ma trousse de secours et je su…"
718918,Alexandra Louis,ALouisMars,twitter.com/ALouisMars|twitter.com/ALouisDeputee13,LAREM,La République en Marche,franceinfo,"RT @franceinfo: 🗣️ ""L'idée n'est pas de pleurer ensemble, mais d'avancer ensemble.""

Catherine Bertrand, rescapée de l'attentat du Bataclan…"
718918,Alexandra Louis,ALouisMars,twitter.com/ALouisMars|twitter.com/ALouisDeputee13,LAREM,La République en Marche,franceinfo,"RT @franceinfo: 🔴 13 novembre : ""J’étais au Bataclan avec ma famille, 2h30 d’attente sans savoir ce qui allait nous arriver. L’évacuation,…"
718918,Alexandra Louis,ALouisMars,twitter.com/ALouisMars|twitter.com/ALouisDeputee13,LAREM,La République en Marche,francetv,"RT @FranceTV: Au lendemain du #13Novembre, une femme a permis de localiser les terroristes en fuite.

Par son courage, ""Sonia"" a sauvé des…"
718918,Alexandra Louis,ALouisMars,twitter.com/ALouisMars|twitter.com/ALouisDeputee13,LAREM,La République en Marche,le_figaro,"RT @Le_Figaro: «De cette prise d'otages du 13 novembre 2015, au Bataclan, est née entre sept de ces anciens otages un lien d'amitié indéfec…"
718918,Alexandra Louis,ALouisMars,twitter.com/ALouisMars|twitter.com/ALouisDeputee13,LAREM,La République en Marche,emmanuelmacron,"RT @EmmanuelMacron: Nous sommes tous frappés par l’attaque survenue à Oléron.
                            
J’adresse toute ma compassion au…"
718918,Alexandra Louis,ALouisMars,twitter.com/ALouisMars|twitter.com/ALouisDeputee13,LAREM,La République en Marche,,Soulagement! Nous nous réjouissons de cette libération qui met fin a une interminable attente et des années de souffrance. Nous nous tiendrons à disposition avec tous nos partenaires pour leur apporter le soutien nécessaire.
718918,Alexandra Louis,ALouisMars,twitter.com/ALouisMars|twitter.com/ALouisDeputee13,LAREM,La République en Marche,diavictimes,"RT @DIAVictimes: 🏃‍♀️Le 9 novembre, la DIAV marchera pour l'égalité, la DIAV courra pour la liberté. Et vous, que ferez-vous ? 

Vous avez…"
718918,Alexandra Louis,ALouisMars,twitter.com/ALouisMars|twitter.com/ALouisDeputee13,LAREM,La République en Marche,cathbertrand5,"RT @cathbertrand5: 10 ans après, ce que les victimes souhaitent avant tout, c'est du RESPECT. Merci pour nous 🙏
Si vous ne voyez pas le pro…"
718918,Alexandra Louis,ALouisMars,twitter.com/ALouisMars|twitter.com/ALouisDeputee13,LAREM,La République en Marche,arthur_dvx,RT @Arthur_Dvx: Le 13-novembre ce n’est pas que le Bataclan mais aussi plusieurs cafés et restaurants dans les 10eme et 11eme arrondissemen…
718918,Alexandra Louis,ALouisMars,twitter.com/ALouisMars|twitter.com/ALouisDeputee13,LAREM,La République en Marche,diavictimes,"RT @DIAVictimes: 🎥 « Parole aux professionnels » - conférence sur le traumatisme vicariant » : retour en images
 
🧐 Qu’appelle-t-on le trau…"
718918,Alexandra Louis,ALouisMars,twitter.com/ALouisMars|twitter.com/ALouisDeputee13,LAREM,La République en Marche,emmanuelmacron,RT @EmmanuelMacron: Une majorité numérique au niveau européen pour protéger nos enfants : nous y travaillons et nous avons commencé à bâtir…
718918,Alexandra Louis,ALouisMars,twitter.com/ALouisMars|twitter.com/ALouisDeputee13,LAREM,La République en Marche,baaldaniel,"RT @BaalDaniel: Il y a 10 ans, le 13 novembre 2015, les attentats les plus meurtriers perpétrés en France faisaient 130 morts et 413 blessé…"
718918,Alexandra Louis,ALouisMars,twitter.com/ALouisMars|twitter.com/ALouisDeputee13,LAREM,La République en Marche,assembleenat; senat,"RT @Senat: ✅ Définition pénale du viol et des agressions sexuelles : accord Sénat / @AssembleeNat

Sénateurs et députés, réunis en commissi…"
718918,Alexandra Louis,ALouisMars,twitter.com/ALouisMars|twitter.com/ALouisDeputee13,LAREM,La République en Marche,,La « rénovation » des copropriétés dégradées signifie en réalité assurer la  santé des familles qui y vivent.  Il faut penser la gouvernance en même temps que le financement.
718918,Alexandra Louis,ALouisMars,twitter.com/ALouisMars|twitter.com/ALouisDeputee13,LAREM,La République en Marche,diavictimes,"RT @DIAVictimes: 🗣️""En soutenant ceux qui soutiennent les victimes, nous accompagnons mieux les victimes elles-mêmes""

Merci aux intervenan…"
718918,Alexandra Louis,ALouisMars,twitter.com/ALouisMars|twitter.com/ALouisDeputee13,LAREM,La République en Marche,diavictimes,"RT @DIAVictimes: Hommage à Dominique Bernard 🕊️

⤵️

https://t.co/RCAnQfi1vK https://t.co/nLMSsRJOPM"
718918,Alexandra Louis,ALouisMars,twitter.com/ALouisMars|twitter.com/ALouisDeputee13,LAREM,La République en Marche,,"A neuf ans, elle a mis fin a ses jours dans une situation de grande souffrance. Nous pensons a sa famille et ses proches. Ce drame nous enjoint à agir pour protéger les enfants du harcèlement sous toutes ses formes."
718918,Alexandra Louis,ALouisMars,twitter.com/ALouisMars|twitter.com/ALouisDeputee13,LAREM,La République en Marche,atrapenard; grandelibrairie,"RT @GrandeLibrairie: 👉En novembre 2023, quelques mois avant sa mort, Robert Badinter était reçu par @ATrapenard dans La Grande Librairie. D…"
718918,Alexandra Louis,ALouisMars,twitter.com/ALouisMars|twitter.com/ALouisDeputee13,LAREM,La République en Marche,emmanuelmacron,"RT @EmmanuelMacron: Robert Badinter, c’est la vie juste.

Partout et toujours, défendre ce droit de chacun à devenir meilleur. Partout et t…"
718918,Alexandra Louis,ALouisMars,twitter.com/ALouisMars|twitter.com/ALouisDeputee13,LAREM,La République en Marche,emmanuelmacron,"RT @EmmanuelMacron: Ce 9 octobre, jour anniversaire de l’abolition de la peine de mort, Robert Badinter entrera au Panthéon. https://t.co/W…"
718918,Alexandra Louis,ALouisMars,twitter.com/ALouisMars|twitter.com/ALouisDeputee13,LAREM,La République en Marche,,Il n’y pas d’acte plus bas que de profaner la tombe d’un homme. Cela n’entachera pas l’héritage de lumière que nous a légué Robert Badinter.
718918,Alexandra Louis,ALouisMars,twitter.com/ALouisMars|twitter.com/ALouisDeputee13,LAREM,La République en Marche,,"Il a transformé la condition des victimes en France. 

il fallait absolument transformer la condition des victimes dans la justice française »

«J’ai fait plus pour améliorer la condition des victimes dans la justice française qu’aucun garde des sceaux » 1983 

#RobertBadinter"
718918,Alexandra Louis,ALouisMars,twitter.com/ALouisMars|twitter.com/ALouisDeputee13,LAREM,La République en Marche,,https://t.co/IYsZvawOfG
718918,Alexandra Louis,ALouisMars,twitter.com/ALouisMars|twitter.com/ALouisDeputee13,LAREM,La République en Marche,emmanuelmacron,RT @EmmanuelMacron: Notre compatriote Lennart Monterlos est enfin libre. Il était détenu en Iran depuis le 16 juin. La Nation partage son s…
718918,Alexandra Louis,ALouisMars,twitter.com/ALouisMars|twitter.com/ALouisDeputee13,LAREM,La République en Marche,diavictimes,"RT @DIAVictimes: Hommage aux victimes françaises des attaques terroristes du 7 octobre 2023 en Israël🕊️

⬇️
https://t.co/UgOXItaFgo https:/…"
718918,Alexandra Louis,ALouisMars,twitter.com/ALouisMars|twitter.com/ALouisDeputee13,LAREM,La République en Marche,emmanuelmacron,RT @EmmanuelMacron: La France se tient aux côtés des familles frappées par une attaque terroriste antisémite contre les fidèles d’une synag…
718918,Alexandra Louis,ALouisMars,twitter.com/ALouisMars|twitter.com/ALouisDeputee13,LAREM,La République en Marche,diavictimes,"RT @DIAVictimes: 📣Le mercredi 15 octobre, la DIAV organisera une conférence sur le #traumatismevicariant : « Parole aux professionnels »

📍…"
718918,Alexandra Louis,ALouisMars,twitter.com/ALouisMars|twitter.com/ALouisDeputee13,LAREM,La République en Marche,seblecornu,RT @SebLecornu: Le Président de la République m'a confié la tâche de construire un Gouvernement avec une direction claire : la défense de n…
718918,Alexandra Louis,ALouisMars,twitter.com/ALouisMars|twitter.com/ALouisDeputee13,LAREM,La République en Marche,emmanuelmacron,RT @EmmanuelMacron: Les Français s’associent au deuil des Portugais après le tragique accident de funiculaire à Lisbonne. Nos condoléances…
718918,Alexandra Louis,ALouisMars,twitter.com/ALouisMars|twitter.com/ALouisDeputee13,LAREM,La République en Marche,,L’éducation à la vie affective permet non seulement de prévenir les violences sexuelles mais surtout de repérer des victimes. Un enfant sur 10 est victime de violences sexuelles en France. Ceux qui s’opposent à cette sensibilisation laissent en danger des enfants.
718918,Alexandra Louis,ALouisMars,twitter.com/ALouisMars|twitter.com/ALouisDeputee13,LAREM,La République en Marche,,"À chaque fois que vous citez le nom d’une victime dans un tweet ou une allocution, demandez vous l’impact que cela peut avoir sur elles ou sur leurs proches."
718918,Alexandra Louis,ALouisMars,twitter.com/ALouisMars|twitter.com/ALouisDeputee13,LAREM,La République en Marche,,"Tout notre soutien et notre mobilisation  pour les victimes et leurs proches.  Merci aux secours, forces de l’ordre et à tous les professionnels de l’aide aux victimes."
718918,Alexandra Louis,ALouisMars,twitter.com/ALouisMars|twitter.com/ALouisDeputee13,LAREM,La République en Marche,,Merci l’Etat sans qui ce projet n’aurait jamais pu se réaliser.
718918,Alexandra Louis,ALouisMars,twitter.com/ALouisMars|twitter.com/ALouisDeputee13,LAREM,La République en Marche,blancgerard13,"RT @blancgerard13: En 2022, avec une candidature fantôme (3,5%) sur la 3eme circonscription des Bouches du Rhône, Patrick Pappalardo et ses…"
718918,Alexandra Louis,ALouisMars,twitter.com/ALouisMars|twitter.com/ALouisDeputee13,LAREM,La République en Marche,emmanuelmacron,"RT @EmmanuelMacron: Quand la France et l’Allemagne décident d’avancer ensemble, c’est l’Europe tout entière qui change de rythme.
     
Auj…"
718918,Alexandra Louis,ALouisMars,twitter.com/ALouisMars|twitter.com/ALouisDeputee13,LAREM,La République en Marche,conseil_constit,RT @Conseil_constit: #LeSaviezVous | Ce 26 août marque le 236e anniversaire de l’adoption de la Déclaration des droits de l'homme et du cit…
718918,Alexandra Louis,ALouisMars,twitter.com/ALouisMars|twitter.com/ALouisDeputee13,LAREM,La République en Marche,alouismars; diavictimes,"RT @DIAVictimes: #Conseils | Si vous êtes victime d’infraction pénale, savez-vous que vous avez le droit à un accompagnement ❓

@ALouisMars…"
718918,Alexandra Louis,ALouisMars,twitter.com/ALouisMars|twitter.com/ALouisDeputee13,LAREM,La République en Marche,,De mieux en mieux! Le recul des droits des femmes amène toujours au recul de la démocratie.
713448,Marine Brenier,marinebrenier,twitter.com/marinebrenier,LC,"Les Constructifs : républicains, UDI, indépendants",cestrosi,"RT @cestrosi: On ne peut pas instrumentaliser un féminicide.
En 2025, 148 femmes ont été tuées en France : c’est une réalité terrible qui e…"
713448,Marine Brenier,marinebrenier,twitter.com/marinebrenier,LC,"Les Constructifs : républicains, UDI, indépendants",cestrosi,RT @cestrosi: Très heureux d'avoir présenté ces 6 engagements forts pour l’économie niçoise aux côtés de la nouvelle équipe en charge de ce…
713448,Marine Brenier,marinebrenier,twitter.com/marinebrenier,LC,"Les Constructifs : républicains, UDI, indépendants",estrosi2026,"RT @Estrosi2026: Éric Abihssira rejoint la liste #TousPourNice
Professionnel reconnu de l’hôtellerie-restauration, son expérience et son en…"
713448,Marine Brenier,marinebrenier,twitter.com/marinebrenier,LC,"Les Constructifs : républicains, UDI, indépendants",estrosi2026,"RT @Estrosi2026: Anne-Lise Barral rejoint la liste #TousPourNice. Cheffe d’entreprise reconnue, issue de la maison Barral, elle sera une in…"
713448,Marine Brenier,marinebrenier,twitter.com/marinebrenier,LC,"Les Constructifs : républicains, UDI, indépendants",estrosi2026,"RT @Estrosi2026: Chaque jour, un rendez-vous avec un visage de Nice qui soutient Christian Estrosi et son action. 

Merci à Julien Paulian,…"
713448,Marine Brenier,marinebrenier,twitter.com/marinebrenier,LC,"Les Constructifs : républicains, UDI, indépendants",estrosi2026; ppradal,"RT @Estrosi2026: Si les Niçois nous font à nouveau confiance, @ppradal sera notre adjoint en charge de l’économie. Ensemble, nous continuer…"
713448,Marine Brenier,marinebrenier,twitter.com/marinebrenier,LC,"Les Constructifs : républicains, UDI, indépendants",,"🗳️ N’oubliez pas de vous inscrire sur les listes électorales !

⏰ Date limite : 4 février 2026

📝 https://t.co/VtkuormNPD ou en mairie https://t.co/d54pdNrtTa"
713448,Marine Brenier,marinebrenier,twitter.com/marinebrenier,LC,"Les Constructifs : républicains, UDI, indépendants",cestrosi,"RT @cestrosi: Depuis hier soir où j’étais présent sur les lieux du drame, nous poursuivons l’accompagnement des forces de sécurité, des par…"
713448,Marine Brenier,marinebrenier,twitter.com/marinebrenier,LC,"Les Constructifs : républicains, UDI, indépendants",estrosi2026,"RT @Estrosi2026: Marie-Christine Mouchan, bâtonnier, fille de Maurice Jean-Charles Mouchan, rejoint la liste de Christian Estrosi pour pour…"
713448,Marine Brenier,marinebrenier,twitter.com/marinebrenier,LC,"Les Constructifs : républicains, UDI, indépendants",cestrosi,"Fille de rapatrié, je suis très heureuse de voir Marie-Christine Mouchan rejoindre l’équipe de @cestrosi pour les prochaines municipales !"
713448,Marine Brenier,marinebrenier,twitter.com/marinebrenier,LC,"Les Constructifs : républicains, UDI, indépendants",cestrosi,"RT @cestrosi: J’ai pris acte de la démission de Mme Aurore Asso, que je remercie sincèrement pour son engagement au service de la Ville de…"
713448,Marine Brenier,marinebrenier,twitter.com/marinebrenier,LC,"Les Constructifs : républicains, UDI, indépendants",cestrosi,"Avec @cestrosi Nice a comblé un retard massif en créant 1 500 places en crèche depuis 2008. Nous lançons une nouvelle étape, avec 1 500 enfants en + qui pourront être accueillis dans les différents modes de garde. https://t.co/JkxOOeU38v"
713448,Marine Brenier,marinebrenier,twitter.com/marinebrenier,LC,"Les Constructifs : républicains, UDI, indépendants",,"Les horaires élargis reposeront sur le volontariat. Les agents concernés seront payés en heures supplémentaires. Oui, nous continuons de croire qu’on peut choisir de travailler davantage et être justement rémunérés. Travailler plus pour gagner plus. https://t.co/lacBApOdlB"
713448,Marine Brenier,marinebrenier,twitter.com/marinebrenier,LC,"Les Constructifs : républicains, UDI, indépendants",cestrosi,"Simplifier la vie des habitants a un coût, mais c’est un choix politique assumé que nous faisons avec @cestrosi. L’ensemble de ces mesures représente 7 M€ pour une ville + humaine, + adaptée aux rythmes de notre société et sans hausse d’impôts. https://t.co/UA40V5HsDc"
713448,Marine Brenier,marinebrenier,twitter.com/marinebrenier,LC,"Les Constructifs : républicains, UDI, indépendants",cestrosi,"Beaucoup de parents vivent chaque fin de journée comme une course contre la montre. Avec @cestrosi, nous allons élargir l’accueil jusqu’à 19h, ouvrir une offre le samedi, de la crèche aux loisirs. Une réponse simple à une contrainte quotidienne trop souvent ignorée. https://t.co/1LqRsade4M"
713448,Marine Brenier,marinebrenier,twitter.com/marinebrenier,LC,"Les Constructifs : républicains, UDI, indépendants",cestrosi,"Horaires décalés, familles sous pression, vies qui s’accélèrent.
Avec @cestrosi , nous voulons que la collectivité s’adapte à la vie quotidienne des niçois. https://t.co/p8hhsmJbRK"
713448,Marine Brenier,marinebrenier,twitter.com/marinebrenier,LC,"Les Constructifs : républicains, UDI, indépendants",avec_estrosi,RT @avec_estrosi: Toute l’équipe des @avec_estrosi vous souhaite une belle et heureuse année 2026 ! 🤩🥰🫶🥳 https://t.co/2n7qhkcpYS
713448,Marine Brenier,marinebrenier,twitter.com/marinebrenier,LC,"Les Constructifs : républicains, UDI, indépendants",bfmcotedazur,"RT @BFMCotedazur: Municipales à Nice: la sénatrice Dominique Estrosi Sassone, désignée cheffe de file des LR, sera sur la liste de Christia…"
713448,Marine Brenier,marinebrenier,twitter.com/marinebrenier,LC,"Les Constructifs : républicains, UDI, indépendants",le_parisien,"RT @le_Parisien: Municipales 2026 : à Nice, LR ouvre la voie à un accord avec Christian Estrosi
➡️ https://t.co/NEBurhQTKq https://t.co/Sy5…"
713448,Marine Brenier,marinebrenier,twitter.com/marinebrenier,LC,"Les Constructifs : républicains, UDI, indépendants",cestrosi; latourxavier1; lesrepublicains,"RT @LatourXavier1: Excellente nouvelle : @lesRepublicains avec @cestrosi !
Les choses sont claires et cohérentes. C. Estrosi travaillera av…"
722194,Florence Provendier,flprovendier,twitter.com/flprovendier,LAREM,La République en Marche,femmeazadi,RT @femmeazadi: Voici les milices terroristes de Khamenei dans les rues d’Iran pour massacrer notre peuple … ils ne vous rappellent personn…
722194,Florence Provendier,flprovendier,twitter.com/flprovendier,LAREM,La République en Marche,alinejadmasih,"RT @AlinejadMasih: “They might cut the internet. I love you all.”
This was #Setayesh_Shafiei’s last message on Telegram. Then she took to t…"
722194,Florence Provendier,flprovendier,twitter.com/flprovendier,LAREM,La République en Marche,femmeazadi,"RT @femmeazadi: ISPAHAN - Iran 12/01/26

Les gens sont toujours dans la rue. Il y a moins d’images en raison du black out internet mais con…"
722194,Florence Provendier,flprovendier,twitter.com/flprovendier,LAREM,La République en Marche,gabrielattal,RT @GabrielAttal: Couper Internet pour tuer en silence : voilà la stratégie des mollahs face à la soif de liberté du peuple iranien. Des ce…
722194,Florence Provendier,flprovendier,twitter.com/flprovendier,LAREM,La République en Marche,alinejadmasih,"RT @AlinejadMasih: This is how the Islamic Republic crushes dissent:

Shut down the internet.
Kill protesters in the streets.
Start rapid e…"
722194,Florence Provendier,flprovendier,twitter.com/flprovendier,LAREM,La République en Marche,femmeazadi,"RT @femmeazadi: En 3 jours, le peuple iranien a vécu l’équivalent d’un 11 septembre, 5 x 07 octobre ou 50 bataclan. Massacré par la même id…"
722194,Florence Provendier,flprovendier,twitter.com/flprovendier,LAREM,La République en Marche,femmeazadi,"RT @femmeazadi: Erfan Soltani a été arrêté pour avoir protesté

La République islamique prévoit de le pendre ce mercredi et a informé sa fa…"
722194,Florence Provendier,flprovendier,twitter.com/flprovendier,LAREM,La République en Marche,femmeazadi,"RT @femmeazadi: ALLO LE MONDE ?? 

Les miliciens de Khamenei ont pris le contrôle de tous les hôpitaux de Téhéran pour arrêter tous les ble…"
722194,Florence Provendier,flprovendier,twitter.com/flprovendier,LAREM,La République en Marche,femmeazadi,"RT @femmeazadi: Téhéran, ce soir. 

Mesdames messieurs, nous vous présentons le peuple le plus courageux du monde ! L’Iran va renaître ! ht…"
722194,Florence Provendier,flprovendier,twitter.com/flprovendier,LAREM,La République en Marche,alinejadmasih,"RT @AlinejadMasih: The latest update I have received from Iran, via people who have internet access  through Starlink, is that the regime h…"
722194,Florence Provendier,flprovendier,twitter.com/flprovendier,LAREM,La République en Marche,__injaneb96,RT @__Injaneb96: The regime uses traffic surveillance cameras for facial recognition and arrests. The people neutralized them. The courage…
722194,Florence Provendier,flprovendier,twitter.com/flprovendier,LAREM,La République en Marche,dose_marie; franceinter,"RT @dose_marie: Bonjour @franceinter 
La matinale du 7 janvier :
- Journal de 5 heures : rien 
- Journal de 5 heures 30 : rien 
- Journal d…"
722194,Florence Provendier,flprovendier,twitter.com/flprovendier,LAREM,La République en Marche,pybournazel,"RT @pybournazel: 🚨 APPEL À TÉMOINS – DISPARITION INQUIÉTANTE À #PARIS15 🚨

Anna-Rose Paty, élève de 6e à l’Ecole Jeannine Manuel, n’est pas…"
722194,Florence Provendier,flprovendier,twitter.com/flprovendier,LAREM,La République en Marche,ogamashiyo,"RT @ogamashiyo: Soutien total à Christophe Gleizes, journaliste injustement détenu en Algérie. Enfermé pour des raisons politiques, il paie…"
722194,Florence Provendier,flprovendier,twitter.com/flprovendier,LAREM,La République en Marche,alinejadmasih,"RT @AlinejadMasih: Unarmed Iranians pushed regime security forces to flee. Despite more than 30 deaths over 11 days, protesters are back in…"
722194,Florence Provendier,flprovendier,twitter.com/flprovendier,LAREM,La République en Marche,alinejadmasih,"RT @AlinejadMasih: Watch the flood of people in Iran’s streets.
More than 20 people have been killed. Thousands detained. Yet the people di…"
722194,Florence Provendier,flprovendier,twitter.com/flprovendier,LAREM,La République en Marche,alinejadmasih,"RT @AlinejadMasih: Message from Iran:
This is Marvdasht. People are in the streets. The Islamic Republic is brutally cracking down.
With ev…"
722194,Florence Provendier,flprovendier,twitter.com/flprovendier,LAREM,La République en Marche,ogamashiyo,"RT @ogamashiyo: Christophe Gleizes est enfermé dans une geôle algérienne sans motif, sans justification, sans droit. Une détention politiqu…"
722194,Florence Provendier,flprovendier,twitter.com/flprovendier,LAREM,La République en Marche,o_decottignies,"RT @O_Decottignies: 🇫🇷🇦🇲 Avec le ministre arménien des Finances, M. Vahe Hovhannisyan et l'équipe de l'Agence française de développement (A…"
722194,Florence Provendier,flprovendier,twitter.com/flprovendier,LAREM,La République en Marche,o_decottignies,"RT @O_Decottignies: 🇫🇷🇦🇲 L'Agence française de développement (AFD) ouvre un bureau en Arménie.

➡️ L'AFD en Arménie, ce sont des projets co…"
718918,Alexandra Louis,ALouisMars,twitter.com/ALouisMars|twitter.com/ALouisDeputee13,LAREM,La République en Marche,diavictimes,"RT @DIAVictimes: Hommage aux victimes de l’attaque de Kouré, le 9 août 2020 🕊️

⬇️

https://t.co/QB8cbrppvJ https://t.co/274yxIeLCu"
718918,Alexandra Louis,ALouisMars,twitter.com/ALouisMars|twitter.com/ALouisDeputee13,LAREM,La République en Marche,franceinfo,"RT @franceinfo: 🔴⚡ALERTE INFO
➡️ https://t.co/6dniPFVihl https://t.co/VmycX95n6r"
718918,Alexandra Louis,ALouisMars,twitter.com/ALouisMars|twitter.com/ALouisDeputee13,LAREM,La République en Marche,emmanuelmacron,"RT @EmmanuelMacron: Il y a cinq ans, l’explosion au port de Beyrouth déchirait le cœur du Liban et bouleversait le monde.
          
Ce dra…"
718918,Alexandra Louis,ALouisMars,twitter.com/ALouisMars|twitter.com/ALouisDeputee13,LAREM,La République en Marche,emmanuelmacron,"RT @EmmanuelMacron: Un tsunami arrive en Polynésie française.

Tous les services de l’État sont mobilisés pour protéger nos concitoyens. J’…"
718918,Alexandra Louis,ALouisMars,twitter.com/ALouisMars|twitter.com/ALouisDeputee13,LAREM,La République en Marche,afpfr; ap; bbcnews; reuters,"RT @afpfr: ⚫ Déclaration conjointe sur Gaza de l'AFP, @AP, @BBCNews et @Reuters ⤵️ https://t.co/aZ86Je9CGk"
718918,Alexandra Louis,ALouisMars,twitter.com/ALouisMars|twitter.com/ALouisDeputee13,LAREM,La République en Marche,egalite_gouv,"RT @egalite_gouv: #ArretonsLesViolences | UMAY, une application gratuite qui accompagne les personnes face au harcèlement de rue ⤵
🔴 Signal…"
718918,Alexandra Louis,ALouisMars,twitter.com/ALouisMars|twitter.com/ALouisDeputee13,LAREM,La République en Marche,,La diffusion de telles image est d’une insoutenable indignité. Ceux qui publient ou partagent ces images doivent savoir le la souffrance qu’ils ajoutent aux familles endeuillées et à l’effet traumatique de ces clichés sur les plus jeunes internautes.
718918,Alexandra Louis,ALouisMars,twitter.com/ALouisMars|twitter.com/ALouisDeputee13,LAREM,La République en Marche,emmanuelmacron,"RT @EmmanuelMacron: Soutien à nos pompiers et forces engagés contre les incendies dans le Sud-Est dont Marseille, Narbonne et Les Pennes-Mi…"
718918,Alexandra Louis,ALouisMars,twitter.com/ALouisMars|twitter.com/ALouisDeputee13,LAREM,La République en Marche,pennes_mirabeau; prefet13,"RT @Prefet13: #Incendie aux @Pennes_Mirabeau 

⚠️ À ce stade les populations doivent rester confinées dans les zones d'habitation  : les se…"
718918,Alexandra Louis,ALouisMars,twitter.com/ALouisMars|twitter.com/ALouisDeputee13,LAREM,La République en Marche,bmpm; marseille,"RT @marseille: Le feu progresse, prenez toutes les précautions nécessaires. 

Le @BMPM et les forces de secours sont sur le qui-vive. 

Évi…"
718918,Alexandra Louis,ALouisMars,twitter.com/ALouisMars|twitter.com/ALouisDeputee13,LAREM,La République en Marche,,"8 morts, des familles endeuillés et une ville traumatisée. C’est tout un système qui a failli, entretenu par des hommes cyniques et sans scrupule. Personne n’oubliera ni les victimes, ni les responsables. #RueDaubagne"
718918,Alexandra Louis,ALouisMars,twitter.com/ALouisMars|twitter.com/ALouisDeputee13,LAREM,La République en Marche,emmanuelmacron; jeunesenmarche,"RT @Jeunesenmarche: « Agissons ! Restons unis ! Soyons responsables ! Et œuvrons pour le pays ! »

🗣️ @emmanuelmacron

#10ansJAM https://t.…"
718918,Alexandra Louis,ALouisMars,twitter.com/ALouisMars|twitter.com/ALouisDeputee13,LAREM,La République en Marche,blancgerard13; sebastiendelogu,"RT @blancgerard13: Il a raison @sebastiendelogu! En dehors des 500.000 à un million de descendants polonais qui habitent en France, de Mari…"
718918,Alexandra Louis,ALouisMars,twitter.com/ALouisMars|twitter.com/ALouisDeputee13,LAREM,La République en Marche,,"Il est au moins lucide sur le fait qu’il dit n’importe quoi. 

On n’a en commun avec la Pologne  l’Europe et une histoire commune."
718918,Alexandra Louis,ALouisMars,twitter.com/ALouisMars|twitter.com/ALouisDeputee13,LAREM,La République en Marche,franceinfo,"RT @franceinfo: 🔴 🗣 ""Nous exigeons la libération immédiate et inconditionnelle de Cécile Kohler et Jacques Paris et nous continuerons à nou…"
718918,Alexandra Louis,ALouisMars,twitter.com/ALouisMars|twitter.com/ALouisDeputee13,LAREM,La République en Marche,egalite_gouv,"RT @egalite_gouv: #AlerteExcision | Les vacances, c’est fait pour s’amuser, pas pour être mutilée.  
⛔Les mutilations sexuelles féminines p…"
718918,Alexandra Louis,ALouisMars,twitter.com/ALouisMars|twitter.com/ALouisDeputee13,LAREM,La République en Marche,,"C’est tout de même fou de voir que face au danger extrême que représente ces sites pour les mineurs, il soit si fastidieux d’imposer la vérification de l’âge des utilisateurs.  C’est un enjeu de santé publique."
718918,Alexandra Louis,ALouisMars,twitter.com/ALouisMars|twitter.com/ALouisDeputee13,LAREM,La République en Marche,clairehedon; diavictimes,"RT @DIAVictimes: Aux côtés de @clairehedon pour parler #SLAPP et transposition de la directive 🇪🇺 contre les procédures-bâillons 🏛️

La DIA…"
718918,Alexandra Louis,ALouisMars,twitter.com/ALouisMars|twitter.com/ALouisDeputee13,LAREM,La République en Marche,cathbertrand5,"RT @cathbertrand5: Si vous voulez nous aider, RT 🙏"
718918,Alexandra Louis,ALouisMars,twitter.com/ALouisMars|twitter.com/ALouisDeputee13,LAREM,La République en Marche,diavictimes,"RT @DIAVictimes: La DIAV lance son podcast « En première ligne », dédié à l’aide aux victimes ! 🎙️

Pour ce premier épisode, retrouvez Jacq…"
713448,Marine Brenier,marinebrenier,twitter.com/marinebrenier,LC,"Les Constructifs : républicains, UDI, indépendants",magalialtounian,"RT @MagaliAltounian: Toutes pour Nice 💪💁‍♀️💁🏻‍♀️ ! 

Heureuse de voir tant de niçoises  engagées, prêtes à construire une ville toujours pl…"
713448,Marine Brenier,marinebrenier,twitter.com/marinebrenier,LC,"Les Constructifs : républicains, UDI, indépendants",agindre; cestrosi; tf1,"RT @cestrosi: Invité de @agindre dans #BonjourLaMatinaleTF1, retrouvez-moi demain en direct à 7h35 sur @TF1. 
https://t.co/HWe84QnMiX
#EnTo…"
713448,Marine Brenier,marinebrenier,twitter.com/marinebrenier,LC,"Les Constructifs : républicains, UDI, indépendants",anthony_borre; prefet06,"RT @anthony_borre: En juin dernier, à la demande du maire de Nice, j’avais alerté le @prefet06 sur la situation des SDS place Grimaldi.
Le…"
713448,Marine Brenier,marinebrenier,twitter.com/marinebrenier,LC,"Les Constructifs : républicains, UDI, indépendants",cestrosi,"RT @cestrosi: Lors d’un règlement de compte, un SDS en situation irrégulière aurait ouvert le feu et très grièvement blessé un autre SDS su…"
713448,Marine Brenier,marinebrenier,twitter.com/marinebrenier,LC,"Les Constructifs : républicains, UDI, indépendants",cestrosi,"RT @cestrosi: Un dimanche ensoleillé sur le terrain, à l’écoute des Niçoises et des Niçois pour construire un projet fidèle à leurs attente…"
713448,Marine Brenier,marinebrenier,twitter.com/marinebrenier,LC,"Les Constructifs : républicains, UDI, indépendants",cestrosi,"Nice je t’aime ! Et parce que je t’aime, je te veux encore plus belle et plus vivante ! C’est ce que nous faisons avec @cestrosi et encore après mars 2026. Continuons à faire rêver le monde et surtout nous, tes chers niçois #nicejetaime #tousPourNice https://t.co/nQNsj2vctr"
713448,Marine Brenier,marinebrenier,twitter.com/marinebrenier,LC,"Les Constructifs : républicains, UDI, indépendants",,"« Nice en faillite » ? Faux.
Les chiffres, eux, ne mentent pas.
🎥 Une minute pour démonter les fake news avec le rapport indépendant Klopfer. 

Lien : https://t.co/1uUOoA61QX https://t.co/n98kghEdX2"
713448,Marine Brenier,marinebrenier,twitter.com/marinebrenier,LC,"Les Constructifs : républicains, UDI, indépendants",magalialtounian,"RT @MagaliAltounian: Vous êtes impatients ? Nous aussi ! 

🗓️ Rendez-vous le samedi 22 novembre à 10h au Centre des Congrès Océanice, sur l…"
713448,Marine Brenier,marinebrenier,twitter.com/marinebrenier,LC,"Les Constructifs : républicains, UDI, indépendants",avec_estrosi; marinebrenier; richardchemla,RT @avec_estrosi: RDV demain à 18h au Felix pour un groupe de travail Santé et environnement avec @RichardChemla et @marinebrenier ! Que vo…
713448,Marine Brenier,marinebrenier,twitter.com/marinebrenier,LC,"Les Constructifs : républicains, UDI, indépendants",renaudmuselier,"RT @RenaudMuselier: Georges-François Leclerc quitte notre région pour diriger le cabinet du Président de la République.

Une reconnaissance…"
713448,Marine Brenier,marinebrenier,twitter.com/marinebrenier,LC,"Les Constructifs : républicains, UDI, indépendants",cestrosi; ephilippe_lh; horizonsleparti,"RT @cestrosi: En tant que vice-président d’@HorizonsLeParti, nous nous retrouvons avec @EPhilippe_LH sur cette conviction : seul le départ…"
713448,Marine Brenier,marinebrenier,twitter.com/marinebrenier,LC,"Les Constructifs : républicains, UDI, indépendants",secourspop; villedenice,"Vide ta chambre, c’est samedi au Parc du Ray ! Chaque année, le @SecoursPop, avec le soutien de la @VilledeNice organise cet événement familial et solidaire. On vous attend nombreux 😊 https://t.co/bOKDC7OdE8"
713448,Marine Brenier,marinebrenier,twitter.com/marinebrenier,LC,"Les Constructifs : républicains, UDI, indépendants",cestrosi; nicolassarkozy,RT @cestrosi: J’ai décidé de donner le nom de @NicolasSarkozy au futur parvis de notre Hôtel des polices municipales et nationales. Présent…
713448,Marine Brenier,marinebrenier,twitter.com/marinebrenier,LC,"Les Constructifs : républicains, UDI, indépendants",nicolassarkozy,"Corruption ? relaxé
Détournement de fonds publics ? relaxé
Infraction électorale ? relaxé
@NicolasSarkozy est condamné pour association de malfaiteurs soit 1 infraction qui sanctionne la préparation hypothétique d’1 délit jamais commis ! 
La sanction est injuste et humiliante."
713448,Marine Brenier,marinebrenier,twitter.com/marinebrenier,LC,"Les Constructifs : républicains, UDI, indépendants",nicolassarkozy,"À ceux qui disent que les politiques n’ont pas à commenter les décisions de Justice, je le partage sauf quand les Juges cherchent à faire de la politique avec leurs décisions. Soutien total au Président @NicolasSarkozy !"
713448,Marine Brenier,marinebrenier,twitter.com/marinebrenier,LC,"Les Constructifs : républicains, UDI, indépendants",cestrosi,"RT @cestrosi: Il y a 11 ans, mon ami et guide de montagne niçois, Hervé Gourdel, était sauvagement décapité par des terroristes islamistes…"
713448,Marine Brenier,marinebrenier,twitter.com/marinebrenier,LC,"Les Constructifs : républicains, UDI, indépendants",,Tout va bien Madame la Marquise. Pauvre France !
713448,Marine Brenier,marinebrenier,twitter.com/marinebrenier,LC,"Les Constructifs : républicains, UDI, indépendants",cestrosi,"RT @cestrosi: Si les soupçons de fichage illégal par Éric Ciotti sont avérés, ces pratiques sont ignobles et dangereuses et rappellent les…"
713448,Marine Brenier,marinebrenier,twitter.com/marinebrenier,LC,"Les Constructifs : républicains, UDI, indépendants",cestrosi,RT @cestrosi: Voici plusieurs semaines que les pharmaciens d’officine se mobilisent partout en France et alertent sur les conséquences du p…
713448,Marine Brenier,marinebrenier,twitter.com/marinebrenier,LC,"Les Constructifs : républicains, UDI, indépendants",laurentwauquiez,"RT @laurentwauquiez: Olivier tu n’es pas seul. Tu comptes ici des compagnons fidèles, des amis qui perpétueront ta mémoire : celle d’un hom…"
713448,Marine Brenier,marinebrenier,twitter.com/marinebrenier,LC,"Les Constructifs : républicains, UDI, indépendants",rrepublicain06,"RT @RRepublicain06: Ici, pactiser avec le RN ne choque plus personne.

Mais être fidèle à l’arc républicain, ça, c’est devenu un problème.…"
713448,Marine Brenier,marinebrenier,twitter.com/marinebrenier,LC,"Les Constructifs : républicains, UDI, indépendants",,Encore mieux qu’un nouvel épisode de retour vers le futur 😜
713448,Marine Brenier,marinebrenier,twitter.com/marinebrenier,LC,"Les Constructifs : républicains, UDI, indépendants",anthony_borre; marinebrenier,RT @anthony_borre: Heureux d’avoir partagé avec @marinebrenier cette nouvelle édition de la “Fête de la Petite Enfance”. Un événement désor…
713448,Marine Brenier,marinebrenier,twitter.com/marinebrenier,LC,"Les Constructifs : républicains, UDI, indépendants",napsarkozy,RT @napsarkozy: Il est des Légions d’honneur que l’on ne perd pas. Celles que l’on reçoit en sauvant des enfants des griffes d’un kamikaze.…
713448,Marine Brenier,marinebrenier,twitter.com/marinebrenier,LC,"Les Constructifs : républicains, UDI, indépendants",villedenice,"RT @VilledeNice: 🇫🇷Le 6 juin à 20h30, le Quai des États-Unis s'embrase avec Agoria, maestro présent aux JO de Paris 2024 &amp; Cassius, pilier…"
713448,Marine Brenier,marinebrenier,twitter.com/marinebrenier,LC,"Les Constructifs : républicains, UDI, indépendants",assembleenat,"L'@AssembleeNat adopte enfin les textes sur la fin de vie et l'aide à mourir. Il y a 4 ans, lorsque je siégeais dans l'hémicycle, nous avions initié ce combat de manière transpartisane. Le texte n'est pas idéal, mais c'est un début. La France avance enfin sur ce sujet de dignité."
713448,Marine Brenier,marinebrenier,twitter.com/marinebrenier,LC,"Les Constructifs : républicains, UDI, indépendants",agnesfirmin; battistelmarie; carolinefiat54; guillaumechiche; maximeminot; olivierfalorni; yaelbraunpivet,Merci aux courageux députés qui portent ou ont porté ce combat depuis 4 ans : @OlivierFalorni @YaelBRAUNPIVET @agnesfirmin @GuillaumeChiche @BattistelMarie @CarolineFiat54 @MaximeMinot Jean-Louis Touraine.
713448,Marine Brenier,marinebrenier,twitter.com/marinebrenier,LC,"Les Constructifs : républicains, UDI, indépendants",fmeunier19; ianboucard; lesrepublicains; sbastien_martin; vincentjeanbrun,"Bravo aux Députés @lesRepublicains qui ont eu le courage de leurs convictions : @IanBoucard @VincentJeanbrun Thierry Liger, Eric Liégeon, @sbastien_martin, @fmeunier19 et Christelle Petex. Ils incarnent cette droite humaniste qui place la dignité humaine au cœur de ses valeurs."
713448,Marine Brenier,marinebrenier,twitter.com/marinebrenier,LC,"Les Constructifs : républicains, UDI, indépendants",cestrosi,"RT @cestrosi: Voilà des années que je dénonce cette 5ème colonne. Elle est aujourd’hui documentée : tout est là, tout est écrit ! LFI peut…"
713448,Marine Brenier,marinebrenier,twitter.com/marinebrenier,LC,"Les Constructifs : républicains, UDI, indépendants",ogcnice,"RT @ogcnice: #NissaEuropa

La cérémonie de clôture de la saison en direct ! https://t.co/rB8MRdqyrz"
713448,Marine Brenier,marinebrenier,twitter.com/marinebrenier,LC,"Les Constructifs : républicains, UDI, indépendants",brunoretailleau,"RT @BrunoRetailleau: Pourquoi tout ce bruit ? Pourquoi toutes ces attaques ? C’est vous qui pratiquez l’indignation sélective, vous qui vou…"
713448,Marine Brenier,marinebrenier,twitter.com/marinebrenier,LC,"Les Constructifs : républicains, UDI, indépendants",dominiq_estrosi; mtabarot; ppl,"RT @Dominiq_Estrosi: De l’enthousiasme, de l’espoir portés et partagés par les militants et sympathisants réunis autour de @MTabarot , @PPL…"
713448,Marine Brenier,marinebrenier,twitter.com/marinebrenier,LC,"Les Constructifs : républicains, UDI, indépendants",corradilea; lesrepublicains,"RT @CorradiLea: Quelle joie de vous retrouver  ! 
Ce soir la nouvelle permanence @lesRepublicains de #Nice06 a ouvert ses portes, et il a f…"
713448,Marine Brenier,marinebrenier,twitter.com/marinebrenier,LC,"Les Constructifs : républicains, UDI, indépendants",villedenice,"RT @VilledeNice: 🤝🏻 Marine Brenier Adjointe au Maire Déléguée à la Famille et à la Petite enfance, recevra les Niçoises et les Niçois qui l…"
713448,Marine Brenier,marinebrenier,twitter.com/marinebrenier,LC,"Les Constructifs : républicains, UDI, indépendants",cestrosi; villdenice,Merci @cestrosi de soutenir Léo dans ce projet ambitieux et qui fait écho au prochain congrès des océans accueilli dans notre belle @VilldeNice !
713448,Marine Brenier,marinebrenier,twitter.com/marinebrenier,LC,"Les Constructifs : républicains, UDI, indépendants",cestrosi,Merci @cestrosi 👍👍👍
713448,Marine Brenier,marinebrenier,twitter.com/marinebrenier,LC,"Les Constructifs : républicains, UDI, indépendants",,Soutien au Président Sarkozy 🙏🏻
713448,Marine Brenier,marinebrenier,twitter.com/marinebrenier,LC,"Les Constructifs : républicains, UDI, indépendants",,"La République ne doit jamais céder face à ceux qui la menacent. Soutien total à notre Premier Adjoint qui, courageusement et à raison, ne laisse pas la délinquance s’installer dans nos rues !"
713448,Marine Brenier,marinebrenier,twitter.com/marinebrenier,LC,"Les Constructifs : républicains, UDI, indépendants",,Encore une bonne nouvelle pour les familles niçoises ! Notre halte jeux du centre ville vous accueillera dans de nouveaux locaux encore plus adaptés aux plus jeunes niçois.
713448,Marine Brenier,marinebrenier,twitter.com/marinebrenier,LC,"Les Constructifs : républicains, UDI, indépendants",cestrosi; pierre_fiori,"RT @pierre_fiori: Rue de Suisse, l'extension de la Halte-Jeu ""l'île des enfants"" prend forme. 

Comme annoncé par @cestrosi, ce nouvel équi…"
718918,Alexandra Louis,ALouisMars,twitter.com/ALouisMars|twitter.com/ALouisDeputee13,LAREM,La République en Marche,emmanuelmacron,RT @EmmanuelMacron: La France a plusieurs fois condamné le programme iranien en cours et a pris toutes les mesures diplomatiques en ce sens…
718918,Alexandra Louis,ALouisMars,twitter.com/ALouisMars|twitter.com/ALouisDeputee13,LAREM,La République en Marche,,Une bonne nouvelle.
718918,Alexandra Louis,ALouisMars,twitter.com/ALouisMars|twitter.com/ALouisDeputee13,LAREM,La République en Marche,emmanuelmacron,RT @EmmanuelMacron: C’est une recommandation des experts de la commission écrans : je porte l’interdiction des réseaux sociaux avant 15 ans…
718918,Alexandra Louis,ALouisMars,twitter.com/ALouisMars|twitter.com/ALouisDeputee13,LAREM,La République en Marche,sncfvoyageurs,Bonjour la @SNCFVoyageurs. Est il normal que votre contrôleur ait obligé des mamans avec des bébés à récupérer tous leurs  bagages et poussettes rangés en bas au prétexte qu’elles étaient à l’étage alors que le règlement ne le prévoit pas. La SNCF n’aime pas les mamans seules.
718918,Alexandra Louis,ALouisMars,twitter.com/ALouisMars|twitter.com/ALouisDeputee13,LAREM,La République en Marche,alouismars; francevictimes; jeannebarsegh; justice_gouv; mlemenfv; strasbourg,RT @FranceVictimes: @MLeMenFV @JeanneBarsegh @strasbourg @ALouisMars @justice_gouv « Vous êtes en prise avec la réalité de terrain et aux c…
718918,Alexandra Louis,ALouisMars,twitter.com/ALouisMars|twitter.com/ALouisDeputee13,LAREM,La République en Marche,alouismars; diavictimes,"RT @DIAVictimes: Aux #Assises nationales de l’aide aux victimes pour parler #harcèlement 🗣️

L’occasion pour @ALouisMars de rappeler le rôl…"
718918,Alexandra Louis,ALouisMars,twitter.com/ALouisMars|twitter.com/ALouisDeputee13,LAREM,La République en Marche,alouismars; francevictimes; jeannebarsegh; justice_gouv; mlemenfv; strasbourg,"RT @FranceVictimes: @MLeMenFV @JeanneBarsegh @strasbourg @ALouisMars, DIAV @justice_gouv 

« Lors d’une rencontre, une mère endeuillée m’av…"
718918,Alexandra Louis,ALouisMars,twitter.com/ALouisMars|twitter.com/ALouisDeputee13,LAREM,La République en Marche,marleneschiappa,"RT @MarleneSchiappa: Rarement une personnalité aura été autant diffamée, attaquée, harcelée, et dans des termes aussi cruels, que Brigitte…"
718918,Alexandra Louis,ALouisMars,twitter.com/ALouisMars|twitter.com/ALouisDeputee13,LAREM,La République en Marche,diavictimes; sciencespo,"RT @DIAVictimes: 1/2 | À Reims, au campus de @sciencespo, participation à un #colloque sur le #harcèlement scolaire 🗣️

Aux côtés des #vict…"
718918,Alexandra Louis,ALouisMars,twitter.com/ALouisMars|twitter.com/ALouisDeputee13,LAREM,La République en Marche,diavictimes,"RT @DIAVictimes: 2/2 | Visite du #CRP de Reims, un dispositif de prise en charge globale des personnes souffrant d’un trouble de stress pos…"
718918,Alexandra Louis,ALouisMars,twitter.com/ALouisMars|twitter.com/ALouisDeputee13,LAREM,La République en Marche,diavictimes,"RT @DIAVictimes: Au chevet des victimes, #ParisAideAuxVictimes est une asso assurant un accompagnement pluridisciplinaire, que les victimes…"
718918,Alexandra Louis,ALouisMars,twitter.com/ALouisMars|twitter.com/ALouisDeputee13,LAREM,La République en Marche,,Les « clients » qui ont des relations sexuelles avec des mineurs de moins de 15 ans sont des criminels passibles de la Cour d’assises. Il faut les traquer autant que ces proxénètes. Une pensée pour la jeune fille victime.
718918,Alexandra Louis,ALouisMars,twitter.com/ALouisMars|twitter.com/ALouisDeputee13,LAREM,La République en Marche,gabrielattal; gattalactu,"RT @GAttalActu: 🌈❤ « L'homophobie, je l'ai vécue. Je la vis. Je pense à tous les jeunes Français qui la subissent » confiait @GabrielAttal…"
718918,Alexandra Louis,ALouisMars,twitter.com/ALouisMars|twitter.com/ALouisDeputee13,LAREM,La République en Marche,alouismars; diavictimes; justice_gouv; umontreal,"RT @DIAVictimes: @UMontreal @ALouisMars @justice_gouv 3/3 |  Aux cotes du Dr Benjamin Roebuck, pour découvrir ses fonctions d’#Ombudsman fé…"
718918,Alexandra Louis,ALouisMars,twitter.com/ALouisMars|twitter.com/ALouisDeputee13,LAREM,La République en Marche,diavictimes; reseaudescavac,"RT @DIAVictimes: 1/3 | Merci au @ReseaudesCAVAC, pilier de l’aide aux victimes au 🇨🇦 pour ces échanges si enrichissants

📍Un réseau de 170…"
718918,Alexandra Louis,ALouisMars,twitter.com/ALouisMars|twitter.com/ALouisDeputee13,LAREM,La République en Marche,diavictimes; spvm,"RT @DIAVictimes: 1/3 | Au centre d’enquête du @SPVM à la découverte de la #Section spécialisée en violence conjugale 🚨🚺

Des équipes mêlant…"
718918,Alexandra Louis,ALouisMars,twitter.com/ALouisMars|twitter.com/ALouisDeputee13,LAREM,La République en Marche,diavictimes; droitsvictimes,RT @DIAVictimes: Merci à @DROITSVICTIMES et à la Fédération des maisons d’hébergement pour femmes pour ces échanges passionnants sur les dr…
718918,Alexandra Louis,ALouisMars,twitter.com/ALouisMars|twitter.com/ALouisDeputee13,LAREM,La République en Marche,diavictimes; umontreal,"RT @DIAVictimes: 3/3 Temps d’échange passionnant avec Jean Proulx, professeur titulaire de #criminologie à @UMontreal, spécialisé dans la d…"
718918,Alexandra Louis,ALouisMars,twitter.com/ALouisMars|twitter.com/ALouisDeputee13,LAREM,La République en Marche,diavictimes,"RT @DIAVictimes: 2/3 | Rencontre avec Me Isabelle Dorion et Me Camille Boucher, procureures de la #Couronne aux poursuites criminelles et p…"
718918,Alexandra Louis,ALouisMars,twitter.com/ALouisMars|twitter.com/ALouisDeputee13,LAREM,La République en Marche,diavictimes; spvm,"RT @DIAVictimes: 1/3 | 1ère étape au 🇨🇦 avec le @SPVM, #police indépendante de la ⚖️ et du politique, engagée auprès des #victimes.

🚓 Le S…"
722194,Florence Provendier,flprovendier,twitter.com/flprovendier,LAREM,La République en Marche,pybournazel; rtlfrance,RT @pybournazel: M. Grégoire prétend ce matin sur @RTLFrance que le budget de la Mairie de Paris serait en *excédent* et non en déficit. Ma…
722194,Florence Provendier,flprovendier,twitter.com/flprovendier,LAREM,La République en Marche,datirachida; fdevedjian; pybournazel,RT @fdevedjian: Remarquable intervention de ⁦@pybournazel⁩ à propos du vœu présenté par ⁦@datirachida⁩ relatif à la demande de protection e…
722194,Florence Provendier,flprovendier,twitter.com/flprovendier,LAREM,La République en Marche,assembleenat,"RT @AssembleeNat: ✅ Adoption de la proposition de loi visant à protéger les mineurs isolés et à lutter contre le sans-abrisme, en première…"
722194,Florence Provendier,flprovendier,twitter.com/flprovendier,LAREM,La République en Marche,alertesinfos,"RT @AlertesInfos: 🚨🇫🇷 FLASH | Des éducateurs de l’Aide sociale à l’enfance ont RASÉ DE FORCE les cheveux d’Eliott, un enfant de 8 ans, qui…"
722194,Florence Provendier,flprovendier,twitter.com/flprovendier,LAREM,La République en Marche,francerugby,"RT @FranceRugby: 🇫🇷 La FFR apporte tout son soutien à Christophe Gleizes, journaliste sportif français actuellement détenu en Algérie.
 
La…"
722194,Florence Provendier,flprovendier,twitter.com/flprovendier,LAREM,La République en Marche,yaelbraunpivet,RT @YaelBRAUNPIVET: Christophe Gleizes vient d’être condamné en appel à 7 ans de prison ferme pour apologie du terrorisme. Je regrette vive…
722194,Florence Provendier,flprovendier,twitter.com/flprovendier,LAREM,La République en Marche,jnbarrot,"RT @jnbarrot: Vladimir Poutine veut éteindre l’âme d’un peuple en s’en prenant à ses enfants. Arrachés à leur famille, déportés de force da…"
722194,Florence Provendier,flprovendier,twitter.com/flprovendier,LAREM,La République en Marche,delaunayyannfv; strasbourg,"RT @DelaunayYannFV: A @strasbourg, le #VIES en soutien à la création de coopérations décentralisées pleines de sens : bravo à Marieta VSI-R…"
722194,Florence Provendier,flprovendier,twitter.com/flprovendier,LAREM,La République en Marche,bernardlehut,"RT @BernardLehut: L'Algérie ""accepte""de gracier l'écrivain Boualem Sansal (présidence) ! https://t.co/5RhoC7pbsa"
722194,Florence Provendier,flprovendier,twitter.com/flprovendier,LAREM,La République en Marche,ambafr_armenie,"RT @AmbaFR_Armenie: En ce 11 novembre, journée de la Victoire et de la Paix, l'Ambassade de France en Arménie a commémoré l'Armistice de 19…"
722194,Florence Provendier,flprovendier,twitter.com/flprovendier,LAREM,La République en Marche,bernardlehut; foirelivrebrive,"RT @BernardLehut: Au 357e jour de détention de Boualem Sansal, 357 jours de trop, la @FoirelivreBrive réclame la libération de l’écrivain f…"
722194,Florence Provendier,flprovendier,twitter.com/flprovendier,LAREM,La République en Marche,batonnierparis; datirachida; fdevedjian,RT @fdevedjian: @datirachida vient de déposer plainte contre moi devant @batonnierparis pour “manquements graves et répétés aux principes e…
722194,Florence Provendier,flprovendier,twitter.com/flprovendier,LAREM,La République en Marche,jnbarrot,"RT @jnbarrot: Cécile Kohler et Jacques Paris sont enfin sortis de prison. Ils sont en sécurité à la Résidence de France, à Téhéran, dans l'…"
722194,Florence Provendier,flprovendier,twitter.com/flprovendier,LAREM,La République en Marche,armeniapeace,"RT @ArmeniaPeace: 📌 Après avoir formé plus de 600 civils dans les villages frontaliers du Tavush, Armenia Peace Initiative (API) a lancé un…"
722194,Florence Provendier,flprovendier,twitter.com/flprovendier,LAREM,La République en Marche,bernardlehut,"RT @BernardLehut: 350 jours de détention pour Boualem Sansal, 350 jours de trop.
#avecboualemsansal plus que jamais https://t.co/cgVA7eyYOV"
722194,Florence Provendier,flprovendier,twitter.com/flprovendier,LAREM,La République en Marche,bernardlehut,"RT @BernardLehut: 348 jours de détention pour Boualem Sansal, 348 jours de trop.
#avecboualemsansal plus que jamais https://t.co/RYZUvjYXU9"
713448,Marine Brenier,marinebrenier,twitter.com/marinebrenier,LC,"Les Constructifs : républicains, UDI, indépendants",pierre_fiori,RT @pierre_fiori: Une douzaine d'arbres viendra bientôt agrémenter les écoles de St-Antoine de Ginestière afin de créer plus d'ombrage et p…
713448,Marine Brenier,marinebrenier,twitter.com/marinebrenier,LC,"Les Constructifs : républicains, UDI, indépendants",corradilea,"Ça nous rappelle la belle époque ! Bravo à Lucas, @CorradiLea et toute l’équipe !!!"
713448,Marine Brenier,marinebrenier,twitter.com/marinebrenier,LC,"Les Constructifs : républicains, UDI, indépendants",,Bravo ma Pusto. Fière de ton engagement depuis de nombreuses années pour faire rayonner Marseille et pour les marseillais.
713448,Marine Brenier,marinebrenier,twitter.com/marinebrenier,LC,"Les Constructifs : républicains, UDI, indépendants",,"La vie politique française perd l’une de ses plus belles figures, Nicolas Florian. Plus qu’un fervent défenseur de sa ville et de ses idées politiques, c’était un homme sincèrement bon comme le monde politique en connaît peu. Pensées à ses proches et aux bordelais. https://t.co/dpgv2afcNz"
713448,Marine Brenier,marinebrenier,twitter.com/marinebrenier,LC,"Les Constructifs : républicains, UDI, indépendants",,L’incarnation du courage 🙏🏻
713448,Marine Brenier,marinebrenier,twitter.com/marinebrenier,LC,"Les Constructifs : républicains, UDI, indépendants",ccaf_france,RT @ccaf_france: La COP s’ouvre à Bakou un an après le nettoyage ethnique de l’#Artsakh et alors que l’🇦🇿 détient et torture 23 otages 🇦🇲…
713448,Marine Brenier,marinebrenier,twitter.com/marinebrenier,LC,"Les Constructifs : républicains, UDI, indépendants",cestrosi,"RT @cestrosi: La plaine du var, c’est un aménagement pour les Niçois et pour l’emploi. Pour que les jeunes Niçois puissent se former ici à…"
713448,Marine Brenier,marinebrenier,twitter.com/marinebrenier,LC,"Les Constructifs : républicains, UDI, indépendants",assembleenat; jonathandenis,"RT @JonathanDenis: Le texte sur la #FindeVie sera donc étudié à l’@AssembleeNat, sur 2 semaines, à partir du 27 janvier 2025.
Enfin ! 
Les…"
713448,Marine Brenier,marinebrenier,twitter.com/marinebrenier,LC,"Les Constructifs : républicains, UDI, indépendants",,"Vide ta chambre, 2ème édition c’est samedi au Parc du Ray ! Venez profiter en famille d’un moment sympa pour faire de belles affaires pour vos tout-petits et au bénéfice du secours populaire ! https://t.co/2WVZgiar2r"
713448,Marine Brenier,marinebrenier,twitter.com/marinebrenier,LC,"Les Constructifs : républicains, UDI, indépendants",michelbarnier,Merci @MichelBarnier d’avoir clarifié votre positionnement sur une attente si forte des français. Heureuse de savoir que ce PJL #findevie va enfin pouvoir reprendre !
713448,Marine Brenier,marinebrenier,twitter.com/marinebrenier,LC,"Les Constructifs : républicains, UDI, indépendants",maxime_boudet,RT @Maxime_Boudet: 🤝 Excellente nouvelle : le PJL #FinDeVie sera finalement repris tel quel pour accélérer le processus. Une étape décisive…
713448,Marine Brenier,marinebrenier,twitter.com/marinebrenier,LC,"Les Constructifs : républicains, UDI, indépendants",michelbarnier,"RT @MichelBarnier: Des services publics proches des citoyens, ça marche ! C’est le cas avec les maisons France Services comme ici à Entrela…"
713448,Marine Brenier,marinebrenier,twitter.com/marinebrenier,LC,"Les Constructifs : républicains, UDI, indépendants",cestrosi,"RT @cestrosi: #LouFestinNissart, un moment si particulier pour moi chaque année. L’occasion de réunir celles et ceux qui sont le visage de…"
713448,Marine Brenier,marinebrenier,twitter.com/marinebrenier,LC,"Les Constructifs : républicains, UDI, indépendants",cestrosi; marinebrenier; monierf06; villedenice,"RT @cestrosi: Au séminaire de rentrée de la direction de la famille de la @VilledeNice avec @marinebrenier, @MonierF06 et les 770 agents. J…"
713448,Marine Brenier,marinebrenier,twitter.com/marinebrenier,LC,"Les Constructifs : républicains, UDI, indépendants",pierre_fiori,"RT @pierre_fiori: [🗞️ Revue de Presse]

Parmi les 110 opérations de Rénovation, Embellissement, Modernisation et Végétalisation en cours ce…"
713448,Marine Brenier,marinebrenier,twitter.com/marinebrenier,LC,"Les Constructifs : républicains, UDI, indépendants",pierre_fiori,"RT @pierre_fiori: Visite du chantier de l'école élémentaire des Magnolias.

Une éco-construction exemplaire, pour un nouvel équipement de 8…"
713448,Marine Brenier,marinebrenier,twitter.com/marinebrenier,LC,"Les Constructifs : républicains, UDI, indépendants",anthony_borre; laurentwauquiez; renaudmuselier,"RT @anthony_borre: Un rêve devenu réalité !
Les Alpes françaises accueilleront les JO d’hiver 2030 ! 
@laurentwauquiez, @RenaudMuselier et…"
713448,Marine Brenier,marinebrenier,twitter.com/marinebrenier,LC,"Les Constructifs : républicains, UDI, indépendants",cestrosi; metropolenca,"Élection de notre Président de la Métropole @cestrosi à une très large majorité ! Félicitations à lui et en avant, ensemble pour notre @MetropoleNCA ! https://t.co/djySrAgsBV"
713448,Marine Brenier,marinebrenier,twitter.com/marinebrenier,LC,"Les Constructifs : républicains, UDI, indépendants",,"Première édition de la guinguette des familles à #Nice06 dans le magnifique cadre du Parc Phœnix. Quelle joie de voir cet esprit festif partagé avec les pichouï et les parents !

Merci à tous les agents de ma direction qui se sont mobilisés pour ce beau succès 👏🏻 https://t.co/OMJ7FBCwwb"
713448,Marine Brenier,marinebrenier,twitter.com/marinebrenier,LC,"Les Constructifs : républicains, UDI, indépendants",magalialtounian,"RT @MagaliAltounian: ☀️ Musique, animations et bonne humeur : quel plaisir de partager ce moment convivial avec les familles niçoises, et @…"
718918,Alexandra Louis,ALouisMars,twitter.com/ALouisMars|twitter.com/ALouisDeputee13,LAREM,La République en Marche,diavictimes,"RT @DIAVictimes: #LeSaviezVous? Bâtir une #culture de l’aide aux victimes, c’est aussi mieux connaitre ses composantes, ses acteurs, son hi…"
718918,Alexandra Louis,ALouisMars,twitter.com/ALouisMars|twitter.com/ALouisDeputee13,LAREM,La République en Marche,emmanuelmacron,"RT @EmmanuelMacron: Après le drame survenu à Vancouver, j’adresse notre solidarité aux Canadiens et à la communauté philippine. Nos pensées…"
718918,Alexandra Louis,ALouisMars,twitter.com/ALouisMars|twitter.com/ALouisDeputee13,LAREM,La République en Marche,emmanuelmacron,"RT @EmmanuelMacron: Un jeune a été atrocement assassiné dans une mosquée du Gard.

À sa famille, à nos compatriotes de confession musulmane…"
718918,Alexandra Louis,ALouisMars,twitter.com/ALouisMars|twitter.com/ALouisDeputee13,LAREM,La République en Marche,emmanuelmacron,"RT @EmmanuelMacron: Une adolescente a perdu la vie, trois autres lycéens sont blessés, après une attaque au couteau dans un lycée de Nantes…"
718918,Alexandra Louis,ALouisMars,twitter.com/ALouisMars|twitter.com/ALouisDeputee13,LAREM,La République en Marche,elisabeth_borne,"RT @Elisabeth_Borne: Un drame effroyable a frappé aujourd’hui un groupe scolaire privé à Nantes : une lycéenne a perdu la vie, trois autres…"
718918,Alexandra Louis,ALouisMars,twitter.com/ALouisMars|twitter.com/ALouisDeputee13,LAREM,La République en Marche,emmanuelmacron,"RT @EmmanuelMacron: À 103 ans s’est éteinte Odile de Vasselot, figure de la Résistance et passeuse d’espérance. Héroïne de l’ombre, elle a…"
718918,Alexandra Louis,ALouisMars,twitter.com/ALouisMars|twitter.com/ALouisDeputee13,LAREM,La République en Marche,diavictimes,"RT @DIAVictimes: 2 ans, déjà. Le bruit de l’explosion, le souffle de la destruction. Nous ne les oublierons jamais. En cette triste matinée…"
718918,Alexandra Louis,ALouisMars,twitter.com/ALouisMars|twitter.com/ALouisDeputee13,LAREM,La République en Marche,diavictimes,RT @DIAVictimes: Merci à l’A.P.E.R.S pour son accueil et son professionnalisme. Les personnes victimes pourront toujours compter sur des pe…
718918,Alexandra Louis,ALouisMars,twitter.com/ALouisMars|twitter.com/ALouisDeputee13,LAREM,La République en Marche,yaelbraunpivet,"RT @YaelBRAUNPIVET: On l’a fait !

La parité devient une réalité dans toutes les communes de France.

À toutes les femmes : vous avez désor…"
718918,Alexandra Louis,ALouisMars,twitter.com/ALouisMars|twitter.com/ALouisDeputee13,LAREM,La République en Marche,gabrielattal,"RT @GabrielAttal: Nous avons deux ans. 

Nous avons deux ans pour agir pour nos compatriotes. 

Nous avons deux ans pour agir pour la Franc…"
718918,Alexandra Louis,ALouisMars,twitter.com/ALouisMars|twitter.com/ALouisDeputee13,LAREM,La République en Marche,renaissance,"RT @Renaissance: Une énergie folle à la Cité du Cinéma !

Des débats passionnés, un public engagé, des intervenants inspirants…

Du terrain…"
718918,Alexandra Louis,ALouisMars,twitter.com/ALouisMars|twitter.com/ALouisDeputee13,LAREM,La République en Marche,emmanuelmacron,"RT @EmmanuelMacron: Ensemble et avec toutes nos filières, nous saurons nous protéger et accélérer la réindustrialisation de l’Europe. https…"
718918,Alexandra Louis,ALouisMars,twitter.com/ALouisMars|twitter.com/ALouisDeputee13,LAREM,La République en Marche,franceinfo,"RT @franceinfo: 🔴 Condamnation de Marine Le Pen : Emmanuel Macron ""rappelle"" que la justice est ""indépendante"", que les ""magistrats doivent…"
718918,Alexandra Louis,ALouisMars,twitter.com/ALouisMars|twitter.com/ALouisDeputee13,LAREM,La République en Marche,diavictimes,"RT @DIAVictimes: Universitaires, magistrats et avocats réunis au colloque « Violences de l’intime : penser et avancer ».

Une réflexion jur…"
718918,Alexandra Louis,ALouisMars,twitter.com/ALouisMars|twitter.com/ALouisDeputee13,LAREM,La République en Marche,diavictimes; ispecaix,"RT @DIAVictimes: Échanges passionnants avec les étudiants en #droit pénal et sciences criminelles de l’@IspecAix ! 

C’est grâce à leur #en…"
718918,Alexandra Louis,ALouisMars,twitter.com/ALouisMars|twitter.com/ALouisDeputee13,LAREM,La République en Marche,,Ces mères sont d’un exceptionnel courage. Ces organisations criminelles n’ont aucune limite dans la cruauté et livrent de très jeunes adolescentes à la prostitution. Le lien entre drogue et exploitation des mineurs est clair. La lutte contre le crime organisé est une priorité.
718918,Alexandra Louis,ALouisMars,twitter.com/ALouisMars|twitter.com/ALouisDeputee13,LAREM,La République en Marche,emmanuelmacron,"RT @EmmanuelMacron: L’agression du rabbin Arié Engelberg à Orléans nous choque tous. Je lui adresse, ainsi qu’à son fils et à tous nos comp…"
718918,Alexandra Louis,ALouisMars,twitter.com/ALouisMars|twitter.com/ALouisDeputee13,LAREM,La République en Marche,emmanuelmacron,"RT @EmmanuelMacron: Les glaciers s’éteignent et emportent avec eux l’équilibre de la planète.

En 2023, l’Appel de Paris a ouvert une décen…"
718918,Alexandra Louis,ALouisMars,twitter.com/ALouisMars|twitter.com/ALouisDeputee13,LAREM,La République en Marche,diavictimes,"RT @DIAVictimes: Gabriel, Arié, Myriam, Jonathan. Il y a 13 ans à l’école #OzarHatorah la barbarie arrachait vos vies. Victimes du terroris…"
718918,Alexandra Louis,ALouisMars,twitter.com/ALouisMars|twitter.com/ALouisDeputee13,LAREM,La République en Marche,,Du concret dans la lutte contre le narcotrafic.
722194,Florence Provendier,flprovendier,twitter.com/flprovendier,LAREM,La République en Marche,armenpressfr; nikolpashinyan; parispeaceforum,RT @ArmenpressFR: 🇦🇲🇫🇷 Le Premier ministre @NikolPashinyan participe au @ParisPeaceForum. https://t.co/Mh73KhFQ2q
722194,Florence Provendier,flprovendier,twitter.com/flprovendier,LAREM,La République en Marche,araratpetrosian; nikolpashinyan; parispeaceforum,"RT @araratpetrosian: 🇫🇷 🇦🇲 Discours du Premier ministre @NikolPashinyan  au @ParisPeaceForum

Monsieur le Premier ministre Eddie Rama, Mada…"
722194,Florence Provendier,flprovendier,twitter.com/flprovendier,LAREM,La République en Marche,bernardlehut,"RT @BernardLehut: 345 jours de détention pour Boualem Sansal, 345 jours de trop.
#avecboualemsansal plus que jamais https://t.co/xyDSeubA1u"
722194,Florence Provendier,flprovendier,twitter.com/flprovendier,LAREM,La République en Marche,atdqm,"RT @ATDQM: La journée mondiale du refus de la misère c’est aujourd’hui 🔥🔥

📍Rendez-vous au Trocadéro et partout en France. 

⏰ À partir de…"
722194,Florence Provendier,flprovendier,twitter.com/flprovendier,LAREM,La République en Marche,porteparole_mae,"RT @PorteParole_MAE: #Iran | Cécile Kohler et Jacques Paris, détenus depuis plus de trois ans en Iran, ont été arbitrairement condamnés enc…"
722194,Florence Provendier,flprovendier,twitter.com/flprovendier,LAREM,La République en Marche,bernardlehut,"RT @BernardLehut: 333 jours de détention pour Boualem Sansal, 333 jours de trop.
#avecboualemsansal plus que jamais https://t.co/mJMub0DX9f"
722194,Florence Provendier,flprovendier,twitter.com/flprovendier,LAREM,La République en Marche,monarchiebe,RT @MonarchieBe: 🌍 The Queen is paying a two-day working visit to Armenia in her capacity as an Advocate for the United Nations Sustainable…
722194,Florence Provendier,flprovendier,twitter.com/flprovendier,LAREM,La République en Marche,freececile_,RT @FreeCecile_: Cécile Kohler est otage depuis plus de 1250 jours ! Elle est innocente mais risque la peine de mort.  Mobilisons-nous pour…
722194,Florence Provendier,flprovendier,twitter.com/flprovendier,LAREM,La République en Marche,o_decottignies,"RT @O_Decottignies: L'équipe France en force au sommet Digitec d'Erevan

➡️ La tech rebat les cartes de l'économie et de la géographie
➡️ L…"
722194,Florence Provendier,flprovendier,twitter.com/flprovendier,LAREM,La République en Marche,fdevedjian; petitapetit__,"RT @fdevedjian: Nous sommes nos montagnes – Une histoire du Haut-Karabagh 📕 @PETITAPETIT__ 
sortie le 15 octobre 2025
 
Un roman ancré dans…"
722194,Florence Provendier,flprovendier,twitter.com/flprovendier,LAREM,La République en Marche,amourskycyrille,"RT @AmourskyCyrille: Aujourd’hui, notre ami journaliste Antoni Lallican a été tué par un drone russe à Droujkivka dans la région de Donetsk…"
722194,Florence Provendier,flprovendier,twitter.com/flprovendier,LAREM,La République en Marche,bernardlehut,"RT @BernardLehut: 322 jours de détention pour Boualem Sansal, 322 jours de trop.
#avecboualemsansal plus que jamais https://t.co/NJWFplXEzF"
722194,Florence Provendier,flprovendier,twitter.com/flprovendier,LAREM,La République en Marche,figaromagazine_; jchribuisson; oliviercoret,"RT @jchribuisson: Ne pas manquer ce week-end dans @FigaroMagazine_ , le formidable reportage de 8 pages de Jean-Marc Gonin et @oliviercoret…"
722194,Florence Provendier,flprovendier,twitter.com/flprovendier,LAREM,La République en Marche,flprovendier; fredericchole,RT @FredericChole: Heureux d’accueillir avec @flprovendier des élus arméniens 🇦🇲 de collectivités engagées auprès des réfugiés du Haut-Kara…
722194,Florence Provendier,flprovendier,twitter.com/flprovendier,LAREM,La République en Marche,freececile_,"RT @FreeCecile_: 1240 jours dans l’enfer des geôles iraniennes. Innocents, ils sont brisés par la torture et l’isolement. 
Nous ne savons p…"
722194,Florence Provendier,flprovendier,twitter.com/flprovendier,LAREM,La République en Marche,sifaoui,"RT @Sifaoui: Vendredi 26 septembre  2025, Boualem #Sansal vient de passer sa 313e nuit en détention arbitraire.

Il a été arrêté par la dic…"
722194,Florence Provendier,flprovendier,twitter.com/flprovendier,LAREM,La République en Marche,bernardlehut,"RT @BernardLehut: 313 jours de détention pour Boualem Sansal, 313 jours de trop.
#avecboualemsansal plus que jamais https://t.co/PcgdmEJEHz"
722194,Florence Provendier,flprovendier,twitter.com/flprovendier,LAREM,La République en Marche,armenpressfr,RT @ArmenpressFR: La Reine Mathilde de Belgique effectuera une visite de travail en Arménie du 13 au 15 octobre en tant que Défenseur des O…
722194,Florence Provendier,flprovendier,twitter.com/flprovendier,LAREM,La République en Marche,araratmirzoyan; jnbarrot,"RT @AraratMirzoyan: Warm conversation w/@jnbarrot on the margins of #UNGA.

Reaffirming our shared vision of developing 🇦🇲-🇫🇷 strategic par…"
718918,Alexandra Louis,ALouisMars,twitter.com/ALouisMars|twitter.com/ALouisDeputee13,LAREM,La République en Marche,emmanuelmacron,"RT @EmmanuelMacron: Deux de nos militaires ont perdu la vie dans un tragique accident près d’Arras. Mes pensées vont à leurs familles, leur…"
718918,Alexandra Louis,ALouisMars,twitter.com/ALouisMars|twitter.com/ALouisDeputee13,LAREM,La République en Marche,elysee,RT @Elysee: EN DIRECT | Cérémonie d’hommage aux victimes du terrorisme à Strasbourg. https://t.co/ppzgcaRgIk
718918,Alexandra Louis,ALouisMars,twitter.com/ALouisMars|twitter.com/ALouisDeputee13,LAREM,La République en Marche,emmanuelmacron,"RT @EmmanuelMacron: 11 mars, 21 ans après l'attentat de Madrid, nous honorons le souvenir de toutes les victimes du terrorisme en Europe.…"
718918,Alexandra Louis,ALouisMars,twitter.com/ALouisMars|twitter.com/ALouisDeputee13,LAREM,La République en Marche,,Journée de mémoire et d’union autour des victimes du terrorisme. Elles sont le symbole de notre humanité et de nos valeurs républicaines et européennes. Nous sommes avec vous ! 11 mars https://t.co/5UAkBJ4PzS
718918,Alexandra Louis,ALouisMars,twitter.com/ALouisMars|twitter.com/ALouisDeputee13,LAREM,La République en Marche,alouismars; diavictimes,"RT @DIAVictimes: Au lendemain de la #journée internationale des droits des #femmes, retrouvez la tribune d’@ALouisMars intitulée « Violence…"
718918,Alexandra Louis,ALouisMars,twitter.com/ALouisMars|twitter.com/ALouisDeputee13,LAREM,La République en Marche,,Faire face !
718918,Alexandra Louis,ALouisMars,twitter.com/ALouisMars|twitter.com/ALouisDeputee13,LAREM,La République en Marche,,« La Russie est devenue une menace »Nous devons être à la hauteur de ce moment historique.
718918,Alexandra Louis,ALouisMars,twitter.com/ALouisMars|twitter.com/ALouisDeputee13,LAREM,La République en Marche,guillaumekasba,RT @guillaumekasba: ✅Ma proposition de loi visant à faciliter l’ouverture des débits de boisson en zone rurale est adoptée par la Commissio…
718918,Alexandra Louis,ALouisMars,twitter.com/ALouisMars|twitter.com/ALouisDeputee13,LAREM,La République en Marche,,Le président Zelensky a été élu démocratiquement et comme d’autres je peux en attester car j’y étais dans le cadre d’une mission d’observation.
718918,Alexandra Louis,ALouisMars,twitter.com/ALouisMars|twitter.com/ALouisDeputee13,LAREM,La République en Marche,emmanuelmacron,RT @EmmanuelMacron: Pensées pour les familles des femmes et hommes à qui le cyclone Garance a arraché la vie. La Nation se tient à leurs cô…
718918,Alexandra Louis,ALouisMars,twitter.com/ALouisMars|twitter.com/ALouisDeputee13,LAREM,La République en Marche,emmanuelmacron,"RT @EmmanuelMacron: Une Europe puissance, nous en avons plus que jamais besoin. J’y travaille depuis le début. Le sursaut c’est maintenant.…"
718918,Alexandra Louis,ALouisMars,twitter.com/ALouisMars|twitter.com/ALouisDeputee13,LAREM,La République en Marche,emmanuelmacron,"RT @EmmanuelMacron: Il y a un agresseur : la Russie.

Il y a un peuple agressé : l'Ukraine.

Nous avons tous eu raison d'aider l'Ukraine et…"
718918,Alexandra Louis,ALouisMars,twitter.com/ALouisMars|twitter.com/ALouisDeputee13,LAREM,La République en Marche,,Nous pensons à sa famille qui a déjà tant souffert depuis ce funeste 7 octobre et nous l’assurons de tout notre soutien.
718918,Alexandra Louis,ALouisMars,twitter.com/ALouisMars|twitter.com/ALouisDeputee13,LAREM,La République en Marche,,"Ce tweet est indigne. Cette mère et ses bébés ont été arrachés à leur famille, séquestrés puis assassinés par les terroristes du Hamas avant que leurs dépouilles ne soient instrumentalisées et mises en scène. Notre pays doit être aux côtés des victimes du terrorisme. Toujours !"
718918,Alexandra Louis,ALouisMars,twitter.com/ALouisMars|twitter.com/ALouisDeputee13,LAREM,La République en Marche,,Les séances d’éducation à la vie sexuelle et affective permettent de détecter des enfants victimes de violences sexuelles et de les protéger. Ceux qui les empêchent font passer leur idéologie avant la lutte contre les violences sexuelles.
718918,Alexandra Louis,ALouisMars,twitter.com/ALouisMars|twitter.com/ALouisDeputee13,LAREM,La République en Marche,,Sans compter certains de ces commerces qui permettent de blanchir l’argent du crime et qui pourrissent la vie des marseillaises et des marseillais.
718918,Alexandra Louis,ALouisMars,twitter.com/ALouisMars|twitter.com/ALouisDeputee13,LAREM,La République en Marche,,Une pensée pour les victimes car un procès est toujours un moment très difficile pour elles. Notre devoir est de les accompagner dans la durée.
718918,Alexandra Louis,ALouisMars,twitter.com/ALouisMars|twitter.com/ALouisDeputee13,LAREM,La République en Marche,,"Personne ne peut oublier ce jour d’horreur où ces hommes, pères de famille ont été lâchement assassinés dans l’exercice de leurs fonctions. Merci aux enquêteurs qui ont travaillé avec acharnement"
718918,Alexandra Louis,ALouisMars,twitter.com/ALouisMars|twitter.com/ALouisDeputee13,LAREM,La République en Marche,,Le terrorisme frappe à nouveau aveuglément. Nous serons toujours aux côtés des victimes aussi longtemps qu’il le faudra.
718918,Alexandra Louis,ALouisMars,twitter.com/ALouisMars|twitter.com/ALouisDeputee13,LAREM,La République en Marche,,Il n’y a pas de pire ignominie que la souffrance et la mort infligées à ces enfants. Nous ne les oublierons pas.
713448,Marine Brenier,marinebrenier,twitter.com/marinebrenier,LC,"Les Constructifs : républicains, UDI, indépendants",bailetmonique,RT @bailetmonique: Le parc Phoenix a accueilli ce jour la 1ère édition de la Guinguette des familles. Une journée festive et conviviale que…
713448,Marine Brenier,marinebrenier,twitter.com/marinebrenier,LC,"Les Constructifs : républicains, UDI, indépendants",admdfrance; assembleenat,Un drame parmi d’autres dans cette campagne électorale mais sur un sujet tellement important. Que se passera t’il pour la loi sur la fin de vie qui était discutée à l’@AssembleeNat si le #RN est majoritaire ? @ADMDFRANCE
713448,Marine Brenier,marinebrenier,twitter.com/marinebrenier,LC,"Les Constructifs : républicains, UDI, indépendants",monettigraig,RT @MonettiGraig: Agréable moment avec les niçoises et niçois sous les oliviers des arènes de Cimiez à l’occasion de la fête de la petite e…
713448,Marine Brenier,marinebrenier,twitter.com/marinebrenier,LC,"Les Constructifs : républicains, UDI, indépendants",,"Le courage en politique, c’est d’assumer ses choix et ne pas se défausser face aux difficultés. La sortante montre une fois de + son vrai visage, celui de la haine et du mépris de ses concurrents mais aussi des électeurs qui n’auront pas la chance de pouvoir faire 1 choix éclairé"
713448,Marine Brenier,marinebrenier,twitter.com/marinebrenier,LC,"Les Constructifs : républicains, UDI, indépendants",villedenice,"Samedi, la @VilledeNice vous invite à la fête de la petite enfance ; activités gratuites pour les tout petits et conseils pour les parents. Cette année, nous vous attendons sur toute la journée pour ce moment festif sous les oliviers des arènes de Cimiez ! https://t.co/rpEbD1bQYA"
713448,Marine Brenier,marinebrenier,twitter.com/marinebrenier,LC,"Les Constructifs : républicains, UDI, indépendants",cestrosi; villedenice,"Hier, c’était la fête des pères ! 
A cette occasion, retrouvez notre podcast : ""Le Rôle du Papa""🎧
avec nos 2 invités : Damien, maïoticien à Santa Maria et le Maire de @VilledeNice @cestrosi
Bonne écoute !
#PodcastParentalité #LesRendezVousDeLaParentalité

https://t.co/rGPBi4n2Ab"
713448,Marine Brenier,marinebrenier,twitter.com/marinebrenier,LC,"Les Constructifs : républicains, UDI, indépendants",,Un gif vaut parfois plus qu’un long discours 🤣 https://t.co/PwWdbhaTkP
713448,Marine Brenier,marinebrenier,twitter.com/marinebrenier,LC,"Les Constructifs : républicains, UDI, indépendants",cestrosi; isabellefillio4; nice_matin; villedenice,"Merci à ⁦@Nice_Matin⁩ pour leur retour sur notre guide du parent nissart, une initiative unique en France parrainée par ⁦@IsabelleFillio4⁩ 
Avec ⁦@cestrosi⁩ faisons de ⁦@VilledeNice⁩ une ville toujours plus agréable pour les familles ! https://t.co/MQFXwNVkE2"
713448,Marine Brenier,marinebrenier,twitter.com/marinebrenier,LC,"Les Constructifs : républicains, UDI, indépendants",admdfrance; jonathandenis,"RT @JonathanDenis: Dans le cadre du #PJLFindeVie, un nouvel amendement que nous portions avec @ADMDFRANCE a été adopté : le libre choix au…"
713448,Marine Brenier,marinebrenier,twitter.com/marinebrenier,LC,"Les Constructifs : républicains, UDI, indépendants",,Jean-Claude Gaudin incarnait Marseille. C’est une immense tristesse d’apprendre sa disparition. Espérons que ses héritiers arriveront à reprendre le flambeau et redonner sa grandeur à notre capitale régionale. Paix à son âme. https://t.co/h1AIy0Jj7N
713448,Marine Brenier,marinebrenier,twitter.com/marinebrenier,LC,"Les Constructifs : républicains, UDI, indépendants",admdfrance; jonathandenis,"RT @JonathanDenis: Jusqu’au 31 mars, partout en France, les bénévoles @ADMDFRANCE se mobilisent pour obtenir une loi de liberté dans l’acco…"
713448,Marine Brenier,marinebrenier,twitter.com/marinebrenier,LC,"Les Constructifs : républicains, UDI, indépendants",libe; maxime_boudet,"RT @Maxime_Boudet: 🔹“Pour tous ceux qui souffrent et qui ne peuvent être soulagés. Offrons leur une fin de vie digne et apaisée.”

🗞️ @libe…"
713448,Marine Brenier,marinebrenier,twitter.com/marinebrenier,LC,"Les Constructifs : républicains, UDI, indépendants",eluscontresida,"RT @ElusContreSida: 52% des personnes vivant avec le #VIH dans le monde sont des femmes. 

Et cela à cause de la précarité, des violences e…"
713448,Marine Brenier,marinebrenier,twitter.com/marinebrenier,LC,"Les Constructifs : républicains, UDI, indépendants",eluscontresida,RT @ElusContreSida: Journée mondiale de sensibilisation aux #HPV : il faut accélérer la campagne de #vaccination  des jeunes lancée par le…
713448,Marine Brenier,marinebrenier,twitter.com/marinebrenier,LC,"Les Constructifs : républicains, UDI, indépendants",bfmtv,"RT @BFMTV: Missak Manouchian: début de la cérémonie de veillée au Mont-Valérien, la veille de sa panthéonisation https://t.co/8oPgRj42Mu"
713448,Marine Brenier,marinebrenier,twitter.com/marinebrenier,LC,"Les Constructifs : républicains, UDI, indépendants",bailetmonique; cestrosi,"RT @bailetmonique: Très heureuse de représenter @cestrosi pour la pose de la première pierre du complexe commercial et sportif :
le Super U…"
722194,Florence Provendier,flprovendier,twitter.com/flprovendier,LAREM,La République en Marche,tolmajian,"RT @tolmajian: Profonde tristesse d’apprendre la disparition de Claudia Cardinale, immense figure du cinéma. Son interprétation bouleversan…"
722194,Florence Provendier,flprovendier,twitter.com/flprovendier,LAREM,La République en Marche,bernardlehut,"RT @BernardLehut: 310 jours de détention pour Boualem Sansal, 310 jours de trop.
#avecboualemsansal plus que jamais https://t.co/PrhZBP9McC"
722194,Florence Provendier,flprovendier,twitter.com/flprovendier,LAREM,La République en Marche,fdevedjian,"RT @fdevedjian: Le 21 septembre 1991, l’Arménie 🇦🇲 retrouvait enfin son indépendance 

Malgré les drames et les multiples épreuves qui lui…"
722194,Florence Provendier,flprovendier,twitter.com/flprovendier,LAREM,La République en Marche,tolmajian,"RT @tolmajian: La restauration de l’indépendance de l’Arménie, le 21/09/1991, fut l’aboutissement du rêve porté par plusieurs générations d…"
722194,Florence Provendier,flprovendier,twitter.com/flprovendier,LAREM,La République en Marche,dede_clown_odd; vivonslesodd,RT @VivonsLesODD: Ce soir à 19h sur https://t.co/1cbefmIjAb nous accueillons une nouvelle fois @DeDe_clown_ODD à la veille de la semaine qu…
722194,Florence Provendier,flprovendier,twitter.com/flprovendier,LAREM,La République en Marche,armkhach,RT @armkhach: À partir du 21 septembre le Musée d’Histoire de l’Arménie à Erevan présente l’expo inédite « Dialogues sacrés : du Louvre au…
722194,Florence Provendier,flprovendier,twitter.com/flprovendier,LAREM,La République en Marche,armkhach,"RT @armkhach: Le 16 septembre, des consultations politiques 🇦🇲🤝🇫🇷 se sont tenues à Paris entre les MAE d’Arménie et de France, dirigées par…"
722194,Florence Provendier,flprovendier,twitter.com/flprovendier,LAREM,La République en Marche,bernardlehut,"RT @BernardLehut: Il y a 10 mois jour pour jour, le 16 novembre 2024, Boualem Sansal était arrêté à l’aéroport d’Alger, 304 jours de détent…"
722194,Florence Provendier,flprovendier,twitter.com/flprovendier,LAREM,La République en Marche,benjaminhaddad; va,"RT @benjaminhaddad: La France sera toujours aux côtés de l’Arménie. 

J’ai reçu aujourd’hui le vice ministre des affaires étrangères 🇦🇲 @Va…"
722194,Florence Provendier,flprovendier,twitter.com/flprovendier,LAREM,La République en Marche,_artaxias_,"RT @_Artaxias_: 🕊️ Il y a 110 ans : Le sauvetage héroïque du Musa Dagh, 12 septembre 1915 

En plein génocide, 4 200 Arméniens 🇦🇲  de 7 vil…"
722194,Florence Provendier,flprovendier,twitter.com/flprovendier,LAREM,La République en Marche,bernardlehut,"RT @BernardLehut: 291 jours de détention pour Boualem Sansal, 291 jours de trop. 
#avecboualemsansal plus que jamais. https://t.co/s9ESct89…"
722194,Florence Provendier,flprovendier,twitter.com/flprovendier,LAREM,La République en Marche,bernardlehut,"RT @BernardLehut: 286 jours de détention pour Boualem Sansal, 286 jours de trop. 
#avecboualemsansal plus que jamais. https://t.co/BXOXzbYe…"
722194,Florence Provendier,flprovendier,twitter.com/flprovendier,LAREM,La République en Marche,bernardlehut,"RT @BernardLehut: 274 jours de détention pour Boualem Sansal, 274 jours de trop. 
#avecboualemsansal plus que jamais. https://t.co/kP38IElB…"
722194,Florence Provendier,flprovendier,twitter.com/flprovendier,LAREM,La République en Marche,bernardlehut,"RT @BernardLehut: 273 jours de détention pour Boualem Sansal, 273 jours de trop. 
#avecboualemsansal plus que jamais. https://t.co/EFLKvfTv…"
722194,Florence Provendier,flprovendier,twitter.com/flprovendier,LAREM,La République en Marche,sjallamion,RT @SJallamion: Rien à ajouter. https://t.co/rJeuon5fAp
722194,Florence Provendier,flprovendier,twitter.com/flprovendier,LAREM,La République en Marche,emmanuelmacron; nikolpashinyan,RT @EmmanuelMacron: Je viens de m’entretenir avec le Premier ministre @NikolPashinyan à la suite de la réunion qui s'est tenue à Washington…
722194,Florence Provendier,flprovendier,twitter.com/flprovendier,LAREM,La République en Marche,bernardlehut,"RT @BernardLehut: 261 jours de détention pour Boualem Sansal, 261 jours de trop. 
#avecboualemsansal plus que jamais. https://t.co/pNiMH1Vd…"
722194,Florence Provendier,flprovendier,twitter.com/flprovendier,LAREM,La République en Marche,bernardlehut,"RT @BernardLehut: 259 jours de détention pour Boualem Sansal, 259 jours de trop. 
#avecboualemsansal plus que jamais. https://t.co/C7I4kXxW…"
722194,Florence Provendier,flprovendier,twitter.com/flprovendier,LAREM,La République en Marche,limportant_fr,RT @Limportant_fr: Des bibles aux recettes de gâteaux médiévales: l'Arménie mettra gratuitement en ligne ses manuscrits anciens https://t.c…
718918,Alexandra Louis,ALouisMars,twitter.com/ALouisMars|twitter.com/ALouisDeputee13,LAREM,La République en Marche,,Solidarité et pensées pour toutes les victimes et leurs proches.
718918,Alexandra Louis,ALouisMars,twitter.com/ALouisMars|twitter.com/ALouisDeputee13,LAREM,La République en Marche,emmanuelmacron,"RT @EmmanuelMacron: J’exprime la pleine solidarité et l'amitié des Français envers les nombreux blessés, victimes d’une attaque terrible à…"
718918,Alexandra Louis,ALouisMars,twitter.com/ALouisMars|twitter.com/ALouisDeputee13,LAREM,La République en Marche,,"Les violences psychologiques ou physiques envers les enfants ne relèvent pas d’un choix éducatif des parents. Elles sont interdites par la loi. Tout discours qui justifie la violence, même la plus légère est dangereux."
718918,Alexandra Louis,ALouisMars,twitter.com/ALouisMars|twitter.com/ALouisDeputee13,LAREM,La République en Marche,,Une page judiciaire se tourne mais l’accompagnement des personnes victimes qui en ont besoin doit se poursuivre. J’espère que cette décision leur apportera un peu de sérénité.
718918,Alexandra Louis,ALouisMars,twitter.com/ALouisMars|twitter.com/ALouisDeputee13,LAREM,La République en Marche,franceinfo,"RT @franceinfo: 🔴DIRECT - Emmanuel Macron annonce un investissement de 109 milliards d'euros dans l'IA, une somme comparable au programme a…"
718918,Alexandra Louis,ALouisMars,twitter.com/ALouisMars|twitter.com/ALouisDeputee13,LAREM,La République en Marche,,Pourquoi faudrait il se cacher pour allaiter son bébé? La santé et le bien être des enfants  doivent primer sur les préjugés archaïques et sexistes de certains. Tout mon soutien à cette maman.
718918,Alexandra Louis,ALouisMars,twitter.com/ALouisMars|twitter.com/ALouisDeputee13,LAREM,La République en Marche,emmanuelmacron,"RT @EmmanuelMacron: Cela fait 1000 jours que Cécile Kohler et Jacques Paris sont otages de l’Iran.

842 jours pour Olivier Grondeau.

Je pe…"
718918,Alexandra Louis,ALouisMars,twitter.com/ALouisMars|twitter.com/ALouisDeputee13,LAREM,La République en Marche,afvt_org,RT @afvt_org: Nous recherchons de manière urgente un/une stagiaire au pôle éducatif de l'AfVT. Détail ci-dessous. Nous vous remercions d'av…
718918,Alexandra Louis,ALouisMars,twitter.com/ALouisMars|twitter.com/ALouisDeputee13,LAREM,La République en Marche,,Anne est avant tout une victime et rien ne  justifie le harcèlement dont elle fait l’objet. C’est indigne. Le retrait de cette vidéo est une bonne chose.
718918,Alexandra Louis,ALouisMars,twitter.com/ALouisMars|twitter.com/ALouisDeputee13,LAREM,La République en Marche,afvt_org,RT @afvt_org: Merci #France2 pour cette excellente soirée consacrée aux 10 ans des attentats de Janvier 2015. Nous continuerons de faire vi…
718918,Alexandra Louis,ALouisMars,twitter.com/ALouisMars|twitter.com/ALouisDeputee13,LAREM,La République en Marche,diavictimes,"RT @DIAVictimes: Une décennie, déjà. Contre les monstres qui terrorisent, divisent, assassinent, nous ferons bloc. Pour la mémoire de celle…"
718918,Alexandra Louis,ALouisMars,twitter.com/ALouisMars|twitter.com/ALouisDeputee13,LAREM,La République en Marche,,"Le musée mémorial du terrorisme n’est pas qu’un simple musée mais un projet qui a vocation à contribuer à lutter contre les discours de haine et à entretenir notre mémoire commune. C’est une arme de plus contre le terrorisme. 

https://t.co/IdxZTczPD0"
718918,Alexandra Louis,ALouisMars,twitter.com/ALouisMars|twitter.com/ALouisDeputee13,LAREM,La République en Marche,rtlfrance,"RT @RTLFrance: #Bataclan : ""Ni haine, ni colère, c'est mon destin, être au mauvais endroit au mauvais moment""

Le témoignage de Gaëlle dans…"
718918,Alexandra Louis,ALouisMars,twitter.com/ALouisMars|twitter.com/ALouisDeputee13,LAREM,La République en Marche,,"Ils vont évidement tous courir se déclarer à l’URSAFF et payer leurs impôts. 
Belle idée pour récompenser les trafiquants qui font couler le sang dans les rue de Marseille. Une idée aussi stupide qu’injuste."
718918,Alexandra Louis,ALouisMars,twitter.com/ALouisMars|twitter.com/ALouisDeputee13,LAREM,La République en Marche,,"En Afghanistan, l’effacement des femmes se poursuit, ainsi que l’anéantissement de leurs droits les plus fondamentaux."
718918,Alexandra Louis,ALouisMars,twitter.com/ALouisMars|twitter.com/ALouisDeputee13,LAREM,La République en Marche,diavictimes; gdarmanin,"Bienvenue à la Chancellerie, cher @GDarmanin. Les agents du ministère pourront compter sur votre engagement pour réconcilier la Justice et nos concitoyens. « Un ministre du côté des victimes et de ceux qui les aident ». La @DIAVictimes y prendra toute sa part. https://t.co/fqirnYn97R"
718918,Alexandra Louis,ALouisMars,twitter.com/ALouisMars|twitter.com/ALouisDeputee13,LAREM,La République en Marche,diavictimes; gdarmanin,"Un ministre engagé pour défendre le droit de toutes les victimes. Cher @GDarmanin, toutes mes félicitations, tu pourras compter sur notre plein soutien et celui des équipes de la @DIAVictimes pour faire avancer l’aide aux victimes dans notre pays."
718918,Alexandra Louis,ALouisMars,twitter.com/ALouisMars|twitter.com/ALouisDeputee13,LAREM,La République en Marche,,Recueillement et solidarité.
718918,Alexandra Louis,ALouisMars,twitter.com/ALouisMars|twitter.com/ALouisDeputee13,LAREM,La République en Marche,,"Plein soutien aux victimes de cette terrible tragédie qui ensanglante l’Allemagne à quelques jours de Noël. 
#Solidarité"
718918,Alexandra Louis,ALouisMars,twitter.com/ALouisMars|twitter.com/ALouisDeputee13,LAREM,La République en Marche,,Une campagne de calomnie sans preuve évidemment.
713448,Marine Brenier,marinebrenier,twitter.com/marinebrenier,LC,"Les Constructifs : républicains, UDI, indépendants",emmanuelmacron; gabrielattal; jonathandenis,"RT @JonathanDenis: 1 an après une 1ère promesse non tenue d’@EmmanuelMacron, j’accueille avec vigilance l’engagement de @GabrielAttal de l’…"
713448,Marine Brenier,marinebrenier,twitter.com/marinebrenier,LC,"Les Constructifs : républicains, UDI, indépendants",admdfrance,"RT @ADMDFRANCE: ▶️ C’est parti pour les 44e Journées des délégations de l’Association pour le Droit de Mourir dans la Dignité. 
💬 Echanges,…"
713448,Marine Brenier,marinebrenier,twitter.com/marinebrenier,LC,"Les Constructifs : républicains, UDI, indépendants",admdfrance; remimarchand,"RT @RemiMarchand: Ouverture des journées des délégations de l’@ADMDFRANCE 

Des délégués déterminés pour des mois de 
militantisme si cruci…"
713448,Marine Brenier,marinebrenier,twitter.com/marinebrenier,LC,"Les Constructifs : républicains, UDI, indépendants",jeunesadmd,RT @jeunesadmd: Afterwork de rentrée des Jeunes ADMD parisiens hier soir pour évoquer l’actualité #FindeVie et nos actions de l’année #Soli…
713448,Marine Brenier,marinebrenier,twitter.com/marinebrenier,LC,"Les Constructifs : républicains, UDI, indépendants",barriere_dr,"Courage au Dr @barriere_dr 
Chacun son métier. Que les artistes s’occupent des œuvres et que nos médecins puissent continuer à nous soigner sans risquer d’être menacés."
713448,Marine Brenier,marinebrenier,twitter.com/marinebrenier,LC,"Les Constructifs : républicains, UDI, indépendants",nastasianoens,Bravo @NastasiaNoens ! Tellement fière !
713448,Marine Brenier,marinebrenier,twitter.com/marinebrenier,LC,"Les Constructifs : républicains, UDI, indépendants",cavautrin; datirachida; gabrielattal; gdarmanin,Enfin un remaniement qui fait plaisir ! Voir @CaVautrin et @datirachida rejoindre @GDarmanin au gouvernement me rassure sur l’avenir de la France. C’est un gouvernement aux teintes sarkozystes. Félicitations @GabrielAttal pour ce choix.
713448,Marine Brenier,marinebrenier,twitter.com/marinebrenier,LC,"Les Constructifs : républicains, UDI, indépendants",brisswalter; magalialtounian; univ_cotedazur,"RT @MagaliAltounian: Félicitations à @brisswalter qui vient d’être réélu à la tête de l’@Univ_CotedAzur.

Continuons ensemble à co-construi…"
713448,Marine Brenier,marinebrenier,twitter.com/marinebrenier,LC,"Les Constructifs : républicains, UDI, indépendants",admdfrance; gabrielattal,Bon courage à @GabrielAttal dans ses nouvelles missions de Premier Ministre. Espérons que son gouvernement n’enterre pas la promesse d’une loi sur la fin de vie. @ADMDFRANCE #findevielibre
713448,Marine Brenier,marinebrenier,twitter.com/marinebrenier,LC,"Les Constructifs : républicains, UDI, indépendants",jonathandenis,"RT @JonathanDenis: ⚖️ La France va-t-elle enfin légiférer sur le droit de mourir dans la dignité ? 
📺 Je serai demain, samedi 16 décembre s…"
713448,Marine Brenier,marinebrenier,twitter.com/marinebrenier,LC,"Les Constructifs : républicains, UDI, indépendants",cestrosi; chudenice; flenv,"RT @cestrosi: La fragilité de la filière femme-mère enfant-adolescent et de la pédiatrie, réparties à ce jour entre le @CHUdeNice et @FLenv…"
713448,Marine Brenier,marinebrenier,twitter.com/marinebrenier,LC,"Les Constructifs : républicains, UDI, indépendants",aur_rousseau; cestrosi,"RT @cestrosi: Sur un projet aussi ambitieux qu’est la Cité des santés de la Plaine du Var,  le Ministre @aur_rousseau s’est réjoui d’avoir…"
713448,Marine Brenier,marinebrenier,twitter.com/marinebrenier,LC,"Les Constructifs : républicains, UDI, indépendants",cestrosi,"RT @cestrosi: Ensemble, nous avons pu déterminer les modalités de travail sur l’organisation, dans le respect de chaque entité, d’une mutua…"
713448,Marine Brenier,marinebrenier,twitter.com/marinebrenier,LC,"Les Constructifs : républicains, UDI, indépendants",aur_rousseau; cestrosi,"RT @cestrosi: Merci au Ministre de la Santé et de la Prévention, @aur_rousseau, de nous avoir accordé une réunion de travail entouré des co…"
713448,Marine Brenier,marinebrenier,twitter.com/marinebrenier,LC,"Les Constructifs : républicains, UDI, indépendants",jonathandenis,"RT @JonathanDenis: Toujours cette même justice qui ne sait que faire face à celles et ceux qui ont accompagné, illégalement, un proche en #…"
713448,Marine Brenier,marinebrenier,twitter.com/marinebrenier,LC,"Les Constructifs : républicains, UDI, indépendants",cestrosi,"RT @cestrosi: A Saint-Martin-Vesubie, la situation se dégrade rapidement. Des travaux en cours et du matériel de transports risquent d’être…"
713448,Marine Brenier,marinebrenier,twitter.com/marinebrenier,LC,"Les Constructifs : républicains, UDI, indépendants",anthony_borre; procureurnice,RT @anthony_borre: Merci au @ProcureurNice et à l’ensemble des forces de l’ordre mobilisées sur cette opération de police aux Moulins visan…
713448,Marine Brenier,marinebrenier,twitter.com/marinebrenier,LC,"Les Constructifs : républicains, UDI, indépendants",,"https://t.co/HCp0WxJEGS
« Un droit nouveau ne peut pas dépendre d’un seul homme même Président. » Merci pour cette conclusion. 
A quand enfin un projet de loi sur la fin de vie débattu au Parlement ?"
713448,Marine Brenier,marinebrenier,twitter.com/marinebrenier,LC,"Les Constructifs : républicains, UDI, indépendants",jonathandenis,"RT @JonathanDenis: « Quand on n’a plus rien à proposer à une personne en souffrance extrême, l’aide active à mourir est un soin ».
Le Pr Je…"
713448,Marine Brenier,marinebrenier,twitter.com/marinebrenier,LC,"Les Constructifs : républicains, UDI, indépendants",gareththomas14; jeanlucromero; richardchemla; villedenice,"Avec @gareththomas14, @JeanLucRomero et @RichardChemla au bus Tackle HIV pour la campagne itinérante de sensibilisation et de lutte contre la stigmatisation et la discrimination autour du VIH dans la Fab zone @VilledeNice de la Coupe du Monde de 🏉 https://t.co/aJplOU55rk"
718918,Alexandra Louis,ALouisMars,twitter.com/ALouisMars|twitter.com/ALouisDeputee13,LAREM,La République en Marche,emmanuelmacron,"RT @EmmanuelMacron: Merci Gisèle Pélicot.

Pour ce mot de justice au nom duquel vous avez affronté l’épreuve tête haute.

Pour les femmes,…"
718918,Alexandra Louis,ALouisMars,twitter.com/ALouisMars|twitter.com/ALouisDeputee13,LAREM,La République en Marche,emmanuelmacron,"RT @EmmanuelMacron: Ce que traversent les Mahorais est dramatique. À la douleur du deuil, aux traumatismes, s’ajoutent d’immenses défis.

F…"
,,,,,,,"Celebra, viaja o amplía tu casa. Simula y solicita tu crédito Caja Los Andes en la app Tapp."
718918,Alexandra Louis,ALouisMars,twitter.com/ALouisMars|twitter.com/ALouisDeputee13,LAREM,La République en Marche,emmanuelmacron,"RT @EmmanuelMacron: Pandza ata pandza urehema.
Mahorais, on va se relever ensemble."
718918,Alexandra Louis,ALouisMars,twitter.com/ALouisMars|twitter.com/ALouisDeputee13,LAREM,La République en Marche,diavictimes,"RT @DIAVictimes: #SécuritéRoutière | Les drames de la route nous concernent tous. À #Metz, rencontre avec les associations de victimes et d…"
718918,Alexandra Louis,ALouisMars,twitter.com/ALouisMars|twitter.com/ALouisDeputee13,LAREM,La République en Marche,diavictimes,RT @DIAVictimes: 🚔 Écouter ceux qui nous protègent contre les dangers de la route. Échanges  passionnants avec l’escadron départemental de…
718918,Alexandra Louis,ALouisMars,twitter.com/ALouisMars|twitter.com/ALouisDeputee13,LAREM,La République en Marche,diavictimes,"RT @DIAVictimes: 7 ans, déjà, et toujours la même émotion. En ce 14 décembre, nos pensées vont pour les victimes de Millas, pour ces enfant…"
718918,Alexandra Louis,ALouisMars,twitter.com/ALouisMars|twitter.com/ALouisDeputee13,LAREM,La République en Marche,emmanuelmacron,"RT @EmmanuelMacron: Je suis de près la situation à Mayotte.

Mahorais, tout le pays est à vos côtés.

Merci aux services de l’État, aux for…"
718918,Alexandra Louis,ALouisMars,twitter.com/ALouisMars|twitter.com/ALouisDeputee13,LAREM,La République en Marche,,Félicitations à notre nouveau Premier ministre François Bayrou.  Notre pays a besoin plus que jamais de stabilité en dépassant certains clivages.
718918,Alexandra Louis,ALouisMars,twitter.com/ALouisMars|twitter.com/ALouisDeputee13,LAREM,La République en Marche,diavictimes,RT @DIAVictimes: La commémoration des attentats du 11 décembre 2018 à #Strasbourg fut un temps de mémoire et d'espoirs. Merci à Dorota Oren…
718918,Alexandra Louis,ALouisMars,twitter.com/ALouisMars|twitter.com/ALouisDeputee13,LAREM,La République en Marche,artefr,RT @ARTEfr: Les premiers fournisseurs de contenus récupérés par des pédocriminels ? Les parents qui postent leurs enfants sur les réseaux s…
718918,Alexandra Louis,ALouisMars,twitter.com/ALouisMars|twitter.com/ALouisDeputee13,LAREM,La République en Marche,,Une copropriété laissée à l’abandon.
718918,Alexandra Louis,ALouisMars,twitter.com/ALouisMars|twitter.com/ALouisDeputee13,LAREM,La République en Marche,emmanuelmacron,"RT @EmmanuelMacron: L’État de barbarie est tombé. Enfin.

Je rends hommage au peuple syrien, à son courage, à sa patience. Dans ce moment d…"
718918,Alexandra Louis,ALouisMars,twitter.com/ALouisMars|twitter.com/ALouisDeputee13,LAREM,La République en Marche,emmanuelmacron,"RT @EmmanuelMacron: Je ne pourrai pas me représenter en 2027. Jusqu’au terme de mon mandat, que j’exercerai pleinement, le seul calendrier…"
718918,Alexandra Louis,ALouisMars,twitter.com/ALouisMars|twitter.com/ALouisDeputee13,LAREM,La République en Marche,lcp,"RT @LCP: ""Je n'assumerai jamais l'irresponsabilité des autres et notamment des parlementaires qui ont choisi en conscience de faire tomber…"
718918,Alexandra Louis,ALouisMars,twitter.com/ALouisMars|twitter.com/ALouisDeputee13,LAREM,La République en Marche,emmanuelmacron; michelbarnier,"RT @EmmanuelMacron: Je veux remercier @MichelBarnier pour le travail qu’il a accompli pour notre pays, pour son dévouement et sa pugnacité.…"
718918,Alexandra Louis,ALouisMars,twitter.com/ALouisMars|twitter.com/ALouisDeputee13,LAREM,La République en Marche,michelbarnier,"Merci Monsieur le Premier Ministre @MichelBarnier pour tout le travail accompli ces derniers mois.

Cette motion met un coup d’arrêt à beaucoup d’avancées qui se dessinaient notamment pour les victimes."
718918,Alexandra Louis,ALouisMars,twitter.com/ALouisMars|twitter.com/ALouisDeputee13,LAREM,La République en Marche,,Jusqu’à la dernière minute !
718918,Alexandra Louis,ALouisMars,twitter.com/ALouisMars|twitter.com/ALouisDeputee13,LAREM,La République en Marche,claudemalhuret; indep_senat,"RT @Indep_Senat: Cette motion de #censure est irresponsable.

@ClaudeMalhuret https://t.co/Rur5vhQAsy"
718918,Alexandra Louis,ALouisMars,twitter.com/ALouisMars|twitter.com/ALouisDeputee13,LAREM,La République en Marche,,Une archive intéressante.
718918,Alexandra Louis,ALouisMars,twitter.com/ALouisMars|twitter.com/ALouisDeputee13,LAREM,La République en Marche,diavictimes,RT @DIAVictimes: 3/3 #25novembre #VSS https://t.co/5VS9GTCpcW
722194,Florence Provendier,flprovendier,twitter.com/flprovendier,LAREM,La République en Marche,bernardlehut,"RT @BernardLehut: 253 jours de détention pour Boualem Sansal, 253 jours de trop. 
#avecboualemsansal plus que jamais. https://t.co/ggBCxfT0…"
722194,Florence Provendier,flprovendier,twitter.com/flprovendier,LAREM,La République en Marche,wwffrance,"RT @WWFFrance: Ce 24 juillet 2025, l’humanité entre dans le rouge. 🌍🚨
C’est le #JourDuDépassement.
💧L’eau est en première ligne notamment e…"
722194,Florence Provendier,flprovendier,twitter.com/flprovendier,LAREM,La République en Marche,sandrinelefeur,"RT @SandrineLeFeur: 📉🌿Jour du dépassement en France : à partir d’aujourd’hui, nous vivons 5 mois à crédit. Nous creusons notre dette écolog…"
722194,Florence Provendier,flprovendier,twitter.com/flprovendier,LAREM,La République en Marche,bernardlehut,"RT @BernardLehut: 246 jours de détention pour Boualem Sansal, 246 jours de trop. 
#avecboualemsansal plus que jamais. https://t.co/TnbODQJ5…"
722194,Florence Provendier,flprovendier,twitter.com/flprovendier,LAREM,La République en Marche,nikolpashinyan,RT @NikolPashinyan: Pleased to announce that the Biodiversity #COP17 dates are confirmed &amp; will be held in Yerevan on 18-30 October 2026. W…
722194,Florence Provendier,flprovendier,twitter.com/flprovendier,LAREM,La République en Marche,bernardlehut,"RT @BernardLehut: Cela fait 8 mois ce 16 juillet 2025 que Boualem Sansal a été arrêté à l’aéroport d’Alger, soit 242 jours de détention, 24…"
722194,Florence Provendier,flprovendier,twitter.com/flprovendier,LAREM,La République en Marche,emmanuelmacron; nikolpashinyan,RT @EmmanuelMacron: Très heureux d’accueillir à Paris le Premier ministre arménien @NikolPashinyan. Je lui ai renouvelé le soutien de la Fr…
722194,Florence Provendier,flprovendier,twitter.com/flprovendier,LAREM,La République en Marche,alensimonyan,"RT @alensimonyan: 🇦🇲🤝🇫🇷
À l’occasion de la Fête nationale de la République française, j’adresse mes plus chaleureuses félicitations à mes c…"
722194,Florence Provendier,flprovendier,twitter.com/flprovendier,LAREM,La République en Marche,bernardlehut,"RT @BernardLehut: 240 jours de détention pour Boualem Sansal, 240 jours de trop. 
#avecboualemsansal plus que jamais. https://t.co/MKGLPWeS…"
722194,Florence Provendier,flprovendier,twitter.com/flprovendier,LAREM,La République en Marche,fttatah,"RT @FtTatah: Depuis plus de 20 ans, Sophia Aram sert de bouclier aux filles d’origine maghrébine. Elle remplit les salles, elle monte sur s…"
722194,Florence Provendier,flprovendier,twitter.com/flprovendier,LAREM,La République en Marche,canardenchaine; courdescomptes; pierremoscovici; stephanevojetta,"RT @StephaneVojetta: Cher @pierremoscovici.

J’ai récemment lu dans le @canardenchaine qu’un poste serait vacant à la @Courdescomptes. 

Ét…"
722194,Florence Provendier,flprovendier,twitter.com/flprovendier,LAREM,La République en Marche,stephanevojetta,"RT @StephaneVojetta: J'ai promis la transparence, et je m'exécute. 

🚨 Le Conseil Constitutionnel a décidé de me virer de l'Assemblée natio…"
722194,Florence Provendier,flprovendier,twitter.com/flprovendier,LAREM,La République en Marche,sifaoui,"RT @Sifaoui: Vendredi 11 juillet 2025, Boualem #Sansal vient de passer sa 236e nuit en détention arbitraire.

Il a été arrêté par la dictat…"
722194,Florence Provendier,flprovendier,twitter.com/flprovendier,LAREM,La République en Marche,hugoclement,"RT @hugoclement: Pesticides : plus de 1 000 médecins et scientifiques publient une lettre contre la loi Duplomb ⤵️

https://t.co/RReY6O4dLm"
722194,Florence Provendier,flprovendier,twitter.com/flprovendier,LAREM,La République en Marche,armeniapeace; francediplo,"RT @ArmeniaPeace: 📢 Subvention accordée pour nos missions 🇫🇷🤝

🇦🇲 @ArmeniaPeace bénéficiera d’une subvention accordée par @francediplo  pou…"
722194,Florence Provendier,flprovendier,twitter.com/flprovendier,LAREM,La République en Marche,fdevedjian; g2iafrance,"RT @fdevedjian: Formidable Forum Européen de la Jeunesse Arménienne, organisé ce week-end par @g2iafrance à la Mairie Paris 16 

En présenc…"
722194,Florence Provendier,flprovendier,twitter.com/flprovendier,LAREM,La République en Marche,freececile_,"RT @FreeCecile_: Jamais Cécile et Jacques n’ont été autant en danger.
Bombardement d’Evin, transferts secrets, accusations absurdes.
Plus d…"
722194,Florence Provendier,flprovendier,twitter.com/flprovendier,LAREM,La République en Marche,am_crossroads,"RT @am_crossroads: 🇦🇲🇫🇷The first annual consultations between Armenia and the French Development Agency (AFD, PROPARCO, Expertise France) g…"
722194,Florence Provendier,flprovendier,twitter.com/flprovendier,LAREM,La République en Marche,afd_france; armembfrance,"RT @armembfrance: Ce 1er juillet à Paris, les premières consultations annuelles entre l'#Arménie et @AFD_France se sont déroulées. Dialogue…"
722194,Florence Provendier,flprovendier,twitter.com/flprovendier,LAREM,La République en Marche,sifaoui,"RT @Sifaoui: Dimanche 29 Juin 2025, Boualem #Sansal vient de passer sa 224e nuit en détention arbitraire.

Il a été arrêté par la dictature…"
713448,Marine Brenier,marinebrenier,twitter.com/marinebrenier,LC,"Les Constructifs : républicains, UDI, indépendants",eluscontresida; jeanlucromero; marinebrenier; richardchemla,RT @ElusContreSida: Retrouvez @JeanLucRomero @marinebrenier et @RichardChemla demain à 12h30 au jardin Albert 1er a Nice pour parler de la…
713448,Marine Brenier,marinebrenier,twitter.com/marinebrenier,LC,"Les Constructifs : républicains, UDI, indépendants",gendarmerie,"Profondément attristée par la disparition du Colonel Boualam. J’avais pu apprécier son dévouement et son humanité lors de la #TempeteAlex, mais également à chaque fois que nos routes se sont croisées. Nous perdons un grand officier qui a fait honneur à la @Gendarmerie. https://t.co/r19HO9GDgr"
713448,Marine Brenier,marinebrenier,twitter.com/marinebrenier,LC,"Les Constructifs : républicains, UDI, indépendants",jonathandenis,"RT @JonathanDenis: 📰 « Nous, professionnels de santé, estimons que l’aide active à mourir doit s’inscrire dans le champ du soin. » 

Merci…"
713448,Marine Brenier,marinebrenier,twitter.com/marinebrenier,LC,"Les Constructifs : républicains, UDI, indépendants",xavierbertrand,"RT @xavierbertrand: En bloquant le corridor de Latchin, l’Azerbaïdjan isole 120000 Arméniens du monde et les prive d’un accès vital aux pro…"
713448,Marine Brenier,marinebrenier,twitter.com/marinebrenier,LC,"Les Constructifs : républicains, UDI, indépendants",anne_hidalgo; brunoretailleau; ccaf_france; xavierbertrand,"RT @xavierbertrand: Nous sommes, avec @Anne_Hidalgo, @BrunoRetailleau, plusieurs élus et le @ccaf_france, en Arménie pour apporter une aide…"
713448,Marine Brenier,marinebrenier,twitter.com/marinebrenier,LC,"Les Constructifs : républicains, UDI, indépendants",villedenice,RT @VilledeNice: 🤍 À nos 86 anges 🕊️ https://t.co/brBQrutsCE
713448,Marine Brenier,marinebrenier,twitter.com/marinebrenier,LC,"Les Constructifs : républicains, UDI, indépendants",cestrosi,"Avec les Niçois en réponse à l'appel de @cestrosi pour un rassemblement en soutien aux valeurs républicaines. Après les images d'émeutes, de violence contre les forces de l'ordre et élus, nous, Niçois, sommes là pour rappeler que ces actes abjects n'ont pas leur place chez nous. https://t.co/Vg4CtDLOa7"
713448,Marine Brenier,marinebrenier,twitter.com/marinebrenier,LC,"Les Constructifs : républicains, UDI, indépendants",cestrosi; pmden,"RT @cestrosi: Ce soir encore, les forces de l'ordre et de secours seront mobilisées dans toute la France, comme à #Nice06 avec notre @PMdeN…"
713448,Marine Brenier,marinebrenier,twitter.com/marinebrenier,LC,"Les Constructifs : républicains, UDI, indépendants",cestrosi; marinebrenier,"RT @cestrosi: La petite enfance est en fête à #Nice06 ! Un plaisir, avec @marinebrenier, de partager cette matinée récréative et festive av…"
713448,Marine Brenier,marinebrenier,twitter.com/marinebrenier,LC,"Les Constructifs : républicains, UDI, indépendants",cestrosi; francoisemonier,"Le guichet Nice facile fête ses 5 ans ! Merci à @FrancoiseMONIER et @cestrosi d’avoir créé ce service qui accompagne les familles pour les inscriptions en crèche, à la cantine, dans les centres de loisirs, pour nos seniors… Le travail collectif, c’est toujours une réussite ! https://t.co/3bYQCXni5m"
713448,Marine Brenier,marinebrenier,twitter.com/marinebrenier,LC,"Les Constructifs : républicains, UDI, indépendants",cestrosi,"RT @cestrosi: Silvio Berlusconi, grand industriel et figure emblématique de la politique italienne, qu’il a animée pendant près de 3 décenn…"
713448,Marine Brenier,marinebrenier,twitter.com/marinebrenier,LC,"Les Constructifs : républicains, UDI, indépendants",cestrosi,RT @cestrosi: C’est la suppression pure et simple du péage de Saint-Isidore que nous réclamons ici à #Nice06 et pas une baisse de tarif con…
713448,Marine Brenier,marinebrenier,twitter.com/marinebrenier,LC,"Les Constructifs : républicains, UDI, indépendants",cestrosi; rugbytotsltd; rugbyworldcupfr,"À moins de 100 jours de la @RugbyWorldCupFR à #Nice06, l'esprit du rugby vit chez nos pichouï ! J'étais à la crèche Terra Amata où des ateliers d'éveil sont organisés avec @RugbytotsLtd. Comme le souhaite @cestrosi, même les jeunes Niçois vivront au rythme de ce grand événement ! https://t.co/KNTHOEJIja"
713448,Marine Brenier,marinebrenier,twitter.com/marinebrenier,LC,"Les Constructifs : républicains, UDI, indépendants",nicepresse,"RT @NicePresse: Nice : ""le Département taille dans le social mais dépense plus que jamais dans sa communication"" https://t.co/eG3UOPBaZR ht…"
713448,Marine Brenier,marinebrenier,twitter.com/marinebrenier,LC,"Les Constructifs : républicains, UDI, indépendants",anthony_borre; eciotti,"RT @anthony_borre: En ce 1er avril nous aurions pu croire à une farce mais non… voilà maintenant qu’@ECiotti se prend pour Zola 🤦🏻‍♂️
Le pr…"
718918,Alexandra Louis,ALouisMars,twitter.com/ALouisMars|twitter.com/ALouisDeputee13,LAREM,La République en Marche,diavictimes,RT @DIAVictimes: 2/3 https://t.co/9zIAaz3lfM
718918,Alexandra Louis,ALouisMars,twitter.com/ALouisMars|twitter.com/ALouisDeputee13,LAREM,La République en Marche,diavictimes,"RT @DIAVictimes: Apprendre le féminicide de sa fille par téléphone, en allumant la télé. 
Le témoignage poignant d’un père confronté au dra…"
718918,Alexandra Louis,ALouisMars,twitter.com/ALouisMars|twitter.com/ALouisDeputee13,LAREM,La République en Marche,cnbarreaux,"RT @CNBarreaux: [#25Novembre 🎗️] Face aux violences conjugales, aux violences sexuelles et contre toutes les violences faites aux femmes, l…"
718918,Alexandra Louis,ALouisMars,twitter.com/ALouisMars|twitter.com/ALouisDeputee13,LAREM,La République en Marche,,Une pensée particulière pour les survivants et les proches endeuillés du terrible attentat du 13 novembre 2015 qui souffrent encore 9 ans après. La nation doit se souvenir à jamais des victimes et se rappeler qu’elles incarnent  à jamais notre humanité face à la barbarie. https://t.co/foGpe4WDQ9
718918,Alexandra Louis,ALouisMars,twitter.com/ALouisMars|twitter.com/ALouisDeputee13,LAREM,La République en Marche,,"Des enfants condamnés à mort par des hommes qui ont mis leur idéologie au dessus de la vie humaine.

Se souvenir des enfants de la Verdière 81 ans après le drame c’est se rappeler que l’antisémitisme mène toujours à la mort. 

L’Histoire nous regarde. https://t.co/sSq2m6XQJK"
718918,Alexandra Louis,ALouisMars,twitter.com/ALouisMars|twitter.com/ALouisDeputee13,LAREM,La République en Marche,,J’ai eu l’immense honneur de parrainer la remise des diplômes des étudiants de l’institut de sciences pénales et de criminologie d’Aix-en-Provence. Une nouvelle génération très prometteuse de juristes qui participeront d’une manière ou d’une autre à l’œuvre de justice https://t.co/QFEzq6rxii
718918,Alexandra Louis,ALouisMars,twitter.com/ALouisMars|twitter.com/ALouisDeputee13,LAREM,La République en Marche,prefet06,"RT @prefet06: | Comité local d’aide aux victimes - Attentat du 14 juillet |

Le jeudi 7 novembre s'est tenu un Comité Local d’Aide aux Vict…"
718918,Alexandra Louis,ALouisMars,twitter.com/ALouisMars|twitter.com/ALouisDeputee13,LAREM,La République en Marche,,"Le Ministre de la justice me confie la mission d’identifier les besoins des victimes de la criminalité organisée. 
Avec ma délégation, nous mettrons tous en œuvre pour renforcer l’accompagnement de ces victimes à partir de leurs récits. #Marseille https://t.co/VektCBjX81"
718918,Alexandra Louis,ALouisMars,twitter.com/ALouisMars|twitter.com/ALouisDeputee13,LAREM,La République en Marche,emmanuelmacron,"RT @EmmanuelMacron: Insultes, moqueries, violences.
                              
Voilà le quotidien d’un jeune sur dix, à l’école et sur…"
718918,Alexandra Louis,ALouisMars,twitter.com/ALouisMars|twitter.com/ALouisDeputee13,LAREM,La République en Marche,bfmmarseille,"RT @BFMMarseille: 💬 ""Les hommages sont fondamentaux""

Alexandra Louis, déléguée interministérielle à l'aide aux victimes, explique comment…"
718918,Alexandra Louis,ALouisMars,twitter.com/ALouisMars|twitter.com/ALouisDeputee13,LAREM,La République en Marche,,"Le drame du 5 novembre est devenu une triste date anniversaire pour les marseillais et le symbole de la lutte contre l’habitat dégradé. Jamais nous n’oublierons les victimes, ni celles et ceux qui ont été impactés par cet effondrement. #Marseille https://t.co/L1Xxrz6Pg5"
718918,Alexandra Louis,ALouisMars,twitter.com/ALouisMars|twitter.com/ALouisDeputee13,LAREM,La République en Marche,,Nous avons voté des lois pour donner les moyens à la justice de traquer et juger ces voyous. La Prise de conscience doit se faire à tous les niveaux. La lutte contre l’habitat indigne reste un combat de chaque instant.
718918,Alexandra Louis,ALouisMars,twitter.com/ALouisMars|twitter.com/ALouisDeputee13,LAREM,La République en Marche,perrinegoulet,"Pour aider les victimes, il faut donner à ceux qui les accompagnent les moyens de travailler. 

Merci @perrinegoulet d’avoir défendu cet amendement pour soutenir les associations d’aide aux victimes qui font un travail exceptionnel. https://t.co/i7H4Qx1hmS"
718918,Alexandra Louis,ALouisMars,twitter.com/ALouisMars|twitter.com/ALouisDeputee13,LAREM,La République en Marche,emmanuelmacron,"RT @EmmanuelMacron: Le 23 octobre 1983, 58 soldats français ont perdu la vie à Beyrouth dans une attaque terroriste. Les chasseurs parachut…"
718918,Alexandra Louis,ALouisMars,twitter.com/ALouisMars|twitter.com/ALouisDeputee13,LAREM,La République en Marche,diavictimes,"RT @DIAVictimes: 🎞️Féminicide, terorisme, narcotrafic, violence routière…
Les images des victimes servent à mobiliser l’opinion.
Mais cela…"
718918,Alexandra Louis,ALouisMars,twitter.com/ALouisMars|twitter.com/ALouisDeputee13,LAREM,La République en Marche,diavictimes,"RT @DIAVictimes: 🎞️ Les images des victimes ne nous appartiennent pas

Nous réunissons victimes, psychologues, chercheurs, journalistes, as…"
718918,Alexandra Louis,ALouisMars,twitter.com/ALouisMars|twitter.com/ALouisDeputee13,LAREM,La République en Marche,diavictimes,"RT @DIAVictimes: 🎞️ « Là où l’indécence s’arrête, la dignité s’installe » - Isabelle Bernard 

Aux victimes et proches de victimes nous aya…"
718918,Alexandra Louis,ALouisMars,twitter.com/ALouisMars|twitter.com/ALouisDeputee13,LAREM,La République en Marche,,"Dominique Bernard incarnera pour toujours les valeurs humanistes qu’il a défendu toute sa vie. Nous ne l’oublierons pas. 

« Il n’y a pas une idée qui vaille qu’on tue un homme »."
718918,Alexandra Louis,ALouisMars,twitter.com/ALouisMars|twitter.com/ALouisDeputee13,LAREM,La République en Marche,,"Parole de trafiquants ! 
Le trafic de stupéfiants est un poison à Marseille, comme ailleurs. Chaque personne qui participe de près ou de loin à ces trafics a du sang sur les mains. 
Ce « communiqué » est une honte !"
718918,Alexandra Louis,ALouisMars,twitter.com/ALouisMars|twitter.com/ALouisDeputee13,LAREM,La République en Marche,diavictimes,"RT @DIAVictimes: #7octobre | Un an après, la peine et le chagrin sont toujours là. 
Je pense aux otages et aux victimes de l’attaque terror…"
713448,Marine Brenier,marinebrenier,twitter.com/marinebrenier,LC,"Les Constructifs : républicains, UDI, indépendants",cestrosi; ppleonelli,RT @PPLeonelli: Dans la lignée de Jean Médecin et de Jacques Médecin j’ai rappelé ce matin devant les nombreux amis du Maire que @cestrosi…
713448,Marine Brenier,marinebrenier,twitter.com/marinebrenier,LC,"Les Constructifs : républicains, UDI, indépendants",ami; cestrosi,RT @cestrosi: Le rendez-vous de l'amour et de la passion pour #Nice06 ! Quel bonheur de profiter de cette matinée ensoleillée avec les @Ami…
713448,Marine Brenier,marinebrenier,twitter.com/marinebrenier,LC,"Les Constructifs : républicains, UDI, indépendants",cestrosi,"RT @cestrosi: Suivez en direct le Conseil municipal du jour sur https://t.co/b23nY6dlFg et sur ma Page Facebook. #CMNice

https://t.co/LT3Q…"
713448,Marine Brenier,marinebrenier,twitter.com/marinebrenier,LC,"Les Constructifs : républicains, UDI, indépendants",cestrosi; nastasianoens,".@cestrosi rend un bel hommage à notre championne @NastasiaNoens pour l’ensemble de sa magnifique carrière. En devenant championne de France en slalom pour la 8eme fois ce week-end, elle détient désormais le record. Bravo Nasta. Nous sommes tous fiers de toi ! https://t.co/l5GiXw5LnG"
713448,Marine Brenier,marinebrenier,twitter.com/marinebrenier,LC,"Les Constructifs : républicains, UDI, indépendants",cestrosi,Merci @cestrosi de t’engager dans ce combat pour une #findeviedigne !
713448,Marine Brenier,marinebrenier,twitter.com/marinebrenier,LC,"Les Constructifs : républicains, UDI, indépendants",eluscontresida; jeanlucromero,Merci à mon ami @JeanLucRomero et à toute l’équipe d’@ElusContreSida pour leur confiance et pour m’avoir nommée Vice-Présidente de cette belle association. Un mot d’ordre : dépistage !  Le combat continue https://t.co/bu6k1OmBX9
713448,Marine Brenier,marinebrenier,twitter.com/marinebrenier,LC,"Les Constructifs : républicains, UDI, indépendants",dclaresnicefr,"RT @dclaresnicefr: Cérémonie d’intégration des nouveaux sapeurs pompiers professionnels de la 44eme FI du #sdis06 ,  promotion « Loic Millo…"
713448,Marine Brenier,marinebrenier,twitter.com/marinebrenier,LC,"Les Constructifs : républicains, UDI, indépendants",cestrosi; nice_matin; villedenice,"Merci à @Nice_Matin pour ce zoom sur nos avancées en faveur des familles niçoises et de la petite enfance. Avec @cestrosi, nous investissons pour faire de la @VilledeNice une ville toujours plus agréable pour les familles ! https://t.co/oq5Gh79Sdn"
713448,Marine Brenier,marinebrenier,twitter.com/marinebrenier,LC,"Les Constructifs : républicains, UDI, indépendants",eciotti,".@ECiotti ou l’art d’être contre tout, tout le temps pour tout. Rappelons que tes dernières manifestations étaient contre le mariage homosexuel et que tu cherches désormais à le cacher. Tu en feras sûrement de même pour cette manif quand la promenade du paillon 2 sortira."
713448,Marine Brenier,marinebrenier,twitter.com/marinebrenier,LC,"Les Constructifs : républicains, UDI, indépendants",martineouaknine,RT @MartineOuaknine: Le Département fait savoir qu’il dispose de fonds disponibles pour des acquisitions immobilières. Peut être pourrait-i…
713448,Marine Brenier,marinebrenier,twitter.com/marinebrenier,LC,"Les Constructifs : républicains, UDI, indépendants",cestrosi,"RT @cestrosi: Notre #CMNice se prononce ce matin sur la poursuite de notre plan de sécurité climatique et d'amélioration du cadre de vie, n…"
713448,Marine Brenier,marinebrenier,twitter.com/marinebrenier,LC,"Les Constructifs : républicains, UDI, indépendants",cestrosi,"RT @cestrosi: Suivez en direct le Conseil municipal du jour sur https://t.co/Qsmu4lSbK5 et sur ma Page Facebook. #CMNice

https://t.co/tLXc…"
713448,Marine Brenier,marinebrenier,twitter.com/marinebrenier,LC,"Les Constructifs : républicains, UDI, indépendants",cestrosi,"RT @cestrosi: Je tiens à saluer leur professionnalisme, dévouement et investissement au quotidien pour nos pichoui. Ils sont pour les famil…"
713448,Marine Brenier,marinebrenier,twitter.com/marinebrenier,LC,"Les Constructifs : républicains, UDI, indépendants",cestrosi,"RT @cestrosi: Au quotidien, ils prennent soin de nos jeunes enfants : merci à l’ensemble des acteurs de la Petite Enfance. J’ai souhaité ad…"
713448,Marine Brenier,marinebrenier,twitter.com/marinebrenier,LC,"Les Constructifs : républicains, UDI, indépendants",cestrosi; eciotti,"RT @cestrosi: Cher @Eciotti, on se connait suffisamment pour que je n’utilise pas la même solennité que la tienne pour répondre à cet énièm…"
713448,Marine Brenier,marinebrenier,twitter.com/marinebrenier,LC,"Les Constructifs : républicains, UDI, indépendants",eciotti; ppleonelli,"RT @PPLeonelli: Comme avant les municipales de 2020, comme avant les régionales de 2021, @eciotti est dans la critique et les fakenews perm…"
713448,Marine Brenier,marinebrenier,twitter.com/marinebrenier,LC,"Les Constructifs : républicains, UDI, indépendants",pcondomitti,"RT @pcondomitti: Celui qui se sert de C pas classique ou de la journée des seniors, financés par le contribuable départemental, pour dénonc…"
713448,Marine Brenier,marinebrenier,twitter.com/marinebrenier,LC,"Les Constructifs : républicains, UDI, indépendants",juston_pierre,RT @Juston_Pierre: Pour une loi humaniste laïque &amp; juste. Nous étions 52 personnalités à nous engager pour une loi de liberté de conscience…
713448,Marine Brenier,marinebrenier,twitter.com/marinebrenier,LC,"Les Constructifs : républicains, UDI, indépendants",juston_pierre,Merci à @Juston_Pierre de m’avoir associé à cette tribune pour une #findevie digne. Il est urgent de légiférer. Continuons à nous mobiliser.
713448,Marine Brenier,marinebrenier,twitter.com/marinebrenier,LC,"Les Constructifs : républicains, UDI, indépendants",ccap3000; cestrosi; isola2000_06; lesstationsnca,RT @cestrosi: Depuis @CCap3000 pour préparer le lancement de la saison 2022-2023 des @lesstationsnca ! @Isola2000_06 ouvre son domaine part…
722194,Florence Provendier,flprovendier,twitter.com/flprovendier,LAREM,La République en Marche,emmanuelmacron; nikolpashinyan,"RT @EmmanuelMacron: J'ai eu un très bon échange téléphonique avec le Premier ministre arménien @NikolPashinyan.

Je lui ai dit la solidarit…"
722194,Florence Provendier,flprovendier,twitter.com/flprovendier,LAREM,La République en Marche,bernardlehut,"RT @BernardLehut: 223 jours de détention pour Boualem Sansal, 223 jours de trop.
#avecboualemsansal https://t.co/ts40c6SZ60"
722194,Florence Provendier,flprovendier,twitter.com/flprovendier,LAREM,La République en Marche,bernardlehut,"RT @BernardLehut: 222 jours de détention pour Boualem Sansal, 222 jours de trop.
#avecboualemsansal https://t.co/GhtE0neQR8"
722194,Florence Provendier,flprovendier,twitter.com/flprovendier,LAREM,La République en Marche,nathalieloiseau,RT @NathalieLoiseau: Où l’on apprend qu’une élue demande les questions avant de répondre à une interview. Et refuse de répondre quand les q…
722194,Florence Provendier,flprovendier,twitter.com/flprovendier,LAREM,La République en Marche,bernardlehut,"RT @BernardLehut: 221 jours de détention pour Boualem Sansal, 221 jours de trop.
#avecboualemsansal https://t.co/WKIywj47vy"
722194,Florence Provendier,flprovendier,twitter.com/flprovendier,LAREM,La République en Marche,benedetti65; bernardlehut; csoutienbs; noellelenoir; stephanerozes; xmdriencourt,"RT @CSoutienBS: Urgent ‼️
Communiqué…
@Benedetti65 @noellelenoir @StephaneRozes @XMDriencourt @BernardLehut https://t.co/TsFUYSrRgl"
722194,Florence Provendier,flprovendier,twitter.com/flprovendier,LAREM,La République en Marche,daoud_kamel,RT @daoud_kamel: Le procureur a requis 10 ans de prison contre Sansal à Alger. Il n’y a pas de mots.
722194,Florence Provendier,flprovendier,twitter.com/flprovendier,LAREM,La République en Marche,bernardlehut,"RT @BernardLehut: En ce 220e jour de détention de Boualem Sansal, 220 jours de trop, se tient le procès en appel de l’écrivain. Mais le ver…"
722194,Florence Provendier,flprovendier,twitter.com/flprovendier,LAREM,La République en Marche,jnbarrot,"RT @jnbarrot: À ce soir, dans le #20H de France 2. https://t.co/fAUlhe2bVX"
722194,Florence Provendier,flprovendier,twitter.com/flprovendier,LAREM,La République en Marche,bernardlehut,"RT @BernardLehut: 219 jours de détention pour Boualem Sansal, 219 jours de trop.
#avecboualemsansal https://t.co/JKjKOhk4Gf"
722194,Florence Provendier,flprovendier,twitter.com/flprovendier,LAREM,La République en Marche,bernardlehut,"RT @BernardLehut: 217 jours de détention pour Boualem Sansal, 217 jours de trop.
#avecboualemsansal https://t.co/bXXwOGeKoq"
722194,Florence Provendier,flprovendier,twitter.com/flprovendier,LAREM,La République en Marche,jnbarrot,"RT @jnbarrot: 3 ans de détention arbitraire dans des conditions inhumaines assimilables à de la torture.

La France a déposé plainte à la C…"
722194,Florence Provendier,flprovendier,twitter.com/flprovendier,LAREM,La République en Marche,sifaoui,"RT @Sifaoui: Jeudi 19 Juin 2025, Boualem #Sansal vient de passer sa 214e nuit en détention arbitraire.

Il a été arrêté par la dictature al…"
722194,Florence Provendier,flprovendier,twitter.com/flprovendier,LAREM,La République en Marche,bernardlehut,"RT @BernardLehut: 214 jours de détention pour Boualem Sansal, 214 jours de trop.
#avecboualemsansal https://t.co/9G7AxPVwpT"
722194,Florence Provendier,flprovendier,twitter.com/flprovendier,LAREM,La République en Marche,bernardlehut,"RT @BernardLehut: Cela fait 7 mois ce 16 juin 2025 que Boualem Sansal a été arrêté à l’aéroport d’Alger, soit 212 jours de détention, 212 j…"
722194,Florence Provendier,flprovendier,twitter.com/flprovendier,LAREM,La République en Marche,bernardlehut,"RT @BernardLehut: 211 jours de détention pour Boualem Sansal, 211 jours de trop.
#avecboualemsansal https://t.co/GNGttYpWcN"
722194,Florence Provendier,flprovendier,twitter.com/flprovendier,LAREM,La République en Marche,bernardlehut,"RT @BernardLehut: 210 jours de détention pour Boualem Sansal, 210 jours de trop.
#avecboualemsansal https://t.co/CzyGYyGy5q"
722194,Florence Provendier,flprovendier,twitter.com/flprovendier,LAREM,La République en Marche,constancelegrip,RT @ConstanceLeGrip: Cécile Kohler est otage depuis plus de 1000 jours du régime des mollahs iraniens. Elle est détenue dans des conditions…
722194,Florence Provendier,flprovendier,twitter.com/flprovendier,LAREM,La République en Marche,o_decottignies,"RT @O_Decottignies: Corruption, trafic de visas, pédophilie...

Sur les réseaux sociaux et à la télévision d'État azerbaïdjanaise, M. Léo N…"
718918,Alexandra Louis,ALouisMars,twitter.com/ALouisMars|twitter.com/ALouisDeputee13,LAREM,La République en Marche,gabrielattal,"RT @GabrielAttal: Je lancerai dans quelques mois une Fondation de lutte contre le harcèlement à l'École. 

C'est un combat qui me tient à c…"
718918,Alexandra Louis,ALouisMars,twitter.com/ALouisMars|twitter.com/ALouisDeputee13,LAREM,La République en Marche,,Les marchands de sommeil sont des délinquants dangereux! Leurs victimes sont simplement moins visibles.
718918,Alexandra Louis,ALouisMars,twitter.com/ALouisMars|twitter.com/ALouisDeputee13,LAREM,La République en Marche,,Ruiner les trafiquants et donner à ceux qui œuvrent pour l’intérêt général doit rester notre objectif. Le crime ne devrait plus payer.
718918,Alexandra Louis,ALouisMars,twitter.com/ALouisMars|twitter.com/ALouisDeputee13,LAREM,La République en Marche,le_figaro,"RT @Le_Figaro: «La justice est désormais sur la bonne voie et je suis optimiste pour son avenir.»
→ https://t.co/LzPIAak0vW https://t.co/Ay…"
718918,Alexandra Louis,ALouisMars,twitter.com/ALouisMars|twitter.com/ALouisDeputee13,LAREM,La République en Marche,,"La prostitution des mineurs est un phénomène très grave. Rappelons que les « clients » sont des délinquants sexuels passibles de peines de prison. 
Ce récit illustre une effroyable réalité et nous devons plus que jamais protéger ces enfants victimes."
718918,Alexandra Louis,ALouisMars,twitter.com/ALouisMars|twitter.com/ALouisDeputee13,LAREM,La République en Marche,ambroise_mejean,"RT @Ambroise_Mejean: Le portrait d'Éric Dupond-Moretti est désormais accroché sous celui de Robert Badinter.

Une juste place pour un minis…"
718918,Alexandra Louis,ALouisMars,twitter.com/ALouisMars|twitter.com/ALouisDeputee13,LAREM,La République en Marche,e_dupondm,"Merci @E_DupondM pour tous ces combats menés pour la justice de notre pays et en particulier pour les victimes. 
Bienvenue à notre nouveau Garde des sceaux. https://t.co/TUKvP78t1R"
718918,Alexandra Louis,ALouisMars,twitter.com/ALouisMars|twitter.com/ALouisDeputee13,LAREM,La République en Marche,,Si on  pouvait déjà interdire la cigarette aux abords des écoles aux heures d’entrée et de sortie.
718918,Alexandra Louis,ALouisMars,twitter.com/ALouisMars|twitter.com/ALouisDeputee13,LAREM,La République en Marche,yaelbraunpivet,Merci @YaelBRAUNPIVET pour ton écoute et ton engagement.
718918,Alexandra Louis,ALouisMars,twitter.com/ALouisMars|twitter.com/ALouisDeputee13,LAREM,La République en Marche,,"« Je jure, comme avocat, d'exercer mes fonctions avec dignité, conscience, indépendance, probité et humanité"".
Ce n’est pas qu’une phrase, c’est un serment."
718918,Alexandra Louis,ALouisMars,twitter.com/ALouisMars|twitter.com/ALouisDeputee13,LAREM,La République en Marche,diavictimes,"RT @DIAVictimes: #Commémoration | 170 noms, 170 existences qui comptent, 170 familles endeuillées par l’effroyable attentat qui a frappé l’…"
718918,Alexandra Louis,ALouisMars,twitter.com/ALouisMars|twitter.com/ALouisDeputee13,LAREM,La République en Marche,,"A 12 ans, on parle d’une enfant!
À 12 ans, il n’y a pas de consentement !"
718918,Alexandra Louis,ALouisMars,twitter.com/ALouisMars|twitter.com/ALouisDeputee13,LAREM,La République en Marche,,Les violences sur les enfants ne doivent jamais être considérées comme anecdotiques!  C’est la violence qu’il faut pointer et certainement pas ceux qui la dénoncent.
718918,Alexandra Louis,ALouisMars,twitter.com/ALouisMars|twitter.com/ALouisDeputee13,LAREM,La République en Marche,cn2r_france,RT @CN2R_France: 💻 Un sujet + que d'actualité en cette rentrée : participez à notre prochain webinaire sur la #cyberpedocriminalite avec Vé…
718918,Alexandra Louis,ALouisMars,twitter.com/ALouisMars|twitter.com/ALouisDeputee13,LAREM,La République en Marche,diavictimes,"RT @DIAVictimes: Tout au long de l’année 2023 nous avons œuvré pour améliorer les dispositifs d’accompagnement &amp; de soutien des victimes, a…"
718918,Alexandra Louis,ALouisMars,twitter.com/ALouisMars|twitter.com/ALouisDeputee13,LAREM,La République en Marche,,"Aucune femme ne devrait vivre ça!
Aucune femme ne devrait vivre ça en France!
Total soutien à Marzieh Hamidi  qui dénonce ces obscurantistes qui oppriment les filles et les femmes."
718918,Alexandra Louis,ALouisMars,twitter.com/ALouisMars|twitter.com/ALouisDeputee13,LAREM,La République en Marche,,Le respect de la volonté de cette victime est une exigence de dignité.
718918,Alexandra Louis,ALouisMars,twitter.com/ALouisMars|twitter.com/ALouisDeputee13,LAREM,La République en Marche,avocatscoppet; diavictimes,"RT @AvocatsCoppet: Aujourd'hui, Alexandra Louis, déléguée interministérielle à l'aide aux victimes @DIAVictimes a échangé avec les #victime…"
718918,Alexandra Louis,ALouisMars,twitter.com/ALouisMars|twitter.com/ALouisDeputee13,LAREM,La République en Marche,gabrielattal,Merci @GabrielAttal pour ton engagement comme premier ministre. Nous ne l’oublierons pas.
718918,Alexandra Louis,ALouisMars,twitter.com/ALouisMars|twitter.com/ALouisDeputee13,LAREM,La République en Marche,,Tellement vrai.
713448,Marine Brenier,marinebrenier,twitter.com/marinebrenier,LC,"Les Constructifs : républicains, UDI, indépendants",admdfrance,"J'apprends avec tristesse la disparition de Mylène Demongeot, célèbre actrice et réalisatrice de #Nice06. Touchée par une lourde maladie, elle n'en perdait pas la force de jouer, ni de porter un combat engagé au sein de l'@ADMDFRANCE dont elle était membre du comité d'honneur. https://t.co/xstkV0l2Ma"
713448,Marine Brenier,marinebrenier,twitter.com/marinebrenier,LC,"Les Constructifs : républicains, UDI, indépendants",olivierfalorni,RT @OlivierFalorni: Merci à mes collègues de m’avoir choisi ce soir comme Président de la Mission parlementaire d’évaluation de la loi Clae…
713448,Marine Brenier,marinebrenier,twitter.com/marinebrenier,LC,"Les Constructifs : républicains, UDI, indépendants",eciotti; p_pradal; policenationale,"RT @p_pradal: Qu'@ECiotti considère qu'il faut laisser la @PoliceNationale dans les locaux dégradés où ils se trouvent actuellement ?

Qu'i…"
713448,Marine Brenier,marinebrenier,twitter.com/marinebrenier,LC,"Les Constructifs : républicains, UDI, indépendants",cestrosi,"RT @cestrosi: Nadine, Simone, Vincent.

Deux ans que la barbarie islamiste a arraché la vie à ces trois fidèles de notre Basilique Notre-Da…"
713448,Marine Brenier,marinebrenier,twitter.com/marinebrenier,LC,"Les Constructifs : républicains, UDI, indépendants",,"Je n’oublierai jamais ces journées passées dans la Vésubie aux côtés de nos agents, les gendarmes, les pompiers, les bénévoles, tous ceux qui malgré l’effroi se sont tant donnés pour aider à reconstruire nos vallées. Merci à eux et félicitations pour ces médailles méritées."
713448,Marine Brenier,marinebrenier,twitter.com/marinebrenier,LC,"Les Constructifs : républicains, UDI, indépendants",cestrosi; olivierveran,"RT @cestrosi: Honoré de prendre part à la journée sur l'avenir des vallées avec @olivierveran, deux ans après que la tempête Alex se soit a…"
713448,Marine Brenier,marinebrenier,twitter.com/marinebrenier,LC,"Les Constructifs : républicains, UDI, indépendants",cestrosi,"RT @cestrosi: Au terme de cette deuxième année d’efforts, l’essentiel de ce qu’il reste à faire concerne la reconstruction d’infrastructure…"
713448,Marine Brenier,marinebrenier,twitter.com/marinebrenier,LC,"Les Constructifs : républicains, UDI, indépendants",cestrosi,RT @cestrosi: Ainsi l’annonce faite par les services de l’Etat du versement de 34 millions d’euros supplémentaires d’ici la fin de l’année…
713448,Marine Brenier,marinebrenier,twitter.com/marinebrenier,LC,"Les Constructifs : républicains, UDI, indépendants",notredepdabord,"RT @NotreDepDabord: 🔴 Notre groupe dénonce l’inégalité dans l’attribution des subventions aux cantons par le Département
Ceux qui se permet…"
713448,Marine Brenier,marinebrenier,twitter.com/marinebrenier,LC,"Les Constructifs : républicains, UDI, indépendants",caf06_actus; cestrosi,"Ce matin, @cestrosi inaugurait le centre social des Moulins et signait avec la @Caf06_actus la convention territoriale globale dont relèvent les politiques de la famille et de la petite enfance. https://t.co/JEvscLON2k"
713448,Marine Brenier,marinebrenier,twitter.com/marinebrenier,LC,"Les Constructifs : républicains, UDI, indépendants",bailetmonique,"Avec @bailetmonique nous sommes allées encourager Naro et toute son équipe pour le Yogi #Nice06 festival chez les Amazones, un événement dédié au cancer du sein dans le cadre d’#octobrerose. Bravo pour cette belle initiative solidaire qui a emporté un grand succès malgré la pluie https://t.co/U3su2TrCBt"
713448,Marine Brenier,marinebrenier,twitter.com/marinebrenier,LC,"Les Constructifs : républicains, UDI, indépendants",notredepdabord,"RT @NotreDepDabord: 🚨 Total soutien aux sapeurs-pompiers 
Malgré la censure imposée par le Président du département à notre vœu, les élus d…"
713448,Marine Brenier,marinebrenier,twitter.com/marinebrenier,LC,"Les Constructifs : républicains, UDI, indépendants",cestrosi,Très heureuse d’avoir reçu au nom de @cestrosi avec la direction de la famille une délégation de professeurs autrichiens venus avec l’association Francophonia. Ce partenariat nous a permis d’apprendre de leurs pratiques et d’améliorer les nôtres dans nos structures municipales. https://t.co/TKRfVNIdkg
713448,Marine Brenier,marinebrenier,twitter.com/marinebrenier,LC,"Les Constructifs : républicains, UDI, indépendants",cestrosi; metropolenca,En séance du conseil métropolitain @MetropoleNCA présidé par @cestrosi https://t.co/kATqedjhDH
713448,Marine Brenier,marinebrenier,twitter.com/marinebrenier,LC,"Les Constructifs : républicains, UDI, indépendants",jeannettebougra,RT @jeannettebougra: On n’est pas sérieux quand on a 17 ans et pourtant #NikaShakarami est morte alors qu’elle manifestait contre le port d…
713448,Marine Brenier,marinebrenier,twitter.com/marinebrenier,LC,"Les Constructifs : républicains, UDI, indépendants",jonathandenis,RT @JonathanDenis: La Cour européenne des Droits de l’Homme valide la loi belge de dépénalisation de l’#euthanasie et la juge conforme à la…
713448,Marine Brenier,marinebrenier,twitter.com/marinebrenier,LC,"Les Constructifs : républicains, UDI, indépendants",cestrosi; metropolenca,RT @cestrosi: La @MetropoleNCA continuera d’œuvrer sans relâche pour nos vallées et leurs habitants. À tous ceux qui ont été là quand les h…
713448,Marine Brenier,marinebrenier,twitter.com/marinebrenier,LC,"Les Constructifs : républicains, UDI, indépendants",cestrosi,"RT @cestrosi: Élus, agents de nos collectivités, habitants qui ont subi ce drame et ont parfois tout perdu : nous sommes tous unis ce matin…"
713448,Marine Brenier,marinebrenier,twitter.com/marinebrenier,LC,"Les Constructifs : républicains, UDI, indépendants",cestrosi,"RT @cestrosi: Ce matin, sur ce pont Durandy qui marque l'union des vallées de la Tinée et de la Vésubie, aux pieds de l'œuvre mémorielle de…"
713448,Marine Brenier,marinebrenier,twitter.com/marinebrenier,LC,"Les Constructifs : républicains, UDI, indépendants",p_pradal,"Une belle réussite pour la 1ere de Vide ta chambre aux arènes de Cimiez. 134 exposants, Entraide et partage, la direction de la petite enfance et de nombreuses familles se retrouvent pour cette journée de brocante dédiée aux pitchouï. Merci au Député @p_pradal pour sa présence. https://t.co/rjwlp7x44W"
722194,Florence Provendier,flprovendier,twitter.com/flprovendier,LAREM,La République en Marche,bernardlehut,"RT @BernardLehut: 208 jours de détention pour Boualem Sansal, 208 jours de trop.
#avecboualemsansal https://t.co/iQZ3VxyXdJ"
722194,Florence Provendier,flprovendier,twitter.com/flprovendier,LAREM,La République en Marche,bernardlehut,"RT @BernardLehut: 207 jours de détention pour Boualem Sansal, 207 jours de trop.
#avecboualemsansal https://t.co/HqKzdU2pdU"
722194,Florence Provendier,flprovendier,twitter.com/flprovendier,LAREM,La République en Marche,bernardlehut,"RT @BernardLehut: 206 jours de détention pour Boualem Sansal, 206 jours de trop.
#avecboualemsansal https://t.co/6wfbnMPLqz"
722194,Florence Provendier,flprovendier,twitter.com/flprovendier,LAREM,La République en Marche,araratmirzoyan; jnbarrot,"RT @AraratMirzoyan: Glad to see my good colleague &amp; friend @jnbarrot, this time on the sidelines of #UNOC3 in Nice. Our active engagement i…"
722194,Florence Provendier,flprovendier,twitter.com/flprovendier,LAREM,La République en Marche,bernardlehut,"RT @BernardLehut: 204 jours de détention pour Boualem Sansal, 204 jours de trop.
#avecboualemsansal https://t.co/HVOiBGS0Xz"
722194,Florence Provendier,flprovendier,twitter.com/flprovendier,LAREM,La République en Marche,lyceefrarmenie,"RT @LyceeFrArmenie: 📣📣📣 LE LYCÉE FRANÇAIS ANATOLE FRANCE D'EREVAN, ARMÉNIE, RECRUTE

-Professeur de FLE
-Professeur des écoles
-Professeur…"
722194,Florence Provendier,flprovendier,twitter.com/flprovendier,LAREM,La République en Marche,am_crossroads,RT @am_crossroads: 🇦🇲 🇫🇷 French partners visited Jermuk within the framework of the fifth conference on decentralized cooperation between #…
722194,Florence Provendier,flprovendier,twitter.com/flprovendier,LAREM,La République en Marche,am_crossroads,"RT @am_crossroads: 🇦🇲🇫🇷The Governor of #Gegharkunik, Karen Sargsyan, received representatives of the Council of the #Isère Department of Fr…"
722194,Florence Provendier,flprovendier,twitter.com/flprovendier,LAREM,La République en Marche,am_crossroads,"RT @am_crossroads: 🇦🇲🇫🇷Delegation of the French city of Grenoble visited the #Sevan community.

🔹Head of the Sevan community Sarkis Muradya…"
722194,Florence Provendier,flprovendier,twitter.com/flprovendier,LAREM,La République en Marche,csoutienbs,"RT @CSoutienBS: 200 jours que Boualem Sansal est privé de liberté. 200 jours de censure. 200 jours de trop. 
#LiberezBoualemSansal https://…"
722194,Florence Provendier,flprovendier,twitter.com/flprovendier,LAREM,La République en Marche,,"🇫🇷🤝🇦🇲À l’heure où surgissent toutes formes de tensions, les témoignages de confiance et de solidarité des femmes et des hommes de nos deux pays se sont exprimés avec force lors des assises de la coopération décentralisée franco-arminienne.  #Goris #Syunik #coopération #ODD https://t.co/epBOnjPJHZ"
722194,Florence Provendier,flprovendier,twitter.com/flprovendier,LAREM,La République en Marche,marutvanian,"RT @marutvanian: Congratulations 🇫🇷 🇦🇲  ✂️ 🎊

The Office of the Honorary Consul of France in Goris was officially opened! https://t.co/f2zl…"
722194,Florence Provendier,flprovendier,twitter.com/flprovendier,LAREM,La République en Marche,,"🇫🇷🤝🇦🇲 Ouverture des Assises de la coopération décentralisée franco-arménienne à Goris, dans le Syunik, une ville où se construit la paix☀️
Mobilisation exceptionnelle des collectivités territoriales françaises et des associations aux côtés de l’#Armenie https://t.co/omSgNW9MxY"
722194,Florence Provendier,flprovendier,twitter.com/flprovendier,LAREM,La République en Marche,fondsarmenienf; laguilde_action; oeuvredorient,"🇫🇷🇦🇲Joie de retrouver à Goris des amis de @LaGuilde_Action, de @OeuvredOrient et du @fondsArmenienF unis dans 2 projets : les Ateliers du Syunik et l’atelier de Taraz en soutien aux artisanats du Syunik et aux femmes déplacées de force du Haut Karabagh #solidarité #coopération"
722194,Florence Provendier,flprovendier,twitter.com/flprovendier,LAREM,La République en Marche,citesuniesfr; francediplo,"🇫🇷🇦🇲Tandis que des représentants de nombreuses collectivités territoriales françaises et d’associations arrivent en Arménie, Goris se prépare à accueillir les 5eme assises de la coopération décentralisée franco-arménienne. Rdv demain sur place @francediplo @CitesUniesFR"
722194,Florence Provendier,flprovendier,twitter.com/flprovendier,LAREM,La République en Marche,sifaoui,"RT @Sifaoui: Vendredi 30 mai 2025
Boualem #Sansal vient de passer sa 194e nuit en détention arbitraire.

Il a été arrêté par la dictature a…"
722194,Florence Provendier,flprovendier,twitter.com/flprovendier,LAREM,La République en Marche,armenpressfr,"RT @ArmenpressFR: Le 2-3 juin, le Forum de coopération décentralisée Arménie-France aura lieu à Goris. 

Goris a été choisi comme lieu pour…"
722194,Florence Provendier,flprovendier,twitter.com/flprovendier,LAREM,La République en Marche,jnbarrot,"RT @jnbarrot: De retour de Erevan, en Arménie. 

🇫🇷🇦🇲 https://t.co/xGtNu1jbj6"
722194,Florence Provendier,flprovendier,twitter.com/flprovendier,LAREM,La République en Marche,o_decottignies,"RT @O_Decottignies: 🇦🇲 Aujourd'hui, au côté des autorités arméniennes, nous avons commémoré la fondation de la Première République d'Arméni…"
722194,Florence Provendier,flprovendier,twitter.com/flprovendier,LAREM,La République en Marche,armenpressfr,RT @ArmenpressFR: L’Arménie accueillera en 2027 la Conférence des ministres de la Culture des pays francophones https://t.co/9MYHSge8yK
718918,Alexandra Louis,ALouisMars,twitter.com/ALouisMars|twitter.com/ALouisDeputee13,LAREM,La République en Marche,,Merci à ces policiers qui traquent les pédocriminels.
718918,Alexandra Louis,ALouisMars,twitter.com/ALouisMars|twitter.com/ALouisDeputee13,LAREM,La République en Marche,,"Après le calvaire, le courage."
718918,Alexandra Louis,ALouisMars,twitter.com/ALouisMars|twitter.com/ALouisDeputee13,LAREM,La République en Marche,nbelloubet,"RT @NBelloubet: Le harcèlement à l’École est un fléau insoutenable. Une réalité souvent difficile à percevoir. 

Face au harcèlement. Tous…"
718918,Alexandra Louis,ALouisMars,twitter.com/ALouisMars|twitter.com/ALouisDeputee13,LAREM,La République en Marche,,Tout mon soutien à cette famille endeuillée qui vit la terrible injustice de perdre un enfant dans de si terribles conditions.
718918,Alexandra Louis,ALouisMars,twitter.com/ALouisMars|twitter.com/ALouisDeputee13,LAREM,La République en Marche,,Qui en parle ?
718918,Alexandra Louis,ALouisMars,twitter.com/ALouisMars|twitter.com/ALouisDeputee13,LAREM,La République en Marche,,Peine immense pour la famille et les proches de l’Adjudant Eric Comyn.  Il faut plus que jamais protéger et être aux côtés de ceux qui nous protègent.
718918,Alexandra Louis,ALouisMars,twitter.com/ALouisMars|twitter.com/ALouisDeputee13,LAREM,La République en Marche,,Les graves atteintes aux droits fondamentaux des femmes et filles afghanes commises par les talibans nous concernent tous.
718918,Alexandra Louis,ALouisMars,twitter.com/ALouisMars|twitter.com/ALouisDeputee13,LAREM,La République en Marche,,Attention aux arnaques ! https://t.co/UiJJJX61yJ
718918,Alexandra Louis,ALouisMars,twitter.com/ALouisMars|twitter.com/ALouisDeputee13,LAREM,La République en Marche,,C’est une voie supplémentaire à disposition des victimes pour être entendu.
718918,Alexandra Louis,ALouisMars,twitter.com/ALouisMars|twitter.com/ALouisDeputee13,LAREM,La République en Marche,,Ignoble attaque ! L’antisémitisme est un poison qui ne cesse de se répandre en Europe. Nous devons le combattre de toutes nos forces. Une pensée pour ce policier blessé.
718918,Alexandra Louis,ALouisMars,twitter.com/ALouisMars|twitter.com/ALouisDeputee13,LAREM,La République en Marche,gabrielattal,"RT @GabrielAttal: Une attaque a visé la synagogue de La Grande Motte ce matin. Un acte antisémite. Une fois de plus, nos concitoyens juifs…"
718918,Alexandra Louis,ALouisMars,twitter.com/ALouisMars|twitter.com/ALouisDeputee13,LAREM,La République en Marche,bfmtv,"RT @BFMTV: ""Ils n'étaient pas de la même génération, ils n'étaient pas de la même confession (…) Ils étaient pourtant l'armée de la Nation""…"
718918,Alexandra Louis,ALouisMars,twitter.com/ALouisMars|twitter.com/ALouisDeputee13,LAREM,La République en Marche,,Bravo et merci 🤩
718918,Alexandra Louis,ALouisMars,twitter.com/ALouisMars|twitter.com/ALouisDeputee13,LAREM,La République en Marche,emmanuelmacron,"RT @EmmanuelMacron: Il faut que la guerre à Gaza s'arrête.

Tous doivent l'entendre.

C'est crucial pour les Gazaouis, pour les otages, pou…"
718918,Alexandra Louis,ALouisMars,twitter.com/ALouisMars|twitter.com/ALouisDeputee13,LAREM,La République en Marche,,"L’antisémitisme mène toujours à la mort. 
Le 9 août 1982, la main du terrorisme antisémite ensanglantait avec cruauté la rue des rosiers à Paris, laissant 6 morts et 22 blessés. Jamais nous n’oublierons ces victimes symbole de notre humanité. https://t.co/hG9882wYZ3"
718918,Alexandra Louis,ALouisMars,twitter.com/ALouisMars|twitter.com/ALouisDeputee13,LAREM,La République en Marche,,Bravo à ces sportives de haut niveau qui représentent plus que jamais les couleurs de la France en rappelant que les joueuses de beach-volley peuvent comme toutes les femmes s’habiller comme elles veulent.
718918,Alexandra Louis,ALouisMars,twitter.com/ALouisMars|twitter.com/ALouisDeputee13,LAREM,La République en Marche,,Magnifique !
718918,Alexandra Louis,ALouisMars,twitter.com/ALouisMars|twitter.com/ALouisDeputee13,LAREM,La République en Marche,emmanuelmacron,RT @EmmanuelMacron: Nous pensons avec émotion aux otages retenus depuis 300 jours par le Hamas. La France continue d’œuvrer pour que tous s…
718918,Alexandra Louis,ALouisMars,twitter.com/ALouisMars|twitter.com/ALouisDeputee13,LAREM,La République en Marche,elysee,RT @Elysee: https://t.co/EJrRNcAhyl
718918,Alexandra Louis,ALouisMars,twitter.com/ALouisMars|twitter.com/ALouisDeputee13,LAREM,La République en Marche,diavictimes,"RT @DIAVictimes: Destiné à assurer un accompagnement pluridisciplinaire dans la durée (santé, social, juridique…) ce comité local d’aide au…"
713448,Marine Brenier,marinebrenier,twitter.com/marinebrenier,LC,"Les Constructifs : républicains, UDI, indépendants",cestrosi; franckmartin06,"Avec @FranckMARTIN06, nous avons eu le plaisir de visiter la nouvelle crèche de l’Eau vive. Grâce à @cestrosi cette structure va désormais acceuillir 160 pitchouï dans de superbes locaux. Dès lundi, les premiers enfants seront pris en charge par nos professionnels déjà au travail https://t.co/XRQVSOYsj7"
713448,Marine Brenier,marinebrenier,twitter.com/marinebrenier,LC,"Les Constructifs : républicains, UDI, indépendants",virgowhallala,RT @VirgoWhallala: Camaïeu va fermer définitivement samedi soir. Dans toute la France. La vente des articles qui reste d’ici là « servira à…
713448,Marine Brenier,marinebrenier,twitter.com/marinebrenier,LC,"Les Constructifs : républicains, UDI, indépendants",,"Visite du LAEP « Les orangers » qui partage les locaux avec le guichet unique. Cette structure accueille les enfants et leurs parents avec accès à des activités et conseils des professionnels de la petite enfance. En cœur de ville, la fréquentation y est toujours  très importante https://t.co/XH7ZfCSyrW"
713448,Marine Brenier,marinebrenier,twitter.com/marinebrenier,LC,"Les Constructifs : républicains, UDI, indépendants",hervecael; marinebrenier; villedenice,"RT @hervecael: Visite avec @marinebrenier du « Guichet Unique Nice Facile » à #Nice06 
Des agents @VilledeNice mobilisés au service des fam…"
713448,Marine Brenier,marinebrenier,twitter.com/marinebrenier,LC,"Les Constructifs : républicains, UDI, indépendants",,"Visite de la crèche « La source » à #Nice06 Nord, une crèche bien décorée et animée par des professionnelles soucieuses de l’environnement. L’écologie s’apprend dès le plus jeune âge. 🍀 https://t.co/DqyA1vxCup"
713448,Marine Brenier,marinebrenier,twitter.com/marinebrenier,LC,"Les Constructifs : républicains, UDI, indépendants",villedenice,"Aujourd’hui, visite de la première crèche qui a ouvert à @VilledeNice dans les années 50, la crèche de Terra Amata et sa voisine Les explorateurs. Deux établissements du quartier du port avec de très beaux extérieurs et des équipes dévouées à nos pitchouï. https://t.co/MoliHsozS9"
713448,Marine Brenier,marinebrenier,twitter.com/marinebrenier,LC,"Les Constructifs : républicains, UDI, indépendants",cestrosi,"RT @cestrosi: Journée nationale d'hommage aux #Harkis : Ne les oublions pas, ils ont tant donné pour la France 🇫🇷 https://t.co/sjnSiGyXjj"
713448,Marine Brenier,marinebrenier,twitter.com/marinebrenier,LC,"Les Constructifs : républicains, UDI, indépendants",fkhaldi06; marinebrenier,RT @Fkhaldi06: Ce matin aux côtés de ma collègue @marinebrenier Adjointe déléguée à la famille et à la petite enfance pour une visite des c…
713448,Marine Brenier,marinebrenier,twitter.com/marinebrenier,LC,"Les Constructifs : républicains, UDI, indépendants",,"Cette année, c’est sous les bombes et devant la menace de l’envahisseur azéri que l’#Arménie célèbre sa fête de l’indépendance. En cette journée si particulière, je veux redire que la France ne peut pas rester indifférente devant cette autre guerre qui se déroule sous nos yeux. https://t.co/S7O69Gfrs6"
713448,Marine Brenier,marinebrenier,twitter.com/marinebrenier,LC,"Les Constructifs : républicains, UDI, indépendants",,"Visite de nos crèches municipales. 
Aujourd’hui, ➡️ crèche Bellevue 
➡️ la Joia ➡️ Villa Isabelle 
3 établissements dans le quartier de #Nice06 Nord avec des offres variées et des équipes toujours aussi dévouées pour nos tout petits. Bravo à nos agents. https://t.co/xlcfXVzmpe"
713448,Marine Brenier,marinebrenier,twitter.com/marinebrenier,LC,"Les Constructifs : républicains, UDI, indépendants",,"Poursuite de la tournée des crèches ; la Roseraie, un établissement au cœur des jardins du Monastère de Cimiez et l’oiseau bleu doté de deux magnifiques jardins. Quelle chance de pouvoir accueillir nos petits niçois dans ce cadre sous la bienveillante attention de nos agents. https://t.co/5bv9I2yPHH"
713448,Marine Brenier,marinebrenier,twitter.com/marinebrenier,LC,"Les Constructifs : républicains, UDI, indépendants",caf06_actus,"Une fois par mois, la direction de la famille et de la petite enfance organise avec la @Caf06_actus et la PMI une réunion pour les futurs parents pour présenter les dispositifs d’accueil des tout petits. 
Prochain RDV le 4 octobre à l’espace des associations Garibaldi. https://t.co/s43f3DgV84"
713448,Marine Brenier,marinebrenier,twitter.com/marinebrenier,LC,"Les Constructifs : républicains, UDI, indépendants",,"Quel soulagement. Après des années où le débat était quasi confisqué, le #CCNE ouvre la voie pour une #findevielibre. À mes anciens collègues parlementaires, il est désormais de votre responsabilité de faire avancer la loi."
713448,Marine Brenier,marinebrenier,twitter.com/marinebrenier,LC,"Les Constructifs : républicains, UDI, indépendants",,Enfin !
713448,Marine Brenier,marinebrenier,twitter.com/marinebrenier,LC,"Les Constructifs : républicains, UDI, indépendants",vonderleyen,"Dans l’indifférence générale l’Azerbaijan attaque l’Arménie. 

Face à la faiblesse de l’Europe le dictateur Aliev continue son action destructrice en toute impunité. @vonderleyen va même acheter son gaz. 

La France doit agir rapidement et fermement pour aider l’Arménie."
713448,Marine Brenier,marinebrenier,twitter.com/marinebrenier,LC,"Les Constructifs : républicains, UDI, indépendants",cestrosi,"A la Mantega et aux Rainettes sur la Madeleine, je suis allée rencontrer les professionnels et tout petits accueillis dans nos belles structures municipales. Merci à @cestrosi d’avoir fait le choix de faire de la famille et la petite enfance des priorités pour notre municipalité. https://t.co/DI0fGdjOP9"
713448,Marine Brenier,marinebrenier,twitter.com/marinebrenier,LC,"Les Constructifs : républicains, UDI, indépendants",gaelnofri,RT @GaelNofri: Heureux de participer ce soir au Comité de Caucade présidé par Gilles Caleo. Ensemble nous avons abordé les enjeux de circul…
713448,Marine Brenier,marinebrenier,twitter.com/marinebrenier,LC,"Les Constructifs : républicains, UDI, indépendants",paullarrouturou,"RT @PaulLarrouturou: Fin de vie:Emmanuel Macron va installer une nouvelle convention citoyenne. 
Et en fonction de ses résultats il n’exclu…"
713448,Marine Brenier,marinebrenier,twitter.com/marinebrenier,LC,"Les Constructifs : républicains, UDI, indépendants",fdevedjian,"RT @fdevedjian: Le 12 septembre 1915, la marine 🇫🇷, sous les ordres de l’amiral Louis Dartige du Fournet, sauvait plus de 4000 arméniens du…"
713448,Marine Brenier,marinebrenier,twitter.com/marinebrenier,LC,"Les Constructifs : républicains, UDI, indépendants",cestrosi,"RT @cestrosi: Lors de sa visite officielle à #Nice06 le 7 mai 2018, j’avais eu l’honneur de faire du Roi Charles III, alors Prince de Galle…"
718918,Alexandra Louis,ALouisMars,twitter.com/ALouisMars|twitter.com/ALouisDeputee13,LAREM,La République en Marche,diavictimes,"RT @DIAVictimes: #Nice | Afin de mieux coordonner les dispositifs d’accompagnement des victimes et impactés de l’incendie aux #Moulins, à m…"
718918,Alexandra Louis,ALouisMars,twitter.com/ALouisMars|twitter.com/ALouisDeputee13,LAREM,La République en Marche,emmanuelmacron,RT @EmmanuelMacron: Welcome to France. https://t.co/ifLHfgVHVv
718918,Alexandra Louis,ALouisMars,twitter.com/ALouisMars|twitter.com/ALouisDeputee13,LAREM,La République en Marche,emmanuelmacron,"RT @EmmanuelMacron: Les Jeux de Paris seront les plus durables, les plus inclusifs, les plus paritaires de l’Histoire. L’ouverture, aucun p…"
718918,Alexandra Louis,ALouisMars,twitter.com/ALouisMars|twitter.com/ALouisDeputee13,LAREM,La République en Marche,diavictimes,RT @DIAVictimes: #Nice | L’État travaillera main dans la main avec la ville de Nice dans les semaines et mois à venir afin d’accompagner ef…
718918,Alexandra Louis,ALouisMars,twitter.com/ALouisMars|twitter.com/ALouisDeputee13,LAREM,La République en Marche,emmanuelmacron,"RT @EmmanuelMacron: Un monde où le sport sert le bien commun : cette épreuve, nous devons la gagner tous ensemble ! Rendez-vous le 25 juill…"
718918,Alexandra Louis,ALouisMars,twitter.com/ALouisMars|twitter.com/ALouisDeputee13,LAREM,La République en Marche,,Félicitations chère Yaël. Je sais que tu continueras à faire vivre le débat démocratique au sein de l’assemblée avec engagement.
718918,Alexandra Louis,ALouisMars,twitter.com/ALouisMars|twitter.com/ALouisDeputee13,LAREM,La République en Marche,gabrielattal,"RT @GabrielAttal: Cette nuit, à Nice, un feu criminel a tué sept de nos compatriotes.

Trois enfants font partie des victimes.

Trois enfan…"
718918,Alexandra Louis,ALouisMars,twitter.com/ALouisMars|twitter.com/ALouisDeputee13,LAREM,La République en Marche,diavictimes,"RT @DIAVictimes: #Nice | Mes pensées vont aux victimes de ce terrible incendie, ainsi qu’à leurs familles. Nous mettrons tout en œuvre afin…"
718918,Alexandra Louis,ALouisMars,twitter.com/ALouisMars|twitter.com/ALouisDeputee13,LAREM,La République en Marche,gabrielattal,"RT @GabrielAttal: D’ici à ce qu’un nouveau Gouvernement soit nommé, nous restons mobilisés pour faire marcher l’État, protéger les Français…"
718918,Alexandra Louis,ALouisMars,twitter.com/ALouisMars|twitter.com/ALouisDeputee13,LAREM,La République en Marche,le_parisien,"RT @le_Parisien: Et soudain, un silence poignant devant le Bataclan.

Devant la salle de concert, un rescapé des attentats a passé le relai…"
718918,Alexandra Louis,ALouisMars,twitter.com/ALouisMars|twitter.com/ALouisDeputee13,LAREM,La République en Marche,,Il n’y a rien de plus terrible et révoltant que la mort d’un enfant. Tout mon soutien à ses proches endeuillés et que la justice se fasse.
718918,Alexandra Louis,ALouisMars,twitter.com/ALouisMars|twitter.com/ALouisDeputee13,LAREM,La République en Marche,gabrielattal,"RT @GabrielAttal: Dans deux semaines, la France recevra le monde à l’occasion des Jeux Olympiques. 

Nos forces de sécurité et nos militair…"
718918,Alexandra Louis,ALouisMars,twitter.com/ALouisMars|twitter.com/ALouisDeputee13,LAREM,La République en Marche,artedesintox,"RT @ArteDesintox: Les ultras riches imposés seulement à 2% ? 🧐
#desintox #fakesnews #ClemenceGuette #impots https://t.co/srZe35N0dJ"
718918,Alexandra Louis,ALouisMars,twitter.com/ALouisMars|twitter.com/ALouisDeputee13,LAREM,La République en Marche,,Menacer de mort un journaliste est une attaque intolérable à l’état de droit. Les journalistes font partie des gardiens de la démocratie. J’espère que les auteurs  seront démasqués et jugés. Tout mon soutien.
718918,Alexandra Louis,ALouisMars,twitter.com/ALouisMars|twitter.com/ALouisDeputee13,LAREM,La République en Marche,gabrielattal,"RT @GabrielAttal: Être Premier ministre est l'honneur de ma vie. 

Le lien que nous avons tissé est ce que j'ai de plus précieux. 

Ce soir…"
718918,Alexandra Louis,ALouisMars,twitter.com/ALouisMars|twitter.com/ALouisDeputee13,LAREM,La République en Marche,,"Ouf! La France n’est pas d’extrême droite.  
C’est une belle victoire pour la République et tous ceux qui la défendent."
718918,Alexandra Louis,ALouisMars,twitter.com/ALouisMars|twitter.com/ALouisDeputee13,LAREM,La République en Marche,alouismars; nadiahai78,"RT @NadiaHAI78: @ALouisMars Cette dame a été députée pendant 2 ans …🤦‍♀️
C’est cette même personne qui, à chacune de ses interventions, exc…"
718918,Alexandra Louis,ALouisMars,twitter.com/ALouisMars|twitter.com/ALouisDeputee13,LAREM,La République en Marche,,"C’est extrêmement grave. En menaçant  les avocats, ils mettent en danger nos droits et nos libertés. J’espère que la justice sanctionnera ces individus. Voilà vers où nous emmène l’extrême droite."
718918,Alexandra Louis,ALouisMars,twitter.com/ALouisMars|twitter.com/ALouisDeputee13,LAREM,La République en Marche,,"Entre les candidats incompétents, les racistes et antisémites, ceux qui se planquent et maintenant les délinquants, le RN nous dévoile ses vrais visages. S’ils sont élus, on va difficilement pouvoir parler de représentation nationale."
718918,Alexandra Louis,ALouisMars,twitter.com/ALouisMars|twitter.com/ALouisDeputee13,LAREM,La République en Marche,,"Voilà pourquoi elle refuse le débat. Celui de 2022 a démontré son incompétence.  Elle ne connaît rien aux sujets de sécurité. Elle a réinventé le casier judiciaire, la présomption d’innocence et nous parle de «  peines de plancher ». Dire qu’elle était en commission des lois. https://t.co/bd8CRqUpeP"
713448,Marine Brenier,marinebrenier,twitter.com/marinebrenier,LC,"Les Constructifs : républicains, UDI, indépendants",cestrosi,"RT @cestrosi: C’est avec une vive émotion que #Nice06 rend un hommage digne à Sa Majesté la Reine Elizabeth II, aux côtés de la Consule hon…"
713448,Marine Brenier,marinebrenier,twitter.com/marinebrenier,LC,"Les Constructifs : républicains, UDI, indépendants",,"Journée de visites dans les crèches municipales 👶🏼 en commençant par les Coquelicots, puis l’arbre bleu et enfin les petits loups. Heureuse de pouvoir rencontrer nos agents qui accueillent avec dévouement et passion nos petits niçois. https://t.co/wAXBFtMsal"
713448,Marine Brenier,marinebrenier,twitter.com/marinebrenier,LC,"Les Constructifs : républicains, UDI, indépendants",assembleenat; yaelbraunpivet,"Merci à @YaelBRAUNPIVET, Présidente de l’@AssembleeNat, d’avoir rappelé notre travail transpartisan sur la #FinDeVie et de s’engager à ce qu’un texte soit enfin voté. C’est une grande fierté pour moi d’avoir participé à ce combat pour un droit fondamental. https://t.co/4b1GmS40Mf"
713448,Marine Brenier,marinebrenier,twitter.com/marinebrenier,LC,"Les Constructifs : républicains, UDI, indépendants",cestrosi; laure_rubi; villedenice,Merci à @cestrosi de me faire l’honneur de succéder à mon amie @laure_rubi à la délégation de la famille et la petite enfance dans notre merveilleuse @VilledeNice. Je ferai mon maximum pour être à la hauteur de ces nouvelles missions et du travail entrepris. https://t.co/cXqbfjT3zD
713448,Marine Brenier,marinebrenier,twitter.com/marinebrenier,LC,"Les Constructifs : républicains, UDI, indépendants",assembleenat; franceinter; jonathandenis; yaelbraunpivet,"RT @JonathanDenis: 📻 Sur @franceinter ce matin, la présidente de l’@AssembleeNat, @YaelBRAUNPIVET a appelé à ouvrir rapidement le débat sur…"
713448,Marine Brenier,marinebrenier,twitter.com/marinebrenier,LC,"Les Constructifs : républicains, UDI, indépendants",,"Ce sont des journées douloureuses mais ô combien nécessaires qui démarrent aujourd’hui. Pensées aux victimes, à leurs familles et aux secours qui ce 14 juillet 2016 ont connu l’horreur humaine. #procès #attentatdeNice https://t.co/xMiKTUaq61"
713448,Marine Brenier,marinebrenier,twitter.com/marinebrenier,LC,"Les Constructifs : républicains, UDI, indépendants",amisdumaire; cestrosi,"Nous étions 6000 ce soir autour de notre Maire @cestrosi. Malgré la pluie annoncée, rien ne décourage les @AmisDuMaire de se retrouver pour ce beau moment de rentrée. Merci à vous tous de votre présence et votre fidélité. https://t.co/TEPNK63sHL"
713448,Marine Brenier,marinebrenier,twitter.com/marinebrenier,LC,"Les Constructifs : républicains, UDI, indépendants",anthony_borre; cestrosi,"RT @anthony_borre: Après plus d’un an de combat, nous évacuons avec @cestrosi, le campement de l’autopont, à l’Ouest de #Nice06!

Un soulag…"
713448,Marine Brenier,marinebrenier,twitter.com/marinebrenier,LC,"Les Constructifs : républicains, UDI, indépendants",cestrosi; ppleonelli,RT @PPLeonelli: Merci aux 14 agents de la propreté et de la collecte qui sont intervenus ce matin en présence de @cestrosi pour évacuer 15…
713448,Marine Brenier,marinebrenier,twitter.com/marinebrenier,LC,"Les Constructifs : républicains, UDI, indépendants",bailetmonique,RT @bailetmonique: Le campement de l’auto pont du bd Mercantour évacué ce matin . Une immense satisfaction pour tous les riverains qui subi…
713448,Marine Brenier,marinebrenier,twitter.com/marinebrenier,LC,"Les Constructifs : républicains, UDI, indépendants",metropolenca; villedenice,"Une formidable avancée pour l’interconnexion des transports et faciliter la vie des azuréens. Avec le chantier de la voie rapide et le raccordement à l’A8, nous avons 2 belles réalisations en cours pour l’Ouest de #Nice06 grâce à l’implication de la @VilledeNice et @MetropoleNCA"
713448,Marine Brenier,marinebrenier,twitter.com/marinebrenier,LC,"Les Constructifs : républicains, UDI, indépendants",xavierbonhomme1,Merci au Procureur de la République @XavierBonhomme1 pour son intervention. Ni oubli ni pardon. #attentat #Nice06
713448,Marine Brenier,marinebrenier,twitter.com/marinebrenier,LC,"Les Constructifs : républicains, UDI, indépendants",cestrosi,"RT @cestrosi: A quelques jours du début du procès, des messages ignobles faisant référence à l’attentat de #Nice06 sont diffusés sur les ré…"
713448,Marine Brenier,marinebrenier,twitter.com/marinebrenier,LC,"Les Constructifs : républicains, UDI, indépendants",ogcnice,"Quel match ! 
Ce soir l’@ogcnice nous offre l’Europe ! Une ambiance de folie, un match à 10, mais la victoire d’une merveilleuse équipe à la clef ! 
Bravo aux aiglons, avanti Nissa 🔴⚫️"
713448,Marine Brenier,marinebrenier,twitter.com/marinebrenier,LC,"Les Constructifs : républicains, UDI, indépendants",pierre_fiori; villedenice,"RT @pierre_fiori: Livraison des nouvelles peintures pour le Groupe Scolaire des #Magnolias.
Dans les écoles de la @VilledeNice on termine l…"
713448,Marine Brenier,marinebrenier,twitter.com/marinebrenier,LC,"Les Constructifs : républicains, UDI, indépendants",cestrosi; jeanlucgag; pierre_fiori,RT @pierre_fiori: Avec @cestrosi et @JeanLucGag nous profitons des vacances scolaires pour #Rénover #Embellir #Moderniser les écoles de la…
713448,Marine Brenier,marinebrenier,twitter.com/marinebrenier,LC,"Les Constructifs : républicains, UDI, indépendants",,"C’est drôle de la part de celui qui refuse de laisser le Président du département représenter son institution à Nice. Tous les conseillers métropolitains de la majorité sont légitimes pour représenter la Métropole. Comme toujours vos remarques sont petites, stériles et inutiles."
713448,Marine Brenier,marinebrenier,twitter.com/marinebrenier,LC,"Les Constructifs : républicains, UDI, indépendants",stetienne_auron,"Fête patronale de @StEtienne_Auron 
Quel plaisir de voir le village animé pendant ces quelques jours de festivités mêlant traditions et modernité. Bravo au comité des fêtes et à sa présidente Chloé Fabron pour leur dévouement. https://t.co/YyyaWOAsYl"
713448,Marine Brenier,marinebrenier,twitter.com/marinebrenier,LC,"Les Constructifs : républicains, UDI, indépendants",,"En déboulonnant Nicolas #Sarkozy, Éric Ciotti veut incarner le courant woke de sa « droite », celle qui renie la grande époque d’une droite forte, unie et rassemblée qui manque tant à notre pays. Mais c’est dans son habitude de renier ceux qui l’ont fait gagner."
713448,Marine Brenier,marinebrenier,twitter.com/marinebrenier,LC,"Les Constructifs : républicains, UDI, indépendants",cestrosi,"RT @cestrosi: En octobre 2020, la #TempêteAlex détruisait la Route de la Madone. 14 brèches, 2 ouvrages d’art emportés et ce glissement de…"
722194,Florence Provendier,flprovendier,twitter.com/flprovendier,LAREM,La République en Marche,iflorennes92; jnbarrot,"RT @iflorennes92: À Erevan avec @jnbarrot, nous avons rendu hommage aux victimes du genocide arménien 🇦🇲 ainsi qu’au vice-amiral Dartige du…"
722194,Florence Provendier,flprovendier,twitter.com/flprovendier,LAREM,La République en Marche,jnbarrot,"RT @jnbarrot: Théo Clerc est de retour en France, après 422 jours en détention, à la faveur d’une grâce du président de l’Azerbaïdjan. Imme…"
722194,Florence Provendier,flprovendier,twitter.com/flprovendier,LAREM,La République en Marche,jnbarrot,"🇫🇷🇦🇲Le ministre @jnbarrot réaffirme le soutien indéfectible de la France au développement et au renforcement des capacités de l’Arménie à Erevan :
Signature de nouveaux accords de dans les domaines politiques et économiques. 
Position commune en faveur de l’accord de Paix https://t.co/hkMHe4daVs"
722194,Florence Provendier,flprovendier,twitter.com/flprovendier,LAREM,La République en Marche,araratmirzoyan; francediplo_en; jnbarrot,RT @francediplo_EN: #Armenia | @jnbarrot and @AraratMirzoyan have concluded cooperation agreements between the 🇫🇷 and 🇦🇲 Foreign Ministries…
722194,Florence Provendier,flprovendier,twitter.com/flprovendier,LAREM,La République en Marche,francediplo; jnbarrot; nikolpashinyan,"RT @francediplo: #Arménie | @jnbarrot a été reçu en audience par le Premier Ministre 🇦🇲 @NikolPashinyan. 
La 🇫🇷 est déterminée à  accompagn…"
722194,Florence Provendier,flprovendier,twitter.com/flprovendier,LAREM,La République en Marche,jnbarrot,"RT @jnbarrot: Hommage aux victimes du Génocide des Arméniens, et au courage du vice-amiral Louis Dartige du Fournet, qui a rompu le rang po…"
722194,Florence Provendier,flprovendier,twitter.com/flprovendier,LAREM,La République en Marche,araratmirzoyan; francediplo; jnbarrot,RT @francediplo: #Arménie | @jnbarrot et @AraratMirzoyan ont conclu des accords de coopération entre les ministères des Affaires étrangères…
722194,Florence Provendier,flprovendier,twitter.com/flprovendier,LAREM,La République en Marche,jnbarrot; yerevandialogue,"RT @YerevanDialogue: .@jnbarrot, Minister for Europe and Foreign Affairs, France, will join us at the #YerevanDialogue2025

🗓 26–27 May 202…"
722194,Florence Provendier,flprovendier,twitter.com/flprovendier,LAREM,La République en Marche,jchribuisson,"RT @jchribuisson: Ce procès de la honte dont tout le monde se fout...
Pensées aux anciens dirigeants civils et militaires de l'#Artsakh #Ha…"
722194,Florence Provendier,flprovendier,twitter.com/flprovendier,LAREM,La République en Marche,bernardlehut,"RT @BernardLehut: 190 jours de détention pour Boualem Sansal, 190 jours de trop.
#avecboualemsansal https://t.co/1KISheI3Xj"
722194,Florence Provendier,flprovendier,twitter.com/flprovendier,LAREM,La République en Marche,fdevedjian; startupblink,"RT @fdevedjian: L’Arménie 🇦🇲 terre d’innovation et d’investissements 🔬💻📈💵

Classement 2025 de @StartupBlink

✅ Pays: #Arménie #54 et 🥇en As…"
722194,Florence Provendier,flprovendier,twitter.com/flprovendier,LAREM,La République en Marche,bernardlehut,"RT @BernardLehut: 189 jours de détention pour Boualem Sansal, 189 jours de trop.
#avecboualemsansal https://t.co/MxoI9EiYuC"
722194,Florence Provendier,flprovendier,twitter.com/flprovendier,LAREM,La République en Marche,csoutienbs,"RT @CSoutienBS: 187 jours que Boualem Sansal est privé de liberté. 187 jours de censure. 187 jours de trop. 
#LiberezBoualemSansal https://…"
722194,Florence Provendier,flprovendier,twitter.com/flprovendier,LAREM,La République en Marche,bernardlehut,"RT @BernardLehut: 185 jours de détention pour Boualem Sansal, 185 jours de trop.
#avecboualemsansal https://t.co/PnttAnQY5I"
722194,Florence Provendier,flprovendier,twitter.com/flprovendier,LAREM,La République en Marche,francediplo,RT @francediplo: Des allégations totalement infondées circulent sur Telegram et Twitter concernant une prétendue ingérence de la France dan…
722194,Florence Provendier,flprovendier,twitter.com/flprovendier,LAREM,La République en Marche,collectif_van; inalco,"RT @Collectif_VAN: Journées d'Etudes Arméniennes à l'@Inalco du 21 mai au 6 juin 2025.
Au programme du 6 juin, à 9h50, #Manouchian et les c…"
722194,Florence Provendier,flprovendier,twitter.com/flprovendier,LAREM,La République en Marche,bernardlehut,"RT @BernardLehut: 183 jours de détention pour Boualem Sansal, 183 jours de trop.
#avecboualemsansal https://t.co/dATRdM3HqL"
722194,Florence Provendier,flprovendier,twitter.com/flprovendier,LAREM,La République en Marche,bernardlehut,"RT @BernardLehut: Il y a 6 mois jour pour jour, le 16 novembre 2024, Boualem Sansal était arrêté en Algérie : 181 jours de détention, 181 j…"
722194,Florence Provendier,flprovendier,twitter.com/flprovendier,LAREM,La République en Marche,bernardlehut; sgdlaut,"RT @BernardLehut: 179 jours de détention pour Boualem Sansal, 179 jours de trop.
#avecboualemsansal : l’écrivain récompensé par la @SGDLAut…"
722194,Florence Provendier,flprovendier,twitter.com/flprovendier,LAREM,La République en Marche,o_decottignies,"RT @O_Decottignies: 🇫🇷🇦🇲 Le remplissage du réservoir de Vedi a commencé !

➡️ Financé à 80% par l'Agence française développement, c'est le…"
718918,Alexandra Louis,ALouisMars,twitter.com/ALouisMars|twitter.com/ALouisDeputee13,LAREM,La République en Marche,e_dupondm; j_bardella,"RT @E_DupondM: À partir de combien de brebis galeuses peut-on parler de troupeau? 

@J_Bardella jure que « 99,9% de ses candidats ne posent…"
718918,Alexandra Louis,ALouisMars,twitter.com/ALouisMars|twitter.com/ALouisDeputee13,LAREM,La République en Marche,,L’extrême droite n’a pas changé et ne changera jamais. La preuve en image.
718918,Alexandra Louis,ALouisMars,twitter.com/ALouisMars|twitter.com/ALouisDeputee13,LAREM,La République en Marche,,"Gisèle LeLouis fuit le débat car elle est trop lâche pour assumer son incompétence. Elle ne propose rien à part des slogans creux. Si le RN gagne une majorité absolue, il précipitera cette circonscription dans la misère  et la division. Il sera difficile de revenir en arrière."
718918,Alexandra Louis,ALouisMars,twitter.com/ALouisMars|twitter.com/ALouisDeputee13,LAREM,La République en Marche,,Je précise que cette dame d’extrême droite m’a bloquée lorsque j’ai opposé des arguments à ses pseudos mesures contre le trafic de drogue. Il n’est pas étonnant qu’elle fuit les débats comme la peste! https://t.co/WTl4inuDnz
718918,Alexandra Louis,ALouisMars,twitter.com/ALouisMars|twitter.com/ALouisDeputee13,LAREM,La République en Marche,alouismars; blancgerard13; chloebernigaud; wiktorzam,RT @blancgerard13: Le travail acharné d’@ALouisMars @Wiktorzam @ChloeBernigaud contre l’habitat indigne de 2017 à 2022 a fini par payer ave…
718918,Alexandra Louis,ALouisMars,twitter.com/ALouisMars|twitter.com/ALouisDeputee13,LAREM,La République en Marche,e_dupondm,"RT @E_DupondM: À ceux qui me disent que parler du racisme du Front national est un argument « ringard et éculé », que « tout ça remonte aux…"
718918,Alexandra Louis,ALouisMars,twitter.com/ALouisMars|twitter.com/ALouisDeputee13,LAREM,La République en Marche,,Pas une voix pour l’extrême droite incarnée par le RN.
718918,Alexandra Louis,ALouisMars,twitter.com/ALouisMars|twitter.com/ALouisDeputee13,LAREM,La République en Marche,ambroise_mejean; lci,"RT @LCI: 🗣️""Nous nous battons pour éviter que l'extrême droite prenne le pouvoir dans notre pays"" : @Ambroise_Mejean explique ""la position…"
718918,Alexandra Louis,ALouisMars,twitter.com/ALouisMars|twitter.com/ALouisDeputee13,LAREM,La République en Marche,renaissance,"RT @Renaissance: La position de Renaissance a toujours été d'être un rempart face à l'extrême-droite.

Le 7 juillet, faisons le choix de la…"
718918,Alexandra Louis,ALouisMars,twitter.com/ALouisMars|twitter.com/ALouisDeputee13,LAREM,La République en Marche,uefrance,RT @UEFrance: Rescapée de la Shoah. Première Présidente du Parlement européen. Défenseure des droits des femmes. Académicienne. Panthéonisé…
718918,Alexandra Louis,ALouisMars,twitter.com/ALouisMars|twitter.com/ALouisDeputee13,LAREM,La République en Marche,,Le talent ne meurt jamais.
718918,Alexandra Louis,ALouisMars,twitter.com/ALouisMars|twitter.com/ALouisDeputee13,LAREM,La République en Marche,,"Dimanche, nous allons faire un choix décisif pour l’avenir de notre pays. Je voterai pour un candidat qui défend nos valeurs républicaines et propose des mesures réalistes. Ne cédons rien aux extrêmes.
#EnsemblePourLaRepublique"
718918,Alexandra Louis,ALouisMars,twitter.com/ALouisMars|twitter.com/ALouisDeputee13,LAREM,La République en Marche,zitounisouad3,"Si vous avez la chance d’habiter la circonscription de @ZITOUNISouad3 alors vous avez l’occasion de voter pour une femme engagée,  dévouée à l’intérêt général et qui défend comme avocate et candidate nos valeurs républicaines."
718918,Alexandra Louis,ALouisMars,twitter.com/ALouisMars|twitter.com/ALouisDeputee13,LAREM,La République en Marche,,"La discrimination devient une règle de droit avec le #RN. Une pensée pour tous nos concitoyens ayant une double nationalité qui se dévouent pour l’intérêt général (infirmiers, médecins, policiers, pompiers,…)  #legislative2024"
718918,Alexandra Louis,ALouisMars,twitter.com/ALouisMars|twitter.com/ALouisDeputee13,LAREM,La République en Marche,gabrielattal,RT @GabrielAttal: https://t.co/senkns7xvq 👀 https://t.co/QWcMT817dB
718918,Alexandra Louis,ALouisMars,twitter.com/ALouisMars|twitter.com/ALouisDeputee13,LAREM,La République en Marche,gabrielattal,"RT @GabrielAttal: J'ai la chance et l'honneur d'exercer les fonctions de Premier ministre depuis désormais près de six mois.

C'est une fon…"
718918,Alexandra Louis,ALouisMars,twitter.com/ALouisMars|twitter.com/ALouisDeputee13,LAREM,La République en Marche,,La montée de l’extrême droite s’accompagne toujours de la libération des haines. Ce racisme est un fléau qu’il faut  combattre sans relâche et sans la moindre tolérance.
718918,Alexandra Louis,ALouisMars,twitter.com/ALouisMars|twitter.com/ALouisDeputee13,LAREM,La République en Marche,maxime_boudet; nbelloubet,"RT @Maxime_Boudet: 🔹 Échanger avec @NBelloubet : respect, valeurs de la République, mixité, solutions pour les élèves décrocheurs, lutte co…"
718918,Alexandra Louis,ALouisMars,twitter.com/ALouisMars|twitter.com/ALouisDeputee13,LAREM,La République en Marche,rcjradio,"RT @RCJRADIO: ""Là où le vote LFI débride l'antisémitisme islamiste, le vote RN débriderait le racisme ET l'antisémitisme, complotiste et ré…"
718918,Alexandra Louis,ALouisMars,twitter.com/ALouisMars|twitter.com/ALouisDeputee13,LAREM,La République en Marche,nathalieloiseau,RT @NathalieLoiseau: Vladimir Poutine serait le grand gagnant en cas de victoire du RN.
713448,Marine Brenier,marinebrenier,twitter.com/marinebrenier,LC,"Les Constructifs : républicains, UDI, indépendants",,"L’UE veut réduire notre dépendance au gaz russe mais pour cela, elle se tourne désormais vers le gaz azéri. Pour rappel, ce pays dirigé par le dictateur Aliev a usé en 2020 des mêmes méthodes et armes que la Russie contre l’Ukraine, contre le peuple arménien. #2poids2mesures"
713448,Marine Brenier,marinebrenier,twitter.com/marinebrenier,LC,"Les Constructifs : républicains, UDI, indépendants",,"#14Juillet 2016 - 2022

Ni oubli ni pardon. https://t.co/wdM1npUI5x"
,,,,,,,Esta es tu invitación para formar parte de la historia. Haz tu depósito hoy y asegura acceso prioritario a los paquetes de Hospitalidad Olímpica de LA28.
713448,Marine Brenier,marinebrenier,twitter.com/marinebrenier,LC,"Les Constructifs : républicains, UDI, indépendants",cestrosi,"RT @cestrosi: #14juillet 2016 - 14 juillet 2022

Pensées pour nos 86 anges, pour les victimes du terrorisme et de la barbarie. https://t.co…"
713448,Marine Brenier,marinebrenier,twitter.com/marinebrenier,LC,"Les Constructifs : républicains, UDI, indépendants",artefr; jeanlucromero,"Il y a quelques mois, avec une délégation parlementaire et @JeanLucRomero , nous avions rencontré le Docteur Damas en Belgique pour échanger sur notre volonté de faire avancer la loi sur la #findevie en France. Merci à @ARTEfr de diffuser ce soir ce film. https://t.co/gMa6k4m4qI"
713448,Marine Brenier,marinebrenier,twitter.com/marinebrenier,LC,"Les Constructifs : républicains, UDI, indépendants",metropolenca,RT @MetropoleNCA: Ces travaux sur la Route de la Madone contribuent au maintien de l’activité économique et touristique dans la vallée de l…
713448,Marine Brenier,marinebrenier,twitter.com/marinebrenier,LC,"Les Constructifs : républicains, UDI, indépendants",metropolenca,"RT @MetropoleNCA: Sur les 1️⃣2️⃣,5️⃣ km de la route de la Madone (RM 94), la #TempeteAlex a impacté 4️⃣ km.

Depuis octobre 2020, nos servi…"
713448,Marine Brenier,marinebrenier,twitter.com/marinebrenier,LC,"Les Constructifs : républicains, UDI, indépendants",ppleonelli,RT @PPLeonelli: Je suis très heureux de vous informer en ma qualité de Président des #AmisduMaire du retour de Lou Festin Nissart autour de…
713448,Marine Brenier,marinebrenier,twitter.com/marinebrenier,LC,"Les Constructifs : républicains, UDI, indépendants",,"Devant les menaces qui pèsent sur la France et les Français, les policiers nationaux sont notre rempart.

À l’occasion de la #JournéeDeLaPoliceNationale, je veux saluer l’engagement de ces femmes et de ces hommes en première ligne.

Merci 🇫🇷 https://t.co/LQgmusUc20"
713448,Marine Brenier,marinebrenier,twitter.com/marinebrenier,LC,"Les Constructifs : républicains, UDI, indépendants",cestrosi,"Face à la recrudescence de l’épidémie de la Covid, @cestrosi agit en instaurant le port du masque dans les transports. Nous prenons une décision juste et responsable pour protéger les Niçois pendant que d’autres restent dans des basses postures politiciennes et stériles."
713448,Marine Brenier,marinebrenier,twitter.com/marinebrenier,LC,"Les Constructifs : républicains, UDI, indépendants",bailetmonique,RT @bailetmonique: Tous aux Arènes de Cimiez pour une soirée conviviale des Amis du Maire autour de Christian Estrosi. Au plaisir de vous y…
713448,Marine Brenier,marinebrenier,twitter.com/marinebrenier,LC,"Les Constructifs : républicains, UDI, indépendants",,"En ce 5 juillet je pense aux victimes du massacre d’Oran. Ne jamais oublier. Respecter notre devoir de mémoire.

https://t.co/7GV9TvXcaT"
713448,Marine Brenier,marinebrenier,twitter.com/marinebrenier,LC,"Les Constructifs : républicains, UDI, indépendants",admdfrance; linerenaud,"RT @ADMDFRANCE: 🎂 Nous souhaitons un très bel anniversaire à notre marraine @linerenaud, passez une merveilleuse journée chère Line ! 
📹 L'…"
713448,Marine Brenier,marinebrenier,twitter.com/marinebrenier,LC,"Les Constructifs : républicains, UDI, indépendants",efs_dondesang,"RT @EFS_dondesang: 📣 Nous demandons à chaque française, chaque français en capacité de donner son sang de faire ce geste solidaire.
Prenez…"
713448,Marine Brenier,marinebrenier,twitter.com/marinebrenier,LC,"Les Constructifs : républicains, UDI, indépendants",efs_dondesang,"RT @EFS_dondesang: 🅰️🅱️🅾️ Les stocks sont aujourd'hui inférieurs à 90 000 poches.
Nous devons atteindre 110 000 poches d'ici mi-juillet pou…"
713448,Marine Brenier,marinebrenier,twitter.com/marinebrenier,LC,"Les Constructifs : républicains, UDI, indépendants",efs_dondesang,RT @EFS_dondesang: ⚠️ Le niveau des réserves de sang de la France est historiquement bas. Une situation critique à la veille des départs en…
713448,Marine Brenier,marinebrenier,twitter.com/marinebrenier,LC,"Les Constructifs : républicains, UDI, indépendants",efs_dondesang,"RT @EFS_dondesang: 🔴 Pour la 2e fois de notre histoire et à moins de 6 mois d'intervalle, nous publions un bulletin d'urgence vitale.
#Urge…"
713448,Marine Brenier,marinebrenier,twitter.com/marinebrenier,LC,"Les Constructifs : républicains, UDI, indépendants",efs_dondesang,"RT @EFS_dondesang: 29 juin 2022, un jour historique pour l'EFS !
Pourtant, il n'y a vraiment pas de quoi s'en réjouir 👇
#UrgenceDonDeSang"
713448,Marine Brenier,marinebrenier,twitter.com/marinebrenier,LC,"Les Constructifs : républicains, UDI, indépendants",assembleenat; yaelbraunpivet,Félicitations chère @YaelBRAUNPIVET pour ton élection à la Présidence de l’@AssembleeNat. Fière d’avoir partagé avec toi ce combat fondamental pour une #findevielibre. Tu seras une grande Présidente pour cette belle institution.
713448,Marine Brenier,marinebrenier,twitter.com/marinebrenier,LC,"Les Constructifs : républicains, UDI, indépendants",,https://t.co/FdaZNfESyl
713448,Marine Brenier,marinebrenier,twitter.com/marinebrenier,LC,"Les Constructifs : républicains, UDI, indépendants",,A voté ! 🗳 #legislatives2022 https://t.co/LmPdltMKXZ
722194,Florence Provendier,flprovendier,twitter.com/flprovendier,LAREM,La République en Marche,bernardlehut,"RT @BernardLehut: 178 jours de détention pour Boualem Sansal, 178 jours de trop.
#avecboualemsansal https://t.co/S14smc43it"
722194,Florence Provendier,flprovendier,twitter.com/flprovendier,LAREM,La République en Marche,bernardlehut,"RT @BernardLehut: 177 jours de détention pour Boualem Sansal, 177 jours de trop.
#avecboualemsansal https://t.co/X6NYrx1UtR"
722194,Florence Provendier,flprovendier,twitter.com/flprovendier,LAREM,La République en Marche,sifaoui,"RT @Sifaoui: Lundi 12 mai 2025
Boualem #Sansal vient de passer sa 176e nuit en détention arbitraire. 

Il a été arrêté par la dictature alg…"
722194,Florence Provendier,flprovendier,twitter.com/flprovendier,LAREM,La République en Marche,bernardlehut,"RT @BernardLehut: 175 jours de détention pour Boualem Sansal, 175 jours de trop.
#avecboualemsansal https://t.co/oRugRyfmhp"
722194,Florence Provendier,flprovendier,twitter.com/flprovendier,LAREM,La République en Marche,jnbarrot,RT @jnbarrot: Le Pape Léon XIV porte désormais l’espérance de millions de catholiques en France et dans le monde. Face aux crises et confli…
722194,Florence Provendier,flprovendier,twitter.com/flprovendier,LAREM,La République en Marche,bernardlehut,"RT @BernardLehut: 173 jours de détention pour Boualem Sansal, 173 jours de trop.
#avecboualemsansal https://t.co/DM6X7sVHmN"
722194,Florence Provendier,flprovendier,twitter.com/flprovendier,LAREM,La République en Marche,yaelbraunpivet,"RT @YaelBRAUNPIVET: Chaque jour passé loin de leur pays, loin de leurs proches, est une blessure.

Nos compatriotes Cécile Kohler et Jacque…"
722194,Florence Provendier,flprovendier,twitter.com/flprovendier,LAREM,La République en Marche,benjaminhaddad,"RT @benjaminhaddad: Indigne.

LFI vote contre la resolution de soutien à Boualem Sansal et explique que la France est fautive alors qu’elle…"
722194,Florence Provendier,flprovendier,twitter.com/flprovendier,LAREM,La République en Marche,bernardlehut,"RT @BernardLehut: 171 jours de détention pour Boualem Sansal, 171 jours de trop.
#avecboualemsansal https://t.co/g8avxL1TU7"
722194,Florence Provendier,flprovendier,twitter.com/flprovendier,LAREM,La République en Marche,freececile_,"RT @FreeCecile_: Cécile Kohler est otage depuis 3 ans !
Cette semaine, on se mobilise partout pour qu’elle ne soit pas oubliée.
👉Ajoutez #F…"
722194,Florence Provendier,flprovendier,twitter.com/flprovendier,LAREM,La République en Marche,bernardlehut,"RT @BernardLehut: 170 jours de détention pour Boualem Sansal, 170 jours de trop.
#avecboualemsansal https://t.co/IIEY0NaKjn"
722194,Florence Provendier,flprovendier,twitter.com/flprovendier,LAREM,La République en Marche,o_decottignies,"RT @O_Decottignies: Au classement mondial 2025 de la liberté de la presse de Reporters sans frontières, l'Arménie, 34ème  sur 180 pays, pro…"
722194,Florence Provendier,flprovendier,twitter.com/flprovendier,LAREM,La République en Marche,francediplo,"RT @francediplo: La France 🇫🇷 réaffirme, en cette Journée mondiale de la #libertédelapresse, son attachement à une presse libre et condamne…"
722194,Florence Provendier,flprovendier,twitter.com/flprovendier,LAREM,La République en Marche,freececile_,"RT @FreeCecile_: 1090 jours de détention pour Cécile et Jacques. 
Merci à France 2 d’avoir rappelé leur sort dans les JT de 13h et de 20h.…"
722194,Florence Provendier,flprovendier,twitter.com/flprovendier,LAREM,La République en Marche,bernardlehut,"RT @BernardLehut: 167 jours de détention pour Boualem Sansal, 167 jours de trop.
#avecboualemsansal https://t.co/BCWy98HjgF"
722194,Florence Provendier,flprovendier,twitter.com/flprovendier,LAREM,La République en Marche,franceinfo,RT @franceinfo: INFO FRANCEINFO. Les présidents de trois départements accusés de ne pas avoir protégé des mineurs placés sous leur responsa…
722194,Florence Provendier,flprovendier,twitter.com/flprovendier,LAREM,La République en Marche,assopapillons,RT @assopapillons: C'est aujourd'hui la journée pour la non violence éducative.Mais tout le monde s'en moque.Ça fait pas le poids face au P…
722194,Florence Provendier,flprovendier,twitter.com/flprovendier,LAREM,La République en Marche,bernardlehut,"RT @BernardLehut: 165 jours de détention pour Boualem Sansal, 165 jours de trop.
#avecboualemsansal https://t.co/uZsfFhCwo9"
718918,Alexandra Louis,ALouisMars,twitter.com/ALouisMars|twitter.com/ALouisDeputee13,LAREM,La République en Marche,blancgerard13; clairepitollat; p_lecorche; rnational_off,"RT @blancgerard13: @RNational_off @ClairePitollat 4/ sur le logement à Marseille,  la mairie  PS/LFI via @p_lecorche et la métropole LR  vi…"
718918,Alexandra Louis,ALouisMars,twitter.com/ALouisMars|twitter.com/ALouisDeputee13,LAREM,La République en Marche,gabrielattal,"RT @GabrielAttal: Dans la France de Jordan Bardella, un ouvrier de 31 ans doit payer des impôts mais un consultant ou un trader de 29 ans e…"
718918,Alexandra Louis,ALouisMars,twitter.com/ALouisMars|twitter.com/ALouisDeputee13,LAREM,La République en Marche,,Le seule à être clair sur ce point : Pas d’augmentation des impôts pour les français !
718918,Alexandra Louis,ALouisMars,twitter.com/ALouisMars|twitter.com/ALouisDeputee13,LAREM,La République en Marche,maxime_boudet,"Écouter, discuter et débattre de l’avenir de notre pays dans le 4e arrondissement de #Marseille avec notre candidat @Maxime_Boudet. 
Voter pour Maxime c’est voter pour un homme humble, humain et toujours à l’écoute, qui a consacré sa vie aux autres. https://t.co/wnEHIi8Glb"
718918,Alexandra Louis,ALouisMars,twitter.com/ALouisMars|twitter.com/ALouisDeputee13,LAREM,La République en Marche,alouismars; horizonsbdr; isasavon; maxime_boudet,"RT @Maxime_Boudet: 🔹 Merci à @isasavon, conseillère régionale et responsable @horizonsBDR, ainsi qu’à @ALouisMars, ancienne députée, pour l…"
718918,Alexandra Louis,ALouisMars,twitter.com/ALouisMars|twitter.com/ALouisDeputee13,LAREM,La République en Marche,,"Entretien qui reflète justement le paysage politique actuel. 

« La radicalité est devenue la norme des échanges, elle a dévoyé la démocratie »"
718918,Alexandra Louis,ALouisMars,twitter.com/ALouisMars|twitter.com/ALouisDeputee13,LAREM,La République en Marche,,C’est tellement dommage. Cela aurait pu être l’occasion justement de leur permettre de découvrir ce grand avocat qui a permis notamment l’abolition de la peine de mort et qui a créé les premiers réseaux d’aide aux victimes.
718918,Alexandra Louis,ALouisMars,twitter.com/ALouisMars|twitter.com/ALouisDeputee13,LAREM,La République en Marche,rtlfrance,"RT @RTLFrance: #LFI : ""Ce parti a réhabilité l'antisémitisme... Aujourd'hui, on peut être de gauche, antisémite et cool, cela s'appelle LFI…"
718918,Alexandra Louis,ALouisMars,twitter.com/ALouisMars|twitter.com/ALouisDeputee13,LAREM,La République en Marche,enthoven_r,"RT @Enthoven_R: Vous n'allez pas leur ""tenir tête"", vous allez leur offrir sur un plateau des candidats polarisants et dogmatiques  au 2nd…"
718918,Alexandra Louis,ALouisMars,twitter.com/ALouisMars|twitter.com/ALouisDeputee13,LAREM,La République en Marche,,"Éduquer les enfants permet de les protéger. En moyenne à chaque séance, un enfant victime de violences sexuelles est détecté."
718918,Alexandra Louis,ALouisMars,twitter.com/ALouisMars|twitter.com/ALouisDeputee13,LAREM,La République en Marche,plantu,RT @plantu: L’antisémitisme en France. https://t.co/5yxOY0xtIj
718918,Alexandra Louis,ALouisMars,twitter.com/ALouisMars|twitter.com/ALouisDeputee13,LAREM,La République en Marche,enthoven_r,"RT @Enthoven_R: Je suis un peu perdu dans toutes ces nuances ; le viol à Courbevoie d'une fillette de 12 ans aux cris de ""sale juive"" relev…"
718918,Alexandra Louis,ALouisMars,twitter.com/ALouisMars|twitter.com/ALouisDeputee13,LAREM,La République en Marche,e_dupondm,RT @E_DupondM: J’ai demandé aux chefs de la cour d’appel d’Orléans un rapport immédiat en vue de la suspension à titre conservatoire de la…
718918,Alexandra Louis,ALouisMars,twitter.com/ALouisMars|twitter.com/ALouisDeputee13,LAREM,La République en Marche,,Je l’attendais depuis 2017. C’est un des symboles de l’habitat dégradé à Marseille.
718918,Alexandra Louis,ALouisMars,twitter.com/ALouisMars|twitter.com/ALouisDeputee13,LAREM,La République en Marche,,Que de souvenirs. Une pensée pour les anciens habitants de ce bâtiment.
718918,Alexandra Louis,ALouisMars,twitter.com/ALouisMars|twitter.com/ALouisDeputee13,LAREM,La République en Marche,,Cette séquence en dit long sur LFI.
718918,Alexandra Louis,ALouisMars,twitter.com/ALouisMars|twitter.com/ALouisDeputee13,LAREM,La République en Marche,,« La gauche est en train de passer de « J’accuse » au banc des accusés ».
718918,Alexandra Louis,ALouisMars,twitter.com/ALouisMars|twitter.com/ALouisDeputee13,LAREM,La République en Marche,,Le rêve vendu par le front populiste va devenir un cauchemar pour les patrons et salariés des petites entreprises. Des faillites et des licenciements!
718918,Alexandra Louis,ALouisMars,twitter.com/ALouisMars|twitter.com/ALouisDeputee13,LAREM,La République en Marche,banontristane; caronaymericoff,"RT @BanonTristane: . @CaronAymericoff qui dénonce « une campagne de harcèlement haineuse » contre lui, c’est un peu Folcoche qui dénoncerai…"
718918,Alexandra Louis,ALouisMars,twitter.com/ALouisMars|twitter.com/ALouisDeputee13,LAREM,La République en Marche,laprovence,RT @laprovence: Qui est Maxime Boudet (majorité présidentielle) candidat dans la 5e circonscription des Bouches-du-Rhône ? 👉 https://t.co/A…
713448,Marine Brenier,marinebrenier,twitter.com/marinebrenier,LC,"Les Constructifs : républicains, UDI, indépendants",,"Dimanche 19 juin, votez pour une 𝗗𝗲́𝗽𝘂𝘁𝗲́𝗲 𝘂𝘁𝗶𝗹𝗲 !

En participant à ces #législatives, il sera question de l’avenir de #Nice06, de notre territoire et de la France.

Retrouvez mon message aux habitants de la #circo0605 ⬇️
https://t.co/EgkOsiELvJ https://t.co/DOCAG0egOd"
713448,Marine Brenier,marinebrenier,twitter.com/marinebrenier,LC,"Les Constructifs : républicains, UDI, indépendants",cestrosi,"RT @cestrosi: Dimanche, donnons une #MajoritePresidentielle stable face aux risques de fragiliser la cohésion économique et sociale de notr…"
713448,Marine Brenier,marinebrenier,twitter.com/marinebrenier,LC,"Les Constructifs : républicains, UDI, indépendants",,"Comment ne pas passer au clos de boules de l’ABC Sainte-Marguerite présidé par mon cher ami Vincent Romeo! Un accueil et un lieu toujours aussi chaleureux, qui vit grâce à une équipe humaine, motivée et qui partagent des valeurs communes ! Merci à vous tous ! #Brenier2022 https://t.co/vn3cUGA3pr"
713448,Marine Brenier,marinebrenier,twitter.com/marinebrenier,LC,"Les Constructifs : républicains, UDI, indépendants",cestrosi; marinebrenie,RT @cestrosi: Très forte mobilisation hier soir dans la Plaine du Var où nous étions rassemblés pour apporter notre soutien à @marinebrenie…
713448,Marine Brenier,marinebrenier,twitter.com/marinebrenier,LC,"Les Constructifs : républicains, UDI, indépendants",monierf06,"Dernière rencontre avec les parents des enfants de l’école Fabron aux côtés de @MonierF06 ! C’est toujours un grand plaisir d’échanger avec toutes ces familles, les enseignants et éducateurs ! Dernière ligne droite on ne lâche rien 💪🏻#Brenier2022 
#Nice06 #Circo0605 https://t.co/bsH3CN5Pax"
713448,Marine Brenier,marinebrenier,twitter.com/marinebrenier,LC,"Les Constructifs : républicains, UDI, indépendants",horizonsleparti,"Un grand merci à l'ancien Premier ministre Édouard Philippe pour son soutien.

À ses côtés au sein du parti @HorizonsLeParti, je veux incarner une droite humaniste, qui ne transige avec aucune de ses valeurs sans se compromettre avec l'extrême-droite.

#Brenier2022 #circo0605 https://t.co/lasPeqWTyT"
713448,Marine Brenier,marinebrenier,twitter.com/marinebrenier,LC,"Les Constructifs : républicains, UDI, indépendants",assembleenat,"Dans son groupe à l'@AssembleeNat je serai dans mon prochain mandat une Députée libre. Là où certains se retrouvent dans la caricature et les vociférations, je serai utile à #Nice06, à nos vallées et à la France.

#Ensemble, nous porterons ces avancées que les Français attendent. https://t.co/jFT0QpT2Kh"
713448,Marine Brenier,marinebrenier,twitter.com/marinebrenier,LC,"Les Constructifs : républicains, UDI, indépendants",villedenice,"Quel plaisir d’être au cœur du quartier de St Isidore aux côtés de Monique Baillet ce midi ! Le quartier se transforme! Tout en l'inscrivant dans la @VilledeNice de demain, grâce au tram et aux nombreux projets structurants, nous agissons pour préserver son identité. #Brenier2022 https://t.co/EJgtdDP1xb"
713448,Marine Brenier,marinebrenier,twitter.com/marinebrenier,LC,"Les Constructifs : républicains, UDI, indépendants",cestrosi; marinebrenier,RT @cestrosi: À Carras pour échanger avec les habitants du quartier aux côtés de @marinebrenier. Accueil chaleureux et convivialité à l’omb…
713448,Marine Brenier,marinebrenier,twitter.com/marinebrenier,LC,"Les Constructifs : républicains, UDI, indépendants",cestrosi,RT @cestrosi: Moment très sympathique avec les habitants et commerçants de Saint-Isidore. Un quartier en pleine expansion qui préserve son…
713448,Marine Brenier,marinebrenier,twitter.com/marinebrenier,LC,"Les Constructifs : républicains, UDI, indépendants",anthony_borre; prefet06,RT @anthony_borre: Merci au @prefet06 de travailler avec nous à l’évacuation des campements illicites installés sur la digue du Port et sou…
713448,Marine Brenier,marinebrenier,twitter.com/marinebrenier,LC,"Les Constructifs : républicains, UDI, indépendants",cestrosi; ppleonelli,"Avec @PPLeonelli et @cestrosi nous avons présenté à #Carras une des nouvelles corbeilles compactrices qui viennent en renforts des poubelles traditionnelles sur ce site très prisé des touristes. Connectées, elles permettront une plus grande réactivité des services de la collecte. https://t.co/HcjyrpPj6e"
713448,Marine Brenier,marinebrenier,twitter.com/marinebrenier,LC,"Les Constructifs : républicains, UDI, indépendants",cestrosi,"Un après-midi sur le terrain avec @cestrosi !

Merci aux Niçois toujours si chaleureux pour leur accueil et nos échanges cet après-midi à #Nice06 Ouest.

Dimanche avec mon bulletin, vous choisirez le seul qui désignera une Députée réellement utile !

#Brenier2022 #circo0605 https://t.co/16Y0q30ofW"
713448,Marine Brenier,marinebrenier,twitter.com/marinebrenier,LC,"Les Constructifs : républicains, UDI, indépendants",,"Merci à l’association parcours insertion autonomie du quartier des Moulins et à Nadia Bakhti et Hélène Denguir pour leur accueil! Leur travail aux côtés de toutes ces femmes courageuses et dynamiques, curieuses de tout, est un exemple ! Un beau moment de partage. #Brenier2022 https://t.co/dBLZzPXfVF"
713448,Marine Brenier,marinebrenier,twitter.com/marinebrenier,LC,"Les Constructifs : républicains, UDI, indépendants",renaudmuselier,"Merci mon cher @RenaudMuselier pour ton soutien sans faille ! 

Oui, ma candidature est celle de la fidélité à cette #circo0605 que je connais par cœur.

Dimanche 19 juin, votez utile pour #Nice06, pour le moyen et le haut pays, pour la France et pour vous !

#Brenier2022 https://t.co/E9Xh3mTaLX"
713448,Marine Brenier,marinebrenier,twitter.com/marinebrenier,LC,"Les Constructifs : républicains, UDI, indépendants",villedenice,"La journée se poursuit dans le quartier de Carras, où j’ai choisi d’installer ma permanence. Je suis heureuse de ce retour si chaleureux des habitants et commerçants, là où la @VilledeNice avec l’arrivée du tram a beaucoup fait pour y maintenir une vrai vie de quartier ! #Nice06 https://t.co/6YatccUHEL"
713448,Marine Brenier,marinebrenier,twitter.com/marinebrenier,LC,"Les Constructifs : républicains, UDI, indépendants",marinebrenier; valentinbrune,"RT @valentinbrune: De jour comme de nuit, les militants de @marinebrenier sont sur le terrain pour rappeler aux habitants de la #circo0605…"
713448,Marine Brenier,marinebrenier,twitter.com/marinebrenier,LC,"Les Constructifs : républicains, UDI, indépendants",marinebrenier; teambrenier,"RT @TeamBrenier: De jour comme de nuit, on est sur le terrain pour @marinebrenier 💪🏻

La #TeamBrenier se mobilise sans relâche pour permett…"
713448,Marine Brenier,marinebrenier,twitter.com/marinebrenier,LC,"Les Constructifs : républicains, UDI, indépendants",,"Ce matin #AvecVous dans le quartier Saint-Antoine à #Nice06. 

Votre accueil chaleureux et nos échanges renforcent ma détermination à vouloir être une Députée utile pour vous.

Dimanche 19 juin, faites le choix d'une Députée dont la voix sera entendue !

#Brenier2022 #circo0605 https://t.co/64ROPlTkP3"
713448,Marine Brenier,marinebrenier,twitter.com/marinebrenier,LC,"Les Constructifs : républicains, UDI, indépendants",,"Nous avons ensuite rendu visite à Ange Ferracci, Jean-Luc Donati et aux éducateurs à l’association sportive de l’OGN Nice. Je suis fière de voir ces jeunes filles aussi passionnées. La démocratisation des disciplines féminines est une chance pour notre territoire et notre pays. https://t.co/tO9t3TjCBr"
713448,Marine Brenier,marinebrenier,twitter.com/marinebrenier,LC,"Les Constructifs : républicains, UDI, indépendants",,"Nous avons échangé sur le sport féminin, son essor et les nombreux moyens à mettre en commun pour faire évoluer ces disciplines. Le médical, le suivi psychologique, l’accompagnement des parents, la mixité, tant de sujets sur lesquels nous devons accompagner nos associations."
718918,Alexandra Louis,ALouisMars,twitter.com/ALouisMars|twitter.com/ALouisDeputee13,LAREM,La République en Marche,,Que signifie « antisémitisme résiduel?  Un seul acte antisémitisme est un acte de trop !
718918,Alexandra Louis,ALouisMars,twitter.com/ALouisMars|twitter.com/ALouisDeputee13,LAREM,La République en Marche,,Est-elle prise en otage ?
718918,Alexandra Louis,ALouisMars,twitter.com/ALouisMars|twitter.com/ALouisDeputee13,LAREM,La République en Marche,carolinefourest,"RT @CarolineFourest: Ils ont traité Roussel de Doriot, Macron de nazi et traitent de fascistes tous ceux qui, à gauche, ne pensent pas comm…"
718918,Alexandra Louis,ALouisMars,twitter.com/ALouisMars|twitter.com/ALouisDeputee13,LAREM,La République en Marche,rtlfrance,"RT @RTLFrance: Un SMIC à 1600 euros proposé par le Nouveau Front populaire : ""L'impact dans les entreprises sera catastrophique, plusieurs…"
718918,Alexandra Louis,ALouisMars,twitter.com/ALouisMars|twitter.com/ALouisDeputee13,LAREM,La République en Marche,,Ce n’est pas non plus un mariage de raison.
718918,Alexandra Louis,ALouisMars,twitter.com/ALouisMars|twitter.com/ALouisDeputee13,LAREM,La République en Marche,,Les candidats RN refusent le débat car ils savent pertinemment que leur programme est totalement creux. On ne gouverne pas avec des slogans !
718918,Alexandra Louis,ALouisMars,twitter.com/ALouisMars|twitter.com/ALouisDeputee13,LAREM,La République en Marche,e_dupondm,"RT @E_DupondM: Comment osez-vous? Vous n’avez pas de figure. 
Laissez cette jeune fille et sa famille tranquilles. 
Vos propos récurrents a…"
718918,Alexandra Louis,ALouisMars,twitter.com/ALouisMars|twitter.com/ALouisDeputee13,LAREM,La République en Marche,,"Tout mon soutien pour cette enfant victime de cet abjecte viol, ainsi que pour ses proches. Nous sommes à leurs côtés. L’antisémitisme est un poison qui infuse dans notre société et qu’il faut combattre sans la moindre concession."
718918,Alexandra Louis,ALouisMars,twitter.com/ALouisMars|twitter.com/ALouisDeputee13,LAREM,La République en Marche,emmanuelmacron,"RT @EmmanuelMacron: Du pays de ceux qui préfèrent la liberté à la peur et qui refusent l'esprit de défaite, de l’Île de Sein ils ont gagné…"
718918,Alexandra Louis,ALouisMars,twitter.com/ALouisMars|twitter.com/ALouisDeputee13,LAREM,La République en Marche,brunolemaire,"RT @BrunoLeMaire: Donc si je comprends bien, une experte économique du Nouveau Front Populaire chiffre son programme à 106 milliards €. Mai…"
718918,Alexandra Louis,ALouisMars,twitter.com/ALouisMars|twitter.com/ALouisDeputee13,LAREM,La République en Marche,gabrielattal,"RT @GabrielAttal: Si vous n’avez besoin de rien, appelez Jordan Bardella. https://t.co/hUDvJLfuid"
718918,Alexandra Louis,ALouisMars,twitter.com/ALouisMars|twitter.com/ALouisDeputee13,LAREM,La République en Marche,maxime_boudet,"RT @Maxime_Boudet: 🔹 Mobilisons-nous #EnsemblePourLaRépublique : rendez-vous à 18h30, au Comptoir Longchamp, 26 Rue Espérandieu à #Marseill…"
718918,Alexandra Louis,ALouisMars,twitter.com/ALouisMars|twitter.com/ALouisDeputee13,LAREM,La République en Marche,enthoven_r,"RT @Enthoven_R: Voilà 7 ans que la « gauche » reproche à Macron d’avoir « confisqué le débat en installant un face-à-face avec le RN. » 
Vo…"
718918,Alexandra Louis,ALouisMars,twitter.com/ALouisMars|twitter.com/ALouisDeputee13,LAREM,La République en Marche,,Ils proposent et ils chiffrent après! Ça démontre le peu de sérieux de ce programme.
718918,Alexandra Louis,ALouisMars,twitter.com/ALouisMars|twitter.com/ALouisDeputee13,LAREM,La République en Marche,,Plus on approche du scrutin et plus l’écran de fumée de l’extrême droite de Bardella se dissipe.
718918,Alexandra Louis,ALouisMars,twitter.com/ALouisMars|twitter.com/ALouisDeputee13,LAREM,La République en Marche,,Les commentaires sous ce tweet contre l’extrême droite viennent presque exclusivement de l’extrême gauche pour attaquer la majorité. C’est très révélateur !
718918,Alexandra Louis,ALouisMars,twitter.com/ALouisMars|twitter.com/ALouisDeputee13,LAREM,La République en Marche,,"Faure face a ses contradictions!
Ce renoncement à défendre les principes républicains au nom d’un accord pour sauver des sièges est également aberrant."
718918,Alexandra Louis,ALouisMars,twitter.com/ALouisMars|twitter.com/ALouisDeputee13,LAREM,La République en Marche,gabrielattal,RT @GabrielAttal: EN DIRECT | Je réponds aux questions de Jérôme Chapuis et Sahlia Brakhlia sur franceinfo. https://t.co/UY0NwOcNvd
718918,Alexandra Louis,ALouisMars,twitter.com/ALouisMars|twitter.com/ALouisDeputee13,LAREM,La République en Marche,,Jamais !
718918,Alexandra Louis,ALouisMars,twitter.com/ALouisMars|twitter.com/ALouisDeputee13,LAREM,La République en Marche,inafr_officiel,"RT @Inafr_officiel: Aujourd'hui nommé Rassemblement national, le parti d'extrême droite prend ses racines dans divers mouvements nationalis…"
713448,Marine Brenier,marinebrenier,twitter.com/marinebrenier,LC,"Les Constructifs : républicains, UDI, indépendants",,"Nous avons ensuite rendu visite à Ange Ferracci, Jean-Luc Donati et aux éducateurs à l’association sportive de l’OGN Nice. Je suis fière de voir ces jeunes filles aussi passionnées. La démocratisation des disciplines féminines est une chance pour notre territoire et notre pays. https://t.co/tO9t3TjCBr"
713448,Marine Brenier,marinebrenier,twitter.com/marinebrenier,LC,"Les Constructifs : républicains, UDI, indépendants",pcondomitti,"Beau moment au club de rugby 🏉 ! En compagnie des responsables et éducateurs, nous avons pu constater avec @pcondomitti l’étendue du pouvoir de ce sport sur les enfants: discipline, esprit d’équipe, partage, tant de valeurs que nous voulons transmettre aux nouvelles générations. https://t.co/d30Tai40m5"
713448,Marine Brenier,marinebrenier,twitter.com/marinebrenier,LC,"Les Constructifs : républicains, UDI, indépendants",avecbrenier,"RT @AvecBrenier: 💬 « Plus que jamais, quand #Nice06 s’apprête à devenir le laboratoire de l’union de la droite extrême, j’appelle à la mobi…"
713448,Marine Brenier,marinebrenier,twitter.com/marinebrenier,LC,"Les Constructifs : républicains, UDI, indépendants",avecbrenier,"RT @AvecBrenier: 💬 « Je condamne avec la plus grande fermeté l’union des droites extrêmes et l’axe Ciotti – D’Intorni – Vardon »

Retrouvez…"
713448,Marine Brenier,marinebrenier,twitter.com/marinebrenier,LC,"Les Constructifs : républicains, UDI, indépendants",,Un grand merci à Nicolas Sébastio pour son accueil chaleureuse au Golf country club de Nice ! #Brenier2022 #Nice0605 https://t.co/5Hlohn7DqM
713448,Marine Brenier,marinebrenier,twitter.com/marinebrenier,LC,"Les Constructifs : républicains, UDI, indépendants",anthony_borre,"A la découverte des œuvres d’art des élèves de l’école du Bois de Boulogne en compagnie d’@anthony_borre et de Monique Baillet. Ce projet a regroupé 4 écoles, + de 1000 élèves du CP à la 6e autour de la laïcité, la fraternité et la tolérance. Félicitations les enfants! #Nice0605 https://t.co/TanT292AhD"
713448,Marine Brenier,marinebrenier,twitter.com/marinebrenier,LC,"Les Constructifs : républicains, UDI, indépendants",,"Ce projet avait pour objectif de les faire travailler sur 3 thèmes: laïcité, fraternité et tolérance. Dans 4 
4 écoles : CP à la 6e: 1000 élèves"
713448,Marine Brenier,marinebrenier,twitter.com/marinebrenier,LC,"Les Constructifs : républicains, UDI, indépendants",,"Ce matin retrouvailles avec les habitants et les commerçants du quartier de l’Araucaria pour échanger sur l’évolution des commerces de proximité, le problème de stationnement, mais aussi le pouvoir d’achat, qui reste la préoccupation majeure des Français. #Brenier2022 https://t.co/t6Qos8dwA5"
713448,Marine Brenier,marinebrenier,twitter.com/marinebrenier,LC,"Les Constructifs : républicains, UDI, indépendants",,Étant une élue enracinée dans le quartier je soutiens fermement le projet du Super U qui nous permettra d’accéder à 250 nouvelles places de parking. Nous devons réponse à cette attente forte des habitants et des commerçants du quartier. #Nice06
713448,Marine Brenier,marinebrenier,twitter.com/marinebrenier,LC,"Les Constructifs : républicains, UDI, indépendants",,Tout mon soutien aux lycéens de France et surtout à ceux de la 5e circonscription des Alpes-Maritimes et des lycées niçois en ce jour du début des épreuves du bac et de la tant attendue épreuve de philo ! Plein de courage et de réussite !! 💪🏻#BACPhilo #bac #circo0605 #Nice06
713448,Marine Brenier,marinebrenier,twitter.com/marinebrenier,LC,"Les Constructifs : républicains, UDI, indépendants",,Avec mon ami Jean-Jean Sanchez et les fidèles de l’amicale bouliste de #Carras pour partager un moment de bonheur et d’échanges chaleureux dans ce si beau clos vue mer 🌊 #circo0605 https://t.co/CsMZEkE57w
713448,Marine Brenier,marinebrenier,twitter.com/marinebrenier,LC,"Les Constructifs : républicains, UDI, indépendants",cestrosi,"Avec @cestrosi, nous avons à cœur de faire prospérer nos clos boulistes comme celui de #Carras. Ce sont de véritables lieux de vie et de partage dans nos quartiers. #circo0605 https://t.co/PYqUt92Zmw"
713448,Marine Brenier,marinebrenier,twitter.com/marinebrenier,LC,"Les Constructifs : républicains, UDI, indépendants",montetbornala,"Beau moment de convivialité et d’échanges au clos @MontetBornala, belle association sportive de #Nice06 qui fête cette année ses 95 ans ! #circo0605 https://t.co/Wm7b6n8OrP"
713448,Marine Brenier,marinebrenier,twitter.com/marinebrenier,LC,"Les Constructifs : républicains, UDI, indépendants",cestrosi; gdarmanin,Ce matin à l’occasion d’un déplacement aux #Moulins j’ai pu assister à une des nombreuses opérations de sécurité menées dans #Nice06 grâce aux renforts dépêchés par @GDarmanin à la demande de @cestrosi. https://t.co/ZuhylIXjyb
713448,Marine Brenier,marinebrenier,twitter.com/marinebrenier,LC,"Les Constructifs : républicains, UDI, indépendants",pmdenice; policenat06; prefet06,"Un grand bravo et merci aux agents de la @PoliceNat06 et de la @PMdeNice qui, sous l’autorité du @prefet06 et de la DDSP, ont mené avec succès cette opération qui a permis l’interpellation de plusieurs personnes et la saisie de drogue. https://t.co/jHyzpiAhlu"
713448,Marine Brenier,marinebrenier,twitter.com/marinebrenier,LC,"Les Constructifs : républicains, UDI, indépendants",cestrosi,"Grâce à @cestrosi, nous avons le soutien de l’État pour intensifier notre lutte contre les trafiquants. Nous ne lâcherons rien face à ceux qui pourrissent le quotidien des habitants de ces quartiers ! #circo0605 https://t.co/9alZsnvNw9"
713448,Marine Brenier,marinebrenier,twitter.com/marinebrenier,LC,"Les Constructifs : républicains, UDI, indépendants",cestrosi,Début de cette belle journée de campagne à l’école Sainte-Hélène pour échanger avec les parents du quartier ! L’éducation de nos enfants est la clé de voûte de notre société et à #Nice avec le Maire @cestrosi nous en avons toujours fait notre priorité. #Circo0605 #Brenier2022 https://t.co/ujvXdxifl7
713448,Marine Brenier,marinebrenier,twitter.com/marinebrenier,LC,"Les Constructifs : républicains, UDI, indépendants",cestrosi,"RT @cestrosi: J’appelle celles et ceux qui ont fait d’autres choix, ou qui ne se sont pas déplacés, à se mobiliser pour poursuivre la dynam…"
713448,Marine Brenier,marinebrenier,twitter.com/marinebrenier,LC,"Les Constructifs : républicains, UDI, indépendants",cestrosi,RT @cestrosi: J’appelle à la mobilisation générale pour confirmer cette dynamique en faveur de ces candidats qui incarnent le rassemblement…
713448,Marine Brenier,marinebrenier,twitter.com/marinebrenier,LC,"Les Constructifs : républicains, UDI, indépendants",cestrosi; marinebrenier; pcondomitti,"RT @cestrosi: .@MarineBrenier avec @pcondomitti pour la #circo0605 qui arrivent en tête avec 26% devant la candidate LR, qui n’a cessé de v…"
722194,Florence Provendier,flprovendier,twitter.com/flprovendier,LAREM,La République en Marche,gabrielattal,"RT @GabrielAttal: Après plus d'un siècle de luttes, le 29 avril 1945, les femmes de France ont pu voter pour la première fois. 

Engagées d…"
722194,Florence Provendier,flprovendier,twitter.com/flprovendier,LAREM,La République en Marche,nathalieloiseau,RT @NathalieLoiseau: 1/2 La Haute-Représentante de l’UE n’a pas bien entendu ce que le Parlement européen lui demande : au lieu de se compl…
722194,Florence Provendier,flprovendier,twitter.com/flprovendier,LAREM,La République en Marche,bernardlehut,"RT @BernardLehut: 161 jours de détention pour Boualem Sansal, 161 jours de trop.
#avecboualemsansal https://t.co/M8JHtcQyzQ"
722194,Florence Provendier,flprovendier,twitter.com/flprovendier,LAREM,La République en Marche,jchribuisson,RT @jchribuisson: Quelle honte. Le lendemain de la commémoration du #genocidearmenien que ne reconnaît pas l'Azerbaïdjan qui a lui-même acc…
722194,Florence Provendier,flprovendier,twitter.com/flprovendier,LAREM,La République en Marche,,"En ce 24 avril nous commémorons un événement tragique de l’histoire, le Génocide Arménien🌹

110 ans après les enjeux mémoriels sont plus que jamais d’actualité.

Aujourd’hui, notre sœur l’Arménie est toujours menacée. Restons mobilisés à ses côtés 🇫🇷🇦🇲

#genocidearmenien https://t.co/eXHQ5O5wak"
722194,Florence Provendier,flprovendier,twitter.com/flprovendier,LAREM,La République en Marche,o_decottignies,"RT @O_Decottignies: Ce 24 avril, nous commémorons le génocide arménien de 1915, perpétré il y a 110 ans. https://t.co/MMKllGA9Ez"
722194,Florence Provendier,flprovendier,twitter.com/flprovendier,LAREM,La République en Marche,eumarmenia,"RT @EUmARMENIA: Over the Easter weekend #EUMA conducted 27 day and night patrols in its Area of Operation including villages Khoznavar, Khn…"
722194,Florence Provendier,flprovendier,twitter.com/flprovendier,LAREM,La République en Marche,,In memoriam #PapeFrancois 🕊️ https://t.co/q64SV9IDWI
722194,Florence Provendier,flprovendier,twitter.com/flprovendier,LAREM,La République en Marche,araratmirzoyan; francediplo; jnbarrot,"RT @francediplo: #Arménie | @jnbarrot s'est entretenu aujourd'hui par téléphone avec son homologue arménien @AraratMirzoyan.

Déclaration c…"
722194,Florence Provendier,flprovendier,twitter.com/flprovendier,LAREM,La République en Marche,araratmirzoyan; jnbarrot,"RT @AraratMirzoyan: Had a good call w/@jnbarrot. Touched upon upcoming engagements on our bilateral agenda.

Briefed on regional situation…"
722194,Florence Provendier,flprovendier,twitter.com/flprovendier,LAREM,La République en Marche,franckpapazian,"RT @FranckPapazian: Le 24 avril 2025 marquera le 110ème anniversaire du début du #GénocideDesArméniens

Cérémonie nationale de commémoratio…"
722194,Florence Provendier,flprovendier,twitter.com/flprovendier,LAREM,La République en Marche,tolmajian,"RT @tolmajian: Bon Dimanche des #Rameaux ! 

Miniature arménienne du XIVe siècle célébrant l’entrée de Jésus à Jérusalem. https://t.co/5iya…"
722194,Florence Provendier,flprovendier,twitter.com/flprovendier,LAREM,La République en Marche,7im37,"RT @7IM37: ""Le plus dur c'est l'incertitude sur notre retraite"" m'a déclaré Arthur, 16 mois, pendant son stage PRO de Maternelle...

#Borne…"
722194,Florence Provendier,flprovendier,twitter.com/flprovendier,LAREM,La République en Marche,jchribuisson; le_figaro; zazpierson,RT @jchribuisson: Lire ce jeudi dans @Le_Figaro le reportage de @zazpierson en #Armenie auprès de quelques dizaines des 30 000 enfants d'#A…
722194,Florence Provendier,flprovendier,twitter.com/flprovendier,LAREM,La République en Marche,bernardlehut,"RT @BernardLehut: 144 jours de détention pour Boualem Sansal, 144 jours de trop.
#avecboualemsansal https://t.co/4HrtuzTLMR"
722194,Florence Provendier,flprovendier,twitter.com/flprovendier,LAREM,La République en Marche,franceinfo,"RT @franceinfo: Un rapport de la commission d'enquête parlementaire sur ""les manquements des politiques publiques de protection de l'enfanc…"
722194,Florence Provendier,flprovendier,twitter.com/flprovendier,LAREM,La République en Marche,jnbarrot,"RT @jnbarrot: À Gaza, au total, 1200 tonnes d’aide humanitaire ont été envoyées par la France. Une partie est toujours bloquée à la frontiè…"
713448,Marine Brenier,marinebrenier,twitter.com/marinebrenier,LC,"Les Constructifs : républicains, UDI, indépendants",cestrosi,"RT @cestrosi: A #Nice06, je salue les trois candidats, membres de la majorité municipale Nice ensemble et portant les couleurs de la #major…"
713448,Marine Brenier,marinebrenier,twitter.com/marinebrenier,LC,"Les Constructifs : républicains, UDI, indépendants",anthony_borre; marinebrenier,"RT @anthony_borre: 🗣 « @marinebrenier est la seule candidate qui peut défendre les collines niçoises, les quartiers populaires, les village…"
713448,Marine Brenier,marinebrenier,twitter.com/marinebrenier,LC,"Les Constructifs : républicains, UDI, indépendants",,"Je veux remercier les 10395 électeurs, qui m’ont accordé leur soutien, me plaçant en tête du premier tour de la campagne des #legislatives2022 dans la #circo0605, soit près de 26,2% des voix. https://t.co/9j6NwtbuaF"
713448,Marine Brenier,marinebrenier,twitter.com/marinebrenier,LC,"Les Constructifs : républicains, UDI, indépendants",,"Nous assistons ce soir à la recomposition telle que je l’annonçais. Force est de constater que j’étais dans la #circo0605 la candidate du bloc républicain, et que comme dans les années passées j’affronterai une candidate de la droite-extrême."
713448,Marine Brenier,marinebrenier,twitter.com/marinebrenier,LC,"Les Constructifs : républicains, UDI, indépendants",,"Rien n’est joué. Face à moi, nous avons donc le laboratoire du bloc de la droite extrême, incarné par mon opposante. Au terme d’une campagne qu’elle a souhaité particulièrement délétère, j’en appelle ce soir à l’union républicaine."
713448,Marine Brenier,marinebrenier,twitter.com/marinebrenier,LC,"Les Constructifs : républicains, UDI, indépendants",monettigraig; p_pradal,Félicitations également aux candidats niçois @MonettiGraig et  @p_pradal qui accèdent au second tour respectivement dans la #circo0601 et la #circo0603. https://t.co/Og3ALLxrNF
713448,Marine Brenier,marinebrenier,twitter.com/marinebrenier,LC,"Les Constructifs : républicains, UDI, indépendants",cestrosi,"#Ensemble, avec le soutien de notre majorité municipale, métropolitaine et régionale derrière @cestrosi, nous serons une équipe de Députés utiles à la France, à #Nice06 et à l’ensemble de nos territoires ! https://t.co/CZvwJzWzd7"
713448,Marine Brenier,marinebrenier,twitter.com/marinebrenier,LC,"Les Constructifs : républicains, UDI, indépendants",,A voté 🗳 #legislatives2022 https://t.co/oHoAcGaQFV
713448,Marine Brenier,marinebrenier,twitter.com/marinebrenier,LC,"Les Constructifs : républicains, UDI, indépendants",,"Dimanche, vous aurez à choisir celui ou celle qui, pour les cinq prochaines années, sera votre Député de la #circo0605.

Dans la continuité de l'action que je conduis depuis 6 ans comme votre Députée, je sais pouvoir compter sur vous comme vous pouvez compter sur moi. https://t.co/GJSesmE2xD"
713448,Marine Brenier,marinebrenier,twitter.com/marinebrenier,LC,"Les Constructifs : républicains, UDI, indépendants",cestrosi; emmanuelmacron; ephilippe_lh; pcondomitti,"Le 12 juin, votez pour une équipe utile à #Nice06 et toute notre circonscription. Votez pour l'équipe que nous formons avec @pcondomitti, avec le soutien de @cestrosi, @EPhilippe_LH, @EmmanuelMacron et la #MajoritePresidentielle."
713448,Marine Brenier,marinebrenier,twitter.com/marinebrenier,LC,"Les Constructifs : républicains, UDI, indépendants",agnellimylene; fabroncolette,"Merci à mes amies @AgnelliMylene et @FabronColette pour ce très bel accueil, digne de la chaleur des habitants de la Tinée. Merci également à Jean-Pierre Issautier, Maire de St-Dalmas-le-Selvage, venu se joindre à nous. Depuis 6 ans, je peux compter sur leur soutien indéfectible. https://t.co/GcGLCDGdFA"
713448,Marine Brenier,marinebrenier,twitter.com/marinebrenier,LC,"Les Constructifs : républicains, UDI, indépendants",fabroncolette; lesstationsnca; metropolenca; stetienne_auron,".@StEtienne_Auron, Isola, St-Dalmas, 3 villages de notre @MetropoleNCA et de ma #circo0605 qui ont pour point commun @lesstationsnca. Merci @FabronColette d’avoir rappelé mon combat pour que nos stations, et avec elles l’économie de nos vallées, puissent survivre à la #Covid19. https://t.co/WIkFdhEVjm"
713448,Marine Brenier,marinebrenier,twitter.com/marinebrenier,LC,"Les Constructifs : républicains, UDI, indépendants",,"Un plaisir d’avoir pu découvrir les nouveaux aménagements du restaurant le Magnan. 
Merci beaucoup à Laurent et son équipe pour leur accueil. Bravo pour votre travail et bonne chance pour cette belle saison qui commence ☀️#circo0605 https://t.co/scq7Xvixdl"
713448,Marine Brenier,marinebrenier,twitter.com/marinebrenier,LC,"Les Constructifs : républicains, UDI, indépendants",bbettati; pcondomitti,"Au MIN de #Nice06 avec @pcondomitti et @BBettati, Président de la régie des MIN d’Azur, pour échanger tôt ce matin avec ces femmes et ces hommes qui, chaque jour, proposent à des milliers de professionnels fruits, légumes, fleurs, viandes, poissons et tant d’autres denrées. https://t.co/HRq3Zxdt6a"
713448,Marine Brenier,marinebrenier,twitter.com/marinebrenier,LC,"Les Constructifs : républicains, UDI, indépendants",,Un plaisir également d’avoir pu y rencontrer et échanger avec les grands chefs étoilés que sont Jacques Chibois et Alain Llorca qui font rayonner la gastronomie française dans le monde entier. https://t.co/BBqBo8R5yn
713448,Marine Brenier,marinebrenier,twitter.com/marinebrenier,LC,"Les Constructifs : républicains, UDI, indépendants",anthony_borre; cestrosi; prefet06,RT @cestrosi: Avec le @prefet06 et @anthony_borre aux Moulins pour une nouvelle opération de lutte contre le trafic de stupéfiants avec la…
713448,Marine Brenier,marinebrenier,twitter.com/marinebrenier,LC,"Les Constructifs : républicains, UDI, indépendants",cestrosi,"RT @cestrosi: Ici aux Moulins, comme à l’Ariane ou aux Liserons, nous ne lâcherons rien, aux côtés des services de l’état, pour traquer ceu…"
713448,Marine Brenier,marinebrenier,twitter.com/marinebrenier,LC,"Les Constructifs : républicains, UDI, indépendants",cestrosi; marinebrenier,"RT @cestrosi: Ce soir avec @marinebrenier pour sa réunion publique à #Levens aux côtés de son Maire, mon ami Antoine Veran. #circo0605 http…"
713448,Marine Brenier,marinebrenier,twitter.com/marinebrenier,LC,"Les Constructifs : républicains, UDI, indépendants",cestrosi; gdarmanin,RT @cestrosi: Les renforts que j’avais demandés à @GDarmanin et arrivés tout de suite nous ont permis déjà sur 5 opérations de contrôler 60…
718918,Alexandra Louis,ALouisMars,twitter.com/ALouisMars|twitter.com/ALouisDeputee13,LAREM,La République en Marche,enthoven_r,"RT @Enthoven_R: Les gens qui veulent faire ""barrage"" au RN en votant NFP se trompent pour 3 raisons : 
1) On lutte mal contre l'extrême-dro…"
718918,Alexandra Louis,ALouisMars,twitter.com/ALouisMars|twitter.com/ALouisDeputee13,LAREM,La République en Marche,frontrep; j_bardella,"RT @FrontRep: .@J_Bardella et vos complices : 2 minutes n'effaceront jamais 50 ans à détruire le droit des femmes.

Le 30 juin, ni #RN ni #…"
718918,Alexandra Louis,ALouisMars,twitter.com/ALouisMars|twitter.com/ALouisDeputee13,LAREM,La République en Marche,bfmtv,"RT @BFMTV: Édouard Philippe sur les législatives: ""Les deux extrêmes me font peur"" https://t.co/30Nv7M9Awo"
718918,Alexandra Louis,ALouisMars,twitter.com/ALouisMars|twitter.com/ALouisDeputee13,LAREM,La République en Marche,marleneschiappa,"RT @MarleneSchiappa: J’ai beaucoup de défauts mais j’ai une qualité: la loyauté.
Tous les « haros sur Macron » ça va bien, ça suffit ! C’es…"
718918,Alexandra Louis,ALouisMars,twitter.com/ALouisMars|twitter.com/ALouisDeputee13,LAREM,La République en Marche,t_cazenave,RT @T_Cazenave: Programme de la NUPES 2 : ils vous invitent à dîner et à la fin c’est vous qui payez l’addition. https://t.co/5z9QVVNK2A
718918,Alexandra Louis,ALouisMars,twitter.com/ALouisMars|twitter.com/ALouisDeputee13,LAREM,La République en Marche,,Voilà qui contribue à banaliser l’extrême droite.
718918,Alexandra Louis,ALouisMars,twitter.com/ALouisMars|twitter.com/ALouisDeputee13,LAREM,La République en Marche,,"Ceux qui prétendent que le groupe Renaissance voterait avec le RN. Non pas plus que LFI! 

https://t.co/BPr2YCS3Km"
718918,Alexandra Louis,ALouisMars,twitter.com/ALouisMars|twitter.com/ALouisDeputee13,LAREM,La République en Marche,,Attention aux fausses informations !
718918,Alexandra Louis,ALouisMars,twitter.com/ALouisMars|twitter.com/ALouisDeputee13,LAREM,La République en Marche,,"Mes fonctions actuelles ne me permettent pas d’être candidate sur la 3e circonscription des Bouches-du-Rhône. Ma mission est trop importante. Je mène le combat politique différemment, mais je le mène. 
Ne cédons rien aux extrêmes. Merci pour les soutiens nombreux."
718918,Alexandra Louis,ALouisMars,twitter.com/ALouisMars|twitter.com/ALouisDeputee13,LAREM,La République en Marche,avecrenaissance,"RT @AvecRenaissance: 🔴 Voter Front Populaire, c'est voter Frexit ! https://t.co/wiuaLQEJna"
718918,Alexandra Louis,ALouisMars,twitter.com/ALouisMars|twitter.com/ALouisDeputee13,LAREM,La République en Marche,sophiaaram,"RT @SophiaAram: Dans trois semaines on saura s'il est possible de battre des ""populistes-poutinisés-et-racistes"" en s'alliant avec des bras…"
718918,Alexandra Louis,ALouisMars,twitter.com/ALouisMars|twitter.com/ALouisDeputee13,LAREM,La République en Marche,,Aucune personne condamnée par la justice ne devrait pouvoir être candidat à une élection et encore moins un auteur de violences conjugales. Le message envoyé aux victimes est terrible.
718918,Alexandra Louis,ALouisMars,twitter.com/ALouisMars|twitter.com/ALouisDeputee13,LAREM,La République en Marche,,J’insiste sur le mot « condamnée » puisque nous sommes dans un état de de droit protégé par la constitution.
718918,Alexandra Louis,ALouisMars,twitter.com/ALouisMars|twitter.com/ALouisDeputee13,LAREM,La République en Marche,,Merci !
718918,Alexandra Louis,ALouisMars,twitter.com/ALouisMars|twitter.com/ALouisDeputee13,LAREM,La République en Marche,olivierdussopt,"RT @olivierdussopt: ❌Le projet de la NUPES2.0, c'est un coût de 286 milliards d'euros et une menace pour 1,2 millions d'emplois. 
❌Le prix…"
718918,Alexandra Louis,ALouisMars,twitter.com/ALouisMars|twitter.com/ALouisDeputee13,LAREM,La République en Marche,bfmtv,"RT @BFMTV: ""Les marchés vont se déchaîner"": des dizaines de milliards d’euros de dépenses au programme du Nouveau Front populaire
https://t…"
718918,Alexandra Louis,ALouisMars,twitter.com/ALouisMars|twitter.com/ALouisDeputee13,LAREM,La République en Marche,seblecornu,"RT @SebLecornu: Pas un seul paragraphe sur la Défense dans le programme de la NUPES nouvelle version. Le mot « armée » n'y figure même pas,…"
718918,Alexandra Louis,ALouisMars,twitter.com/ALouisMars|twitter.com/ALouisDeputee13,LAREM,La République en Marche,e_dupondm,RT @E_DupondM: Je découvre avec stupéfaction que le Front pseudo-populaire promet d’augmenter les moyens de la justice… alors qu’ils ont vo…
718918,Alexandra Louis,ALouisMars,twitter.com/ALouisMars|twitter.com/ALouisDeputee13,LAREM,La République en Marche,,On entend depuis quelques jours qu’il n’y aurait pas d antisémites chez LFI et pas de racistes au RN. Que le monde est beau !
718918,Alexandra Louis,ALouisMars,twitter.com/ALouisMars|twitter.com/ALouisDeputee13,LAREM,La République en Marche,,"Donc ils veulent nous priver, sans la moindre exception, d’un outil qui peut nous permettre de nous protéger. Ils vivent chez les bisounours."
722194,Florence Provendier,flprovendier,twitter.com/flprovendier,LAREM,La République en Marche,bernardlehut,"RT @BernardLehut: 141 jours de détention pour Boualem Sansal, 141 jours de trop.
#avecboualemsansal https://t.co/ywcuj1f65I"
722194,Florence Provendier,flprovendier,twitter.com/flprovendier,LAREM,La République en Marche,bernardlehut,"RT @BernardLehut: 140 jours de détention pour Boualem Sansal, 140 jours de trop.
#avecboualemsansal https://t.co/Ql1ezofwxV"
722194,Florence Provendier,flprovendier,twitter.com/flprovendier,LAREM,La République en Marche,freececile_,"RT @FreeCecile_: A Evin, ""la survie est un enjeu de chaque jour"". La situation de Cécile et Jacques est extrêmement préoccupante : leur vie…"
722194,Florence Provendier,flprovendier,twitter.com/flprovendier,LAREM,La République en Marche,yaelbraunpivet,"RT @YaelBRAUNPIVET: La laïcité, ça se respecte.
Les enseignants, ça se respecte.
Le débat d’idées, ça se respecte.

L’université n’est pas…"
722194,Florence Provendier,flprovendier,twitter.com/flprovendier,LAREM,La République en Marche,o_decottignies,"RT @O_Decottignies: Le ministre de l'Europe et des Affaires étrangères, M. Jean-Noël Barrot :
""L'Azerbaïdjan exige maintenant une révision…"
722194,Florence Provendier,flprovendier,twitter.com/flprovendier,LAREM,La République en Marche,sachahoulie,"RT @SachaHoulie: Avec Christiane Taubira, Jean-Jacques Urvoas et Dominique Raimbourg, nous expliquons pourquoi, en plus de renier tous les…"
722194,Florence Provendier,flprovendier,twitter.com/flprovendier,LAREM,La République en Marche,bernardlehut,"RT @BernardLehut: 138 jours de détention pour Boualem Sansal, 138 jours de trop.
#avecboualemsansal https://t.co/6hN1UHi8ZF"
722194,Florence Provendier,flprovendier,twitter.com/flprovendier,LAREM,La République en Marche,eumarmenia,RT @EUmARMENIA: #EUMA proudly marks a major milestone today - our 5⃣0⃣0⃣0⃣th patrol since establishment of the mission. Our commitment to s…
722194,Florence Provendier,flprovendier,twitter.com/flprovendier,LAREM,La République en Marche,limportant_fr,"RT @Limportant_fr: Marie-Julie Bonnin, première Française championne du monde de saut à la perche en toute discrétion, la médiatisation des…"
722194,Florence Provendier,flprovendier,twitter.com/flprovendier,LAREM,La République en Marche,sachahoulie,"RT @SachaHoulie: Lorsqu’un élu prévenu est condamné pour détournement de fonds publics, l’inéligibilité est de droit. C’est la loi.

Lorsqu…"
722194,Florence Provendier,flprovendier,twitter.com/flprovendier,LAREM,La République en Marche,ccaf_france,"RT @ccaf_france: Le 24 avril 2025 marquera le 110e anniversaire du début du #génocide des #Arméniens

La cérémonie nationale de commémorati…"
722194,Florence Provendier,flprovendier,twitter.com/flprovendier,LAREM,La République en Marche,,"🇫🇷🇦🇲 Les  Assises de la coopération décentralisée franco-arménienne se préparent à #Goris ! Une ville où la #francophonie résonne avec force et où les liens de coopération s’incarnent au travers de partenariats et projets concrets.
RDV sur place  les 2 et 3 juin ! #FranceArménie https://t.co/IKGD9K1fa0"
722194,Florence Provendier,flprovendier,twitter.com/flprovendier,LAREM,La République en Marche,faridagrlt; langagedefemmes,"RT @Faridagrlt: À vos tablettes !! 
Agenda à venir de @Langagedefemmes https://t.co/xWIRphbCcZ"
722194,Florence Provendier,flprovendier,twitter.com/flprovendier,LAREM,La République en Marche,alensimonyan,"RT @alensimonyan: ⚡️⚡️⚡️
🇦🇲🇪🇺 Minutes ago the National Assembly of the Republic of #Armenia has adopted the Law on the launch of the proces…"
722194,Florence Provendier,flprovendier,twitter.com/flprovendier,LAREM,La République en Marche,bernardlehut,"RT @BernardLehut: 130 jours de détention pour Boualem Sansal, 130 jours de trop.
#avecboualemsansal https://t.co/JDgFkRwdhI"
722194,Florence Provendier,flprovendier,twitter.com/flprovendier,LAREM,La République en Marche,o_decottignies,"RT @O_Decottignies: Jumelée avec Vienne depuis 33 ans, cœur battant de la francophonie dans le Syunik, Goris va accueillir les Assises de l…"
722194,Florence Provendier,flprovendier,twitter.com/flprovendier,LAREM,La République en Marche,fdevedjian,"RT @fdevedjian: Ce soir à Paris, célébration du 50ème anniversaire de l’Union Médicale Arménienne de France (UMAF) en présence des anciens…"
722194,Florence Provendier,flprovendier,twitter.com/flprovendier,LAREM,La République en Marche,sachahoulie,RT @SachaHoulie: J'adresse mon entier soutien au maire d'Istanbul et chef de l'opposition turque Ekrem Imamoglu ainsi qu'à la population no…
722194,Florence Provendier,flprovendier,twitter.com/flprovendier,LAREM,La République en Marche,jmblanquer,"RT @jmblanquer: Embastillé dans l’une de ses deux patries et célébré dans le monde entier:
#BoualemSansal vient d’obtenir le prix de la lib…"
713448,Marine Brenier,marinebrenier,twitter.com/marinebrenier,LC,"Les Constructifs : républicains, UDI, indépendants",marinebrenier; nicolassarkozy,RT @marinebrenier: Merci au Président @NicolasSarkozy pour son magnifique message de soutien à l’occasion de son passage à #Nice06 aujourd’…
713448,Marine Brenier,marinebrenier,twitter.com/marinebrenier,LC,"Les Constructifs : républicains, UDI, indépendants",cestrosi; metropolenca,Merci à mon ami Antoine Veran pour son accueil très chaleureux à #Levens et ses remerciements très appuyés envers les services de la @MetropoleNCA lors de ma réunion publique en présence de @cestrosi. #Circo0605 https://t.co/Peu3qdV5eA
713448,Marine Brenier,marinebrenier,twitter.com/marinebrenier,LC,"Les Constructifs : républicains, UDI, indépendants",cestrosi,Mon mandat de Députée de la #circo0605 s’inscrit depuis six ans dans la continuité de celui de @cestrosi : la fidélité à notre territoire de #Nice06 à nos vallées avant tout. #Brenier2022 https://t.co/MyHutQK5j6
713448,Marine Brenier,marinebrenier,twitter.com/marinebrenier,LC,"Les Constructifs : républicains, UDI, indépendants",cestrosi; metropolenca,"Je me joins à @cestrosi pour saluer le remarquable travail de notre ami Tony non seulement en tant que Maire, mais aussi comme Vice-président de la @MetropoleNCA en charge de l’agriculture et des forêts, un sujet essentiel pour le devenir de notre territoire. https://t.co/Ell6IRX1jF"
713448,Marine Brenier,marinebrenier,twitter.com/marinebrenier,LC,"Les Constructifs : républicains, UDI, indépendants",pcondomitti,Un plaisir de vous retrouver ce soir à #Aspremont avec le Maire Pascal Bonsignore et les habitants venus nombreux échanger avec @pcondomitti et moi ! #legislatives2022 #circo0605 https://t.co/z3ZKK5ihee
713448,Marine Brenier,marinebrenier,twitter.com/marinebrenier,LC,"Les Constructifs : républicains, UDI, indépendants",,"Avant ma réunion publique à #Aspremont, échanges chaleureux avec les boulistes du Clos du village qui profitent de l’ombre des arbres pour jouer. La vie est belle dans la #circo0605 ☀️ https://t.co/oyGJCu55Yi"
713448,Marine Brenier,marinebrenier,twitter.com/marinebrenier,LC,"Les Constructifs : républicains, UDI, indépendants",nicolassarkozy,"Merci au Président @NicolasSarkozy pour son magnifique message de soutien à l’occasion de son passage à #Nice06 aujourd’hui. Ses mots me vont droit au cœur, et m’encouragent à continuer à agir pour mes concitoyens avant tout ! #legislatives2022 https://t.co/uf37fC5k4L"
713448,Marine Brenier,marinebrenier,twitter.com/marinebrenier,LC,"Les Constructifs : républicains, UDI, indépendants",cestrosi; ephilippe_lh,"RT @EPhilippe_LH: Dans les Alpes-Maritimes, avec @cestrosi, pour soutenir les 9 candidats de la majorité présidentielle. #Legislatives2022…"
713448,Marine Brenier,marinebrenier,twitter.com/marinebrenier,LC,"Les Constructifs : républicains, UDI, indépendants",cestros; ephilippe_lh; horizonsleparti,"RT @HorizonsLeParti: 🔵 J-3 avant le premier tour des législatives… Restons mobilisés ! 💪🏻
⚪ Hier, @EPhilippe_LH était aux côtés de @cestros…"
713448,Marine Brenier,marinebrenier,twitter.com/marinebrenier,LC,"Les Constructifs : républicains, UDI, indépendants",cestrosi,RT @cestrosi: Aux électeurs de gauche je veux le dire: faites attention à cette alliance éphémère et contre nature. Voter pour l’union méle…
713448,Marine Brenier,marinebrenier,twitter.com/marinebrenier,LC,"Les Constructifs : républicains, UDI, indépendants",cestrosi,"RT @cestrosi: De l’autre côté, nous avons face à nous les candidats de l’extrême gauche. 
Eux ont un projet mais un projet dangereux. Un pr…"
713448,Marine Brenier,marinebrenier,twitter.com/marinebrenier,LC,"Les Constructifs : républicains, UDI, indépendants",cestrosi,"RT @cestrosi: Eux ils sont contre tout. Ils passent leur temps, pour nourrir leurs petites ambitions personnelles, à dénigrer le travail de…"
713448,Marine Brenier,marinebrenier,twitter.com/marinebrenier,LC,"Les Constructifs : républicains, UDI, indépendants",cestrosi,"RT @cestrosi: Nous sommes confrontés au double danger de l’extrémisme. D’un côté, les amis de la bande à Le Pen et de la clique de Zemmour.…"
713448,Marine Brenier,marinebrenier,twitter.com/marinebrenier,LC,"Les Constructifs : républicains, UDI, indépendants",cestrosi,"RT @cestrosi: Le projet #MajoritéPrésidentielle est le seul qui préserve le pouvoir d’achat des Français en baissant les impôts, protége no…"
713448,Marine Brenier,marinebrenier,twitter.com/marinebrenier,LC,"Les Constructifs : républicains, UDI, indépendants",a_ardisson; cestrosi; ericmele_7e_06; jbmion; jv_desens; loicdombreval; marinebrenier; mayaa_tudies; monettigraig; p_pradal,"RT @cestrosi: .@MonettiGraig, @LoicDombreval, @p_pradal, @A_Ardisson, @marinebrenier, @jbmion, @EricMele_7e_06, @JV_Desens et @Mayaa_Tudies…"
713448,Marine Brenier,marinebrenier,twitter.com/marinebrenier,LC,"Les Constructifs : républicains, UDI, indépendants",cestrosi; ephilippe_lh,RT @cestrosi: Quel plus beau symbole que d’être avec @EPhilippe_LH pour ce rdv. Lui qui incarne mieux que quiconque ce que nous sommes au s…
713448,Marine Brenier,marinebrenier,twitter.com/marinebrenier,LC,"Les Constructifs : républicains, UDI, indépendants",cestrosi; ephilippe_lh,RT @cestrosi: Merci d’être si nombreux ce soir à avoir répondu à notre appel avec @EPhilippe_LH pour soutenir les 9 candidats de la #Majori…
713448,Marine Brenier,marinebrenier,twitter.com/marinebrenier,LC,"Les Constructifs : républicains, UDI, indépendants",renaudmuselier,"Merci à notre président de Région @RenaudMuselier pour son soutien sincère. #Ensemble, nous continuerons à défendre notre pays et à porter la voix des territoires au plus haut niveau ! #Brenier2022 #circo0605"
713448,Marine Brenier,marinebrenier,twitter.com/marinebrenier,LC,"Les Constructifs : républicains, UDI, indépendants",cestrosi; ephilippe_lh,"Quel plaisir de faire découvrir à @EPhilippe_LH, aux côtés de @cestrosi, le complexe sportif des Combes, petit paradis de l'Ouest de #Nice06 où les Niçois de toutes générations se retrouvent. #circo0605 https://t.co/rV221WN16Z"
713448,Marine Brenier,marinebrenier,twitter.com/marinebrenier,LC,"Les Constructifs : républicains, UDI, indépendants",,"Une belle soirée dans les collines niçoises #AvecVous ! ☀️

Merci aux Niçois venus à mes réunions publiques de Saint-Pierre de Feric et Saint-Roman-de-Bellet pour ces échanges chaleureux.

#Brenier2022 #circo0605 https://t.co/oOH5nGrVPC"
713448,Marine Brenier,marinebrenier,twitter.com/marinebrenier,LC,"Les Constructifs : républicains, UDI, indépendants",pcondomitti,"Avant d’être votre Députée, j’étais votre Adjointe de territoire, le rôle aujourd’hui occupé par mon suppléant @pcondomitti. L’équipe que nous formons est celle qui vous connaît le mieux, qui connaît le mieux la spécificité de notre territoire, qui connaît le mieux vos attentes. https://t.co/KztfDf0jmT"
713448,Marine Brenier,marinebrenier,twitter.com/marinebrenier,LC,"Les Constructifs : républicains, UDI, indépendants",,"J’entends vos souhaits, comme l’amélioration du pouvoir d’achat, plus de sécurité, la prise en charge de nos aînés et de la dépendance, ou encore l’action pour le climat. Je veux faire peser dans la #MajoritePresidentielle l’expérience locale pour traiter efficacement ces sujets. https://t.co/cy6qBE7qIB"
718918,Alexandra Louis,ALouisMars,twitter.com/ALouisMars|twitter.com/ALouisDeputee13,LAREM,La République en Marche,brunolemaire,"RT @BrunoLeMaire: Le programme proposé par l'alliance de gauche est l'assurance de la sortie de l'Union européenne.

Je vous explique pourq…"
718918,Alexandra Louis,ALouisMars,twitter.com/ALouisMars|twitter.com/ALouisDeputee13,LAREM,La République en Marche,gdarmanin,"Bravo aux formidables policiers de terrain de la BAC Nord qui ont réussi ce coup de filet. Et dire que la France insoumise veut dissoudre cette brigade. 
@GDarmanin"
718918,Alexandra Louis,ALouisMars,twitter.com/ALouisMars|twitter.com/ALouisDeputee13,LAREM,La République en Marche,,La France a déjà essayé les peines planchers et ça n’a  jamais marché. Encore de l’enfumage!
718918,Alexandra Louis,ALouisMars,twitter.com/ALouisMars|twitter.com/ALouisDeputee13,LAREM,La République en Marche,,"Plus de dépenses et moins d’impôts, j’espère pour eux que le père noël est dans leur alliance."
718918,Alexandra Louis,ALouisMars,twitter.com/ALouisMars|twitter.com/ALouisDeputee13,LAREM,La République en Marche,,Déclaration de déshonneur !
718918,Alexandra Louis,ALouisMars,twitter.com/ALouisMars|twitter.com/ALouisDeputee13,LAREM,La République en Marche,charlie_hebdo_,"RT @Charlie_Hebdo_: Le dessin du jour, par #Biche https://t.co/llvz4mYiAi"
718918,Alexandra Louis,ALouisMars,twitter.com/ALouisMars|twitter.com/ALouisDeputee13,LAREM,La République en Marche,,C’est simple à qualifier sauf pour les partis communautaristes. On les aide un peu : le 7 octobre est une attaque terroriste et un pogrome.
718918,Alexandra Louis,ALouisMars,twitter.com/ALouisMars|twitter.com/ALouisDeputee13,LAREM,La République en Marche,,Voilà le grand fossoyeur du Parti socialiste !
718918,Alexandra Louis,ALouisMars,twitter.com/ALouisMars|twitter.com/ALouisDeputee13,LAREM,La République en Marche,,"Pour quelques sièges, adieu les grands principes et adieu le soutien aux victimes ! Voilà un homme condamné pour violences conjugales qui demande un soutien aux féministes! On marche sur la tête."
718918,Alexandra Louis,ALouisMars,twitter.com/ALouisMars|twitter.com/ALouisDeputee13,LAREM,La République en Marche,claudemalhuret; indep_senat,"RT @Indep_Senat: 🔴 #Dissolution : depuis le résultat des élections européennes la politique est devenue folle.

💬 @ClaudeMalhuret : « Entre…"
718918,Alexandra Louis,ALouisMars,twitter.com/ALouisMars|twitter.com/ALouisDeputee13,LAREM,La République en Marche,laurentsegnis,"RT @LaurentSegnis: 🎙 ""Ne composez jamais avec l’extrémisme, le racisme, l’antisémitisme ou le rejet de l’autre. Dans notre histoire, l’extr…"
718918,Alexandra Louis,ALouisMars,twitter.com/ALouisMars|twitter.com/ALouisDeputee13,LAREM,La République en Marche,brunolemaire,RT @BrunoLeMaire: Le monde économique a peur du RN. Pourquoi ? Parce que leur programme économique ne tient pas la route et se soldera par…
718918,Alexandra Louis,ALouisMars,twitter.com/ALouisMars|twitter.com/ALouisDeputee13,LAREM,La République en Marche,renaissance,"RT @Renaissance: « Nous avons des alliances contre nature aux deux extrêmes, qui ne sont d'accord sur rien et ne seront pas en mesure d'app…"
718918,Alexandra Louis,ALouisMars,twitter.com/ALouisMars|twitter.com/ALouisDeputee13,LAREM,La République en Marche,gisele_lelouis,"La vision du débat démocratique selon l’extrême droite @gisele_lelouis. 

Mon tort est d’avoir démontré que le pseudo programme du RN contre les trafics de drogue est inefficace. https://t.co/zpqlw4AZkv"
718918,Alexandra Louis,ALouisMars,twitter.com/ALouisMars|twitter.com/ALouisDeputee13,LAREM,La République en Marche,renaissance,"RT @Renaissance: « Ce que nous proposons, c’est :
👉 le travail comme valeur cardinale, 
👉 le rétablissement de l’autorité, 
👉 le pouvoir d’…"
718918,Alexandra Louis,ALouisMars,twitter.com/ALouisMars|twitter.com/ALouisDeputee13,LAREM,La République en Marche,libe,"RT @libe: 🔴 EN DIRECT - «C’est moi qui mènerai cette campagne» pour la majorité, annonce ce soir Gabriel Attal.

Suivez notre direct : http…"
718918,Alexandra Louis,ALouisMars,twitter.com/ALouisMars|twitter.com/ALouisDeputee13,LAREM,La République en Marche,e_dupondm,"RT @E_DupondM: Ciotti se vautre dans le déshonneur pour sauver sa tête. 

Offrir à Le Pen le parti du général de Gaulle sur un plateau d’ar…"
718918,Alexandra Louis,ALouisMars,twitter.com/ALouisMars|twitter.com/ALouisDeputee13,LAREM,La République en Marche,,Une honte !
718918,Alexandra Louis,ALouisMars,twitter.com/ALouisMars|twitter.com/ALouisDeputee13,LAREM,La République en Marche,banontristane; joannsfar,RT @BanonTristane: @joannsfar …Parfait. https://t.co/vjc6KxhAUh
718918,Alexandra Louis,ALouisMars,twitter.com/ALouisMars|twitter.com/ALouisDeputee13,LAREM,La République en Marche,bfmtv,"RT @BFMTV: 🔴 EN DIRECT
""On n'a jamais tort quand on donne la parole aux Français"": Dupond Moretti ""parfaitement à l'aise avec la décision""…"
722194,Florence Provendier,flprovendier,twitter.com/flprovendier,LAREM,La République en Marche,nathalieloiseau,"RT @NathalieLoiseau: On nous répète que nous vivons l’époque des régimes autoritaires. Ce que je vois, c’est la révolte des peuples contre…"
722194,Florence Provendier,flprovendier,twitter.com/flprovendier,LAREM,La République en Marche,jonathanlacote,"RT @JonathanLacote: 🇫🇷🇭🇺🇦🇲

      Nous avons tous un ami arménien. 

      Mindenkinek van egy örmény barátja. 

      Բոլորն էլ ունեն հայ…"
722194,Florence Provendier,flprovendier,twitter.com/flprovendier,LAREM,La République en Marche,ducroquetsamuel,"RT @DucroquetSamuel: Bien arrivé à #Erevan, en compagnie de plusieurs entreprises du GIE #FranceSportExpertise ! 

L’occasion de parler coo…"
722194,Florence Provendier,flprovendier,twitter.com/flprovendier,LAREM,La République en Marche,ducroquetsamuel,"RT @DucroquetSamuel: Quoi de mieux que de fêter la journée internationale de la #Francophonie, depuis Erevan, en travaillant sur les procha…"
722194,Florence Provendier,flprovendier,twitter.com/flprovendier,LAREM,La République en Marche,bcazeneuve,RT @BCazeneuve: 10 ans de prison ferme requis contre B Sansal par un procureur de l’injustice.Notre compatriote n’a pas attenté à la sûreté…
722194,Florence Provendier,flprovendier,twitter.com/flprovendier,LAREM,La République en Marche,lanouvellerep_,"RT @lanouvellerep_: «La situation des enfants n’est pas digne d’un pays comme la France», juge la présidente d’Unicef France ⤵️
https://t.c…"
722194,Florence Provendier,flprovendier,twitter.com/flprovendier,LAREM,La République en Marche,nathalieloiseau,"RT @NathalieLoiseau: Tout à coup, Jordan Bardella doit répondre à des questions de fond, ce qui ne lui est jamais demandé quand il fait cam…"
722194,Florence Provendier,flprovendier,twitter.com/flprovendier,LAREM,La République en Marche,bernardlehut,"RT @BernardLehut: 119 jours de détention pour Boualem Sansal, 119 jours de trop.
#avecboualemsansal https://t.co/P9vq1q0gY8"
722194,Florence Provendier,flprovendier,twitter.com/flprovendier,LAREM,La République en Marche,francediplo,"RT @francediplo: #Arménie #Azerbaïdjan
La France salue l’annonce de l’aboutissement de la négociation d’un traité de paix entre l’Arménie e…"
722194,Florence Provendier,flprovendier,twitter.com/flprovendier,LAREM,La République en Marche,fredericencel,RT @FredericEncel: https://t.co/RRU3y3DQBV
722194,Florence Provendier,flprovendier,twitter.com/flprovendier,LAREM,La République en Marche,jchribuisson,"RT @jchribuisson: Inquiétante photo de #RubenVardanyan à son procès en Azerbaïdjan. Emprisonné depuis 1 an et demi, l'ancien ministre d'Eta…"
722194,Florence Provendier,flprovendier,twitter.com/flprovendier,LAREM,La République en Marche,ccaf_france; sylvainmaillard,"RT @SylvainMaillard: 🇦🇲🇫🇷Au traditionnel dîner du @ccaf_france.

Nous demandons la libération immédiate des arméniens injustement prisonnie…"
722194,Florence Provendier,flprovendier,twitter.com/flprovendier,LAREM,La République en Marche,laguilde_action; senat; villedelyon,"RT @LaGuilde_Action: ⚡Convergences #Arménie [@villedelyon - @Senat] : @LaGuilde_Action réaffirme son engagement aux côtés des Arméniens. 
🏹…"
722194,Florence Provendier,flprovendier,twitter.com/flprovendier,LAREM,La République en Marche,bernardlehut,"RT @BernardLehut: 110 jours de détention pour Boualem Sansal, 110 jours de trop.
#avecboualemsansal https://t.co/Se39jUKd2J"
722194,Florence Provendier,flprovendier,twitter.com/flprovendier,LAREM,La République en Marche,fdevedjian,"RT @fdevedjian: L’Arménie 🇦🇲 6e du classement hellosafe des pays les moins chers où voyager
Vous y trouverez la magie de Erevan, fondée il…"
722194,Florence Provendier,flprovendier,twitter.com/flprovendier,LAREM,La République en Marche,yaelbraunpivet,"RT @YaelBRAUNPIVET: Présider l'Assemblée nationale, « ce lieu magique de la République », fut pour Jean-Louis Debré « l’honneur d’une vie »…"
722194,Florence Provendier,flprovendier,twitter.com/flprovendier,LAREM,La République en Marche,rita_minassian,"RT @rita_minassian: « ARMÉNIE ET BANDES DESSINÉES 
110 ans après le génocide : identités, mémoires, espoirs »
Une conférence à ne pas rater…"
713448,Marine Brenier,marinebrenier,twitter.com/marinebrenier,LC,"Les Constructifs : républicains, UDI, indépendants",bailetmonique; cestrosi; ephilippe_lh,"RT @bailetmonique: Un rendez-vous à ne pas manquer.
On vous attend nombreux à la grande réunion publique de @EPhilippe_LH @cestrosi en prés…"
713448,Marine Brenier,marinebrenier,twitter.com/marinebrenier,LC,"Les Constructifs : républicains, UDI, indépendants",cestrosi; ephilippe_lh,"Rendez-vous demain soir pour la réunion publique d'@EPhilippe_LH et @cestrosi à #Nice06 en soutien aux candidats #MajoritePresidentielle aux #legislatives2022 dans le 06.

📅 Mercredi 8 juin à 18h30
📍 Promenade du Paillon (au niveau du Square Leclerc)

#brenier2022 #circo0605 https://t.co/1UQ5MPHxSn"
713448,Marine Brenier,marinebrenier,twitter.com/marinebrenier,LC,"Les Constructifs : républicains, UDI, indépendants",,"Aux côtés d’Isabelle Brès pour conclure cette journée de rencontres à #Colomars, magnifique commune du moyen-pays. Merci aux Colomarsois venus échanger et débattre ce soir sur le projet que je compte porter pour vous et #AvecVous. #Brenier2022 #circo0605 https://t.co/j1WiqBNxhv"
713448,Marine Brenier,marinebrenier,twitter.com/marinebrenier,LC,"Les Constructifs : républicains, UDI, indépendants",an_afsoc; emmanuelmacron,"Au sein de l’@AN_AfSoc je me suis notamment engagée sur la question des #DésertsMédicaux. J’y ai défendu une mesure qui a été retenue par le Président @EmmanuelMacron, celle du « docteur junior ». Je veillerai au sein de la #MajoritePresidentielle à sa mise en place. #Brenier2022 https://t.co/ZueYVoYxI9"
713448,Marine Brenier,marinebrenier,twitter.com/marinebrenier,LC,"Les Constructifs : républicains, UDI, indépendants",,"Le lien de confiance qui nous unit ne s’est jamais érodé. Vous savez pouvoir compter sur moi comme une Députée accessible, « à portée d’engueulade », parce que nous nous voyons souvent. Cette relation que nous avons construite, je veux la prolonger #AvecVous. https://t.co/9zKVIUnifh"
713448,Marine Brenier,marinebrenier,twitter.com/marinebrenier,LC,"Les Constructifs : républicains, UDI, indépendants",marinebrenier; valentinbrune,"RT @valentinbrune: Toujours mobilisés ce soir a Ventabrun, dans la bonne humeur pour soutenir et partager le programme de @marinebrenier  #…"
713448,Marine Brenier,marinebrenier,twitter.com/marinebrenier,LC,"Les Constructifs : républicains, UDI, indépendants",,"À #Lantosque pour un échange chaleureux avec les habitants.

Merci au Maire Jean Thaon pour son très bel accueil cet après-midi.

#Brenier2022 #Circo0605 https://t.co/pXQHBveiQK"
713448,Marine Brenier,marinebrenier,twitter.com/marinebrenier,LC,"Les Constructifs : républicains, UDI, indépendants",emmanuelmacron,"Les paysages de la #Vésubie défigurés par la #TempeteAlex et la sécheresse dans notre département nous rappellent qu’il est urgent d’agir pour le climat. Au sein de la #MajoritePresidentielle je veux peser en faveur de mesures concrètes et efficaces, promises par @EmmanuelMacron. https://t.co/sYEXbudj5U"
713448,Marine Brenier,marinebrenier,twitter.com/marinebrenier,LC,"Les Constructifs : républicains, UDI, indépendants",,"Députée de proximité, j’ai toujours eu à cœur de venir à votre rencontre pour agir au plus près de vos attentes.

Je resterai cette Députée de proximité à l’écoute de chacun des habitants de la #circo0605, engagée pour vous, #AvecVous. #Brenier2022 https://t.co/B8s0i5ifvg"
713448,Marine Brenier,marinebrenier,twitter.com/marinebrenier,LC,"Les Constructifs : républicains, UDI, indépendants",marinebrenier; valentinbrune,"RT @valentinbrune: À Crémat pour faire connaître le programme de notre candidate @marinebrenier 

❓Le saviez-vous ?
➡️ Lors de son mandat d…"
713448,Marine Brenier,marinebrenier,twitter.com/marinebrenier,LC,"Les Constructifs : républicains, UDI, indépendants",,"Saint-Martin-Vésubie.

Depuis la #TempeteAlex, revenir dans ce village me touche particulièrement.

Merci à mon ami Ivan Mottet pour son accueil très chaleureux dans sa commune.

#Brenier2022 #circo0605 https://t.co/hPIwWtDdA0"
713448,Marine Brenier,marinebrenier,twitter.com/marinebrenier,LC,"Les Constructifs : républicains, UDI, indépendants",metropolenca,"Je ne saluerai jamais assez l’immense travail conduit ici par les collectivités, la @MetropoleNCA en 1er lieu, pour mettre à l’abri les sinistrés, rétablir les réseaux ou acheminer par hélicoptère des milliers de litres d’eau. Ici à St-Martin, la Métropole a investi + de 110M€. https://t.co/3bzW41UKRF"
713448,Marine Brenier,marinebrenier,twitter.com/marinebrenier,LC,"Les Constructifs : républicains, UDI, indépendants",,"Au lendemain de la #TempeteAlex, personne n’a ménagé ses efforts. C’est ainsi que nous avons en quelques mois pu rouvrir des voies que beaucoup imaginaient perdues à jamais. En un an, nous avons rendu l’accès au Boreon, et cet été, nous rendrons l’accès à la Madone de Fenestre. https://t.co/caXNBTmWMb"
713448,Marine Brenier,marinebrenier,twitter.com/marinebrenier,LC,"Les Constructifs : républicains, UDI, indépendants",gdarmanin,"RT @GDarmanin: Les policiers, les gendarmes méritent le respect. Ils font un travail courageux, difficile et risquent leur vie à chaque ins…"
713448,Marine Brenier,marinebrenier,twitter.com/marinebrenier,LC,"Les Constructifs : républicains, UDI, indépendants",,"En ce #6juin, la France rappelle sa reconnaissance éternelle envers les héros Américains, Britanniques, Canadiens, Français et de nombreux autres pays qui par milliers ont débarqué sur les plages normandes il y a 77 ans pour libérer la 🇫🇷 et l’Europe du nazisme. #DDay #6Juin1944 https://t.co/Lr2bVltLH6"
713448,Marine Brenier,marinebrenier,twitter.com/marinebrenier,LC,"Les Constructifs : républicains, UDI, indépendants",,"Je veux saluer également Léon Gautier, dernier survivant des 177 membres du commando Kieffer, seul bataillon français à participer au #DDay.

À lui et tous ses frères d’armes, la France est et restera redevable. #6juin1944 https://t.co/7CsNROOv0r"
713448,Marine Brenier,marinebrenier,twitter.com/marinebrenier,LC,"Les Constructifs : républicains, UDI, indépendants",fabroncolette; stetienne_auron,"Discuter, débattre et surtout avancer #Ensemble. Une magnifique journée à @StEtienne_Auron St-Dalmas-le-Selvage et Tourrette-Levens pour bâtir #AvecVous les fondations du futur de la #circo0605. Merci à @FabronColette, Jean-Pierre Issautier et Bertrand Gasiglia pour leur accueil. https://t.co/vd0ymPRgGR"
713448,Marine Brenier,marinebrenier,twitter.com/marinebrenier,LC,"Les Constructifs : républicains, UDI, indépendants",,"J’entends vos inquiétudes, légitimes, dans ce contexte de crises, de guerre aux portes de l’Europe, et au moment où a lieu une profonde recomposition politique. Députée de la #circo0605 depuis 6 ans, je ne vous ai jamais fait défaut, et je ne compte pas commencer ! #Brenier2022 https://t.co/XrqTphjwg3"
713448,Marine Brenier,marinebrenier,twitter.com/marinebrenier,LC,"Les Constructifs : républicains, UDI, indépendants",,"Face aux candidats qui viennent vous parler d’eux et n’ont pour programme que de me battre, je suis la seule à venir vous rencontrer pour vous parler de VOUS. Députée de la #circo0605 dans la #MajoritePresidentielle, ma 1ère bataille sera pour votre pouvoir d’achat. #Brenier2022 https://t.co/G3f94BYLvG"
718918,Alexandra Louis,ALouisMars,twitter.com/ALouisMars|twitter.com/ALouisDeputee13,LAREM,La République en Marche,enthoven_r,"RT @Enthoven_R: Une pensée pour les gens qui ont oublié, en votant Glucksmann, qu'ils votaient aussi pour Olivier Faure."
718918,Alexandra Louis,ALouisMars,twitter.com/ALouisMars|twitter.com/ALouisDeputee13,LAREM,La République en Marche,emmanuelmacron,"RT @EmmanuelMacron: Des élections législatives se tiendront le 30 juin et le 7 juillet.

J’ai confiance en la capacité du peuple français à…"
718918,Alexandra Louis,ALouisMars,twitter.com/ALouisMars|twitter.com/ALouisDeputee13,LAREM,La République en Marche,,Une décision courageuse qui place chacun face à ses responsabilités.
718918,Alexandra Louis,ALouisMars,twitter.com/ALouisMars|twitter.com/ALouisDeputee13,LAREM,La République en Marche,fredvalletoux,La santé physique et psychique des victimes est  une de nos priorités. Merci @fredvalletoux pour son engagement pour faciliter l’accompagnement des victimes.
718918,Alexandra Louis,ALouisMars,twitter.com/ALouisMars|twitter.com/ALouisDeputee13,LAREM,La République en Marche,brutofficiel,"RT @brutofficiel: “Des fois, je me dis que les enfants biologiques de la France ne savent pas la chance qu’ils ont.”

L’actrice iranienne G…"
718918,Alexandra Louis,ALouisMars,twitter.com/ALouisMars|twitter.com/ALouisDeputee13,LAREM,La République en Marche,cnbarreaux,"RT @CNBarreaux: [AUDITION⚖️] Fermement attaché à l'amélioration de la protection des victimes et leur prise en charge, le #CNB a rencontré…"
718918,Alexandra Louis,ALouisMars,twitter.com/ALouisMars|twitter.com/ALouisDeputee13,LAREM,La République en Marche,,"Les candidats du RN viennent donner des leçons d’ordre mais ne respectent même pas la loi ! 

se comporte comme Violer le droit moral d’un auteur ou d’un interprète est une infraction au même titre que le vol."
718918,Alexandra Louis,ALouisMars,twitter.com/ALouisMars|twitter.com/ALouisDeputee13,LAREM,La République en Marche,cavousf5,RT @cavousf5: Le Rassemblement national fait feu contre l’Europe : l'édito de #PatrickCohen dans #CàVous ⬇️ https://t.co/Bm52SD1Ni7
718918,Alexandra Louis,ALouisMars,twitter.com/ALouisMars|twitter.com/ALouisDeputee13,LAREM,La République en Marche,e_dupondm; emiliechandler; senat; verienparen,RT @E_DupondM: Le @Senat adopte à l’unanimité la création de l’ordonnance de protection immédiate portée par @EmilieChandler &amp; @verienparen…
718918,Alexandra Louis,ALouisMars,twitter.com/ALouisMars|twitter.com/ALouisDeputee13,LAREM,La République en Marche,gabrielattal,"RT @GabrielAttal: Nous sommes les seuls à défendre l’Europe des grands projets. 

L’Europe de l’avion vert, celle du char du futur, celle d…"
718918,Alexandra Louis,ALouisMars,twitter.com/ALouisMars|twitter.com/ALouisDeputee13,LAREM,La République en Marche,gabrielattal,"RT @GabrielAttal: Je pose la question aux amoureux de la France : voulez-vous vraiment qu'en 45 ans, le visage de notre pays en Europe pass…"
718918,Alexandra Louis,ALouisMars,twitter.com/ALouisMars|twitter.com/ALouisDeputee13,LAREM,La République en Marche,diavictimes,"RT @DIAVictimes: #SecuriteRoutiereAuTravail 

Je lance un cycle de réunions trimestrielles avec les associations engagées dans l’aide et la…"
718918,Alexandra Louis,ALouisMars,twitter.com/ALouisMars|twitter.com/ALouisDeputee13,LAREM,La République en Marche,diavictimes; hoteldieuparis,"RT @DIAVictimes: Notre objectif : améliorer le parcours des victimes, sur tous les aspects.A @HotelDieuParis les femmes &amp; enfants #victimes…"
718918,Alexandra Louis,ALouisMars,twitter.com/ALouisMars|twitter.com/ALouisDeputee13,LAREM,La République en Marche,lcp,"RT @LCP: ""Il n'y a pas besoin de brandir un autre drapeau que celui de la France et de l'Europe pour défendre la paix, la diplomatie"", tran…"
718918,Alexandra Louis,ALouisMars,twitter.com/ALouisMars|twitter.com/ALouisDeputee13,LAREM,La République en Marche,,Cette délinquance est un fléau pour notre pays. Et dire que Ravier et ses amis d’extrême-droite prônent la fermeté et le rétablissement des peines planchers….
718918,Alexandra Louis,ALouisMars,twitter.com/ALouisMars|twitter.com/ALouisDeputee13,LAREM,La République en Marche,hoteldieuparis,Améliorer l’accompagnement des victimes est un enjeu de justice et de solidarité nationale. La prise en charge médicale et psychologique des victimes est une priorité. Merci aux formidables équipes de l’@HotelDieuParis qui ont développé une expertise précieuse en la matière.
718918,Alexandra Louis,ALouisMars,twitter.com/ALouisMars|twitter.com/ALouisDeputee13,LAREM,La République en Marche,emmanuelmacron,RT @EmmanuelMacron: Il faut que les opérations israéliennes cessent à Rafah. https://t.co/jNori2eIis
718918,Alexandra Louis,ALouisMars,twitter.com/ALouisMars|twitter.com/ALouisDeputee13,LAREM,La République en Marche,emmanuelmacron,"RT @EmmanuelMacron: Indigné par les frappes israéliennes qui ont fait de nombreuses victimes parmi les déplacés à Rafah.

Ces opérations do…"
718918,Alexandra Louis,ALouisMars,twitter.com/ALouisMars|twitter.com/ALouisDeputee13,LAREM,La République en Marche,claudemalhuret; edlobservatoi; nathalieloiseau,"RT @NathalieLoiseau: Excellent @ClaudeMalhuret, comme toujours. Merci pour la référence à La Guerre Qu’On Ne Voit Pas Venir. @EdLObservatoi…"
718918,Alexandra Louis,ALouisMars,twitter.com/ALouisMars|twitter.com/ALouisDeputee13,LAREM,La République en Marche,,Bardella nous dit que les travailleurs étrangers doivent repartir à la fin de leurs mission et explique que sa famille a pu s’installer en France par amour de la nation.
722194,Florence Provendier,flprovendier,twitter.com/flprovendier,LAREM,La République en Marche,bernardlehut,"RT @BernardLehut: 107 jours de détention pour Boualem Sansal, 107 jours de trop.
#avecboualemsansal https://t.co/HTuRjhTOwC"
722194,Florence Provendier,flprovendier,twitter.com/flprovendier,LAREM,La République en Marche,bernardlehut,"RT @BernardLehut: 102 jours de détention pour Boualem Sansal, 102 jours de trop.
#avecboualemsansal https://t.co/gqEjBy8M07"
722194,Florence Provendier,flprovendier,twitter.com/flprovendier,LAREM,La République en Marche,thevoice_tf1,"RT @TheVoice_TF1: #TheVoice 

Des frissons pour ce début des auditions à l'aveugle ! Levon livre un hymne à l'amour pour l'Arménie en repre…"
722194,Florence Provendier,flprovendier,twitter.com/flprovendier,LAREM,La République en Marche,pchamassian,"RT @pchamassian: « Aux grands hommes, la patrie reconnaissante » il y a 1 an jour pour jour Missak Manouchian rentrait  au Panthéon accompa…"
722194,Florence Provendier,flprovendier,twitter.com/flprovendier,LAREM,La République en Marche,ambafr_armenie,"RT @AmbaFR_Armenie: En ce 21 février, 81 ans après son exécution par l'occupant nazi, nous avons rendu hommage à Missak Manouchian, rassemb…"
722194,Florence Provendier,flprovendier,twitter.com/flprovendier,LAREM,La République en Marche,minhealth_arm,"RT @MinHealth_Arm: The Minister of Health received Ambassador Olivier Decottignies and Florence Provendier, Coordinator of Armenian-French…"
722194,Florence Provendier,flprovendier,twitter.com/flprovendier,LAREM,La République en Marche,emmanuelmacron; nikolpashinyan,"RT @NikolPashinyan: Excellent entretien avec le Président @EmmanuelMacron sur l’amitié exceptionnelle et la coopération🇦🇲🇫🇷, notamment dans…"
722194,Florence Provendier,flprovendier,twitter.com/flprovendier,LAREM,La République en Marche,gouvernementfr; parlonsdem,"🎯Il n’y a pas d’âge pour parler démocratie @ParlonsDem 

Avec des élèves de 6ᵉ pour relever ce défi et concocter une loi sur les océans 🌊 dans le cadre du #ParlementDesEnfants 

!!! Si seulement le @gouvernementFR pouvait  entendre leur voix et protéger leurs droits #enfants"
722194,Florence Provendier,flprovendier,twitter.com/flprovendier,LAREM,La République en Marche,aznavourfound,RT @AznavourFound: La quatrième édition de l'Atelier d'Art dramatique bilingue a été lancée. Ce programme culturel réunira une fois de plus…
722194,Florence Provendier,flprovendier,twitter.com/flprovendier,LAREM,La République en Marche,,"🇫🇷🇦🇲Les coopérations décentralisées franco-arméniennes, c’est du concret ! 

Rencontre des maires de Masis, Vagharshapat, Armavir, Vedi, Artashat…  pour évoquer leurs priorités avec les CTF. 
Un engagement durable entre collectivités pour un avenir commun. #Arménie #cooperation https://t.co/r8W0kSbqb7"
722194,Florence Provendier,flprovendier,twitter.com/flprovendier,LAREM,La République en Marche,o_decottignies,RT @O_Decottignies: Les collectivités territoriales françaises sont solidaires des réfugiés arméniens du Haut-Karabagh et de l'Arménie qui…
722194,Florence Provendier,flprovendier,twitter.com/flprovendier,LAREM,La République en Marche,bernardlehut,"RT @BernardLehut: 81 jours de détention pour Boualem Sansal, 81 jours de trop.
#avecboualemsansal https://t.co/cXHtUd538p"
722194,Florence Provendier,flprovendier,twitter.com/flprovendier,LAREM,La République en Marche,,"🇫🇷🇦🇲Droit au logement, au travail, à l’éducation, à la santé, à la préservation de sa culture, de son patrimoine immatériel, droit au retour #réfugiés #HautKarabakh…
pour en parler sans tabou avec des collectivités territoriales et des acteurs institutionnels en #Arménie https://t.co/k9xTKd3zl0"
722194,Florence Provendier,flprovendier,twitter.com/flprovendier,LAREM,La République en Marche,armenmnatzak; rita_minassian,RT @rita_minassian: Mes chaleureuses félicitations cher @ArmenMnatzak pour cette nouvelle aventure à la tête de l’Union des Français à l’Et…
722194,Florence Provendier,flprovendier,twitter.com/flprovendier,LAREM,La République en Marche,undparmenia; undpgeneva,"RT @UNDPGeneva: French local authorities (Lyon, Calvados, Aix en Provence, Roissy, Clamart) are hosted this week by
@UNDPArmenia as part of…"
722194,Florence Provendier,flprovendier,twitter.com/flprovendier,LAREM,La République en Marche,,"🇫🇷🇦🇲En Arménie avec une délégation de collectivités territoriales françaises. Nous avons commencé notre mission dont le but est de contribuer à l’insertion des réfugiés en nous recueillant au mémorial du génocide.
#Mémoire #Arménie #cooperation https://t.co/dLttkBF7NM"
722194,Florence Provendier,flprovendier,twitter.com/flprovendier,LAREM,La République en Marche,sifaoui,"RT @Sifaoui: Vendredi 31 janvier 2025 

L’écrivain franco-algerien Boualem #Sansal vient de passer sa 76e nuit en détention arbitraire.

Il…"
722194,Florence Provendier,flprovendier,twitter.com/flprovendier,LAREM,La République en Marche,gabrielattal,"RT @GabrielAttal: Les habitants de Boulogne-Billancourt sont appelés aux urnes ce dimanche pour élire leur nouveau député.

Je les appelle…"
722194,Florence Provendier,flprovendier,twitter.com/flprovendier,LAREM,La République en Marche,eucouncil; eucouncilpress,"RT @EUCouncilPress: Armenia 🇦🇲: @EUCouncil extends the mandate of the EU civilian mission in Armenia, for a further two years until 19 Febr…"
713448,Marine Brenier,marinebrenier,twitter.com/marinebrenier,LC,"Les Constructifs : républicains, UDI, indépendants",stetienne_auron,"Bonne #Pentecôte !

Dans ma magnifique #circo0605, j’ai la chance de participer aux fêtes patronales ou aux messes, comme ce matin à @StEtienne_Auron.

Députée locale, mon devoir est d’agir pour perpétuer nos traditions.

Il faut savoir d’où on vient pour savoir où on va. https://t.co/xZ67UYewNE"
713448,Marine Brenier,marinebrenier,twitter.com/marinebrenier,LC,"Les Constructifs : républicains, UDI, indépendants",migliorecaro; pcondomitti,"A la rencontre des Venansonnois avec @migliorecaro et @pcondomitti. Merci a Loetitia Loré, Maire de #Venanson, pour son accueil chaleureux. #Brenier2022 #circo0605 https://t.co/3ALzuwzvnQ"
713448,Marine Brenier,marinebrenier,twitter.com/marinebrenier,LC,"Les Constructifs : républicains, UDI, indépendants",metropolenca,Ce magnifique village s’est retrouvé coupé du monde après la #TempêteAlex. La @MetropoleNCA a rétabli au plus vite les accès par un pont provisoire. Désormais nous sommes dans la phase de reconstruction avec des ouvrages résilients. #Brenier2022 https://t.co/KNGwSMWKi8
713448,Marine Brenier,marinebrenier,twitter.com/marinebrenier,LC,"Les Constructifs : républicains, UDI, indépendants",,"Un vrai plaisir d’échanger avec les habitants en toute franchise, loin des caricatures. #Ensemble, nous porterons un projet ambitieux et utile aux Français et aux habitants de la #circo0605. #Brenier2022 https://t.co/fFevd4m1AD"
713448,Marine Brenier,marinebrenier,twitter.com/marinebrenier,LC,"Les Constructifs : républicains, UDI, indépendants",migliorecaro; pcondomitti,"Ce matin à la Bollène-Vésubie avec son Maire Martine Barengo-Ferrier, @pcondomitti et @migliorecaro, pour échanger avec les Bollénois sur mon bilan comme Députée de la #circo0605 et mon projet pour les cinq prochaines années. #Brenier2022 https://t.co/BDkiRNFj2L"
713448,Marine Brenier,marinebrenier,twitter.com/marinebrenier,LC,"Les Constructifs : républicains, UDI, indépendants",avecbrenier; marinebrenier,"RT @AvecBrenier: Rendez-vous demain pour une réunion publique de @marinebrenier à Saint-Dalmas-le-Selvage !

📅 Dimanche 5 juin à 15h
📍 Sall…"
713448,Marine Brenier,marinebrenier,twitter.com/marinebrenier,LC,"Les Constructifs : républicains, UDI, indépendants",avecbrenier; marinebrenier,"RT @AvecBrenier: Rendez-vous demain pour une réunion publique de @marinebrenier à Tourrette-Levens !

📅 Dimanche 5 juin à 17h30 
📍 Salle de…"
713448,Marine Brenier,marinebrenier,twitter.com/marinebrenier,LC,"Les Constructifs : républicains, UDI, indépendants",migliorecaro; pcondomitti,"Un plaisir de vous voir si nombreux ce soir pour ma réunion publique à Saint-Martin du Var autour d’Hervé Paul, de mon suppléant @pcondomitti et de @migliorecaro. #Brenier2022 #Circo0605 https://t.co/Acqd9zCDMc"
713448,Marine Brenier,marinebrenier,twitter.com/marinebrenier,LC,"Les Constructifs : républicains, UDI, indépendants",,"Notre rencontre ce soir, c’est le rendez-vous de la fidélité. Comme pour le reste de ma #circo0605, je n’ai jamais manqué à mon engagement au service des Saint-Martinois, en tant que Députée ou élue locale, et je remercie mon ami Hervé Paul qui l’a rappelé. #Brenier2022 https://t.co/bwiXA9r1gt"
713448,Marine Brenier,marinebrenier,twitter.com/marinebrenier,LC,"Les Constructifs : républicains, UDI, indépendants",cestrosi,"Vous m’avez élue pour être utile à notre territoire. C’est le sens de mon engagement, aujourd’hui dans la majorité municipale et métropolitaine avec @cestrosi, et demain, si vous me renouvelez votre confiance comme votre Députée de la #circo0605, dans la #MajoritePresidentielle. https://t.co/k5r6MjeTRA"
713448,Marine Brenier,marinebrenier,twitter.com/marinebrenier,LC,"Les Constructifs : républicains, UDI, indépendants",avecbrenier; marinebrenier,"RT @AvecBrenier: Rendez-vous demain pour une réunion publique de @marinebrenier à Venanson !

📅 Samedi 4 juin à 15h
📍 Salle de la Mairie An…"
713448,Marine Brenier,marinebrenier,twitter.com/marinebrenier,LC,"Les Constructifs : républicains, UDI, indépendants",avecbrenier; marinebrenier,"RT @AvecBrenier: Rendez-vous demain pour une réunion publique de @marinebrenier à La-Bollène-Vésubie !

📅 Samedi 4 juin à 11h
📍 Salle Place…"
713448,Marine Brenier,marinebrenier,twitter.com/marinebrenier,LC,"Les Constructifs : républicains, UDI, indépendants",avecbrenier; marinebrenier; stmartinduvar,"RT @AvecBrenier: Rendez-vous ce soir pour une réunion publique de @marinebrenier à @stmartinduvar !

📅 Vendredi 3 juin à 18h30
📍 Salle des…"
713448,Marine Brenier,marinebrenier,twitter.com/marinebrenier,LC,"Les Constructifs : républicains, UDI, indépendants",bfmcotedazur,"Lutte contre les #féminicides : il faut agir !

Lors du débat @BFMCotedazur des #legislatives2022 dans la #circo0605, je suis revenue sur notamment sur ma PPL rédigée en lien avec l'avocat de #JacquelineSauvage, dont l'histoire avait tristement animé le débat public. https://t.co/cGqLfCs8Q5"
713448,Marine Brenier,marinebrenier,twitter.com/marinebrenier,LC,"Les Constructifs : républicains, UDI, indépendants",cestrosi; maregionsud,RT @cestrosi: .@maregionsud est engagée pour offrir à ses jeunes un équipement à la pointe attendu par les lycéens et qui sera opérationnel…
713448,Marine Brenier,marinebrenier,twitter.com/marinebrenier,LC,"Les Constructifs : républicains, UDI, indépendants",cestrosi,"RT @cestrosi: Matinée dans la Tinée, à Valdeblore avec son Maire Carole Cervel et Corinne Amrouche, proviseur du lycée de la Montagne, pour…"
713448,Marine Brenier,marinebrenier,twitter.com/marinebrenier,LC,"Les Constructifs : républicains, UDI, indépendants",cestrosi,RT @cestrosi: J’ai rencontré tout au long de cette journée les entreprises de nos vallées et leurs personnels engagés aux côtés des service…
713448,Marine Brenier,marinebrenier,twitter.com/marinebrenier,LC,"Les Constructifs : républicains, UDI, indépendants",cestrosi; metropolenca,"RT @cestrosi: Ce chantier, engagé peu après la #TempeteAlex, touche progressivement à sa fin. Au total, ce sont 3,5M€ que la @MetropoleNCA…"
718918,Alexandra Louis,ALouisMars,twitter.com/ALouisMars|twitter.com/ALouisDeputee13,LAREM,La République en Marche,,Bardella esquive les questions en changeant de sujet ou en coupant la parole. Son exercice de communication ne masque pas le vide de son programme. Son seul objectif est la destruction de l’Europe.
718918,Alexandra Louis,ALouisMars,twitter.com/ALouisMars|twitter.com/ALouisDeputee13,LAREM,La République en Marche,gabrielattal,"RT @GabrielAttal: Je veux qu'on parle d'Europe. 

Je suis convaincu que c'est l'Union qui fait la force. 

Et c'est ce projet que je défend…"
718918,Alexandra Louis,ALouisMars,twitter.com/ALouisMars|twitter.com/ALouisDeputee13,LAREM,La République en Marche,ambroise_mejean; gabrielattal,"RT @Ambroise_Mejean: J'ai suivi le conseil de @GabrielAttal. 

Oui, Marine Le Pen voulait sortir du nucléaire. #Levenement https://t.co/rvl…"
718918,Alexandra Louis,ALouisMars,twitter.com/ALouisMars|twitter.com/ALouisDeputee13,LAREM,La République en Marche,nathalieloiseau,RT @NathalieLoiseau: Voilà 5 ans que Jordan Bardella siège avec ce parti et qu’il repart pour un nouveau mandat à ses côtés. Et voilà ce qu…
718918,Alexandra Louis,ALouisMars,twitter.com/ALouisMars|twitter.com/ALouisDeputee13,LAREM,La République en Marche,emmanuelmacron,"RT @EmmanuelMacron: Jean-Claude Gaudin n’est plus. Il était Marseille faite homme. De sa ville, sa passion, il avait l’accent, la fièvre, l…"
718918,Alexandra Louis,ALouisMars,twitter.com/ALouisMars|twitter.com/ALouisDeputee13,LAREM,La République en Marche,e_dupondm,RT @E_DupondM: Le Président de la République rendra un hommage national mercredi à Caen au capitaine pénitentiaire Fabrice Moello et au sur…
718918,Alexandra Louis,ALouisMars,twitter.com/ALouisMars|twitter.com/ALouisDeputee13,LAREM,La République en Marche,gdarmanin,"RT @GDarmanin: À Marseille, on ne lâche rien contre la drogue. Un nouveau réseau de trafiquants démantelé. Bravo aux policiers.

https://t.…"
718918,Alexandra Louis,ALouisMars,twitter.com/ALouisMars|twitter.com/ALouisDeputee13,LAREM,La République en Marche,bfmtv,"RT @BFMTV: ""S’attaquer à un juif, c’est s’attaquer à la République"": Éric Dupond-Moretti, ministre de la Justice, ""bouleversé"" après la ten…"
718918,Alexandra Louis,ALouisMars,twitter.com/ALouisMars|twitter.com/ALouisDeputee13,LAREM,La République en Marche,,L’antisémitisme comme toutes les formes de haine est un poison pour notre pays et pour l’humanité. Il ne doit y avoir aucune tolérance pour ceux qui le cautionnent directement ou indirectement.
718918,Alexandra Louis,ALouisMars,twitter.com/ALouisMars|twitter.com/ALouisDeputee13,LAREM,La République en Marche,emmanuelmacron,"RT @EmmanuelMacron: Vive émotion en apprenant la mort d’un de nos gendarmes de l’escadron de Melun en Nouvelle-Calédonie.

La Nation pense…"
718918,Alexandra Louis,ALouisMars,twitter.com/ALouisMars|twitter.com/ALouisDeputee13,LAREM,La République en Marche,,Responsabiliser les français qui consomment de la drogue! Ceux qui se qui consomment de la drogue cautionnent le narco banditisme qui sème la mort et la terreur. L’argent qu’ils donnent aux trafiquants sert le crime.
718918,Alexandra Louis,ALouisMars,twitter.com/ALouisMars|twitter.com/ALouisDeputee13,LAREM,La République en Marche,rabatel_marie,Merci @rabatel_marie pour ce témoignage. Votre engagement doit nous inspirer collectivement pour continuer à travailler pour mieux détecter et accompagner les victimes en situation de handicap. #MeeToo
718918,Alexandra Louis,ALouisMars,twitter.com/ALouisMars|twitter.com/ALouisDeputee13,LAREM,La République en Marche,,"Avant de publier des images, demandez vous l’impact que cela peut avoir sur les proches des victimes."
718918,Alexandra Louis,ALouisMars,twitter.com/ALouisMars|twitter.com/ALouisDeputee13,LAREM,La République en Marche,franceinfo,"RT @franceinfo: ⚡️ DIRECT

🗣 ""Ils seront interpellés, ils seront jugés et ils seront châtiés à la hauteur du crime qu'ils ont commis.""

Le…"
718918,Alexandra Louis,ALouisMars,twitter.com/ALouisMars|twitter.com/ALouisDeputee13,LAREM,La République en Marche,diavictimes,RT @DIAVictimes: #Eure | N’ajoutons pas de la peine à la peine. Ne diffusons pas des images des victimes. Protégeons leurs familles et leur…
718918,Alexandra Louis,ALouisMars,twitter.com/ALouisMars|twitter.com/ALouisDeputee13,LAREM,La République en Marche,shoah,"Quand on insulte l’Histoire, on insulte l’avenir. Quand on crache sur la mémoire des victimes de la @Shoah, on crache sur l’humanité. Triste époque !"
718918,Alexandra Louis,ALouisMars,twitter.com/ALouisMars|twitter.com/ALouisDeputee13,LAREM,La République en Marche,diavictimes,"RT @DIAVictimes: Accompagnement des militaires blessés psychiques, annonce des décès aux familles endeuillées… Tant de travaux communs. Mer…"
718918,Alexandra Louis,ALouisMars,twitter.com/ALouisMars|twitter.com/ALouisDeputee13,LAREM,La République en Marche,enthoven_r,"RT @Enthoven_R: Parmi les sympathiques insoumis qui me traitent à l’envi d' «enculé de sioniste », de « 1er menteur de France » ou, plus mo…"
718918,Alexandra Louis,ALouisMars,twitter.com/ALouisMars|twitter.com/ALouisDeputee13,LAREM,La République en Marche,valeriehayer,RT @ValerieHayer: https://t.co/Tg21ahSniG
718918,Alexandra Louis,ALouisMars,twitter.com/ALouisMars|twitter.com/ALouisDeputee13,LAREM,La République en Marche,nathalieloiseau,"RT @NathalieLoiseau: Quelqu’un pour protester contre la présence de l’Azerbaïdjan à l’Eurovision ? Non, rien…"
713448,Marine Brenier,marinebrenier,twitter.com/marinebrenier,LC,"Les Constructifs : républicains, UDI, indépendants",cestrosi,"RT @cestrosi: À Saint-Dalmas, où le vallon des Barches a été particulièrement frappé par la #TempeteAlex, nous avons construit 3 nouveaux p…"
713448,Marine Brenier,marinebrenier,twitter.com/marinebrenier,LC,"Les Constructifs : républicains, UDI, indépendants",cestrosi; metropolenca,"RT @cestrosi: Dans le cadre de notre plan pluriannuel d’investissement, la @MetropoleNCA a investi 1M€ sur la réfection de la voirie et des…"
713448,Marine Brenier,marinebrenier,twitter.com/marinebrenier,LC,"Les Constructifs : républicains, UDI, indépendants",cestrosi; metropolenca,"RT @cestrosi: Visite des différents chantiers de la @MetropoleNCA sur la commune de Valdeblore avec Carole Cervel, aux hameaux de la Bollin…"
713448,Marine Brenier,marinebrenier,twitter.com/marinebrenier,LC,"Les Constructifs : républicains, UDI, indépendants",cestrosi,"RT @cestrosi: Je veux saluer l'aspect vertueux du chantier de reconstruction de la Madone, puisque nous réutilisons ici des matériaux récup…"
713448,Marine Brenier,marinebrenier,twitter.com/marinebrenier,LC,"Les Constructifs : républicains, UDI, indépendants",cestrosi; metro,"RT @cestrosi: 21M€ ont été engagés sur cette seule opération, un effort conséquent rendu possible par l’engagement sans faille de la @Metro…"
713448,Marine Brenier,marinebrenier,twitter.com/marinebrenier,LC,"Les Constructifs : républicains, UDI, indépendants",cestrosi,"RT @cestrosi: Sur la route de la Madone, ce sont une cinquantaine d’engins mobilisés pour poursuivre les travaux sur les 11 brèches et ouvr…"
713448,Marine Brenier,marinebrenier,twitter.com/marinebrenier,LC,"Les Constructifs : républicains, UDI, indépendants",cestrosi; metropolenca,"RT @cestrosi: Je salue le travail titanesque des agents de la @MetropoleNCA derrière le formidable subdivisionnaire Elio Foca, engagé aux c…"
713448,Marine Brenier,marinebrenier,twitter.com/marinebrenier,LC,"Les Constructifs : républicains, UDI, indépendants",cestrosi,"RT @cestrosi: Comme l'été dernier où je rouvrais l’accès au Boréon, je me suis rendu cet après-midi avec Ivan Mottet, Maire de Saint Martin…"
713448,Marine Brenier,marinebrenier,twitter.com/marinebrenier,LC,"Les Constructifs : républicains, UDI, indépendants",cestrosi,"RT @cestrosi: Quelle émotion de me trouver au sanctuaire de la Madone de Fenestre, devant cet écrin, emblème de notre Métropole et dont l’a…"
713448,Marine Brenier,marinebrenier,twitter.com/marinebrenier,LC,"Les Constructifs : républicains, UDI, indépendants",cestrosi; metropolenca,"RT @cestrosi: Après avoir rétabli au plus vite les accès par des ponts temporaires de Maïssa et celui de Venanson, la @MetropoleNCA s'inscr…"
713448,Marine Brenier,marinebrenier,twitter.com/marinebrenier,LC,"Les Constructifs : républicains, UDI, indépendants",cestrosi,"RT @cestrosi: Cette après-midi a été aussi l’occasion d’évoquer les chantiers de reconstruction qui entrent dans leur phase définitive, moi…"
713448,Marine Brenier,marinebrenier,twitter.com/marinebrenier,LC,"Les Constructifs : républicains, UDI, indépendants",cestrosi,"RT @cestrosi: Enfin, visite du chantier de sécurisation des falaises dans le bas de la Vésubie qui permettra dès cet été la réouverture de…"
713448,Marine Brenier,marinebrenier,twitter.com/marinebrenier,LC,"Les Constructifs : républicains, UDI, indépendants",cestrosi; metrop,"RT @cestrosi: Au cours de cette journée dans la Tinée et la Vésubie, nous avons pu constater l'extraordinaire travail piloté par la @Metrop…"
713448,Marine Brenier,marinebrenier,twitter.com/marinebrenier,LC,"Les Constructifs : républicains, UDI, indépendants",cestrosi; metropolenca,Bravo à @cestrosi et aux services de la @MetropoleNCA pour ce travail titanesque pour reconstruire nos vallées #tempeteAlex
713448,Marine Brenier,marinebrenier,twitter.com/marinebrenier,LC,"Les Constructifs : républicains, UDI, indépendants",cestrosi; pcondomitti,"Merci à tous d’avoir répondu présents ce soir pour ma réunion publique dans le quartier de la Madeleine autour de @cestrosi, mon suppléant @pcondomitti et de nombreux élus de la Ville de #Nice06 ! #Brenier2022 #circo0605 https://t.co/5Bhc0RmfM6"
713448,Marine Brenier,marinebrenier,twitter.com/marinebrenier,LC,"Les Constructifs : républicains, UDI, indépendants",,"Quand on est élu, on le fait pour être utile. Choisir entre une étiquette politique ou le travail effectué depuis le début de mon engagement a été facile : j’ai choisi d’être utile, à mon territoire et à mon pays avant tout le reste ! #Brenier2022 #circo0605 https://t.co/tK1UieCPvT"
713448,Marine Brenier,marinebrenier,twitter.com/marinebrenier,LC,"Les Constructifs : républicains, UDI, indépendants",cestrosi; pcondomitti,"Merci à @cestrosi pour son soutien et sa présence ce soir à mes côtés. Les 12 et 19 juin en votant pour le tandem que nous formons avec @pcondomitti, vous choisirez de poursuivre le travail de proximité engagé #Ensemble ! #Brenier2022 #circo0605
https://t.co/PhO18j7daz https://t.co/y6EuuLQryU"
713448,Marine Brenier,marinebrenier,twitter.com/marinebrenier,LC,"Les Constructifs : républicains, UDI, indépendants",m; marinebrenier; p_pradal; pierreippolito; upe_06,"RT @p_pradal: Avec @marinebrenier, j'ai eu le plaisir de débattre des propositions de l’@UPE_06 avec leur président, @PierreIppolito, et @M…"
713448,Marine Brenier,marinebrenier,twitter.com/marinebrenier,LC,"Les Constructifs : républicains, UDI, indépendants",cestrosi,"Retrouvons-nous ce soir à 18h, au clos de boules ASBM au 205 boulevard de la Madeleine, pour une réunion publique en présence de @cestrosi ! https://t.co/9mcuQbBvzD"
718918,Alexandra Louis,ALouisMars,twitter.com/ALouisMars|twitter.com/ALouisDeputee13,LAREM,La République en Marche,,"Faute de pouvoir assumer la fuite d’une partie des électeurs LFI, ce député en est réduit à donner des leçons de statistiques à IPSOS. Pathétique !"
718918,Alexandra Louis,ALouisMars,twitter.com/ALouisMars|twitter.com/ALouisDeputee13,LAREM,La République en Marche,emmanuelmacron,"RT @EmmanuelMacron: L'Europe est-elle en danger ?

Oui, mais nous pouvons agir. https://t.co/zEsr7L1ZxL"
718918,Alexandra Louis,ALouisMars,twitter.com/ALouisMars|twitter.com/ALouisDeputee13,LAREM,La République en Marche,gabrielattal,"RT @GabrielAttal: Le débat de cette élection c’est : dedans ou dehors ? 

Nous, nous voulons continuer à bénéficier de ce que l’Europe appo…"
718918,Alexandra Louis,ALouisMars,twitter.com/ALouisMars|twitter.com/ALouisDeputee13,LAREM,La République en Marche,,Les boîtes aux lettres papillons sont parfois le seul recours pour des enfants qui vivent l’horreur. Plus il y en aura et plus nous sauverons des enfants !
718918,Alexandra Louis,ALouisMars,twitter.com/ALouisMars|twitter.com/ALouisDeputee13,LAREM,La République en Marche,emmanuelmacron,"RT @EmmanuelMacron: Mes chers compatriotes,
                                               
Il y a sept ans, vous m’avez accordé votre conf…"
718918,Alexandra Louis,ALouisMars,twitter.com/ALouisMars|twitter.com/ALouisDeputee13,LAREM,La République en Marche,cn2r_france,RT @CN2R_France: Toute l'équipe du Cn2r est très émue de la disparition de Fred Dewilde et présente ses sincères condoléances à ses proches…
718918,Alexandra Louis,ALouisMars,twitter.com/ALouisMars|twitter.com/ALouisDeputee13,LAREM,La République en Marche,,Quand je pense que nous avons lancé l’alerte en 2018 et que plus de 700 000 ont été engagés pour rénover cette tour vouée à la destruction.
718918,Alexandra Louis,ALouisMars,twitter.com/ALouisMars|twitter.com/ALouisDeputee13,LAREM,La République en Marche,,Merci à l’association les papillons qui donne la possibilité aux enfants victimes de briser leur solitude.
718918,Alexandra Louis,ALouisMars,twitter.com/ALouisMars|twitter.com/ALouisDeputee13,LAREM,La République en Marche,europarl_fr,"RT @Europarl_FR: Ils ont connu l’#Europe sans la #démocratie et sans la #liberté. Voici leur message pour la prochaine génération.

#Utilis…"
718918,Alexandra Louis,ALouisMars,twitter.com/ALouisMars|twitter.com/ALouisDeputee13,LAREM,La République en Marche,,L’Histoire nous engage.
718918,Alexandra Louis,ALouisMars,twitter.com/ALouisMars|twitter.com/ALouisDeputee13,LAREM,La République en Marche,,Du concret pour lutter contre le narco banditisme!
718918,Alexandra Louis,ALouisMars,twitter.com/ALouisMars|twitter.com/ALouisDeputee13,LAREM,La République en Marche,,"Rien que pour ça, j’irai le voir.  Les aigris d’extrême droite s’en prennent encore une fois à la culture."
718918,Alexandra Louis,ALouisMars,twitter.com/ALouisMars|twitter.com/ALouisDeputee13,LAREM,La République en Marche,lci,"RT @LCI: ""Rarement l'Europe n'aura autant avancé"", Emmanuel Macron dans son discours sur l'Europe https://t.co/Uw05U8iMQ7"
718918,Alexandra Louis,ALouisMars,twitter.com/ALouisMars|twitter.com/ALouisDeputee13,LAREM,La République en Marche,lci,"RT @LCI: Emmanuel Macron : ""Notre Europe est mortelle. Elle peut mourir et cela dépend uniquement de nos choix. Mais ces choix sont à faire…"
718918,Alexandra Louis,ALouisMars,twitter.com/ALouisMars|twitter.com/ALouisDeputee13,LAREM,La République en Marche,,"Le 24 avril est une date qui devrait faire écho auprès de toutes les générations. Des décennies après le génocide arménien, ce souvenir douloureux nous engage à agir contre les idéologies mortifères et particulièrement en ce moment. La flamme ne doit pas s’éteindre. https://t.co/Yi0CpAz4bm"
718918,Alexandra Louis,ALouisMars,twitter.com/ALouisMars|twitter.com/ALouisDeputee13,LAREM,La République en Marche,emmanuelmacron,"RT @EmmanuelMacron: Ce jour, la France commémore le 109e anniversaire du génocide arménien de 1915.

Gardons vivante la mémoire des victime…"
718918,Alexandra Louis,ALouisMars,twitter.com/ALouisMars|twitter.com/ALouisDeputee13,LAREM,La République en Marche,emmanuelmacron,"RT @EmmanuelMacron: 25 avril, 11h. La Sorbonne.
Je reviens vous parler d’Europe. https://t.co/OY0ay9O4q8"
718918,Alexandra Louis,ALouisMars,twitter.com/ALouisMars|twitter.com/ALouisDeputee13,LAREM,La République en Marche,valeriehayer,"RT @ValerieHayer: Jordan Bardella s’est affiché aux côtés de son allié polonais Roman Fritz.

Le même qui disait que les femmes ne devraien…"
718918,Alexandra Louis,ALouisMars,twitter.com/ALouisMars|twitter.com/ALouisDeputee13,LAREM,La République en Marche,rtlfrance,"RT @RTLFrance: Placement en #internat : ""Aux mamans qui sont dépassées, nous sommes à vos côtés, on va vous donner un coup de main""

Le mes…"
718918,Alexandra Louis,ALouisMars,twitter.com/ALouisMars|twitter.com/ALouisDeputee13,LAREM,La République en Marche,envoyespecial,"RT @EnvoyeSpecial: 🔴 “La situation est critique et il faut un cessez-le-feu.”

À Gaza, les besoins en alimentation et en médicaments ont ex…"
722194,Florence Provendier,flprovendier,twitter.com/flprovendier,LAREM,La République en Marche,constancelegrip,"RT @ConstanceLeGrip: Adoption ce soir à l'unanimité de la proposition de résolution, condamnant la répression des femmes iraniennes, que j'…"
722194,Florence Provendier,flprovendier,twitter.com/flprovendier,LAREM,La République en Marche,benjaminhaddad; celinecalvez; flprovendier; gabrielattal; iacovellixavier; maudbregeon; pierrecazeneuve; prisca; re_hautsdeseine,RT @RE_HautsdeSeine: Comme @GabrielAttal @iacovellixavier @MaudBregeon @benjaminhaddad @flprovendier @PierreCazeneuve @celinecalvez @prisca…
722194,Florence Provendier,flprovendier,twitter.com/flprovendier,LAREM,La République en Marche,sophieriottot,"RT @SophieRiottot: Dimanche 2 février, choisissez votre future députée, Laurianne Rossi, choix n°9 sur la machine à voter. 
Pas encore conv…"
722194,Florence Provendier,flprovendier,twitter.com/flprovendier,LAREM,La République en Marche,armkhach; francediplo,"🇫🇷🇦🇲Rencontre de S.E @armkhach pour évoquer le pilotage  de notre Feuille de Route franco-arménienne, les nombreux projets de coopérations mis en œuvre grâce aux collectivités territoriales françaises et aux acteurs de la société civile, nos actions en 2025 @francediplo"
722194,Florence Provendier,flprovendier,twitter.com/flprovendier,LAREM,La République en Marche,gabrielattal,"RT @GabrielAttal: Il y a 80 ans, le camp d’Auschwitz-Birkenau était libéré. 

En ce 27 janvier, 80 ans après, nous avons un devoir : ne jam…"
722194,Florence Provendier,flprovendier,twitter.com/flprovendier,LAREM,La République en Marche,benjaminhaddad,"RT @benjaminhaddad: Une farce électorale sur le continent européen. 

Le peuple biélorusse mérite mieux."
722194,Florence Provendier,flprovendier,twitter.com/flprovendier,LAREM,La République en Marche,gabrielattal,"RT @GabrielAttal: Les opérations d’ingérence et de déstabilisation de l’Azerbaïdjan, qui souffle sur les braises et insulte notre pays, mér…"
722194,Florence Provendier,flprovendier,twitter.com/flprovendier,LAREM,La République en Marche,bernardlehut,"RT @BernardLehut: 71 jours de détention pour Boualem Sansal, 71 jours de trop.
#avecboualemsansal https://t.co/FGVCcEEmDz"
722194,Florence Provendier,flprovendier,twitter.com/flprovendier,LAREM,La République en Marche,jnbarrot,"RT @jnbarrot: Le « groupe de Bakou » a de nouveau cherché, en Nouvelle-Caledonie, à déstabiliser notre vie politique nationale. Ces tentati…"
722194,Florence Provendier,flprovendier,twitter.com/flprovendier,LAREM,La République en Marche,sophieriottot,"RT @SophieRiottot: Efficacité et courage ! Voilà ce qu’une députée dédiée 100% à son mandat saura apporter aux boulonnais, à la ville, aux…"
722194,Florence Provendier,flprovendier,twitter.com/flprovendier,LAREM,La République en Marche,,"""Je porte un soldat"" est le récit poignant d'une femme, d'une mère, d'une épouse confrontée à la brutalité de la guerre, transcendant ainsi les particularités pour toucher à l'universalité de tout conflit. Rdv ce week-end au théâtre de l’opprimé 🎭
https://t.co/fXFA8QLHUx"
722194,Florence Provendier,flprovendier,twitter.com/flprovendier,LAREM,La République en Marche,lauriannerossi,"RT @lauriannerossi: Une députée 100% dévouée à son mandat parlementaire et aux Boulonnais. 

De la proximité, du dialogue, du respect.

Vot…"
722194,Florence Provendier,flprovendier,twitter.com/flprovendier,LAREM,La République en Marche,lauriannerossi,"RT @lauriannerossi: À l’Assemblée nationale comme à Boulogne, nous avons plus que jamais besoin de stabilité, de dialogue mais aussi de cou…"
722194,Florence Provendier,flprovendier,twitter.com/flprovendier,LAREM,La République en Marche,gabrielattal; lauriannerossi,"RT @lauriannerossi: Merci cher @GabrielAttal, à tes côtés. 

""La seule candidature qui incarne la stabilité, c’est celle de @lauriannerossi…"
722194,Florence Provendier,flprovendier,twitter.com/flprovendier,LAREM,La République en Marche,grandelibrairie,"RT @GrandeLibrairie: 🗣️""Pour ce type de régime, il est insupportable d'entendre une voix libre.""
👉Pour commencer l'émission, Leïla Slimani…"
722194,Florence Provendier,flprovendier,twitter.com/flprovendier,LAREM,La République en Marche,iacovellixavier; lauriannerossi; sophieriottot,RT @iacovellixavier: Aux côtés de notre candidate @lauriannerossi et sa suppléante @SophieRiottot pour la législative partielle de la 9e ci…
722194,Florence Provendier,flprovendier,twitter.com/flprovendier,LAREM,La République en Marche,_artaxias_,"RT @_Artaxias_: « Secrets des Manuscrits Arméniens du Matenadaran » - Chrétiens Orientaux - Dimanche 2 février sur France 2 - 9h30

Le Maté…"
722194,Florence Provendier,flprovendier,twitter.com/flprovendier,LAREM,La République en Marche,o_decottignies,"RT @O_Decottignies: 🇫🇷🇦🇲 Coopération décentralisée, viticulture, francophonie, barrage et périmètre irrigué de Vedi financé par l'Agence fr…"
722194,Florence Provendier,flprovendier,twitter.com/flprovendier,LAREM,La République en Marche,yaelbraunpivet,"RT @YaelBRAUNPIVET: Les soins palliatifs et la fin de vie doivent avancer ensemble, dans un seul texte. Il est déjà prêt. Les Français sont…"
718918,Alexandra Louis,ALouisMars,twitter.com/ALouisMars|twitter.com/ALouisDeputee13,LAREM,La République en Marche,emmanuelmacron,"RT @EmmanuelMacron: Une Europe souveraine, c’est une Europe qui décide pour elle-même et qui pèse dans le monde. https://t.co/sanLb8yBYa"
718918,Alexandra Louis,ALouisMars,twitter.com/ALouisMars|twitter.com/ALouisDeputee13,LAREM,La République en Marche,,Toutes mes pensées pour ces très jeunes victimes et leurs proches.  Merci aux services de secours et de police. Nous ferons tout pour aider les victimes et leurs familles.
718918,Alexandra Louis,ALouisMars,twitter.com/ALouisMars|twitter.com/ALouisDeputee13,LAREM,La République en Marche,libe,"RT @libe: 🔴 EN DIRECT - «Je souhaite que les parents défaillants puissent faire l’objet de travaux d’intérêt général», déclare Gabriel Atta…"
718918,Alexandra Louis,ALouisMars,twitter.com/ALouisMars|twitter.com/ALouisDeputee13,LAREM,La République en Marche,fabienne_keller,"RT @fabienne_keller: Vous cherchez le programme européen du RN? Regardez leurs votes.

Au Parlement européen, le RN, soutien constant des r…"
718918,Alexandra Louis,ALouisMars,twitter.com/ALouisMars|twitter.com/ALouisDeputee13,LAREM,La République en Marche,,Démagogique et inefficace ! Beaucoup de mineurs délinquants se moquent bien des allocations familiales de leurs parents. Le petit trafiquant qui gagne des centaines d’euros par jour va trembler en entendant le RN !😂 il faut sanctionner uniquement les parents qui le méritent.
718918,Alexandra Louis,ALouisMars,twitter.com/ALouisMars|twitter.com/ALouisDeputee13,LAREM,La République en Marche,emmanuelmacron,"RT @EmmanuelMacron: Je condamne avec la plus grande fermeté l'attaque sans précédent lancée par l'Iran contre Israël, qui menace de déstabi…"
718918,Alexandra Louis,ALouisMars,twitter.com/ALouisMars|twitter.com/ALouisDeputee13,LAREM,La République en Marche,bfmtv,"RT @BFMTV: ""15 à 30 minutes chaque jour"": Emmanuel Macron invite les jeunes à ""systématiser"" la lecture https://t.co/q1RXHRVIO8"
718918,Alexandra Louis,ALouisMars,twitter.com/ALouisMars|twitter.com/ALouisDeputee13,LAREM,La République en Marche,gdarmanin,"RT @GDarmanin: SIMPLIFICATION
Ouverture ce jour des procurations en ligne pour les élections européennes. Pour la première fois, il sera po…"
718918,Alexandra Louis,ALouisMars,twitter.com/ALouisMars|twitter.com/ALouisDeputee13,LAREM,La République en Marche,olivierveran,"RT @olivierveran: J'ai regardé dans le détail les votes, les prises de position cachées des élus du RN, lieutenants de Marine Le Pen et Jor…"
718918,Alexandra Louis,ALouisMars,twitter.com/ALouisMars|twitter.com/ALouisDeputee13,LAREM,La République en Marche,,Rappelons que le RN s’oppose régulièrement à la protection des mineurs en dénigrant les interventions en milieu scolaire qui concernent la vie sexuelle et affective. Or ces séquences permettent de détecter des violences sexuelles.
718918,Alexandra Louis,ALouisMars,twitter.com/ALouisMars|twitter.com/ALouisDeputee13,LAREM,La République en Marche,,"Partout, nous nous battons pour l’égalité et la lutte contre les violences faites aux femmes. Échanges constructifs avec Madame Mamoni Goma, magistrate congolaise qui œuvre sur tous les fronts pour faire progresser l’égalité. https://t.co/tp3jRiFbVr"
718918,Alexandra Louis,ALouisMars,twitter.com/ALouisMars|twitter.com/ALouisDeputee13,LAREM,La République en Marche,,La liberté de la presse ne plait pas plus à Bardella qu’à Poutine.
718918,Alexandra Louis,ALouisMars,twitter.com/ALouisMars|twitter.com/ALouisDeputee13,LAREM,La République en Marche,lcp,"RT @LCP: ""Il y a toujours une forme d'ironie à entendre des députés du Rassemblement national donner la leçon en matière énergétique"", décl…"
718918,Alexandra Louis,ALouisMars,twitter.com/ALouisMars|twitter.com/ALouisDeputee13,LAREM,La République en Marche,marion13_4ever,"RT @Marion13_4ever: 🎯
Le téléfilm de Bourlem Guerdjou avec Julie Gayet et Valérie da Mota 
""Marion 13 ans pour toujours"" sera diffusé ce 1e…"
718918,Alexandra Louis,ALouisMars,twitter.com/ALouisMars|twitter.com/ALouisDeputee13,LAREM,La République en Marche,j_bardella; mvalet_officiel; nadiahai78,RT @NadiaHAI78: Monsieur @mvalet_officiel tout juste parachuté sur la liste de @J_Bardella a vite appris sa leçon pour ne pas dire du mal d…
718918,Alexandra Louis,ALouisMars,twitter.com/ALouisMars|twitter.com/ALouisDeputee13,LAREM,La République en Marche,,Des actions concrètes pour lutter contre les trafics bien plus efficaces que les slogans creux de l’extrême droite.
718918,Alexandra Louis,ALouisMars,twitter.com/ALouisMars|twitter.com/ALouisDeputee13,LAREM,La République en Marche,,Pour ceux qui auraient encore des doutes : le RN se moque de la démocratie. L’extrême droite francaise marche avec Poutine et certainement ps pour la démocratie et la paix des peuples.
718918,Alexandra Louis,ALouisMars,twitter.com/ALouisMars|twitter.com/ALouisDeputee13,LAREM,La République en Marche,marion13_4ever,"RT @Marion13_4ever: 13 🖤
13 février ❤️
13 février 2013💜
Marion ma fille, mon aimée, mon aînée. 
Marion
13 ans pour toujours. 
Tu manques à…"
718918,Alexandra Louis,ALouisMars,twitter.com/ALouisMars|twitter.com/ALouisDeputee13,LAREM,La République en Marche,nbelloubet,"RT @NBelloubet: Profondément bouleversée par le décès du jeune agressé à Viry-Châtillon. 

Mes pensées vont d’abord à sa famille. À la comm…"
718918,Alexandra Louis,ALouisMars,twitter.com/ALouisMars|twitter.com/ALouisDeputee13,LAREM,La République en Marche,cn2r_france,RT @CN2R_France: ✍️ Vous voulez en savoir plus sur nos actions ? Vous pouvez dès à présent consulter notre rapport d'activité 2023 : https:…
