tweet_id,timestamp,text,author_handle,mentioned_handles,deputy_id,full_name,twitter_name,twitter_web_urls,political_group_abbrev,political_group
2028485144076538030,Mon Mar 02 14:58:40 +0000 2026,"RT @francediplo: ⚠️ Français de passage au Moyen-Orient 🇫🇷🌍
Nos équipes sont pleinement mobilisées pour vous informer et vous assister en c…",flprovendier,francediplo,722194,Florence Provendier,flprovendier,twitter.com/flprovendier,LAREM,La République en Marche
2027819955933130886,Sat Feb 28 18:55:27 +0000 2026,"RT @francediplo: ⚠️ Compte tenu de la situation au Moyen-Orient, les Français présents dans la région sont invités à suivre strictement les…",flprovendier,francediplo,722194,Florence Provendier,flprovendier,twitter.com/flprovendier,LAREM,La République en Marche
2025282376608170235,Sat Feb 21 18:52:01 +0000 2026,"RT @paroles_la: Un orphelin d'Arménie qui se dit ""soldat régulier de l’Armée française de la Libération"". Arrêté le 16 novembre 1943, il éc…",flprovendier,paroles_la,722194,Florence Provendier,flprovendier,twitter.com/flprovendier,LAREM,La République en Marche
2025281125568966831,Sat Feb 21 18:47:02 +0000 2026,"RT @paroles_la: Demain, à partir de 9h, et à chaque demi-heure, un portrait de Missak et Mélinée Manouchian, ainsi que de leurs 21 camarade…",flprovendier,paroles_la,722194,Florence Provendier,flprovendier,twitter.com/flprovendier,LAREM,La République en Marche
2025162317617410153,Sat Feb 21 10:54:56 +0000 2026,RT @ogamashiyo: Notre compatriote Christophe Gleizes est détenu arbitrairement par un régime qui bafoue le droit et la dignité humaine. Le…,flprovendier,ogamashiyo,722194,Florence Provendier,flprovendier,twitter.com/flprovendier,LAREM,La République en Marche
2024362045005550011,Thu Feb 19 05:54:57 +0000 2026,"RT @jdomerchet: L’#Arménie dans le viseur de #Moscou
«La Russie lancera presque certainement une importante campagne d'influence contre l'A…",flprovendier,jdomerchet,722194,Florence Provendier,flprovendier,twitter.com/flprovendier,LAREM,La République en Marche
2024361904798650562,Thu Feb 19 05:54:23 +0000 2026,"RT @pybournazel: « Le club des homosexuels veut me faire perdre »

Voilà @DatiRachida comment vous parleriez de vos concurrents à la Mairie…",flprovendier,datirachida; pybournazel,722194,Florence Provendier,flprovendier,twitter.com/flprovendier,LAREM,La République en Marche
2024360527200235984,Thu Feb 19 05:48:55 +0000 2026,RT @EquipeFRA: ON PREND LES MÊMES ET ON RECOMMENCE 🥇 https://t.co/9LazYijalf,flprovendier,equipefra,722194,Florence Provendier,flprovendier,twitter.com/flprovendier,LAREM,La République en Marche
2024090527772066245,Wed Feb 18 11:56:02 +0000 2026,"RT @ogamashiyo: Refusons de nous taire. Quand l’injustice frappe, le silence devient complicité. Le sort réservé à Christophe Gleizes nous…",flprovendier,ogamashiyo,722194,Florence Provendier,flprovendier,twitter.com/flprovendier,LAREM,La République en Marche
2023821507403936118,Tue Feb 17 18:07:02 +0000 2026,"RT @EquipeFRA: ILS SONT MAJESTUEUX 🥇

POUR LA PREMIÈRE FOIS DE L'HISTOIRE, LE RELAIS MASCULIN EST CHAMPION OLYMPIQUE 🤩

Quelle course d'ant…",flprovendier,equipefra,722194,Florence Provendier,flprovendier,twitter.com/flprovendier,LAREM,La République en Marche
2023079452037841090,Sun Feb 15 16:58:23 +0000 2026,"RT @francediplo: #Russie | Le Royaume-Uni, la Suède, la France, l'Allemagne et les Pays-Bas estiment qu'Alexeï Navalny a été empoisonné ave…",flprovendier,francediplo,722194,Florence Provendier,flprovendier,twitter.com/flprovendier,LAREM,La République en Marche
2023014704562819185,Sun Feb 15 12:41:06 +0000 2026,"RT @ogamashiyo: Révoltant de voir un cas comme celui de Christophe Gleizes, dont la détention en Algérie suscite de vives inquiétudes, somb…",flprovendier,ogamashiyo,722194,Florence Provendier,flprovendier,twitter.com/flprovendier,LAREM,La République en Marche
2022632811245769133,Sat Feb 14 11:23:35 +0000 2026,"RT @ogamashiyo: Soutenir Christophe, ce n’est pas prendre parti, c’est refuser l’indifférence. Quand défendre ses droits devient un combat,…",flprovendier,ogamashiyo,722194,Florence Provendier,flprovendier,twitter.com/flprovendier,LAREM,La République en Marche
2021538226151076219,Wed Feb 11 10:54:06 +0000 2026,RT @EmmanuelMacron: C’est la journée internationale des femmes et des filles de sciences. À toutes les jeunes qui se disent « je n’ai aucun…,flprovendier,emmanuelmacron,722194,Florence Provendier,flprovendier,twitter.com/flprovendier,LAREM,La République en Marche
2021315998226227692,Tue Feb 10 20:11:02 +0000 2026,"RT @pybournazel: Nos têtes de liste pour offrir aux Parisiens un véritable projet ! ✨ 

#Bournazel2026 https://t.co/N2eld8bUhc",flprovendier,pybournazel,722194,Florence Provendier,flprovendier,twitter.com/flprovendier,LAREM,La République en Marche
2020950519817052445,Mon Feb 09 19:58:46 +0000 2026,RT @ogamashiyo: Christophe Gleizes reste en détention pendant que le silence diplomatique s’éternise. Quand la justice devient un message p…,flprovendier,ogamashiyo,722194,Florence Provendier,flprovendier,twitter.com/flprovendier,LAREM,La République en Marche
2020429871441178979,Sun Feb 08 09:29:53 +0000 2026,RT @ogamashiyo: On ne devrait jamais s’habituer à l’injustice. Christophe Gleizes est détenu en Algérie dans des conditions dénoncées par s…,flprovendier,ogamashiyo,722194,Florence Provendier,flprovendier,twitter.com/flprovendier,LAREM,La République en Marche
2019657141456666826,Fri Feb 06 06:19:20 +0000 2026,"RT @femmeazadi: Des centaines, peut être des milliers d’enfants iraniens massacrés par Khamenei. L’UNICEF c’est 9 milliards de budget, plus…",flprovendier,femmeazadi,722194,Florence Provendier,flprovendier,twitter.com/flprovendier,LAREM,La République en Marche
2029898224366948793,Fri Mar 06 12:33:45 +0000 2026,Bravo à nos courageux policiers municipaux !,marinebrenier,,713448,Marine Brenier,marinebrenier,twitter.com/marinebrenier,LC,"Les Constructifs : républicains, UDI, indépendants"
2029666240113823847,Thu Mar 05 21:11:55 +0000 2026,"RT @MagaliAltounian: On se retrouve ce week-end autour de deux temps forts : 

☀️ Samedi à 9h30 à la Permanence de campagne 
📸 Dimanche à 9…",marinebrenier,magalialtounian,713448,Marine Brenier,marinebrenier,twitter.com/marinebrenier,LC,"Les Constructifs : républicains, UDI, indépendants"
2029297128015548551,Wed Mar 04 20:45:12 +0000 2026,"RT @cestrosi: Les transports avec #TousPourNice, c’est ⤵️

Ligne 4 vers Cap 3000, Saint-Laurent-du-Var et Cagnes-sur-Mer.
Ligne 5 pour dése…",marinebrenier,cestrosi,713448,Marine Brenier,marinebrenier,twitter.com/marinebrenier,LC,"Les Constructifs : républicains, UDI, indépendants"
2029270204115505572,Wed Mar 04 18:58:13 +0000 2026,"RT @cestrosi: Je suis, comme les Niçois, inquiet de la montée de l’insécurité, qui touche l’ensemble du pays. Nice est certainement la vill…",marinebrenier,cestrosi,713448,Marine Brenier,marinebrenier,twitter.com/marinebrenier,LC,"Les Constructifs : républicains, UDI, indépendants"
2029251796418335226,Wed Mar 04 17:45:04 +0000 2026,"RT @Estrosi2026: #CiottiVousMent La destruction d'Acropolis n'a pas coûté 500M€. Mais 13M€, en large partie payée par l'Union européenne (1…",marinebrenier,estrosi2026,713448,Marine Brenier,marinebrenier,twitter.com/marinebrenier,LC,"Les Constructifs : républicains, UDI, indépendants"
2029251706031083926,Wed Mar 04 17:44:43 +0000 2026,RT @Estrosi2026: #CiottiVousMent Les échanges entre Eric Ciotti et le Gouvernement Macron ont été révélés par l'hebdomadaire Marianne dans…,marinebrenier,estrosi2026,713448,Marine Brenier,marinebrenier,twitter.com/marinebrenier,LC,"Les Constructifs : républicains, UDI, indépendants"
2029251659809824778,Wed Mar 04 17:44:32 +0000 2026,RT @Estrosi2026: #CiottiVousMent Le conseil d'Etat a bien classé Eric Ciotti comme un candidat d'extrême droite par décision du 27/02/2026…,marinebrenier,estrosi2026,713448,Marine Brenier,marinebrenier,twitter.com/marinebrenier,LC,"Les Constructifs : républicains, UDI, indépendants"
2029210097696555442,Wed Mar 04 14:59:22 +0000 2026,"RT @avec_estrosi: Voter pour Christian Estrosi, c’est choisir une culture pour tous à Nice 🎭

Palais des Arts et de la Culture, nouvelle am…",marinebrenier,avec_estrosi,713448,Marine Brenier,marinebrenier,twitter.com/marinebrenier,LC,"Les Constructifs : républicains, UDI, indépendants"
2028857451680846034,Tue Mar 03 15:38:05 +0000 2026,"RT @cestrosi: Et on ne s’arrête pas là pour redynamiser, sécuriser et embellir ce quartier et améliorer le cadre de vie des Niçoises et des…",marinebrenier,cestrosi,713448,Marine Brenier,marinebrenier,twitter.com/marinebrenier,LC,"Les Constructifs : républicains, UDI, indépendants"
2028857440083571115,Tue Mar 03 15:38:02 +0000 2026,"RT @cestrosi: Avenue de la République, vos attentes sont claires, et nous y répondons.
La Promenade du Paillon Saison 2 a redonné de l’air…",marinebrenier,cestrosi,713448,Marine Brenier,marinebrenier,twitter.com/marinebrenier,LC,"Les Constructifs : républicains, UDI, indépendants"
2028474300957655344,Mon Mar 02 14:15:35 +0000 2026,"RT @BilanNoirCiotti: Depuis plus de 4 ans, les élus du groupe @RRepublicain06 dénoncent la dérive financière du Département sous la houlett…",marinebrenier,bilannoirciotti; rrepublicain06,713448,Marine Brenier,marinebrenier,twitter.com/marinebrenier,LC,"Les Constructifs : républicains, UDI, indépendants"
2027781855840268608,Sat Feb 28 16:24:03 +0000 2026,"RT @cestrosi: Tout ce que je combats depuis toujours dans ma ville frappe aujourd'hui à ma porte.
Abject. https://t.co/nOHBBxTRvf",marinebrenier,cestrosi,713448,Marine Brenier,marinebrenier,twitter.com/marinebrenier,LC,"Les Constructifs : républicains, UDI, indépendants"
2027284772142067715,Fri Feb 27 07:28:49 +0000 2026,"RT @pimou06: Merci à @CNEWS 

Le rapport de l’Institut Montaigne (@i_montaigne) le dit :
Nice, meilleur élève… en gestion budgétaire 🤩

On…",marinebrenier,cnews; i_montaigne; pimou06,713448,Marine Brenier,marinebrenier,twitter.com/marinebrenier,LC,"Les Constructifs : républicains, UDI, indépendants"
2026184598175027278,Tue Feb 24 06:37:07 +0000 2026,"RT @Estrosi2026: Chaque jour, un rendez-vous avec un visage de Nice qui soutient Christian Estrosi et son action. 

Merci à Surya Bonaly, p…",marinebrenier,estrosi2026,713448,Marine Brenier,marinebrenier,twitter.com/marinebrenier,LC,"Les Constructifs : républicains, UDI, indépendants"
2024804388666052619,Fri Feb 20 11:12:39 +0000 2026,"RT @Estrosi2026: Chaque jour, un rendez-vous avec un visage de Nice qui soutient Christian Estrosi et son action. 

Merci à Hugo Damy, rest…",marinebrenier,estrosi2026,713448,Marine Brenier,marinebrenier,twitter.com/marinebrenier,LC,"Les Constructifs : républicains, UDI, indépendants"
2024803799844409535,Fri Feb 20 11:10:19 +0000 2026,"RT @pimou06: Nice mérite du concret.
Un bilan solide.
Un projet clair.
Une équipe engagée.

Depuis 3 mois, nous avons travaillé pour cela.…",marinebrenier,pimou06,713448,Marine Brenier,marinebrenier,twitter.com/marinebrenier,LC,"Les Constructifs : républicains, UDI, indépendants"
2023407312589992079,Mon Feb 16 14:41:11 +0000 2026,"🔜 Vendredi 18:00, présentation du projet de @cestrosi et notre équipe #tousPourNice ; des projets et des personnes engagées pour Nice et les niçois ! https://t.co/MiCkXcdntJ",marinebrenier,cestrosi,713448,Marine Brenier,marinebrenier,twitter.com/marinebrenier,LC,"Les Constructifs : républicains, UDI, indépendants"
2022061382401978879,Thu Feb 12 21:32:56 +0000 2026,"Honorée de la confiance renouvelée de @cestrosi en figurant sur sa liste. Fière du travail accompli pour les familles niçoises, et pleinement déterminée à continuer à agir pour elles et pour tous les Niçois.
Les 15 &amp; 22 mars, #TousPourNice #Nice06 https://t.co/TfEIbyi1b3",marinebrenier,cestrosi,713448,Marine Brenier,marinebrenier,twitter.com/marinebrenier,LC,"Les Constructifs : républicains, UDI, indépendants"
2021143149586878945,Tue Feb 10 08:44:12 +0000 2026,"De l’énergie, des sourires et l’envie de faire rayonner Nice ! Bienvenue à Gérard Holtz dans l’équipe.",marinebrenier,,713448,Marine Brenier,marinebrenier,twitter.com/marinebrenier,LC,"Les Constructifs : républicains, UDI, indépendants"
2019076902439256213,Wed Feb 04 15:53:40 +0000 2026,"Inauguration de la placette Francis Cresci en présence de Ludovic Cresci et @cestrosi. La famille Cresci c’est un bout de l’histoire moderne de #Nice06, de ces niçois d’origine italienne qui ont choisi la France et lui ont tant donné. https://t.co/tsd9j0hFNp",marinebrenier,cestrosi,713448,Marine Brenier,marinebrenier,twitter.com/marinebrenier,LC,"Les Constructifs : républicains, UDI, indépendants"
2029163740017369229,Wed Mar 04 11:55:10 +0000 2026,"RT @EmmanuelMacron: Soyons puissants.
Soyons unis.
Soyons libres. https://t.co/4yq5CxVV7O",alouismars,emmanuelmacron,718918,Alexandra Louis,ALouisMars,twitter.com/ALouisMars|twitter.com/ALouisDeputee13,LAREM,La République en Marche
2029158522450039277,Wed Mar 04 11:34:26 +0000 2026,RT @Elysee: L’esprit français. 🇫🇷 https://t.co/m0rwSkEC9X,alouismars,elysee,718918,Alexandra Louis,ALouisMars,twitter.com/ALouisMars|twitter.com/ALouisDeputee13,LAREM,La République en Marche
2027419662141493347,Fri Feb 27 16:24:49 +0000 2026,"RT @DIAVictimes: Parler des victimes, c’est aussi parler de stéréotypes. 

""Fragile, vulnérable, sidérée""…

❌👉 Un imaginaire faux. Car la «…",alouismars,diavictimes,718918,Alexandra Louis,ALouisMars,twitter.com/ALouisMars|twitter.com/ALouisDeputee13,LAREM,La République en Marche
2027151356742521001,Thu Feb 26 22:38:40 +0000 2026,"Ceux qui s’en prennent à une journaliste,planqués derrière leurs écrans, sont aussi lâchés que dangereux. 
Tout mon soutien à @boucherbrigit.",alouismars,boucherbrigit,718918,Alexandra Louis,ALouisMars,twitter.com/ALouisMars|twitter.com/ALouisDeputee13,LAREM,La République en Marche
2027077046212374731,Thu Feb 26 17:43:23 +0000 2026,RT @Arthur_Dvx: Le Choeur du 13 a chanté Shooting Stars avec son compositeur Jay Buchanan (@rivalsons) hier à Paris. Joli rappel des commém…,alouismars,arthur_dvx; rivalsons,718918,Alexandra Louis,ALouisMars,twitter.com/ALouisMars|twitter.com/ALouisDeputee13,LAREM,La République en Marche
2026643146646458752,Wed Feb 25 12:59:14 +0000 2026,"RT @DIAVictimes: 🇪🇺🇫🇷 Hier, nous étions le 22 février 2026. Journée européenne des victimes. 

Victimes, aide aux victimes, de quoi parle-t…",alouismars,diavictimes,718918,Alexandra Louis,ALouisMars,twitter.com/ALouisMars|twitter.com/ALouisDeputee13,LAREM,La République en Marche
2025661544336347457,Sun Feb 22 19:58:41 +0000 2026,Merci Sylvie pour ce puissant témoignage . Je pense à toutes ces femmes qui après les faits se sont senties si seules.,alouismars,,718918,Alexandra Louis,ALouisMars,twitter.com/ALouisMars|twitter.com/ALouisDeputee13,LAREM,La République en Marche
2021315666058281293,Tue Feb 10 20:09:43 +0000 2026,La principale victime de ce type de délinquance est la démocratie. Heureusement la justice a fait son œuvre.,alouismars,,718918,Alexandra Louis,ALouisMars,twitter.com/ALouisMars|twitter.com/ALouisDeputee13,LAREM,La République en Marche
2021314465585660367,Tue Feb 10 20:04:57 +0000 2026,"RT @DIAVictimes: À Lille, à la rencontre du @CN2R_France, partenaire indispensable de la DIAV 🗣️🔬

Son rôle ? 

Permettre une meilleure con…",alouismars,cn2r_france; diavictimes,718918,Alexandra Louis,ALouisMars,twitter.com/ALouisMars|twitter.com/ALouisDeputee13,LAREM,La République en Marche
2018752249997021503,Tue Feb 03 18:23:37 +0000 2026,"RT @DIAVictimes: L’École élève les esprits comme elle protège ceux qui transmettent. 

À Sanary-sur-Mer, nous avons pourtant vécu le pire.…",alouismars,diavictimes,718918,Alexandra Louis,ALouisMars,twitter.com/ALouisMars|twitter.com/ALouisDeputee13,LAREM,La République en Marche
2016780981676433818,Thu Jan 29 07:50:30 +0000 2026,"RT @DIAVictimes: Passé le temps de la Justice, que deviennent les victimes ? ⤵️

https://t.co/h9ZkZ8A8tI https://t.co/98fXf2dug7",alouismars,diavictimes,718918,Alexandra Louis,ALouisMars,twitter.com/ALouisMars|twitter.com/ALouisDeputee13,LAREM,La République en Marche
2015335912448647533,Sun Jan 25 08:08:19 +0000 2026,Rien n’est fait à la SNCF pour les enfants. Obligation de monter les poussettes à l’étage si vous êtes en haut. Aucun espace dédié mis à part un minuscule locale pour le change. Il faut négocier avec le serveur de la voiture bar pour chauffer un biberon.,alouismars,,718918,Alexandra Louis,ALouisMars,twitter.com/ALouisMars|twitter.com/ALouisDeputee13,LAREM,La République en Marche
2014301363765751938,Thu Jan 22 11:37:23 +0000 2026,"RT @DIAVictimes: 2026, une année de fraternité. 

@ALouisMars et toute l’équipe de la DIAV vous présentent leurs meilleurs vœux pour cette…",alouismars,alouismars; diavictimes,718918,Alexandra Louis,ALouisMars,twitter.com/ALouisMars|twitter.com/ALouisDeputee13,LAREM,La République en Marche
2011556306197581937,Wed Jan 14 21:49:30 +0000 2026,"RT @VictimesTrevise: @ALouisMars, Madame la Déléguée interministérielle, nous vous remercions sincèrement pour votre présence et votre sout…",alouismars,alouismars; victimestrevise,718918,Alexandra Louis,ALouisMars,twitter.com/ALouisMars|twitter.com/ALouisDeputee13,LAREM,La République en Marche
2009987950243885560,Sat Jan 10 13:57:25 +0000 2026,RT @DIAVictimes: @ALouisMars était aujourd'hui aux côtés du président de la République pour la cérémonie d'hommage rendue aux victimes de l…,alouismars,alouismars; diavictimes,718918,Alexandra Louis,ALouisMars,twitter.com/ALouisMars|twitter.com/ALouisDeputee13,LAREM,La République en Marche
2009274142093086794,Thu Jan 08 14:41:00 +0000 2026,RT @EmmanuelMacron: Notre compatriote Laurent Vinatier est libre et de retour en France. Je partage le soulagement de sa famille et de ses…,alouismars,emmanuelmacron,718918,Alexandra Louis,ALouisMars,twitter.com/ALouisMars|twitter.com/ALouisDeputee13,LAREM,La République en Marche
2009020985916396025,Wed Jan 07 21:55:03 +0000 2026,"RT @DIAVictimes: #Hommage aux victimes de Charlie Hebdo et de l’Hyper Cacher, à Ahmed Merabet et à Clarissa Jean-Philippe 🕊️🇫🇷⬇️

https://t…",alouismars,diavictimes,718918,Alexandra Louis,ALouisMars,twitter.com/ALouisMars|twitter.com/ALouisDeputee13,LAREM,La République en Marche
2008985408416477604,Wed Jan 07 19:33:41 +0000 2026,"RT @EmmanuelMacron: Il y a onze ans, le terrorisme islamiste frappait la République et endeuillait la France.

En frappant Charlie Hebdo, l…",alouismars,emmanuelmacron,718918,Alexandra Louis,ALouisMars,twitter.com/ALouisMars|twitter.com/ALouisDeputee13,LAREM,La République en Marche
2003187513004032366,Mon Dec 22 19:34:55 +0000 2025,"RT @DIAVictimes: « Le monde des bisounours... » 🧸 

C’est donc ça, la justice #restaurative ? 

Idées reçues, préjugés, clichés… la délégué…",alouismars,diavictimes,718918,Alexandra Louis,ALouisMars,twitter.com/ALouisMars|twitter.com/ALouisDeputee13,LAREM,La République en Marche
2003022353715069188,Mon Dec 22 08:38:38 +0000 2025,"RT @EmmanuelMacron: Bientôt le coup d’envoi de la CAN !

L’Afrique va faire vibrer les stades et nos cœurs. Au Maroc qui organise, grande n…",alouismars,emmanuelmacron,718918,Alexandra Louis,ALouisMars,twitter.com/ALouisMars|twitter.com/ALouisDeputee13,LAREM,La République en Marche
2001013560441471098,Tue Dec 16 19:36:24 +0000 2025,"RT @EmmanuelMacron: Contrôler l’âge sur les réseaux sociaux, comme nous l’avons fait pour les sites pornographiques : nous pouvons le faire…",alouismars,emmanuelmacron,718918,Alexandra Louis,ALouisMars,twitter.com/ALouisMars|twitter.com/ALouisDeputee13,LAREM,La République en Marche
2001013109025333546,Tue Dec 16 19:34:36 +0000 2025,"RT @EmmanuelMacron: Dans le quartier de Saint-Jérôme à Marseille, un nouveau commissariat a ouvert ses portes pour les 13e et 14e arrondiss…",alouismars,emmanuelmacron,718918,Alexandra Louis,ALouisMars,twitter.com/ALouisMars|twitter.com/ALouisDeputee13,LAREM,La République en Marche
2001012249876668873,Tue Dec 16 19:31:12 +0000 2025,"RT @franceinfo: ⚡ALERTE INFO - ""Il faut taper au portefeuille, ça n'est pas festif de se droguer"", a déclaré le chef de l'Etat lors d'un éc…",alouismars,franceinfo,718918,Alexandra Louis,ALouisMars,twitter.com/ALouisMars|twitter.com/ALouisDeputee13,LAREM,La République en Marche
2000478287701639244,Mon Dec 15 08:09:25 +0000 2025,"RT @DIAVictimes: Les mots manquent face à l’horreur la plus abjecte.

Nos pensées émues et solidaires accompagnent la famille et tous les p…",alouismars,diavictimes,718918,Alexandra Louis,ALouisMars,twitter.com/ALouisMars|twitter.com/ALouisDeputee13,LAREM,La République en Marche
1999756765949501444,Sat Dec 13 08:22:21 +0000 2025,"RT @Arthur_Dvx: Dejà 65k€ en 48h, merci pour Sonia. Via @le_Parisien et @RonTesoriere https://t.co/p8c93R8xid",alouismars,arthur_dvx; le_parisien; rontesoriere,718918,Alexandra Louis,ALouisMars,twitter.com/ALouisMars|twitter.com/ALouisDeputee13,LAREM,La République en Marche
1993359417127915679,Tue Nov 25 16:41:34 +0000 2025,"RT @DIAVictimes: Aujourd'hui, a lieu la journée internationale pour l’élimination de la violence à l’égard des femmes. 

Un temps fort de m…",alouismars,diavictimes,718918,Alexandra Louis,ALouisMars,twitter.com/ALouisMars|twitter.com/ALouisDeputee13,LAREM,La République en Marche
1991878281248047407,Fri Nov 21 14:36:04 +0000 2025,"RT @DIAVictimes: 🗣️ « Le numérique, on est nés avec, on vit avec, on s’engage avec. »

Merci à @perrinegoulet d’avoir organisé une journée…",alouismars,diavictimes; perrinegoulet,718918,Alexandra Louis,ALouisMars,twitter.com/ALouisMars|twitter.com/ALouisDeputee13,LAREM,La République en Marche
1991579215888805929,Thu Nov 20 18:47:41 +0000 2025,"RT @BFMMarseille: Amine Kessaci: ""Je ne peux pas avoir peur après ce qu'ils ont fait à mon frère (...) C'est une lutte à mort qui est engag…",alouismars,bfmmarseille,718918,Alexandra Louis,ALouisMars,twitter.com/ALouisMars|twitter.com/ALouisDeputee13,LAREM,La République en Marche
1991232563805819294,Wed Nov 19 19:50:13 +0000 2025,"Le trafiquants font beaucoup de victimes trop souvent réduites au silence. Ce sont des familles entières qui vivent dans l’effroi, le deuil et l’angoisse pour que certain puisse s’acheter leur drogue.",alouismars,,718918,Alexandra Louis,ALouisMars,twitter.com/ALouisMars|twitter.com/ALouisDeputee13,LAREM,La République en Marche
1991230935589667149,Wed Nov 19 19:43:44 +0000 2025,"RT @AuschwitzMuseum: We remind @grok that denying the Holocaust violates the regulations of @X.

SS documents, survivor and witness testimo…",alouismars,auschwitzmuseum; grok; x,718918,Alexandra Louis,ALouisMars,twitter.com/ALouisMars|twitter.com/ALouisDeputee13,LAREM,La République en Marche
1991062675053215789,Wed Nov 19 08:35:08 +0000 2025,"RT @laprovence: Narcotrafic : les acheteurs de cocaïne ou cannabis sont ""complices"", déclare Emmanuel Macron
👉 https://t.co/sehwS7OvCY http…",alouismars,laprovence,718918,Alexandra Louis,ALouisMars,twitter.com/ALouisMars|twitter.com/ALouisDeputee13,LAREM,La République en Marche
1990857702231130538,Tue Nov 18 19:00:39 +0000 2025,"RT @NunezLaurent: Marseille ne tombera pas. 
Je veux remercier les forces de l’ordre, les magistrats, tous ceux qui s’engagent avec courage…",alouismars,nunezlaurent,718918,Alexandra Louis,ALouisMars,twitter.com/ALouisMars|twitter.com/ALouisDeputee13,LAREM,La République en Marche
1990376986653671672,Mon Nov 17 11:10:27 +0000 2025,"RT @Asso_MM: 10 ans après 🕊
#13Novembre2015

« La mort n’arrête pas l’amour »
N’oublions pas
Marie &amp; Mathias 💙 https://t.co/2PVi470Mj2",alouismars,asso_mm,718918,Alexandra Louis,ALouisMars,twitter.com/ALouisMars|twitter.com/ALouisDeputee13,LAREM,La République en Marche
1989430078183194650,Fri Nov 14 20:27:47 +0000 2025,Ces criminels ont  arraché encore une fois un enfant à sa famille. Tout mon soutien à @kessaciamine1 et à sa famille endeuillée. Le narco banditisme n’aura pas le dernier mot.,alouismars,kessaciamine1,718918,Alexandra Louis,ALouisMars,twitter.com/ALouisMars|twitter.com/ALouisDeputee13,LAREM,La République en Marche
1989410800403190162,Fri Nov 14 19:11:10 +0000 2025,"RT @afpfr: 🇫🇷 ""Mon amour est plus fort que ta haine ne le sera jamais"" : le Choeur 13, composé de rescapés, victimes et témoins des attenta…",alouismars,afpfr,718918,Alexandra Louis,ALouisMars,twitter.com/ALouisMars|twitter.com/ALouisDeputee13,LAREM,La République en Marche
1989080825145839828,Thu Nov 13 21:19:58 +0000 2025,"Les voix des victimes du #13novembre sont devenue celles de toute une nation.
Merci aux associations de victimes @13onze15 et @lifeforparis pour ce qu’elles sont et se qu’elles font depuis 10 ans pour les victimes et pour notre démocratie. https://t.co/NiAU3LQFgV",alouismars,13onze15; lifeforparis,718918,Alexandra Louis,ALouisMars,twitter.com/ALouisMars|twitter.com/ALouisDeputee13,LAREM,La République en Marche
1989074889916182694,Thu Nov 13 20:56:23 +0000 2025,"RT @FranceTV: Jesse Hughes du groupe Eagles of Death Metal chante ""You’ll never walk alone"" avec le Choeur du 13, composé de survivants et…",alouismars,francetv,718918,Alexandra Louis,ALouisMars,twitter.com/ALouisMars|twitter.com/ALouisDeputee13,LAREM,La République en Marche
1989074461732307325,Thu Nov 13 20:54:41 +0000 2025,RT @EmmanuelMacron: La France se souvient. https://t.co/ByBdJiFdVX,alouismars,emmanuelmacron,718918,Alexandra Louis,ALouisMars,twitter.com/ALouisMars|twitter.com/ALouisDeputee13,LAREM,La République en Marche
1989074367091777922,Thu Nov 13 20:54:18 +0000 2025,"RT @DavidFritzGoep: C’est chose faite.

Les héros, mes héros sont enfin honorés.",alouismars,davidfritzgoep,718918,Alexandra Louis,ALouisMars,twitter.com/ALouisMars|twitter.com/ALouisDeputee13,LAREM,La République en Marche
1989074340806291665,Thu Nov 13 20:54:12 +0000 2025,RT @EmmanuelMacron: La France se souvient. https://t.co/3EuGwYboMt,alouismars,emmanuelmacron,718918,Alexandra Louis,ALouisMars,twitter.com/ALouisMars|twitter.com/ALouisDeputee13,LAREM,La République en Marche
2019529139292881040,Thu Feb 05 21:50:42 +0000 2026,"RT @pybournazel: Pour redresser Paris, mon plan est clair et chiffré :
✅ 4,2 Mds€ d'économies sur le fonctionnement

Grâce à une meilleure…",flprovendier,pybournazel,722194,Florence Provendier,flprovendier,twitter.com/flprovendier,LAREM,La République en Marche
2018617487558881499,Tue Feb 03 09:28:07 +0000 2026,"RT @EmmanuelMacron: Immense soulagement. Tom Felix a été acquitté par la justice malaisienne. Pensées particulières pour ses parents, que j…",flprovendier,emmanuelmacron,722194,Florence Provendier,flprovendier,twitter.com/flprovendier,LAREM,La République en Marche
2017896701894226198,Sun Feb 01 09:43:59 +0000 2026,"RT @pybournazel: J’ai le plaisir de vous présenter les trois porte-paroles de ma campagne pour Paris :

@MarleneSchiappa, ancienne ministre…",flprovendier,marleneschiappa; pybournazel,722194,Florence Provendier,flprovendier,twitter.com/flprovendier,LAREM,La République en Marche
2017493373175697824,Sat Jan 31 07:01:18 +0000 2026,"RT @HadrienGhomi: Malgré la pluie, nous étions nombreux ce soir aux Invalides pour le rassemblement de solidarité avec le peuple iranien qu…",flprovendier,hadrienghomi,722194,Florence Provendier,flprovendier,twitter.com/flprovendier,LAREM,La République en Marche
2017491601510085117,Sat Jan 31 06:54:15 +0000 2026,RT @NathalieLoiseau: Ce fut un combat et je suis fière d’y avoir participé: l’Europe a commencé et poursuit son assistance militaire à l’Ar…,flprovendier,nathalieloiseau,722194,Florence Provendier,flprovendier,twitter.com/flprovendier,LAREM,La République en Marche
2016903839119544721,Thu Jan 29 15:58:42 +0000 2026,"RT @jnbarrot: Iran : il ne peut y avoir d’impunité.

L’insoutenable répression de la révolte pacifique du peuple iranien ne peut rester san…",flprovendier,jnbarrot,722194,Florence Provendier,flprovendier,twitter.com/flprovendier,LAREM,La République en Marche
2016805875558523304,Thu Jan 29 09:29:25 +0000 2026,"RT @ogamashiyo: Christophe Gleizes n’est pas un pion diplomatique. Son emprisonnement ressemble à un règlement de comptes d’État à État, su…",flprovendier,ogamashiyo,722194,Florence Provendier,flprovendier,twitter.com/flprovendier,LAREM,La République en Marche
2015517710839402843,Sun Jan 25 20:10:43 +0000 2026,RT @DVATW: Why is the world silent? https://t.co/LASDTJH0VU,flprovendier,dvatw,722194,Florence Provendier,flprovendier,twitter.com/flprovendier,LAREM,La République en Marche
2015516947144704061,Sun Jan 25 20:07:41 +0000 2026,"RT @NoaMagid: ALI RAHBAR WAS EXECUTED

An athlete and fitness coach, 33, from Mashhad. Executed after just 10 days in detention - no trial,…",flprovendier,noamagid,722194,Florence Provendier,flprovendier,twitter.com/flprovendier,LAREM,La République en Marche
2015149917811921059,Sat Jan 24 19:49:14 +0000 2026,"RT @pybournazel: Vous avez voté le 30 juin 2015 pour le projet de Tour Triangle, main dans la main avec Anne Hidalgo. Et maintenant parce q…",flprovendier,pybournazel,722194,Florence Provendier,flprovendier,twitter.com/flprovendier,LAREM,La République en Marche
2015148818484867581,Sat Jan 24 19:44:52 +0000 2026,"RT @CarolineFourest: SYRIE. « Nos alliés, nos amis meurent. Et nous regardons ailleurs » https://t.co/ggcIdS6EuD via @KurdistanAu",flprovendier,carolinefourest; kurdistanau,722194,Florence Provendier,flprovendier,twitter.com/flprovendier,LAREM,La République en Marche
2015130587816747095,Sat Jan 24 18:32:26 +0000 2026,"RT @shayan_: I’m devastated. A good friend and dormmate of mine, Amin Pourfarhang, has been sentenced to death after protesting in Iran 😭 H…",flprovendier,shayan_,722194,Florence Provendier,flprovendier,twitter.com/flprovendier,LAREM,La République en Marche
2014802343468904584,Fri Jan 23 20:48:06 +0000 2026,"RT @ANZHELA_YAN: I don’t know if my words can save anyone, but I know silence kills — it killed my own people. As a woman, as a human, I re…",flprovendier,anzhela_yan,722194,Florence Provendier,flprovendier,twitter.com/flprovendier,LAREM,La République en Marche
2014676274300493851,Fri Jan 23 12:27:09 +0000 2026,"RT @Limportant_fr: Afghanistan. Khadija, une entraîneuse de taekwondo, arrêtée pour avoir enseigné clandestinement le sport à des filles, r…",flprovendier,limportant_fr,722194,Florence Provendier,flprovendier,twitter.com/flprovendier,LAREM,La République en Marche
2014220594737189132,Thu Jan 22 06:16:26 +0000 2026,RT @femmeazadi: Sanam devait donner un concert ce soir là … elle a été abattue dans la rue par les terroristes de Khamenei. Une balle dans…,flprovendier,femmeazadi,722194,Florence Provendier,flprovendier,twitter.com/flprovendier,LAREM,La République en Marche
2013720516159279481,Tue Jan 20 21:09:18 +0000 2026,"RT @LouFrance75: 🚨🚨Des milliers de Kurdes du nord du Kurdistan franchissent les barrières et les frontières imposées, se dirigeant vers le…",flprovendier,loufrance75,722194,Florence Provendier,flprovendier,twitter.com/flprovendier,LAREM,La République en Marche
2013720114634351003,Tue Jan 20 21:07:43 +0000 2026,"RT @ogamashiyo: 7 ans de prison pour avoir fait son métier. Christophe Gleizes, journaliste sportif, croupit dans une geôle algérienne pend…",flprovendier,ogamashiyo,722194,Florence Provendier,flprovendier,twitter.com/flprovendier,LAREM,La République en Marche
2012180431106437394,Fri Jan 16 15:09:33 +0000 2026,"RT @GeWoessner: En France, de nombreux médias ont fait le choix éditorial d'adopter le comptage de l'ONG Iran Human Rights, basée en Norvèg…",flprovendier,gewoessner,722194,Florence Provendier,flprovendier,twitter.com/flprovendier,LAREM,La République en Marche
1989074188578259231,Thu Nov 13 20:53:36 +0000 2025,RT @Arthur_Dvx: Mon discours ce soir : 10 ans de salut par la République Française. https://t.co/tCJSfOBRBA,alouismars,arthur_dvx,718918,Alexandra Louis,ALouisMars,twitter.com/ALouisMars|twitter.com/ALouisDeputee13,LAREM,La République en Marche
1987793113570775322,Mon Nov 10 08:03:04 +0000 2025,"RT @franceinfo: 🔴 ""Je suis secouriste, je travaille à l’hôpital. Alors quand les tirs se sont tus, j’ai pris ma trousse de secours et je su…",alouismars,franceinfo,718918,Alexandra Louis,ALouisMars,twitter.com/ALouisMars|twitter.com/ALouisDeputee13,LAREM,La République en Marche
1987789343583256736,Mon Nov 10 07:48:05 +0000 2025,"RT @franceinfo: 🗣️ ""L'idée n'est pas de pleurer ensemble, mais d'avancer ensemble.""

Catherine Bertrand, rescapée de l'attentat du Bataclan…",alouismars,franceinfo,718918,Alexandra Louis,ALouisMars,twitter.com/ALouisMars|twitter.com/ALouisDeputee13,LAREM,La République en Marche
1987789183956717645,Mon Nov 10 07:47:27 +0000 2025,"RT @franceinfo: 🔴 13 novembre : ""J’étais au Bataclan avec ma famille, 2h30 d’attente sans savoir ce qui allait nous arriver. L’évacuation,…",alouismars,franceinfo,718918,Alexandra Louis,ALouisMars,twitter.com/ALouisMars|twitter.com/ALouisDeputee13,LAREM,La République en Marche
1986842295178563816,Fri Nov 07 17:04:51 +0000 2025,"RT @FranceTV: Au lendemain du #13Novembre, une femme a permis de localiser les terroristes en fuite.

Par son courage, ""Sonia"" a sauvé des…",alouismars,francetv,718918,Alexandra Louis,ALouisMars,twitter.com/ALouisMars|twitter.com/ALouisDeputee13,LAREM,La République en Marche
1986348102400270811,Thu Nov 06 08:21:06 +0000 2025,"RT @Le_Figaro: «De cette prise d'otages du 13 novembre 2015, au Bataclan, est née entre sept de ces anciens otages un lien d'amitié indéfec…",alouismars,le_figaro,718918,Alexandra Louis,ALouisMars,twitter.com/ALouisMars|twitter.com/ALouisDeputee13,LAREM,La République en Marche
1986347866676154618,Thu Nov 06 08:20:10 +0000 2025,"RT @EmmanuelMacron: Nous sommes tous frappés par l’attaque survenue à Oléron.
                            
J’adresse toute ma compassion au…",alouismars,emmanuelmacron,718918,Alexandra Louis,ALouisMars,twitter.com/ALouisMars|twitter.com/ALouisDeputee13,LAREM,La République en Marche
1985786916000706966,Tue Nov 04 19:11:09 +0000 2025,Soulagement! Nous nous réjouissons de cette libération qui met fin a une interminable attente et des années de souffrance. Nous nous tiendrons à disposition avec tous nos partenaires pour leur apporter le soutien nécessaire.,alouismars,,718918,Alexandra Louis,ALouisMars,twitter.com/ALouisMars|twitter.com/ALouisDeputee13,LAREM,La République en Marche
1985699780069089777,Tue Nov 04 13:24:54 +0000 2025,"RT @DIAVictimes: 🏃‍♀️Le 9 novembre, la DIAV marchera pour l'égalité, la DIAV courra pour la liberté. Et vous, que ferez-vous ? 

Vous avez…",alouismars,diavictimes,718918,Alexandra Louis,ALouisMars,twitter.com/ALouisMars|twitter.com/ALouisDeputee13,LAREM,La République en Marche
1985260157404643668,Mon Nov 03 08:18:00 +0000 2025,"RT @cathbertrand5: 10 ans après, ce que les victimes souhaitent avant tout, c'est du RESPECT. Merci pour nous 🙏
Si vous ne voyez pas le pro…",alouismars,cathbertrand5,718918,Alexandra Louis,ALouisMars,twitter.com/ALouisMars|twitter.com/ALouisDeputee13,LAREM,La République en Marche
1985060721584169383,Sun Nov 02 19:05:31 +0000 2025,RT @Arthur_Dvx: Le 13-novembre ce n’est pas que le Bataclan mais aussi plusieurs cafés et restaurants dans les 10eme et 11eme arrondissemen…,alouismars,arthur_dvx,718918,Alexandra Louis,ALouisMars,twitter.com/ALouisMars|twitter.com/ALouisDeputee13,LAREM,La République en Marche
1984198718430863808,Fri Oct 31 10:00:13 +0000 2025,"RT @DIAVictimes: 🎥 « Parole aux professionnels » - conférence sur le traumatisme vicariant » : retour en images
 
🧐 Qu’appelle-t-on le trau…",alouismars,diavictimes,718918,Alexandra Louis,ALouisMars,twitter.com/ALouisMars|twitter.com/ALouisDeputee13,LAREM,La République en Marche
1981615418403160265,Fri Oct 24 06:55:07 +0000 2025,RT @EmmanuelMacron: Une majorité numérique au niveau européen pour protéger nos enfants : nous y travaillons et nous avons commencé à bâtir…,alouismars,emmanuelmacron,718918,Alexandra Louis,ALouisMars,twitter.com/ALouisMars|twitter.com/ALouisDeputee13,LAREM,La République en Marche
1980706571614138459,Tue Oct 21 18:43:41 +0000 2025,"RT @BaalDaniel: Il y a 10 ans, le 13 novembre 2015, les attentats les plus meurtriers perpétrés en France faisaient 130 morts et 413 blessé…",alouismars,baaldaniel,718918,Alexandra Louis,ALouisMars,twitter.com/ALouisMars|twitter.com/ALouisDeputee13,LAREM,La République en Marche
1980691369967427659,Tue Oct 21 17:43:16 +0000 2025,"RT @Senat: ✅ Définition pénale du viol et des agressions sexuelles : accord Sénat / @AssembleeNat

Sénateurs et députés, réunis en commissi…",alouismars,assembleenat; senat,718918,Alexandra Louis,ALouisMars,twitter.com/ALouisMars|twitter.com/ALouisDeputee13,LAREM,La République en Marche
1980373317216530713,Mon Oct 20 20:39:27 +0000 2025,La « rénovation » des copropriétés dégradées signifie en réalité assurer la  santé des familles qui y vivent.  Il faut penser la gouvernance en même temps que le financement.,alouismars,,718918,Alexandra Louis,ALouisMars,twitter.com/ALouisMars|twitter.com/ALouisDeputee13,LAREM,La République en Marche
1978755495184789550,Thu Oct 16 09:30:48 +0000 2025,"RT @DIAVictimes: 🗣️""En soutenant ceux qui soutiennent les victimes, nous accompagnons mieux les victimes elles-mêmes""

Merci aux intervenan…",alouismars,diavictimes,718918,Alexandra Louis,ALouisMars,twitter.com/ALouisMars|twitter.com/ALouisDeputee13,LAREM,La République en Marche
1977735259123793953,Mon Oct 13 13:56:44 +0000 2025,"RT @DIAVictimes: Hommage à Dominique Bernard 🕊️

⤵️

https://t.co/RCAnQfi1vK https://t.co/nLMSsRJOPM",alouismars,diavictimes,718918,Alexandra Louis,ALouisMars,twitter.com/ALouisMars|twitter.com/ALouisDeputee13,LAREM,La République en Marche
1977645975452946785,Mon Oct 13 08:01:58 +0000 2025,"A neuf ans, elle a mis fin a ses jours dans une situation de grande souffrance. Nous pensons a sa famille et ses proches. Ce drame nous enjoint à agir pour protéger les enfants du harcèlement sous toutes ses formes.",alouismars,,718918,Alexandra Louis,ALouisMars,twitter.com/ALouisMars|twitter.com/ALouisDeputee13,LAREM,La République en Marche
1976546657451004062,Fri Oct 10 07:13:40 +0000 2025,"RT @GrandeLibrairie: 👉En novembre 2023, quelques mois avant sa mort, Robert Badinter était reçu par @ATrapenard dans La Grande Librairie. D…",alouismars,atrapenard; grandelibrairie,718918,Alexandra Louis,ALouisMars,twitter.com/ALouisMars|twitter.com/ALouisDeputee13,LAREM,La République en Marche
1976375665273471088,Thu Oct 09 19:54:12 +0000 2025,"RT @EmmanuelMacron: Robert Badinter, c’est la vie juste.

Partout et toujours, défendre ce droit de chacun à devenir meilleur. Partout et t…",alouismars,emmanuelmacron,718918,Alexandra Louis,ALouisMars,twitter.com/ALouisMars|twitter.com/ALouisDeputee13,LAREM,La République en Marche
1976359302534398353,Thu Oct 09 18:49:11 +0000 2025,"RT @EmmanuelMacron: Ce 9 octobre, jour anniversaire de l’abolition de la peine de mort, Robert Badinter entrera au Panthéon. https://t.co/W…",alouismars,emmanuelmacron,718918,Alexandra Louis,ALouisMars,twitter.com/ALouisMars|twitter.com/ALouisDeputee13,LAREM,La République en Marche
1976289739444466132,Thu Oct 09 14:12:46 +0000 2025,Il n’y pas d’acte plus bas que de profaner la tombe d’un homme. Cela n’entachera pas l’héritage de lumière que nous a légué Robert Badinter.,alouismars,,718918,Alexandra Louis,ALouisMars,twitter.com/ALouisMars|twitter.com/ALouisDeputee13,LAREM,La République en Marche
1976241035824202000,Thu Oct 09 10:59:14 +0000 2025,"Il a transformé la condition des victimes en France. 

il fallait absolument transformer la condition des victimes dans la justice française »

«J’ai fait plus pour améliorer la condition des victimes dans la justice française qu’aucun garde des sceaux » 1983 

#RobertBadinter",alouismars,,718918,Alexandra Louis,ALouisMars,twitter.com/ALouisMars|twitter.com/ALouisDeputee13,LAREM,La République en Marche
1976241162282287400,Thu Oct 09 10:59:44 +0000 2025,https://t.co/IYsZvawOfG,alouismars,,718918,Alexandra Louis,ALouisMars,twitter.com/ALouisMars|twitter.com/ALouisDeputee13,LAREM,La République en Marche
1975954754154209528,Wed Oct 08 16:01:39 +0000 2025,RT @EmmanuelMacron: Notre compatriote Lennart Monterlos est enfin libre. Il était détenu en Iran depuis le 16 juin. La Nation partage son s…,alouismars,emmanuelmacron,718918,Alexandra Louis,ALouisMars,twitter.com/ALouisMars|twitter.com/ALouisDeputee13,LAREM,La République en Marche
1975486334795153830,Tue Oct 07 09:00:19 +0000 2025,"RT @DIAVictimes: Hommage aux victimes françaises des attaques terroristes du 7 octobre 2023 en Israël🕊️

⬇️
https://t.co/UgOXItaFgo https:/…",alouismars,diavictimes,718918,Alexandra Louis,ALouisMars,twitter.com/ALouisMars|twitter.com/ALouisDeputee13,LAREM,La République en Marche
1973972351890174336,Fri Oct 03 04:44:17 +0000 2025,RT @EmmanuelMacron: La France se tient aux côtés des familles frappées par une attaque terroriste antisémite contre les fidèles d’une synag…,alouismars,emmanuelmacron,718918,Alexandra Louis,ALouisMars,twitter.com/ALouisMars|twitter.com/ALouisDeputee13,LAREM,La République en Marche
1972690670570664242,Mon Sep 29 15:51:21 +0000 2025,"RT @DIAVictimes: 📣Le mercredi 15 octobre, la DIAV organisera une conférence sur le #traumatismevicariant : « Parole aux professionnels »

📍…",alouismars,diavictimes,718918,Alexandra Louis,ALouisMars,twitter.com/ALouisMars|twitter.com/ALouisDeputee13,LAREM,La République en Marche
1965500510229999889,Tue Sep 09 19:40:13 +0000 2025,RT @SebLecornu: Le Président de la République m'a confié la tâche de construire un Gouvernement avec une direction claire : la défense de n…,alouismars,seblecornu,718918,Alexandra Louis,ALouisMars,twitter.com/ALouisMars|twitter.com/ALouisDeputee13,LAREM,La République en Marche
1963497333619929109,Thu Sep 04 07:00:19 +0000 2025,RT @EmmanuelMacron: Les Français s’associent au deuil des Portugais après le tragique accident de funiculaire à Lisbonne. Nos condoléances…,alouismars,emmanuelmacron,718918,Alexandra Louis,ALouisMars,twitter.com/ALouisMars|twitter.com/ALouisDeputee13,LAREM,La République en Marche
1963312536469819857,Wed Sep 03 18:45:59 +0000 2025,L’éducation à la vie affective permet non seulement de prévenir les violences sexuelles mais surtout de repérer des victimes. Un enfant sur 10 est victime de violences sexuelles en France. Ceux qui s’opposent à cette sensibilisation laissent en danger des enfants.,alouismars,,718918,Alexandra Louis,ALouisMars,twitter.com/ALouisMars|twitter.com/ALouisDeputee13,LAREM,La République en Marche
1963147013870010744,Wed Sep 03 07:48:16 +0000 2025,"À chaque fois que vous citez le nom d’une victime dans un tweet ou une allocution, demandez vous l’impact que cela peut avoir sur elles ou sur leurs proches.",alouismars,,718918,Alexandra Louis,ALouisMars,twitter.com/ALouisMars|twitter.com/ALouisDeputee13,LAREM,La République en Marche
1963134129962430955,Wed Sep 03 06:57:04 +0000 2025,"Tout notre soutien et notre mobilisation  pour les victimes et leurs proches.  Merci aux secours, forces de l’ordre et à tous les professionnels de l’aide aux victimes.",alouismars,,718918,Alexandra Louis,ALouisMars,twitter.com/ALouisMars|twitter.com/ALouisDeputee13,LAREM,La République en Marche
1962720157207253254,Tue Sep 02 03:32:05 +0000 2025,Merci l’Etat sans qui ce projet n’aurait jamais pu se réaliser.,alouismars,,718918,Alexandra Louis,ALouisMars,twitter.com/ALouisMars|twitter.com/ALouisDeputee13,LAREM,La République en Marche
1961716906324353050,Sat Aug 30 09:05:32 +0000 2025,"RT @blancgerard13: En 2022, avec une candidature fantôme (3,5%) sur la 3eme circonscription des Bouches du Rhône, Patrick Pappalardo et ses…",alouismars,blancgerard13,718918,Alexandra Louis,ALouisMars,twitter.com/ALouisMars|twitter.com/ALouisDeputee13,LAREM,La République en Marche
1961432077431091703,Fri Aug 29 14:13:43 +0000 2025,"RT @EmmanuelMacron: Quand la France et l’Allemagne décident d’avancer ensemble, c’est l’Europe tout entière qui change de rythme.
     
Auj…",alouismars,emmanuelmacron,718918,Alexandra Louis,ALouisMars,twitter.com/ALouisMars|twitter.com/ALouisDeputee13,LAREM,La République en Marche
1960399992780415395,Tue Aug 26 17:52:35 +0000 2025,RT @Conseil_constit: #LeSaviezVous | Ce 26 août marque le 236e anniversaire de l’adoption de la Déclaration des droits de l'homme et du cit…,alouismars,conseil_constit,718918,Alexandra Louis,ALouisMars,twitter.com/ALouisMars|twitter.com/ALouisDeputee13,LAREM,La République en Marche
1955234701930565666,Tue Aug 12 11:47:34 +0000 2025,"RT @DIAVictimes: #Conseils | Si vous êtes victime d’infraction pénale, savez-vous que vous avez le droit à un accompagnement ❓

@ALouisMars…",alouismars,alouismars; diavictimes,718918,Alexandra Louis,ALouisMars,twitter.com/ALouisMars|twitter.com/ALouisDeputee13,LAREM,La République en Marche
1954576450834645066,Sun Aug 10 16:11:54 +0000 2025,De mieux en mieux! Le recul des droits des femmes amène toujours au recul de la démocratie.,alouismars,,718918,Alexandra Louis,ALouisMars,twitter.com/ALouisMars|twitter.com/ALouisDeputee13,LAREM,La République en Marche
2016166173537181967,Tue Jan 27 15:07:28 +0000 2026,"RT @cestrosi: On ne peut pas instrumentaliser un féminicide.
En 2025, 148 femmes ont été tuées en France : c’est une réalité terrible qui e…",marinebrenier,cestrosi,713448,Marine Brenier,marinebrenier,twitter.com/marinebrenier,LC,"Les Constructifs : républicains, UDI, indépendants"
2016166102653374881,Tue Jan 27 15:07:12 +0000 2026,RT @cestrosi: Très heureux d'avoir présenté ces 6 engagements forts pour l’économie niçoise aux côtés de la nouvelle équipe en charge de ce…,marinebrenier,cestrosi,713448,Marine Brenier,marinebrenier,twitter.com/marinebrenier,LC,"Les Constructifs : républicains, UDI, indépendants"
2016166092213768427,Tue Jan 27 15:07:09 +0000 2026,"RT @Estrosi2026: Éric Abihssira rejoint la liste #TousPourNice
Professionnel reconnu de l’hôtellerie-restauration, son expérience et son en…",marinebrenier,estrosi2026,713448,Marine Brenier,marinebrenier,twitter.com/marinebrenier,LC,"Les Constructifs : républicains, UDI, indépendants"
2016166063688261859,Tue Jan 27 15:07:02 +0000 2026,"RT @Estrosi2026: Anne-Lise Barral rejoint la liste #TousPourNice. Cheffe d’entreprise reconnue, issue de la maison Barral, elle sera une in…",marinebrenier,estrosi2026,713448,Marine Brenier,marinebrenier,twitter.com/marinebrenier,LC,"Les Constructifs : républicains, UDI, indépendants"
2016166053118607804,Tue Jan 27 15:07:00 +0000 2026,"RT @Estrosi2026: Chaque jour, un rendez-vous avec un visage de Nice qui soutient Christian Estrosi et son action. 

Merci à Julien Paulian,…",marinebrenier,estrosi2026,713448,Marine Brenier,marinebrenier,twitter.com/marinebrenier,LC,"Les Constructifs : républicains, UDI, indépendants"
2016166029710197172,Tue Jan 27 15:06:54 +0000 2026,"RT @Estrosi2026: Si les Niçois nous font à nouveau confiance, @ppradal sera notre adjoint en charge de l’économie. Ensemble, nous continuer…",marinebrenier,estrosi2026; ppradal,713448,Marine Brenier,marinebrenier,twitter.com/marinebrenier,LC,"Les Constructifs : républicains, UDI, indépendants"
2016165095940735013,Tue Jan 27 15:03:12 +0000 2026,"🗳️ N’oubliez pas de vous inscrire sur les listes électorales !

⏰ Date limite : 4 février 2026

📝 https://t.co/VtkuormNPD ou en mairie https://t.co/d54pdNrtTa",marinebrenier,,713448,Marine Brenier,marinebrenier,twitter.com/marinebrenier,LC,"Les Constructifs : républicains, UDI, indépendants"
2014328335363379610,Thu Jan 22 13:24:34 +0000 2026,"RT @cestrosi: Depuis hier soir où j’étais présent sur les lieux du drame, nous poursuivons l’accompagnement des forces de sécurité, des par…",marinebrenier,cestrosi,713448,Marine Brenier,marinebrenier,twitter.com/marinebrenier,LC,"Les Constructifs : républicains, UDI, indépendants"
2009732708524556325,Fri Jan 09 21:03:11 +0000 2026,"RT @Estrosi2026: Marie-Christine Mouchan, bâtonnier, fille de Maurice Jean-Charles Mouchan, rejoint la liste de Christian Estrosi pour pour…",marinebrenier,estrosi2026,713448,Marine Brenier,marinebrenier,twitter.com/marinebrenier,LC,"Les Constructifs : républicains, UDI, indépendants"
2009732493096738954,Fri Jan 09 21:02:20 +0000 2026,"Fille de rapatrié, je suis très heureuse de voir Marie-Christine Mouchan rejoindre l’équipe de @cestrosi pour les prochaines municipales !",marinebrenier,cestrosi,713448,Marine Brenier,marinebrenier,twitter.com/marinebrenier,LC,"Les Constructifs : républicains, UDI, indépendants"
2009556335478591652,Fri Jan 09 09:22:20 +0000 2026,"RT @cestrosi: J’ai pris acte de la démission de Mme Aurore Asso, que je remercie sincèrement pour son engagement au service de la Ville de…",marinebrenier,cestrosi,713448,Marine Brenier,marinebrenier,twitter.com/marinebrenier,LC,"Les Constructifs : républicains, UDI, indépendants"
2009369634777051609,Thu Jan 08 21:00:27 +0000 2026,"Avec @cestrosi Nice a comblé un retard massif en créant 1 500 places en crèche depuis 2008. Nous lançons une nouvelle étape, avec 1 500 enfants en + qui pourront être accueillis dans les différents modes de garde. https://t.co/JkxOOeU38v",marinebrenier,cestrosi,713448,Marine Brenier,marinebrenier,twitter.com/marinebrenier,LC,"Les Constructifs : républicains, UDI, indépendants"
2009368417652883495,Thu Jan 08 20:55:37 +0000 2026,"Les horaires élargis reposeront sur le volontariat. Les agents concernés seront payés en heures supplémentaires. Oui, nous continuons de croire qu’on peut choisir de travailler davantage et être justement rémunérés. Travailler plus pour gagner plus. https://t.co/lacBApOdlB",marinebrenier,,713448,Marine Brenier,marinebrenier,twitter.com/marinebrenier,LC,"Les Constructifs : républicains, UDI, indépendants"
2009367940852806123,Thu Jan 08 20:53:44 +0000 2026,"Simplifier la vie des habitants a un coût, mais c’est un choix politique assumé que nous faisons avec @cestrosi. L’ensemble de ces mesures représente 7 M€ pour une ville + humaine, + adaptée aux rythmes de notre société et sans hausse d’impôts. https://t.co/UA40V5HsDc",marinebrenier,cestrosi,713448,Marine Brenier,marinebrenier,twitter.com/marinebrenier,LC,"Les Constructifs : républicains, UDI, indépendants"
2009367132228686033,Thu Jan 08 20:50:31 +0000 2026,"Beaucoup de parents vivent chaque fin de journée comme une course contre la montre. Avec @cestrosi, nous allons élargir l’accueil jusqu’à 19h, ouvrir une offre le samedi, de la crèche aux loisirs. Une réponse simple à une contrainte quotidienne trop souvent ignorée. https://t.co/1LqRsade4M",marinebrenier,cestrosi,713448,Marine Brenier,marinebrenier,twitter.com/marinebrenier,LC,"Les Constructifs : républicains, UDI, indépendants"
2009366672482709761,Thu Jan 08 20:48:41 +0000 2026,"Horaires décalés, familles sous pression, vies qui s’accélèrent.
Avec @cestrosi , nous voulons que la collectivité s’adapte à la vie quotidienne des niçois. https://t.co/p8hhsmJbRK",marinebrenier,cestrosi,713448,Marine Brenier,marinebrenier,twitter.com/marinebrenier,LC,"Les Constructifs : républicains, UDI, indépendants"
2006696427775287423,Thu Jan 01 11:58:05 +0000 2026,RT @avec_estrosi: Toute l’équipe des @avec_estrosi vous souhaite une belle et heureuse année 2026 ! 🤩🥰🫶🥳 https://t.co/2n7qhkcpYS,marinebrenier,avec_estrosi,713448,Marine Brenier,marinebrenier,twitter.com/marinebrenier,LC,"Les Constructifs : républicains, UDI, indépendants"
2001625131001745463,Thu Dec 18 12:06:34 +0000 2025,"RT @BFMCotedazur: Municipales à Nice: la sénatrice Dominique Estrosi Sassone, désignée cheffe de file des LR, sera sur la liste de Christia…",marinebrenier,bfmcotedazur,713448,Marine Brenier,marinebrenier,twitter.com/marinebrenier,LC,"Les Constructifs : républicains, UDI, indépendants"
2001625108646105543,Thu Dec 18 12:06:28 +0000 2025,"RT @le_Parisien: Municipales 2026 : à Nice, LR ouvre la voie à un accord avec Christian Estrosi
➡️ https://t.co/NEBurhQTKq https://t.co/Sy5…",marinebrenier,le_parisien,713448,Marine Brenier,marinebrenier,twitter.com/marinebrenier,LC,"Les Constructifs : républicains, UDI, indépendants"
2001625096256188865,Thu Dec 18 12:06:26 +0000 2025,"RT @LatourXavier1: Excellente nouvelle : @lesRepublicains avec @cestrosi !
Les choses sont claires et cohérentes. C. Estrosi travaillera av…",marinebrenier,cestrosi; latourxavier1; lesrepublicains,713448,Marine Brenier,marinebrenier,twitter.com/marinebrenier,LC,"Les Constructifs : républicains, UDI, indépendants"
2011870520967315651,Thu Jan 15 18:38:05 +0000 2026,RT @femmeazadi: Voici les milices terroristes de Khamenei dans les rues d’Iran pour massacrer notre peuple … ils ne vous rappellent personn…,flprovendier,femmeazadi,722194,Florence Provendier,flprovendier,twitter.com/flprovendier,LAREM,La République en Marche
2011694273750843837,Thu Jan 15 06:57:44 +0000 2026,"RT @AlinejadMasih: “They might cut the internet. I love you all.”
This was #Setayesh_Shafiei’s last message on Telegram. Then she took to t…",flprovendier,alinejadmasih,722194,Florence Provendier,flprovendier,twitter.com/flprovendier,LAREM,La République en Marche
2011545540669194579,Wed Jan 14 21:06:44 +0000 2026,"RT @femmeazadi: ISPAHAN - Iran 12/01/26

Les gens sont toujours dans la rue. Il y a moins d’images en raison du black out internet mais con…",flprovendier,femmeazadi,722194,Florence Provendier,flprovendier,twitter.com/flprovendier,LAREM,La République en Marche
2010785908950515814,Mon Jan 12 18:48:13 +0000 2026,RT @GabrielAttal: Couper Internet pour tuer en silence : voilà la stratégie des mollahs face à la soif de liberté du peuple iranien. Des ce…,flprovendier,gabrielattal,722194,Florence Provendier,flprovendier,twitter.com/flprovendier,LAREM,La République en Marche
2010784836450206044,Mon Jan 12 18:43:58 +0000 2026,"RT @AlinejadMasih: This is how the Islamic Republic crushes dissent:

Shut down the internet.
Kill protesters in the streets.
Start rapid e…",flprovendier,alinejadmasih,722194,Florence Provendier,flprovendier,twitter.com/flprovendier,LAREM,La République en Marche
2010784808503558270,Mon Jan 12 18:43:51 +0000 2026,"RT @femmeazadi: En 3 jours, le peuple iranien a vécu l’équivalent d’un 11 septembre, 5 x 07 octobre ou 50 bataclan. Massacré par la même id…",flprovendier,femmeazadi,722194,Florence Provendier,flprovendier,twitter.com/flprovendier,LAREM,La République en Marche
2010602502618521977,Mon Jan 12 06:39:26 +0000 2026,"RT @femmeazadi: Erfan Soltani a été arrêté pour avoir protesté

La République islamique prévoit de le pendre ce mercredi et a informé sa fa…",flprovendier,femmeazadi,722194,Florence Provendier,flprovendier,twitter.com/flprovendier,LAREM,La République en Marche
2010447588676546901,Sun Jan 11 20:23:52 +0000 2026,"RT @femmeazadi: ALLO LE MONDE ?? 

Les miliciens de Khamenei ont pris le contrôle de tous les hôpitaux de Téhéran pour arrêter tous les ble…",flprovendier,femmeazadi,722194,Florence Provendier,flprovendier,twitter.com/flprovendier,LAREM,La République en Marche
2010326694293549454,Sun Jan 11 12:23:28 +0000 2026,"RT @femmeazadi: Téhéran, ce soir. 

Mesdames messieurs, nous vous présentons le peuple le plus courageux du monde ! L’Iran va renaître ! ht…",flprovendier,femmeazadi,722194,Florence Provendier,flprovendier,twitter.com/flprovendier,LAREM,La République en Marche
2009726925623685364,Fri Jan 09 20:40:12 +0000 2026,"RT @AlinejadMasih: The latest update I have received from Iran, via people who have internet access  through Starlink, is that the regime h…",flprovendier,alinejadmasih,722194,Florence Provendier,flprovendier,twitter.com/flprovendier,LAREM,La République en Marche
2009659322004058147,Fri Jan 09 16:11:34 +0000 2026,RT @__Injaneb96: The regime uses traffic surveillance cameras for facial recognition and arrests. The people neutralized them. The courage…,flprovendier,__injaneb96,722194,Florence Provendier,flprovendier,twitter.com/flprovendier,LAREM,La République en Marche
2009232233639682408,Thu Jan 08 11:54:28 +0000 2026,"RT @dose_marie: Bonjour @franceinter 
La matinale du 7 janvier :
- Journal de 5 heures : rien 
- Journal de 5 heures 30 : rien 
- Journal d…",flprovendier,dose_marie; franceinter,722194,Florence Provendier,flprovendier,twitter.com/flprovendier,LAREM,La République en Marche
2009232014072009036,Thu Jan 08 11:53:36 +0000 2026,"RT @pybournazel: 🚨 APPEL À TÉMOINS – DISPARITION INQUIÉTANTE À #PARIS15 🚨

Anna-Rose Paty, élève de 6e à l’Ecole Jeannine Manuel, n’est pas…",flprovendier,pybournazel,722194,Florence Provendier,flprovendier,twitter.com/flprovendier,LAREM,La République en Marche
2009231945662955912,Thu Jan 08 11:53:20 +0000 2026,"RT @ogamashiyo: Soutien total à Christophe Gleizes, journaliste injustement détenu en Algérie. Enfermé pour des raisons politiques, il paie…",flprovendier,ogamashiyo,722194,Florence Provendier,flprovendier,twitter.com/flprovendier,LAREM,La République en Marche
2009005352197738982,Wed Jan 07 20:52:56 +0000 2026,"RT @AlinejadMasih: Unarmed Iranians pushed regime security forces to flee. Despite more than 30 deaths over 11 days, protesters are back in…",flprovendier,alinejadmasih,722194,Florence Provendier,flprovendier,twitter.com/flprovendier,LAREM,La République en Marche
2008655377714606477,Tue Jan 06 21:42:15 +0000 2026,"RT @AlinejadMasih: Watch the flood of people in Iran’s streets.
More than 20 people have been killed. Thousands detained. Yet the people di…",flprovendier,alinejadmasih,722194,Florence Provendier,flprovendier,twitter.com/flprovendier,LAREM,La République en Marche
2007191834775433603,Fri Jan 02 20:46:39 +0000 2026,"RT @AlinejadMasih: Message from Iran:
This is Marvdasht. People are in the streets. The Islamic Republic is brutally cracking down.
With ev…",flprovendier,alinejadmasih,722194,Florence Provendier,flprovendier,twitter.com/flprovendier,LAREM,La République en Marche
2005249471882706960,Sun Dec 28 12:08:24 +0000 2025,"RT @ogamashiyo: Christophe Gleizes est enfermé dans une geôle algérienne sans motif, sans justification, sans droit. Une détention politiqu…",flprovendier,ogamashiyo,722194,Florence Provendier,flprovendier,twitter.com/flprovendier,LAREM,La République en Marche
2002129167991865397,Fri Dec 19 21:29:26 +0000 2025,"RT @O_Decottignies: 🇫🇷🇦🇲 Avec le ministre arménien des Finances, M. Vahe Hovhannisyan et l'équipe de l'Agence française de développement (A…",flprovendier,o_decottignies,722194,Florence Provendier,flprovendier,twitter.com/flprovendier,LAREM,La République en Marche
2001915336963309574,Fri Dec 19 07:19:44 +0000 2025,"RT @O_Decottignies: 🇫🇷🇦🇲 L'Agence française de développement (AFD) ouvre un bureau en Arménie.

➡️ L'AFD en Arménie, ce sont des projets co…",flprovendier,o_decottignies,722194,Florence Provendier,flprovendier,twitter.com/flprovendier,LAREM,La République en Marche
1954575255642521823,Sun Aug 10 16:07:09 +0000 2025,"RT @DIAVictimes: Hommage aux victimes de l’attaque de Kouré, le 9 août 2020 🕊️

⬇️

https://t.co/QB8cbrppvJ https://t.co/274yxIeLCu",alouismars,diavictimes,718918,Alexandra Louis,ALouisMars,twitter.com/ALouisMars|twitter.com/ALouisDeputee13,LAREM,La République en Marche
1953515354665197964,Thu Aug 07 17:55:29 +0000 2025,"RT @franceinfo: 🔴⚡ALERTE INFO
➡️ https://t.co/6dniPFVihl https://t.co/VmycX95n6r",alouismars,franceinfo,718918,Alexandra Louis,ALouisMars,twitter.com/ALouisMars|twitter.com/ALouisDeputee13,LAREM,La République en Marche
1952430519758528889,Mon Aug 04 18:04:44 +0000 2025,"RT @EmmanuelMacron: Il y a cinq ans, l’explosion au port de Beyrouth déchirait le cœur du Liban et bouleversait le monde.
          
Ce dra…",alouismars,emmanuelmacron,718918,Alexandra Louis,ALouisMars,twitter.com/ALouisMars|twitter.com/ALouisDeputee13,LAREM,La République en Marche
1950994063592702123,Thu Jul 31 18:56:47 +0000 2025,"RT @EmmanuelMacron: Un tsunami arrive en Polynésie française.

Tous les services de l’État sont mobilisés pour protéger nos concitoyens. J’…",alouismars,emmanuelmacron,718918,Alexandra Louis,ALouisMars,twitter.com/ALouisMars|twitter.com/ALouisDeputee13,LAREM,La République en Marche
1948432652903559263,Thu Jul 24 17:18:39 +0000 2025,"RT @afpfr: ⚫ Déclaration conjointe sur Gaza de l'AFP, @AP, @BBCNews et @Reuters ⤵️ https://t.co/aZ86Je9CGk",alouismars,afpfr; ap; bbcnews; reuters,718918,Alexandra Louis,ALouisMars,twitter.com/ALouisMars|twitter.com/ALouisDeputee13,LAREM,La République en Marche
1947589617945031088,Tue Jul 22 09:28:44 +0000 2025,"RT @egalite_gouv: #ArretonsLesViolences | UMAY, une application gratuite qui accompagne les personnes face au harcèlement de rue ⤵
🔴 Signal…",alouismars,egalite_gouv,718918,Alexandra Louis,ALouisMars,twitter.com/ALouisMars|twitter.com/ALouisDeputee13,LAREM,La République en Marche
1945741175467417629,Thu Jul 17 07:03:41 +0000 2025,La diffusion de telles image est d’une insoutenable indignité. Ceux qui publient ou partagent ces images doivent savoir le la souffrance qu’ils ajoutent aux familles endeuillées et à l’effet traumatique de ces clichés sur les plus jeunes internautes.,alouismars,,718918,Alexandra Louis,ALouisMars,twitter.com/ALouisMars|twitter.com/ALouisDeputee13,LAREM,La République en Marche
1942643883566899521,Tue Jul 08 17:56:09 +0000 2025,"RT @EmmanuelMacron: Soutien à nos pompiers et forces engagés contre les incendies dans le Sud-Est dont Marseille, Narbonne et Les Pennes-Mi…",alouismars,emmanuelmacron,718918,Alexandra Louis,ALouisMars,twitter.com/ALouisMars|twitter.com/ALouisDeputee13,LAREM,La République en Marche
1942576987073306858,Tue Jul 08 13:30:19 +0000 2025,"RT @Prefet13: #Incendie aux @Pennes_Mirabeau 

⚠️ À ce stade les populations doivent rester confinées dans les zones d'habitation  : les se…",alouismars,pennes_mirabeau; prefet13,718918,Alexandra Louis,ALouisMars,twitter.com/ALouisMars|twitter.com/ALouisDeputee13,LAREM,La République en Marche
1942575785824424279,Tue Jul 08 13:25:33 +0000 2025,"RT @marseille: Le feu progresse, prenez toutes les précautions nécessaires. 

Le @BMPM et les forces de secours sont sur le qui-vive. 

Évi…",alouismars,bmpm; marseille,718918,Alexandra Louis,ALouisMars,twitter.com/ALouisMars|twitter.com/ALouisDeputee13,LAREM,La République en Marche
1942270883919454527,Mon Jul 07 17:13:59 +0000 2025,"8 morts, des familles endeuillés et une ville traumatisée. C’est tout un système qui a failli, entretenu par des hommes cyniques et sans scrupule. Personne n’oubliera ni les victimes, ni les responsables. #RueDaubagne",alouismars,,718918,Alexandra Louis,ALouisMars,twitter.com/ALouisMars|twitter.com/ALouisDeputee13,LAREM,La République en Marche
1941635272640172495,Sat Jul 05 23:08:17 +0000 2025,"RT @Jeunesenmarche: « Agissons ! Restons unis ! Soyons responsables ! Et œuvrons pour le pays ! »

🗣️ @emmanuelmacron

#10ansJAM https://t.…",alouismars,emmanuelmacron; jeunesenmarche,718918,Alexandra Louis,ALouisMars,twitter.com/ALouisMars|twitter.com/ALouisDeputee13,LAREM,La République en Marche
1941046919184425253,Fri Jul 04 08:10:23 +0000 2025,"RT @blancgerard13: Il a raison @sebastiendelogu! En dehors des 500.000 à un million de descendants polonais qui habitent en France, de Mari…",alouismars,blancgerard13; sebastiendelogu,718918,Alexandra Louis,ALouisMars,twitter.com/ALouisMars|twitter.com/ALouisDeputee13,LAREM,La République en Marche
1941033464658383323,Fri Jul 04 07:16:55 +0000 2025,"Il est au moins lucide sur le fait qu’il dit n’importe quoi. 

On n’a en commun avec la Pologne  l’Europe et une histoire commune.",alouismars,,718918,Alexandra Louis,ALouisMars,twitter.com/ALouisMars|twitter.com/ALouisDeputee13,LAREM,La République en Marche
1940882133830324515,Thu Jul 03 21:15:35 +0000 2025,"RT @franceinfo: 🔴 🗣 ""Nous exigeons la libération immédiate et inconditionnelle de Cécile Kohler et Jacques Paris et nous continuerons à nou…",alouismars,franceinfo,718918,Alexandra Louis,ALouisMars,twitter.com/ALouisMars|twitter.com/ALouisDeputee13,LAREM,La République en Marche
1937892708707946803,Wed Jun 25 15:16:40 +0000 2025,"RT @egalite_gouv: #AlerteExcision | Les vacances, c’est fait pour s’amuser, pas pour être mutilée.  
⛔Les mutilations sexuelles féminines p…",alouismars,egalite_gouv,718918,Alexandra Louis,ALouisMars,twitter.com/ALouisMars|twitter.com/ALouisDeputee13,LAREM,La République en Marche
1935588383495225360,Thu Jun 19 06:40:06 +0000 2025,"C’est tout de même fou de voir que face au danger extrême que représente ces sites pour les mineurs, il soit si fastidieux d’imposer la vérification de l’âge des utilisateurs.  C’est un enjeu de santé publique.",alouismars,,718918,Alexandra Louis,ALouisMars,twitter.com/ALouisMars|twitter.com/ALouisDeputee13,LAREM,La République en Marche
1935362917123375411,Wed Jun 18 15:44:11 +0000 2025,"RT @DIAVictimes: Aux côtés de @clairehedon pour parler #SLAPP et transposition de la directive 🇪🇺 contre les procédures-bâillons 🏛️

La DIA…",alouismars,clairehedon; diavictimes,718918,Alexandra Louis,ALouisMars,twitter.com/ALouisMars|twitter.com/ALouisDeputee13,LAREM,La République en Marche
1934679167825531045,Mon Jun 16 18:27:12 +0000 2025,"RT @cathbertrand5: Si vous voulez nous aider, RT 🙏",alouismars,cathbertrand5,718918,Alexandra Louis,ALouisMars,twitter.com/ALouisMars|twitter.com/ALouisDeputee13,LAREM,La République en Marche
1933541054847840525,Fri Jun 13 15:04:45 +0000 2025,"RT @DIAVictimes: La DIAV lance son podcast « En première ligne », dédié à l’aide aux victimes ! 🎙️

Pour ce premier épisode, retrouvez Jacq…",alouismars,diavictimes,718918,Alexandra Louis,ALouisMars,twitter.com/ALouisMars|twitter.com/ALouisDeputee13,LAREM,La République en Marche
2001624924696514871,Thu Dec 18 12:05:45 +0000 2025,"RT @MagaliAltounian: Toutes pour Nice 💪💁‍♀️💁🏻‍♀️ ! 

Heureuse de voir tant de niçoises  engagées, prêtes à construire une ville toujours pl…",marinebrenier,magalialtounian,713448,Marine Brenier,marinebrenier,twitter.com/marinebrenier,LC,"Les Constructifs : républicains, UDI, indépendants"
1998216420296122767,Tue Dec 09 02:21:34 +0000 2025,"RT @cestrosi: Invité de @agindre dans #BonjourLaMatinaleTF1, retrouvez-moi demain en direct à 7h35 sur @TF1. 
https://t.co/HWe84QnMiX
#EnTo…",marinebrenier,agindre; cestrosi; tf1,713448,Marine Brenier,marinebrenier,twitter.com/marinebrenier,LC,"Les Constructifs : républicains, UDI, indépendants"
1992683537229570535,Sun Nov 23 19:55:52 +0000 2025,"RT @anthony_borre: En juin dernier, à la demande du maire de Nice, j’avais alerté le @prefet06 sur la situation des SDS place Grimaldi.
Le…",marinebrenier,anthony_borre; prefet06,713448,Marine Brenier,marinebrenier,twitter.com/marinebrenier,LC,"Les Constructifs : républicains, UDI, indépendants"
1992683087868686708,Sun Nov 23 19:54:05 +0000 2025,"RT @cestrosi: Lors d’un règlement de compte, un SDS en situation irrégulière aurait ouvert le feu et très grièvement blessé un autre SDS su…",marinebrenier,cestrosi,713448,Marine Brenier,marinebrenier,twitter.com/marinebrenier,LC,"Les Constructifs : républicains, UDI, indépendants"
1992600532398313637,Sun Nov 23 14:26:02 +0000 2025,"RT @cestrosi: Un dimanche ensoleillé sur le terrain, à l’écoute des Niçoises et des Niçois pour construire un projet fidèle à leurs attente…",marinebrenier,cestrosi,713448,Marine Brenier,marinebrenier,twitter.com/marinebrenier,LC,"Les Constructifs : républicains, UDI, indépendants"
1992222018188542262,Sat Nov 22 13:21:57 +0000 2025,"Nice je t’aime ! Et parce que je t’aime, je te veux encore plus belle et plus vivante ! C’est ce que nous faisons avec @cestrosi et encore après mars 2026. Continuons à faire rêver le monde et surtout nous, tes chers niçois #nicejetaime #tousPourNice https://t.co/nQNsj2vctr",marinebrenier,cestrosi,713448,Marine Brenier,marinebrenier,twitter.com/marinebrenier,LC,"Les Constructifs : républicains, UDI, indépendants"
1989063693339115939,Thu Nov 13 20:11:54 +0000 2025,"« Nice en faillite » ? Faux.
Les chiffres, eux, ne mentent pas.
🎥 Une minute pour démonter les fake news avec le rapport indépendant Klopfer. 

Lien : https://t.co/1uUOoA61QX https://t.co/n98kghEdX2",marinebrenier,,713448,Marine Brenier,marinebrenier,twitter.com/marinebrenier,LC,"Les Constructifs : républicains, UDI, indépendants"
1986542901770199232,Thu Nov 06 21:15:10 +0000 2025,"RT @MagaliAltounian: Vous êtes impatients ? Nous aussi ! 

🗓️ Rendez-vous le samedi 22 novembre à 10h au Centre des Congrès Océanice, sur l…",marinebrenier,magalialtounian,713448,Marine Brenier,marinebrenier,twitter.com/marinebrenier,LC,"Les Constructifs : républicains, UDI, indépendants"
1983482232053604585,Wed Oct 29 10:33:10 +0000 2025,RT @avec_estrosi: RDV demain à 18h au Felix pour un groupe de travail Santé et environnement avec @RichardChemla et @marinebrenier ! Que vo…,marinebrenier,avec_estrosi; marinebrenier; richardchemla,713448,Marine Brenier,marinebrenier,twitter.com/marinebrenier,LC,"Les Constructifs : républicains, UDI, indépendants"
1983482186222506040,Wed Oct 29 10:32:59 +0000 2025,"RT @RenaudMuselier: Georges-François Leclerc quitte notre région pour diriger le cabinet du Président de la République.

Une reconnaissance…",marinebrenier,renaudmuselier,713448,Marine Brenier,marinebrenier,twitter.com/marinebrenier,LC,"Les Constructifs : républicains, UDI, indépendants"
1975463922007503153,Tue Oct 07 07:31:16 +0000 2025,"RT @cestrosi: En tant que vice-président d’@HorizonsLeParti, nous nous retrouvons avec @EPhilippe_LH sur cette conviction : seul le départ…",marinebrenier,cestrosi; ephilippe_lh; horizonsleparti,713448,Marine Brenier,marinebrenier,twitter.com/marinebrenier,LC,"Les Constructifs : républicains, UDI, indépendants"
1973340894402380150,Wed Oct 01 10:55:06 +0000 2025,"Vide ta chambre, c’est samedi au Parc du Ray ! Chaque année, le @SecoursPop, avec le soutien de la @VilledeNice organise cet événement familial et solidaire. On vous attend nombreux 😊 https://t.co/bOKDC7OdE8",marinebrenier,secourspop; villedenice,713448,Marine Brenier,marinebrenier,twitter.com/marinebrenier,LC,"Les Constructifs : républicains, UDI, indépendants"
1972621018746478875,Mon Sep 29 11:14:35 +0000 2025,RT @cestrosi: J’ai décidé de donner le nom de @NicolasSarkozy au futur parvis de notre Hôtel des polices municipales et nationales. Présent…,marinebrenier,cestrosi; nicolassarkozy,713448,Marine Brenier,marinebrenier,twitter.com/marinebrenier,LC,"Les Constructifs : républicains, UDI, indépendants"
1971197624415027200,Thu Sep 25 12:58:31 +0000 2025,"Corruption ? relaxé
Détournement de fonds publics ? relaxé
Infraction électorale ? relaxé
@NicolasSarkozy est condamné pour association de malfaiteurs soit 1 infraction qui sanctionne la préparation hypothétique d’1 délit jamais commis ! 
La sanction est injuste et humiliante.",marinebrenier,nicolassarkozy,713448,Marine Brenier,marinebrenier,twitter.com/marinebrenier,LC,"Les Constructifs : républicains, UDI, indépendants"
1971198069422387500,Thu Sep 25 13:00:17 +0000 2025,"À ceux qui disent que les politiques n’ont pas à commenter les décisions de Justice, je le partage sauf quand les Juges cherchent à faire de la politique avec leurs décisions. Soutien total au Président @NicolasSarkozy !",marinebrenier,nicolassarkozy,713448,Marine Brenier,marinebrenier,twitter.com/marinebrenier,LC,"Les Constructifs : républicains, UDI, indépendants"
1970561826652877300,Tue Sep 23 18:52:05 +0000 2025,"RT @cestrosi: Il y a 11 ans, mon ami et guide de montagne niçois, Hervé Gourdel, était sauvagement décapité par des terroristes islamistes…",marinebrenier,cestrosi,713448,Marine Brenier,marinebrenier,twitter.com/marinebrenier,LC,"Les Constructifs : républicains, UDI, indépendants"
1966034952161501685,Thu Sep 11 07:03:54 +0000 2025,Tout va bien Madame la Marquise. Pauvre France !,marinebrenier,,713448,Marine Brenier,marinebrenier,twitter.com/marinebrenier,LC,"Les Constructifs : républicains, UDI, indépendants"
1956100374093271407,Thu Aug 14 21:07:26 +0000 2025,"RT @cestrosi: Si les soupçons de fichage illégal par Éric Ciotti sont avérés, ces pratiques sont ignobles et dangereuses et rappellent les…",marinebrenier,cestrosi,713448,Marine Brenier,marinebrenier,twitter.com/marinebrenier,LC,"Les Constructifs : républicains, UDI, indépendants"
1953452558254489794,Thu Aug 07 13:45:57 +0000 2025,RT @cestrosi: Voici plusieurs semaines que les pharmaciens d’officine se mobilisent partout en France et alertent sur les conséquences du p…,marinebrenier,cestrosi,713448,Marine Brenier,marinebrenier,twitter.com/marinebrenier,LC,"Les Constructifs : républicains, UDI, indépendants"
1942655020358590822,Tue Jul 08 18:40:24 +0000 2025,"RT @laurentwauquiez: Olivier tu n’es pas seul. Tu comptes ici des compagnons fidèles, des amis qui perpétueront ta mémoire : celle d’un hom…",marinebrenier,laurentwauquiez,713448,Marine Brenier,marinebrenier,twitter.com/marinebrenier,LC,"Les Constructifs : républicains, UDI, indépendants"
1938664622732779688,Fri Jun 27 18:23:59 +0000 2025,"RT @RRepublicain06: Ici, pactiser avec le RN ne choque plus personne.

Mais être fidèle à l’arc républicain, ça, c’est devenu un problème.…",marinebrenier,rrepublicain06,713448,Marine Brenier,marinebrenier,twitter.com/marinebrenier,LC,"Les Constructifs : républicains, UDI, indépendants"
1938166405515415840,Thu Jun 26 09:24:15 +0000 2025,Encore mieux qu’un nouvel épisode de retour vers le futur 😜,marinebrenier,,713448,Marine Brenier,marinebrenier,twitter.com/marinebrenier,LC,"Les Constructifs : républicains, UDI, indépendants"
1936520354282746330,Sat Jun 21 20:23:25 +0000 2025,RT @anthony_borre: Heureux d’avoir partagé avec @marinebrenier cette nouvelle édition de la “Fête de la Petite Enfance”. Un événement désor…,marinebrenier,anthony_borre; marinebrenier,713448,Marine Brenier,marinebrenier,twitter.com/marinebrenier,LC,"Les Constructifs : républicains, UDI, indépendants"
1934338462695739889,Sun Jun 15 19:53:22 +0000 2025,RT @napsarkozy: Il est des Légions d’honneur que l’on ne perd pas. Celles que l’on reçoit en sauvant des enfants des griffes d’un kamikaze.…,marinebrenier,napsarkozy,713448,Marine Brenier,marinebrenier,twitter.com/marinebrenier,LC,"Les Constructifs : républicains, UDI, indépendants"
1930942000930472030,Fri Jun 06 10:57:02 +0000 2025,"RT @VilledeNice: 🇫🇷Le 6 juin à 20h30, le Quai des États-Unis s'embrase avec Agoria, maestro présent aux JO de Paris 2024 &amp; Cassius, pilier…",marinebrenier,villedenice,713448,Marine Brenier,marinebrenier,twitter.com/marinebrenier,LC,"Les Constructifs : républicains, UDI, indépendants"
1927418826037084700,Tue May 27 17:37:12 +0000 2025,"L'@AssembleeNat adopte enfin les textes sur la fin de vie et l'aide à mourir. Il y a 4 ans, lorsque je siégeais dans l'hémicycle, nous avions initié ce combat de manière transpartisane. Le texte n'est pas idéal, mais c'est un début. La France avance enfin sur ce sujet de dignité.",marinebrenier,assembleenat,713448,Marine Brenier,marinebrenier,twitter.com/marinebrenier,LC,"Les Constructifs : républicains, UDI, indépendants"
1927418829040132000,Tue May 27 17:37:13 +0000 2025,Merci aux courageux députés qui portent ou ont porté ce combat depuis 4 ans : @OlivierFalorni @YaelBRAUNPIVET @agnesfirmin @GuillaumeChiche @BattistelMarie @CarolineFiat54 @MaximeMinot Jean-Louis Touraine.,marinebrenier,agnesfirmin; battistelmarie; carolinefiat54; guillaumechiche; maximeminot; olivierfalorni; yaelbraunpivet,713448,Marine Brenier,marinebrenier,twitter.com/marinebrenier,LC,"Les Constructifs : républicains, UDI, indépendants"
1927418831862960000,Tue May 27 17:37:13 +0000 2025,"Bravo aux Députés @lesRepublicains qui ont eu le courage de leurs convictions : @IanBoucard @VincentJeanbrun Thierry Liger, Eric Liégeon, @sbastien_martin, @fmeunier19 et Christelle Petex. Ils incarnent cette droite humaniste qui place la dignité humaine au cœur de ses valeurs.",marinebrenier,fmeunier19; ianboucard; lesrepublicains; sbastien_martin; vincentjeanbrun,713448,Marine Brenier,marinebrenier,twitter.com/marinebrenier,LC,"Les Constructifs : républicains, UDI, indépendants"
1925125791190323380,Wed May 21 09:45:30 +0000 2025,"RT @cestrosi: Voilà des années que je dénonce cette 5ème colonne. Elle est aujourd’hui documentée : tout est là, tout est écrit ! LFI peut…",marinebrenier,cestrosi,713448,Marine Brenier,marinebrenier,twitter.com/marinebrenier,LC,"Les Constructifs : républicains, UDI, indépendants"
1923856290360463589,Sat May 17 21:40:57 +0000 2025,"RT @ogcnice: #NissaEuropa

La cérémonie de clôture de la saison en direct ! https://t.co/rB8MRdqyrz",marinebrenier,ogcnice,713448,Marine Brenier,marinebrenier,twitter.com/marinebrenier,LC,"Les Constructifs : républicains, UDI, indépendants"
1917315758201201081,Tue Apr 29 20:31:13 +0000 2025,"RT @BrunoRetailleau: Pourquoi tout ce bruit ? Pourquoi toutes ces attaques ? C’est vous qui pratiquez l’indignation sélective, vous qui vou…",marinebrenier,brunoretailleau,713448,Marine Brenier,marinebrenier,twitter.com/marinebrenier,LC,"Les Constructifs : républicains, UDI, indépendants"
1916954203211059425,Mon Apr 28 20:34:31 +0000 2025,"RT @Dominiq_Estrosi: De l’enthousiasme, de l’espoir portés et partagés par les militants et sympathisants réunis autour de @MTabarot , @PPL…",marinebrenier,dominiq_estrosi; mtabarot; ppl,713448,Marine Brenier,marinebrenier,twitter.com/marinebrenier,LC,"Les Constructifs : républicains, UDI, indépendants"
1916953754806505843,Mon Apr 28 20:32:45 +0000 2025,"RT @CorradiLea: Quelle joie de vous retrouver  ! 
Ce soir la nouvelle permanence @lesRepublicains de #Nice06 a ouvert ses portes, et il a f…",marinebrenier,corradilea; lesrepublicains,713448,Marine Brenier,marinebrenier,twitter.com/marinebrenier,LC,"Les Constructifs : républicains, UDI, indépendants"
1916844622111768811,Mon Apr 28 13:19:05 +0000 2025,"RT @VilledeNice: 🤝🏻 Marine Brenier Adjointe au Maire Déléguée à la Famille et à la Petite enfance, recevra les Niçoises et les Niçois qui l…",marinebrenier,villedenice,713448,Marine Brenier,marinebrenier,twitter.com/marinebrenier,LC,"Les Constructifs : républicains, UDI, indépendants"
1914982531742441962,Wed Apr 23 09:59:48 +0000 2025,Merci @cestrosi de soutenir Léo dans ce projet ambitieux et qui fait écho au prochain congrès des océans accueilli dans notre belle @VilldeNice !,marinebrenier,cestrosi; villdenice,713448,Marine Brenier,marinebrenier,twitter.com/marinebrenier,LC,"Les Constructifs : républicains, UDI, indépendants"
1914973544531808628,Wed Apr 23 09:24:06 +0000 2025,Merci @cestrosi 👍👍👍,marinebrenier,cestrosi,713448,Marine Brenier,marinebrenier,twitter.com/marinebrenier,LC,"Les Constructifs : républicains, UDI, indépendants"
1905343578408108394,Thu Mar 27 19:38:03 +0000 2025,Soutien au Président Sarkozy 🙏🏻,marinebrenier,,713448,Marine Brenier,marinebrenier,twitter.com/marinebrenier,LC,"Les Constructifs : républicains, UDI, indépendants"
1904855056702222608,Wed Mar 26 11:16:50 +0000 2025,"La République ne doit jamais céder face à ceux qui la menacent. Soutien total à notre Premier Adjoint qui, courageusement et à raison, ne laisse pas la délinquance s’installer dans nos rues !",marinebrenier,,713448,Marine Brenier,marinebrenier,twitter.com/marinebrenier,LC,"Les Constructifs : républicains, UDI, indépendants"
1904443945574088933,Tue Mar 25 08:03:14 +0000 2025,Encore une bonne nouvelle pour les familles niçoises ! Notre halte jeux du centre ville vous accueillera dans de nouveaux locaux encore plus adaptés aux plus jeunes niçois.,marinebrenier,,713448,Marine Brenier,marinebrenier,twitter.com/marinebrenier,LC,"Les Constructifs : républicains, UDI, indépendants"
1904261309425745987,Mon Mar 24 19:57:30 +0000 2025,"RT @pierre_fiori: Rue de Suisse, l'extension de la Halte-Jeu ""l'île des enfants"" prend forme. 

Comme annoncé par @cestrosi, ce nouvel équi…",marinebrenier,cestrosi; pierre_fiori,713448,Marine Brenier,marinebrenier,twitter.com/marinebrenier,LC,"Les Constructifs : républicains, UDI, indépendants"
1933490089793044589,Fri Jun 13 11:42:14 +0000 2025,RT @EmmanuelMacron: La France a plusieurs fois condamné le programme iranien en cours et a pris toutes les mesures diplomatiques en ce sens…,alouismars,emmanuelmacron,718918,Alexandra Louis,ALouisMars,twitter.com/ALouisMars|twitter.com/ALouisDeputee13,LAREM,La République en Marche
1933446602762424552,Fri Jun 13 08:49:26 +0000 2025,Une bonne nouvelle.,alouismars,,718918,Alexandra Louis,ALouisMars,twitter.com/ALouisMars|twitter.com/ALouisDeputee13,LAREM,La République en Marche
1932853789372895481,Wed Jun 11 17:33:48 +0000 2025,RT @EmmanuelMacron: C’est une recommandation des experts de la commission écrans : je porte l’interdiction des réseaux sociaux avant 15 ans…,alouismars,emmanuelmacron,718918,Alexandra Louis,ALouisMars,twitter.com/ALouisMars|twitter.com/ALouisDeputee13,LAREM,La République en Marche
1931644886257660309,Sun Jun 08 09:30:03 +0000 2025,Bonjour la @SNCFVoyageurs. Est il normal que votre contrôleur ait obligé des mamans avec des bébés à récupérer tous leurs  bagages et poussettes rangés en bas au prétexte qu’elles étaient à l’étage alors que le règlement ne le prévoit pas. La SNCF n’aime pas les mamans seules.,alouismars,sncfvoyageurs,718918,Alexandra Louis,ALouisMars,twitter.com/ALouisMars|twitter.com/ALouisDeputee13,LAREM,La République en Marche
1930853008780230734,Fri Jun 06 05:03:25 +0000 2025,RT @FranceVictimes: @MLeMenFV @JeanneBarsegh @strasbourg @ALouisMars @justice_gouv « Vous êtes en prise avec la réalité de terrain et aux c…,alouismars,alouismars; francevictimes; jeannebarsegh; justice_gouv; mlemenfv; strasbourg,718918,Alexandra Louis,ALouisMars,twitter.com/ALouisMars|twitter.com/ALouisDeputee13,LAREM,La République en Marche
1930852925414289862,Fri Jun 06 05:03:05 +0000 2025,"RT @DIAVictimes: Aux #Assises nationales de l’aide aux victimes pour parler #harcèlement 🗣️

L’occasion pour @ALouisMars de rappeler le rôl…",alouismars,alouismars; diavictimes,718918,Alexandra Louis,ALouisMars,twitter.com/ALouisMars|twitter.com/ALouisDeputee13,LAREM,La République en Marche
1930628295722184934,Thu Jun 05 14:10:29 +0000 2025,"RT @FranceVictimes: @MLeMenFV @JeanneBarsegh @strasbourg @ALouisMars, DIAV @justice_gouv 

« Lors d’une rencontre, une mère endeuillée m’av…",alouismars,alouismars; francevictimes; jeannebarsegh; justice_gouv; mlemenfv; strasbourg,718918,Alexandra Louis,ALouisMars,twitter.com/ALouisMars|twitter.com/ALouisDeputee13,LAREM,La République en Marche
1928025449696821292,Thu May 29 09:47:42 +0000 2025,"RT @MarleneSchiappa: Rarement une personnalité aura été autant diffamée, attaquée, harcelée, et dans des termes aussi cruels, que Brigitte…",alouismars,marleneschiappa,718918,Alexandra Louis,ALouisMars,twitter.com/ALouisMars|twitter.com/ALouisDeputee13,LAREM,La République en Marche
1927616339511828487,Wed May 28 06:42:03 +0000 2025,"RT @DIAVictimes: 1/2 | À Reims, au campus de @sciencespo, participation à un #colloque sur le #harcèlement scolaire 🗣️

Aux côtés des #vict…",alouismars,diavictimes; sciencespo,718918,Alexandra Louis,ALouisMars,twitter.com/ALouisMars|twitter.com/ALouisDeputee13,LAREM,La République en Marche
1927616304711680107,Wed May 28 06:41:55 +0000 2025,"RT @DIAVictimes: 2/2 | Visite du #CRP de Reims, un dispositif de prise en charge globale des personnes souffrant d’un trouble de stress pos…",alouismars,diavictimes,718918,Alexandra Louis,ALouisMars,twitter.com/ALouisMars|twitter.com/ALouisDeputee13,LAREM,La République en Marche
1925807275224019000,Fri May 23 06:53:28 +0000 2025,"RT @DIAVictimes: Au chevet des victimes, #ParisAideAuxVictimes est une asso assurant un accompagnement pluridisciplinaire, que les victimes…",alouismars,diavictimes,718918,Alexandra Louis,ALouisMars,twitter.com/ALouisMars|twitter.com/ALouisDeputee13,LAREM,La République en Marche
1924484408217677924,Mon May 19 15:16:52 +0000 2025,Les « clients » qui ont des relations sexuelles avec des mineurs de moins de 15 ans sont des criminels passibles de la Cour d’assises. Il faut les traquer autant que ces proxénètes. Une pensée pour la jeune fille victime.,alouismars,,718918,Alexandra Louis,ALouisMars,twitter.com/ALouisMars|twitter.com/ALouisDeputee13,LAREM,La République en Marche
1924132892420038772,Sun May 18 16:00:04 +0000 2025,"RT @GAttalActu: 🌈❤ « L'homophobie, je l'ai vécue. Je la vis. Je pense à tous les jeunes Français qui la subissent » confiait @GabrielAttal…",alouismars,gabrielattal; gattalactu,718918,Alexandra Louis,ALouisMars,twitter.com/ALouisMars|twitter.com/ALouisDeputee13,LAREM,La République en Marche
1923848092471726424,Sat May 17 21:08:23 +0000 2025,"RT @DIAVictimes: @UMontreal @ALouisMars @justice_gouv 3/3 |  Aux cotes du Dr Benjamin Roebuck, pour découvrir ses fonctions d’#Ombudsman fé…",alouismars,alouismars; diavictimes; justice_gouv; umontreal,718918,Alexandra Louis,ALouisMars,twitter.com/ALouisMars|twitter.com/ALouisDeputee13,LAREM,La République en Marche
1923848050751005011,Sat May 17 21:08:13 +0000 2025,"RT @DIAVictimes: 1/3 | Merci au @ReseaudesCAVAC, pilier de l’aide aux victimes au 🇨🇦 pour ces échanges si enrichissants

📍Un réseau de 170…",alouismars,diavictimes; reseaudescavac,718918,Alexandra Louis,ALouisMars,twitter.com/ALouisMars|twitter.com/ALouisDeputee13,LAREM,La République en Marche
1923405247818404228,Fri May 16 15:48:40 +0000 2025,"RT @DIAVictimes: 1/3 | Au centre d’enquête du @SPVM à la découverte de la #Section spécialisée en violence conjugale 🚨🚺

Des équipes mêlant…",alouismars,diavictimes; spvm,718918,Alexandra Louis,ALouisMars,twitter.com/ALouisMars|twitter.com/ALouisDeputee13,LAREM,La République en Marche
1922771074216857858,Wed May 14 21:48:42 +0000 2025,RT @DIAVictimes: Merci à @DROITSVICTIMES et à la Fédération des maisons d’hébergement pour femmes pour ces échanges passionnants sur les dr…,alouismars,diavictimes; droitsvictimes,718918,Alexandra Louis,ALouisMars,twitter.com/ALouisMars|twitter.com/ALouisDeputee13,LAREM,La République en Marche
1922350389489238413,Tue May 13 17:57:03 +0000 2025,"RT @DIAVictimes: 3/3 Temps d’échange passionnant avec Jean Proulx, professeur titulaire de #criminologie à @UMontreal, spécialisé dans la d…",alouismars,diavictimes; umontreal,718918,Alexandra Louis,ALouisMars,twitter.com/ALouisMars|twitter.com/ALouisDeputee13,LAREM,La République en Marche
1922350362318590108,Tue May 13 17:56:56 +0000 2025,"RT @DIAVictimes: 2/3 | Rencontre avec Me Isabelle Dorion et Me Camille Boucher, procureures de la #Couronne aux poursuites criminelles et p…",alouismars,diavictimes,718918,Alexandra Louis,ALouisMars,twitter.com/ALouisMars|twitter.com/ALouisDeputee13,LAREM,La République en Marche
1922350309516407275,Tue May 13 17:56:43 +0000 2025,"RT @DIAVictimes: 1/3 | 1ère étape au 🇨🇦 avec le @SPVM, #police indépendante de la ⚖️ et du politique, engagée auprès des #victimes.

🚓 Le S…",alouismars,diavictimes; spvm,718918,Alexandra Louis,ALouisMars,twitter.com/ALouisMars|twitter.com/ALouisDeputee13,LAREM,La République en Marche
2001915209301242102,Fri Dec 19 07:19:14 +0000 2025,RT @pybournazel: M. Grégoire prétend ce matin sur @RTLFrance que le budget de la Mairie de Paris serait en *excédent* et non en déficit. Ma…,flprovendier,pybournazel; rtlfrance,722194,Florence Provendier,flprovendier,twitter.com/flprovendier,LAREM,La République en Marche
2001889451824550229,Fri Dec 19 05:36:53 +0000 2025,RT @fdevedjian: Remarquable intervention de ⁦@pybournazel⁩ à propos du vœu présenté par ⁦@datirachida⁩ relatif à la demande de protection e…,flprovendier,datirachida; fdevedjian; pybournazel,722194,Florence Provendier,flprovendier,twitter.com/flprovendier,LAREM,La République en Marche
1999266468891168826,Thu Dec 11 23:54:05 +0000 2025,"RT @AssembleeNat: ✅ Adoption de la proposition de loi visant à protéger les mineurs isolés et à lutter contre le sans-abrisme, en première…",flprovendier,assembleenat,722194,Florence Provendier,flprovendier,twitter.com/flprovendier,LAREM,La République en Marche
1998795838211125485,Wed Dec 10 16:43:58 +0000 2025,"RT @AlertesInfos: 🚨🇫🇷 FLASH | Des éducateurs de l’Aide sociale à l’enfance ont RASÉ DE FORCE les cheveux d’Eliott, un enfant de 8 ans, qui…",flprovendier,alertesinfos,722194,Florence Provendier,flprovendier,twitter.com/flprovendier,LAREM,La République en Marche
1997067276424544574,Fri Dec 05 22:15:17 +0000 2025,"RT @FranceRugby: 🇫🇷 La FFR apporte tout son soutien à Christophe Gleizes, journaliste sportif français actuellement détenu en Algérie.
 
La…",flprovendier,francerugby,722194,Florence Provendier,flprovendier,twitter.com/flprovendier,LAREM,La République en Marche
1996515403661811948,Thu Dec 04 09:42:20 +0000 2025,RT @YaelBRAUNPIVET: Christophe Gleizes vient d’être condamné en appel à 7 ans de prison ferme pour apologie du terrorisme. Je regrette vive…,flprovendier,yaelbraunpivet,722194,Florence Provendier,flprovendier,twitter.com/flprovendier,LAREM,La République en Marche
1995584065194668441,Mon Dec 01 20:01:31 +0000 2025,"RT @jnbarrot: Vladimir Poutine veut éteindre l’âme d’un peuple en s’en prenant à ses enfants. Arrachés à leur famille, déportés de force da…",flprovendier,jnbarrot,722194,Florence Provendier,flprovendier,twitter.com/flprovendier,LAREM,La République en Marche
1993266681246859433,Tue Nov 25 10:33:04 +0000 2025,"RT @DelaunayYannFV: A @strasbourg, le #VIES en soutien à la création de coopérations décentralisées pleines de sens : bravo à Marieta VSI-R…",flprovendier,delaunayyannfv; strasbourg,722194,Florence Provendier,flprovendier,twitter.com/flprovendier,LAREM,La République en Marche
1988613502227853661,Wed Nov 12 14:23:00 +0000 2025,"RT @BernardLehut: L'Algérie ""accepte""de gracier l'écrivain Boualem Sansal (présidence) ! https://t.co/5RhoC7pbsa",flprovendier,bernardlehut,722194,Florence Provendier,flprovendier,twitter.com/flprovendier,LAREM,La République en Marche
1988304580275560758,Tue Nov 11 17:55:27 +0000 2025,"RT @AmbaFR_Armenie: En ce 11 novembre, journée de la Victoire et de la Paix, l'Ambassade de France en Arménie a commémoré l'Armistice de 19…",flprovendier,ambafr_armenie,722194,Florence Provendier,flprovendier,twitter.com/flprovendier,LAREM,La République en Marche
1987275451077726669,Sat Nov 08 21:46:03 +0000 2025,"RT @BernardLehut: Au 357e jour de détention de Boualem Sansal, 357 jours de trop, la @FoirelivreBrive réclame la libération de l’écrivain f…",flprovendier,bernardlehut; foirelivrebrive,722194,Florence Provendier,flprovendier,twitter.com/flprovendier,LAREM,La République en Marche
1986555696960221575,Thu Nov 06 22:06:01 +0000 2025,RT @fdevedjian: @datirachida vient de déposer plainte contre moi devant @batonnierparis pour “manquements graves et répétés aux principes e…,flprovendier,batonnierparis; datirachida; fdevedjian,722194,Florence Provendier,flprovendier,twitter.com/flprovendier,LAREM,La République en Marche
1985777588829073833,Tue Nov 04 18:34:05 +0000 2025,"RT @jnbarrot: Cécile Kohler et Jacques Paris sont enfin sortis de prison. Ils sont en sécurité à la Résidence de France, à Téhéran, dans l'…",flprovendier,jnbarrot,722194,Florence Provendier,flprovendier,twitter.com/flprovendier,LAREM,La République en Marche
1985690054388564327,Tue Nov 04 12:46:15 +0000 2025,"RT @ArmeniaPeace: 📌 Après avoir formé plus de 600 civils dans les villages frontaliers du Tavush, Armenia Peace Initiative (API) a lancé un…",flprovendier,armeniapeace,722194,Florence Provendier,flprovendier,twitter.com/flprovendier,LAREM,La République en Marche
1984853766454251576,Sun Nov 02 05:23:09 +0000 2025,"RT @BernardLehut: 350 jours de détention pour Boualem Sansal, 350 jours de trop.
#avecboualemsansal plus que jamais https://t.co/cgVA7eyYOV",flprovendier,bernardlehut,722194,Florence Provendier,flprovendier,twitter.com/flprovendier,LAREM,La République en Marche
1984264597763944917,Fri Oct 31 14:22:00 +0000 2025,"RT @BernardLehut: 348 jours de détention pour Boualem Sansal, 348 jours de trop.
#avecboualemsansal plus que jamais https://t.co/RYZUvjYXU9",flprovendier,bernardlehut,722194,Florence Provendier,flprovendier,twitter.com/flprovendier,LAREM,La République en Marche
1902277821336023418,Wed Mar 19 08:35:49 +0000 2025,RT @pierre_fiori: Une douzaine d'arbres viendra bientôt agrémenter les écoles de St-Antoine de Ginestière afin de créer plus d'ombrage et p…,marinebrenier,pierre_fiori,713448,Marine Brenier,marinebrenier,twitter.com/marinebrenier,LC,"Les Constructifs : républicains, UDI, indépendants"
1885214703053320298,Fri Jan 31 06:33:05 +0000 2025,"Ça nous rappelle la belle époque ! Bravo à Lucas, @CorradiLea et toute l’équipe !!!",marinebrenier,corradilea,713448,Marine Brenier,marinebrenier,twitter.com/marinebrenier,LC,"Les Constructifs : républicains, UDI, indépendants"
1884854824493068439,Thu Jan 30 06:43:03 +0000 2025,Bravo ma Pusto. Fière de ton engagement depuis de nombreuses années pour faire rayonner Marseille et pour les marseillais.,marinebrenier,,713448,Marine Brenier,marinebrenier,twitter.com/marinebrenier,LC,"Les Constructifs : républicains, UDI, indépendants"
1883603261506421096,Sun Jan 26 19:49:47 +0000 2025,"La vie politique française perd l’une de ses plus belles figures, Nicolas Florian. Plus qu’un fervent défenseur de sa ville et de ses idées politiques, c’était un homme sincèrement bon comme le monde politique en connaît peu. Pensées à ses proches et aux bordelais. https://t.co/dpgv2afcNz",marinebrenier,,713448,Marine Brenier,marinebrenier,twitter.com/marinebrenier,LC,"Les Constructifs : républicains, UDI, indépendants"
1869716745440862285,Thu Dec 19 12:09:44 +0000 2024,L’incarnation du courage 🙏🏻,marinebrenier,,713448,Marine Brenier,marinebrenier,twitter.com/marinebrenier,LC,"Les Constructifs : républicains, UDI, indépendants"
1856389457034776971,Tue Nov 12 17:31:51 +0000 2024,RT @ccaf_france: La COP s’ouvre à Bakou un an après le nettoyage ethnique de l’#Artsakh et alors que l’🇦🇿 détient et torture 23 otages 🇦🇲…,marinebrenier,ccaf_france,713448,Marine Brenier,marinebrenier,twitter.com/marinebrenier,LC,"Les Constructifs : républicains, UDI, indépendants"
1855629401674686827,Sun Nov 10 15:11:39 +0000 2024,"RT @cestrosi: La plaine du var, c’est un aménagement pour les Niçois et pour l’emploi. Pour que les jeunes Niçois puissent se former ici à…",marinebrenier,cestrosi,713448,Marine Brenier,marinebrenier,twitter.com/marinebrenier,LC,"Les Constructifs : républicains, UDI, indépendants"
1853939010806378954,Tue Nov 05 23:14:39 +0000 2024,"RT @JonathanDenis: Le texte sur la #FindeVie sera donc étudié à l’@AssembleeNat, sur 2 semaines, à partir du 27 janvier 2025.
Enfin ! 
Les…",marinebrenier,assembleenat; jonathandenis,713448,Marine Brenier,marinebrenier,twitter.com/marinebrenier,LC,"Les Constructifs : républicains, UDI, indépendants"
1843218484416975224,Mon Oct 07 09:15:06 +0000 2024,"Vide ta chambre, 2ème édition c’est samedi au Parc du Ray ! Venez profiter en famille d’un moment sympa pour faire de belles affaires pour vos tout-petits et au bénéfice du secours populaire ! https://t.co/2WVZgiar2r",marinebrenier,,713448,Marine Brenier,marinebrenier,twitter.com/marinebrenier,LC,"Les Constructifs : républicains, UDI, indépendants"
1842967370392019201,Sun Oct 06 16:37:16 +0000 2024,Merci @MichelBarnier d’avoir clarifié votre positionnement sur une attente si forte des français. Heureuse de savoir que ce PJL #findevie va enfin pouvoir reprendre !,marinebrenier,michelbarnier,713448,Marine Brenier,marinebrenier,twitter.com/marinebrenier,LC,"Les Constructifs : républicains, UDI, indépendants"
1842966167671181632,Sun Oct 06 16:32:29 +0000 2024,RT @Maxime_Boudet: 🤝 Excellente nouvelle : le PJL #FinDeVie sera finalement repris tel quel pour accélérer le processus. Une étape décisive…,marinebrenier,maxime_boudet,713448,Marine Brenier,marinebrenier,twitter.com/marinebrenier,LC,"Les Constructifs : républicains, UDI, indépendants"
1834271389697933723,Thu Sep 12 16:42:33 +0000 2024,"RT @MichelBarnier: Des services publics proches des citoyens, ça marche ! C’est le cas avec les maisons France Services comme ici à Entrela…",marinebrenier,michelbarnier,713448,Marine Brenier,marinebrenier,twitter.com/marinebrenier,LC,"Les Constructifs : républicains, UDI, indépendants"
1832179567697555599,Fri Sep 06 22:10:23 +0000 2024,"RT @cestrosi: #LouFestinNissart, un moment si particulier pour moi chaque année. L’occasion de réunir celles et ceux qui sont le visage de…",marinebrenier,cestrosi,713448,Marine Brenier,marinebrenier,twitter.com/marinebrenier,LC,"Les Constructifs : républicains, UDI, indépendants"
1827997488244052231,Mon Aug 26 09:12:18 +0000 2024,"RT @cestrosi: Au séminaire de rentrée de la direction de la famille de la @VilledeNice avec @marinebrenier, @MonierF06 et les 770 agents. J…",marinebrenier,cestrosi; marinebrenier; monierf06; villedenice,713448,Marine Brenier,marinebrenier,twitter.com/marinebrenier,LC,"Les Constructifs : républicains, UDI, indépendants"
1823372941267988920,Tue Aug 13 14:56:00 +0000 2024,"RT @pierre_fiori: [🗞️ Revue de Presse]

Parmi les 110 opérations de Rénovation, Embellissement, Modernisation et Végétalisation en cours ce…",marinebrenier,pierre_fiori,713448,Marine Brenier,marinebrenier,twitter.com/marinebrenier,LC,"Les Constructifs : républicains, UDI, indépendants"
1817825915126341808,Mon Jul 29 07:34:06 +0000 2024,"RT @pierre_fiori: Visite du chantier de l'école élémentaire des Magnolias.

Une éco-construction exemplaire, pour un nouvel équipement de 8…",marinebrenier,pierre_fiori,713448,Marine Brenier,marinebrenier,twitter.com/marinebrenier,LC,"Les Constructifs : républicains, UDI, indépendants"
1816101739310825718,Wed Jul 24 13:22:50 +0000 2024,"RT @anthony_borre: Un rêve devenu réalité !
Les Alpes françaises accueilleront les JO d’hiver 2030 ! 
@laurentwauquiez, @RenaudMuselier et…",marinebrenier,anthony_borre; laurentwauquiez; renaudmuselier,713448,Marine Brenier,marinebrenier,twitter.com/marinebrenier,LC,"Les Constructifs : républicains, UDI, indépendants"
1814197101447770314,Fri Jul 19 07:14:29 +0000 2024,"Élection de notre Président de la Métropole @cestrosi à une très large majorité ! Félicitations à lui et en avant, ensemble pour notre @MetropoleNCA ! https://t.co/djySrAgsBV",marinebrenier,cestrosi; metropolenca,713448,Marine Brenier,marinebrenier,twitter.com/marinebrenier,LC,"Les Constructifs : républicains, UDI, indépendants"
1811870910451974210,Fri Jul 12 21:11:02 +0000 2024,"Première édition de la guinguette des familles à #Nice06 dans le magnifique cadre du Parc Phœnix. Quelle joie de voir cet esprit festif partagé avec les pichouï et les parents !

Merci à tous les agents de ma direction qui se sont mobilisés pour ce beau succès 👏🏻 https://t.co/OMJ7FBCwwb",marinebrenier,,713448,Marine Brenier,marinebrenier,twitter.com/marinebrenier,LC,"Les Constructifs : républicains, UDI, indépendants"
1811869142842245135,Fri Jul 12 21:04:01 +0000 2024,"RT @MagaliAltounian: ☀️ Musique, animations et bonne humeur : quel plaisir de partager ce moment convivial avec les familles niçoises, et @…",marinebrenier,magalialtounian,713448,Marine Brenier,marinebrenier,twitter.com/marinebrenier,LC,"Les Constructifs : républicains, UDI, indépendants"
1919714135710822863,Tue May 06 11:21:31 +0000 2025,"RT @DIAVictimes: #LeSaviezVous? Bâtir une #culture de l’aide aux victimes, c’est aussi mieux connaitre ses composantes, ses acteurs, son hi…",alouismars,diavictimes,718918,Alexandra Louis,ALouisMars,twitter.com/ALouisMars|twitter.com/ALouisDeputee13,LAREM,La République en Marche
1916566387906023602,Sun Apr 27 18:53:29 +0000 2025,"RT @EmmanuelMacron: Après le drame survenu à Vancouver, j’adresse notre solidarité aux Canadiens et à la communauté philippine. Nos pensées…",alouismars,emmanuelmacron,718918,Alexandra Louis,ALouisMars,twitter.com/ALouisMars|twitter.com/ALouisDeputee13,LAREM,La République en Marche
1916497520039006422,Sun Apr 27 14:19:50 +0000 2025,"RT @EmmanuelMacron: Un jeune a été atrocement assassiné dans une mosquée du Gard.

À sa famille, à nos compatriotes de confession musulmane…",alouismars,emmanuelmacron,718918,Alexandra Louis,ALouisMars,twitter.com/ALouisMars|twitter.com/ALouisDeputee13,LAREM,La République en Marche
1915496260506615918,Thu Apr 24 20:01:11 +0000 2025,"RT @EmmanuelMacron: Une adolescente a perdu la vie, trois autres lycéens sont blessés, après une attaque au couteau dans un lycée de Nantes…",alouismars,emmanuelmacron,718918,Alexandra Louis,ALouisMars,twitter.com/ALouisMars|twitter.com/ALouisDeputee13,LAREM,La République en Marche
1915495696247017915,Thu Apr 24 19:58:56 +0000 2025,"RT @Elisabeth_Borne: Un drame effroyable a frappé aujourd’hui un groupe scolaire privé à Nantes : une lycéenne a perdu la vie, trois autres…",alouismars,elisabeth_borne,718918,Alexandra Louis,ALouisMars,twitter.com/ALouisMars|twitter.com/ALouisDeputee13,LAREM,La République en Marche
1914775280113344615,Tue Apr 22 20:16:16 +0000 2025,"RT @EmmanuelMacron: À 103 ans s’est éteinte Odile de Vasselot, figure de la Résistance et passeuse d’espérance. Héroïne de l’ombre, elle a…",alouismars,emmanuelmacron,718918,Alexandra Louis,ALouisMars,twitter.com/ALouisMars|twitter.com/ALouisDeputee13,LAREM,La République en Marche
1909970549435924982,Wed Apr 09 14:03:59 +0000 2025,"RT @DIAVictimes: 2 ans, déjà. Le bruit de l’explosion, le souffle de la destruction. Nous ne les oublierons jamais. En cette triste matinée…",alouismars,diavictimes,718918,Alexandra Louis,ALouisMars,twitter.com/ALouisMars|twitter.com/ALouisDeputee13,LAREM,La République en Marche
1909681439030788569,Tue Apr 08 18:55:09 +0000 2025,RT @DIAVictimes: Merci à l’A.P.E.R.S pour son accueil et son professionnalisme. Les personnes victimes pourront toujours compter sur des pe…,alouismars,diavictimes,718918,Alexandra Louis,ALouisMars,twitter.com/ALouisMars|twitter.com/ALouisDeputee13,LAREM,La République en Marche
1909535474760155174,Tue Apr 08 09:15:09 +0000 2025,"RT @YaelBRAUNPIVET: On l’a fait !

La parité devient une réalité dans toutes les communes de France.

À toutes les femmes : vous avez désor…",alouismars,yaelbraunpivet,718918,Alexandra Louis,ALouisMars,twitter.com/ALouisMars|twitter.com/ALouisDeputee13,LAREM,La République en Marche
1908975019687829670,Sun Apr 06 20:08:06 +0000 2025,"RT @GabrielAttal: Nous avons deux ans. 

Nous avons deux ans pour agir pour nos compatriotes. 

Nous avons deux ans pour agir pour la Franc…",alouismars,gabrielattal,718918,Alexandra Louis,ALouisMars,twitter.com/ALouisMars|twitter.com/ALouisDeputee13,LAREM,La République en Marche
1908903685884633390,Sun Apr 06 15:24:39 +0000 2025,"RT @Renaissance: Une énergie folle à la Cité du Cinéma !

Des débats passionnés, un public engagé, des intervenants inspirants…

Du terrain…",alouismars,renaissance,718918,Alexandra Louis,ALouisMars,twitter.com/ALouisMars|twitter.com/ALouisDeputee13,LAREM,La République en Marche
1908419895328387273,Sat Apr 05 07:22:14 +0000 2025,"RT @EmmanuelMacron: Ensemble et avec toutes nos filières, nous saurons nous protéger et accélérer la réindustrialisation de l’Europe. https…",alouismars,emmanuelmacron,718918,Alexandra Louis,ALouisMars,twitter.com/ALouisMars|twitter.com/ALouisDeputee13,LAREM,La République en Marche
1907446025620517205,Wed Apr 02 14:52:25 +0000 2025,"RT @franceinfo: 🔴 Condamnation de Marine Le Pen : Emmanuel Macron ""rappelle"" que la justice est ""indépendante"", que les ""magistrats doivent…",alouismars,franceinfo,718918,Alexandra Louis,ALouisMars,twitter.com/ALouisMars|twitter.com/ALouisDeputee13,LAREM,La République en Marche
1905532052557959344,Fri Mar 28 08:06:59 +0000 2025,"RT @DIAVictimes: Universitaires, magistrats et avocats réunis au colloque « Violences de l’intime : penser et avancer ».

Une réflexion jur…",alouismars,diavictimes,718918,Alexandra Louis,ALouisMars,twitter.com/ALouisMars|twitter.com/ALouisDeputee13,LAREM,La République en Marche
1904973009594761344,Wed Mar 26 19:05:32 +0000 2025,"RT @DIAVictimes: Échanges passionnants avec les étudiants en #droit pénal et sciences criminelles de l’@IspecAix ! 

C’est grâce à leur #en…",alouismars,diavictimes; ispecaix,718918,Alexandra Louis,ALouisMars,twitter.com/ALouisMars|twitter.com/ALouisDeputee13,LAREM,La République en Marche
1904083678419910884,Mon Mar 24 08:11:39 +0000 2025,Ces mères sont d’un exceptionnel courage. Ces organisations criminelles n’ont aucune limite dans la cruauté et livrent de très jeunes adolescentes à la prostitution. Le lien entre drogue et exploitation des mineurs est clair. La lutte contre le crime organisé est une priorité.,alouismars,,718918,Alexandra Louis,ALouisMars,twitter.com/ALouisMars|twitter.com/ALouisDeputee13,LAREM,La République en Marche
1903821754981654614,Sun Mar 23 14:50:52 +0000 2025,"RT @EmmanuelMacron: L’agression du rabbin Arié Engelberg à Orléans nous choque tous. Je lui adresse, ainsi qu’à son fils et à tous nos comp…",alouismars,emmanuelmacron,718918,Alexandra Louis,ALouisMars,twitter.com/ALouisMars|twitter.com/ALouisDeputee13,LAREM,La République en Marche
1903543084128055477,Sat Mar 22 20:23:32 +0000 2025,"RT @EmmanuelMacron: Les glaciers s’éteignent et emportent avec eux l’équilibre de la planète.

En 2023, l’Appel de Paris a ouvert une décen…",alouismars,emmanuelmacron,718918,Alexandra Louis,ALouisMars,twitter.com/ALouisMars|twitter.com/ALouisDeputee13,LAREM,La République en Marche
1902375840836382946,Wed Mar 19 15:05:19 +0000 2025,"RT @DIAVictimes: Gabriel, Arié, Myriam, Jonathan. Il y a 13 ans à l’école #OzarHatorah la barbarie arrachait vos vies. Victimes du terroris…",alouismars,diavictimes,718918,Alexandra Louis,ALouisMars,twitter.com/ALouisMars|twitter.com/ALouisDeputee13,LAREM,La République en Marche
1902358710007087277,Wed Mar 19 13:57:15 +0000 2025,Du concret dans la lutte contre le narcotrafic.,alouismars,,718918,Alexandra Louis,ALouisMars,twitter.com/ALouisMars|twitter.com/ALouisDeputee13,LAREM,La République en Marche
1983850841556816244,Thu Oct 30 10:57:53 +0000 2025,RT @ArmenpressFR: 🇦🇲🇫🇷 Le Premier ministre @NikolPashinyan participe au @ParisPeaceForum. https://t.co/Mh73KhFQ2q,flprovendier,armenpressfr; nikolpashinyan; parispeaceforum,722194,Florence Provendier,flprovendier,twitter.com/flprovendier,LAREM,La République en Marche
1983771923059179570,Thu Oct 30 05:44:17 +0000 2025,"RT @araratpetrosian: 🇫🇷 🇦🇲 Discours du Premier ministre @NikolPashinyan  au @ParisPeaceForum

Monsieur le Premier ministre Eddie Rama, Mada…",flprovendier,araratpetrosian; nikolpashinyan; parispeaceforum,722194,Florence Provendier,flprovendier,twitter.com/flprovendier,LAREM,La République en Marche
1982924788445372474,Mon Oct 27 21:38:05 +0000 2025,"RT @BernardLehut: 345 jours de détention pour Boualem Sansal, 345 jours de trop.
#avecboualemsansal plus que jamais https://t.co/xyDSeubA1u",flprovendier,bernardlehut,722194,Florence Provendier,flprovendier,twitter.com/flprovendier,LAREM,La République en Marche
1979186467902562708,Fri Oct 17 14:03:20 +0000 2025,"RT @ATDQM: La journée mondiale du refus de la misère c’est aujourd’hui 🔥🔥

📍Rendez-vous au Trocadéro et partout en France. 

⏰ À partir de…",flprovendier,atdqm,722194,Florence Provendier,flprovendier,twitter.com/flprovendier,LAREM,La République en Marche
1979033356504281204,Fri Oct 17 03:54:55 +0000 2025,"RT @PorteParole_MAE: #Iran | Cécile Kohler et Jacques Paris, détenus depuis plus de trois ans en Iran, ont été arbitrairement condamnés enc…",flprovendier,porteparole_mae,722194,Florence Provendier,flprovendier,twitter.com/flprovendier,LAREM,La République en Marche
1978452435963109586,Wed Oct 15 13:26:33 +0000 2025,"RT @BernardLehut: 333 jours de détention pour Boualem Sansal, 333 jours de trop.
#avecboualemsansal plus que jamais https://t.co/mJMub0DX9f",flprovendier,bernardlehut,722194,Florence Provendier,flprovendier,twitter.com/flprovendier,LAREM,La République en Marche
1978137005960626657,Tue Oct 14 16:33:08 +0000 2025,RT @MonarchieBe: 🌍 The Queen is paying a two-day working visit to Armenia in her capacity as an Advocate for the United Nations Sustainable…,flprovendier,monarchiebe,722194,Florence Provendier,flprovendier,twitter.com/flprovendier,LAREM,La République en Marche
1976941695544774734,Sat Oct 11 09:23:24 +0000 2025,RT @FreeCecile_: Cécile Kohler est otage depuis plus de 1250 jours ! Elle est innocente mais risque la peine de mort.  Mobilisons-nous pour…,flprovendier,freececile_,722194,Florence Provendier,flprovendier,twitter.com/flprovendier,LAREM,La République en Marche
1976628844518924466,Fri Oct 10 12:40:15 +0000 2025,"RT @O_Decottignies: L'équipe France en force au sommet Digitec d'Erevan

➡️ La tech rebat les cartes de l'économie et de la géographie
➡️ L…",flprovendier,o_decottignies,722194,Florence Provendier,flprovendier,twitter.com/flprovendier,LAREM,La République en Marche
1975973197020536908,Wed Oct 08 17:14:56 +0000 2025,"RT @fdevedjian: Nous sommes nos montagnes – Une histoire du Haut-Karabagh 📕 @PETITAPETIT__ 
sortie le 15 octobre 2025
 
Un roman ancré dans…",flprovendier,fdevedjian; petitapetit__,722194,Florence Provendier,flprovendier,twitter.com/flprovendier,LAREM,La République en Marche
1974416017549144328,Sat Oct 04 10:07:16 +0000 2025,"RT @AmourskyCyrille: Aujourd’hui, notre ami journaliste Antoni Lallican a été tué par un drone russe à Droujkivka dans la région de Donetsk…",flprovendier,amourskycyrille,722194,Florence Provendier,flprovendier,twitter.com/flprovendier,LAREM,La République en Marche
1974415529906765875,Sat Oct 04 10:05:19 +0000 2025,"RT @BernardLehut: 322 jours de détention pour Boualem Sansal, 322 jours de trop.
#avecboualemsansal plus que jamais https://t.co/NJWFplXEzF",flprovendier,bernardlehut,722194,Florence Provendier,flprovendier,twitter.com/flprovendier,LAREM,La République en Marche
1974142929477439759,Fri Oct 03 16:02:06 +0000 2025,"RT @jchribuisson: Ne pas manquer ce week-end dans @FigaroMagazine_ , le formidable reportage de 8 pages de Jean-Marc Gonin et @oliviercoret…",flprovendier,figaromagazine_; jchribuisson; oliviercoret,722194,Florence Provendier,flprovendier,twitter.com/flprovendier,LAREM,La République en Marche
1973119973078847706,Tue Sep 30 20:17:15 +0000 2025,RT @FredericChole: Heureux d’accueillir avec @flprovendier des élus arméniens 🇦🇲 de collectivités engagées auprès des réfugiés du Haut-Kara…,flprovendier,flprovendier; fredericchole,722194,Florence Provendier,flprovendier,twitter.com/flprovendier,LAREM,La République en Marche
1972600941938635109,Mon Sep 29 09:54:48 +0000 2025,"RT @FreeCecile_: 1240 jours dans l’enfer des geôles iraniennes. Innocents, ils sont brisés par la torture et l’isolement. 
Nous ne savons p…",flprovendier,freececile_,722194,Florence Provendier,flprovendier,twitter.com/flprovendier,LAREM,La République en Marche
1971678375430459414,Fri Sep 26 20:48:51 +0000 2025,"RT @Sifaoui: Vendredi 26 septembre  2025, Boualem #Sansal vient de passer sa 313e nuit en détention arbitraire.

Il a été arrêté par la dic…",flprovendier,sifaoui,722194,Florence Provendier,flprovendier,twitter.com/flprovendier,LAREM,La République en Marche
1971280793042571431,Thu Sep 25 18:29:00 +0000 2025,"RT @BernardLehut: 313 jours de détention pour Boualem Sansal, 313 jours de trop.
#avecboualemsansal plus que jamais https://t.co/PcgdmEJEHz",flprovendier,bernardlehut,722194,Florence Provendier,flprovendier,twitter.com/flprovendier,LAREM,La République en Marche
1970910997524381733,Wed Sep 24 17:59:34 +0000 2025,RT @ArmenpressFR: La Reine Mathilde de Belgique effectuera une visite de travail en Arménie du 13 au 15 octobre en tant que Défenseur des O…,flprovendier,armenpressfr,722194,Florence Provendier,flprovendier,twitter.com/flprovendier,LAREM,La République en Marche
1970909330162713000,Wed Sep 24 17:52:56 +0000 2025,"RT @AraratMirzoyan: Warm conversation w/@jnbarrot on the margins of #UNGA.

Reaffirming our shared vision of developing 🇦🇲-🇫🇷 strategic par…",flprovendier,araratmirzoyan; jnbarrot,722194,Florence Provendier,flprovendier,twitter.com/flprovendier,LAREM,La République en Marche
1901903989441986575,Tue Mar 18 07:50:21 +0000 2025,"RT @EmmanuelMacron: Deux de nos militaires ont perdu la vie dans un tragique accident près d’Arras. Mes pensées vont à leurs familles, leur…",alouismars,emmanuelmacron,718918,Alexandra Louis,ALouisMars,twitter.com/ALouisMars|twitter.com/ALouisDeputee13,LAREM,La République en Marche
1899509115560276471,Tue Mar 11 17:13:58 +0000 2025,RT @Elysee: EN DIRECT | Cérémonie d’hommage aux victimes du terrorisme à Strasbourg. https://t.co/ppzgcaRgIk,alouismars,elysee,718918,Alexandra Louis,ALouisMars,twitter.com/ALouisMars|twitter.com/ALouisDeputee13,LAREM,La République en Marche
1899492715328368883,Tue Mar 11 16:08:48 +0000 2025,"RT @EmmanuelMacron: 11 mars, 21 ans après l'attentat de Madrid, nous honorons le souvenir de toutes les victimes du terrorisme en Europe.…",alouismars,emmanuelmacron,718918,Alexandra Louis,ALouisMars,twitter.com/ALouisMars|twitter.com/ALouisDeputee13,LAREM,La République en Marche
1899478658625999078,Tue Mar 11 15:12:57 +0000 2025,Journée de mémoire et d’union autour des victimes du terrorisme. Elles sont le symbole de notre humanité et de nos valeurs républicaines et européennes. Nous sommes avec vous ! 11 mars https://t.co/5UAkBJ4PzS,alouismars,,718918,Alexandra Louis,ALouisMars,twitter.com/ALouisMars|twitter.com/ALouisDeputee13,LAREM,La République en Marche
1898771081483137218,Sun Mar 09 16:21:17 +0000 2025,"RT @DIAVictimes: Au lendemain de la #journée internationale des droits des #femmes, retrouvez la tribune d’@ALouisMars intitulée « Violence…",alouismars,alouismars; diavictimes,718918,Alexandra Louis,ALouisMars,twitter.com/ALouisMars|twitter.com/ALouisDeputee13,LAREM,La République en Marche
1897385665568104587,Wed Mar 05 20:36:09 +0000 2025,Faire face !,alouismars,,718918,Alexandra Louis,ALouisMars,twitter.com/ALouisMars|twitter.com/ALouisDeputee13,LAREM,La République en Marche
1897373152772284861,Wed Mar 05 19:46:25 +0000 2025,« La Russie est devenue une menace »Nous devons être à la hauteur de ce moment historique.,alouismars,,718918,Alexandra Louis,ALouisMars,twitter.com/ALouisMars|twitter.com/ALouisDeputee13,LAREM,La République en Marche
1897250206393229458,Wed Mar 05 11:37:53 +0000 2025,RT @guillaumekasba: ✅Ma proposition de loi visant à faciliter l’ouverture des débits de boisson en zone rurale est adoptée par la Commissio…,alouismars,guillaumekasba,718918,Alexandra Louis,ALouisMars,twitter.com/ALouisMars|twitter.com/ALouisDeputee13,LAREM,La République en Marche
1896837624754741491,Tue Mar 04 08:18:25 +0000 2025,Le président Zelensky a été élu démocratiquement et comme d’autres je peux en attester car j’y étais dans le cadre d’une mission d’observation.,alouismars,,718918,Alexandra Louis,ALouisMars,twitter.com/ALouisMars|twitter.com/ALouisDeputee13,LAREM,La République en Marche
1895906008419197204,Sat Mar 01 18:36:31 +0000 2025,RT @EmmanuelMacron: Pensées pour les familles des femmes et hommes à qui le cyclone Garance a arraché la vie. La Nation se tient à leurs cô…,alouismars,emmanuelmacron,718918,Alexandra Louis,ALouisMars,twitter.com/ALouisMars|twitter.com/ALouisDeputee13,LAREM,La République en Marche
1895905406272356526,Sat Mar 01 18:34:07 +0000 2025,"RT @EmmanuelMacron: Une Europe puissance, nous en avons plus que jamais besoin. J’y travaille depuis le début. Le sursaut c’est maintenant.…",alouismars,emmanuelmacron,718918,Alexandra Louis,ALouisMars,twitter.com/ALouisMars|twitter.com/ALouisDeputee13,LAREM,La République en Marche
1895904760412454971,Sat Mar 01 18:31:33 +0000 2025,"RT @EmmanuelMacron: Il y a un agresseur : la Russie.

Il y a un peuple agressé : l'Ukraine.

Nous avons tous eu raison d'aider l'Ukraine et…",alouismars,emmanuelmacron,718918,Alexandra Louis,ALouisMars,twitter.com/ALouisMars|twitter.com/ALouisDeputee13,LAREM,La République en Marche
1895030400432447608,Thu Feb 27 08:37:10 +0000 2025,Nous pensons à sa famille qui a déjà tant souffert depuis ce funeste 7 octobre et nous l’assurons de tout notre soutien.,alouismars,,718918,Alexandra Louis,ALouisMars,twitter.com/ALouisMars|twitter.com/ALouisDeputee13,LAREM,La République en Marche
1895028652082974821,Thu Feb 27 08:30:13 +0000 2025,"Ce tweet est indigne. Cette mère et ses bébés ont été arrachés à leur famille, séquestrés puis assassinés par les terroristes du Hamas avant que leurs dépouilles ne soient instrumentalisées et mises en scène. Notre pays doit être aux côtés des victimes du terrorisme. Toujours !",alouismars,,718918,Alexandra Louis,ALouisMars,twitter.com/ALouisMars|twitter.com/ALouisDeputee13,LAREM,La République en Marche
1893933951179227238,Mon Feb 24 08:00:16 +0000 2025,Les séances d’éducation à la vie sexuelle et affective permettent de détecter des enfants victimes de violences sexuelles et de les protéger. Ceux qui les empêchent font passer leur idéologie avant la lutte contre les violences sexuelles.,alouismars,,718918,Alexandra Louis,ALouisMars,twitter.com/ALouisMars|twitter.com/ALouisDeputee13,LAREM,La République en Marche
1893931878610075777,Mon Feb 24 07:52:02 +0000 2025,Sans compter certains de ces commerces qui permettent de blanchir l’argent du crime et qui pourrissent la vie des marseillaises et des marseillais.,alouismars,,718918,Alexandra Louis,ALouisMars,twitter.com/ALouisMars|twitter.com/ALouisDeputee13,LAREM,La République en Marche
1893928901488853458,Mon Feb 24 07:40:12 +0000 2025,Une pensée pour les victimes car un procès est toujours un moment très difficile pour elles. Notre devoir est de les accompagner dans la durée.,alouismars,,718918,Alexandra Louis,ALouisMars,twitter.com/ALouisMars|twitter.com/ALouisDeputee13,LAREM,La République en Marche
1893358233391157370,Sat Feb 22 17:52:34 +0000 2025,"Personne ne peut oublier ce jour d’horreur où ces hommes, pères de famille ont été lâchement assassinés dans l’exercice de leurs fonctions. Merci aux enquêteurs qui ont travaillé avec acharnement",alouismars,,718918,Alexandra Louis,ALouisMars,twitter.com/ALouisMars|twitter.com/ALouisDeputee13,LAREM,La République en Marche
1893357524729901350,Sat Feb 22 17:49:45 +0000 2025,Le terrorisme frappe à nouveau aveuglément. Nous serons toujours aux côtés des victimes aussi longtemps qu’il le faudra.,alouismars,,718918,Alexandra Louis,ALouisMars,twitter.com/ALouisMars|twitter.com/ALouisDeputee13,LAREM,La République en Marche
1891943272953622932,Tue Feb 18 20:10:01 +0000 2025,Il n’y a pas de pire ignominie que la souffrance et la mort infligées à ces enfants. Nous ne les oublierons pas.,alouismars,,718918,Alexandra Louis,ALouisMars,twitter.com/ALouisMars|twitter.com/ALouisDeputee13,LAREM,La République en Marche
1811869110395109756,Fri Jul 12 21:03:53 +0000 2024,RT @bailetmonique: Le parc Phoenix a accueilli ce jour la 1ère édition de la Guinguette des familles. Une journée festive et conviviale que…,marinebrenier,bailetmonique,713448,Marine Brenier,marinebrenier,twitter.com/marinebrenier,LC,"Les Constructifs : républicains, UDI, indépendants"
1807791808514077148,Mon Jul 01 15:02:08 +0000 2024,Un drame parmi d’autres dans cette campagne électorale mais sur un sujet tellement important. Que se passera t’il pour la loi sur la fin de vie qui était discutée à l’@AssembleeNat si le #RN est majoritaire ? @ADMDFRANCE,marinebrenier,admdfrance; assembleenat,713448,Marine Brenier,marinebrenier,twitter.com/marinebrenier,LC,"Les Constructifs : républicains, UDI, indépendants"
1804829098046357914,Sun Jun 23 10:49:23 +0000 2024,RT @MonettiGraig: Agréable moment avec les niçoises et niçois sous les oliviers des arènes de Cimiez à l’occasion de la fête de la petite e…,marinebrenier,monettigraig,713448,Marine Brenier,marinebrenier,twitter.com/marinebrenier,LC,"Les Constructifs : républicains, UDI, indépendants"
1803703861183389765,Thu Jun 20 08:18:06 +0000 2024,"Le courage en politique, c’est d’assumer ses choix et ne pas se défausser face aux difficultés. La sortante montre une fois de + son vrai visage, celui de la haine et du mépris de ses concurrents mais aussi des électeurs qui n’auront pas la chance de pouvoir faire 1 choix éclairé",marinebrenier,,713448,Marine Brenier,marinebrenier,twitter.com/marinebrenier,LC,"Les Constructifs : républicains, UDI, indépendants"
1803400522747048128,Wed Jun 19 12:12:44 +0000 2024,"Samedi, la @VilledeNice vous invite à la fête de la petite enfance ; activités gratuites pour les tout petits et conseils pour les parents. Cette année, nous vous attendons sur toute la journée pour ce moment festif sous les oliviers des arènes de Cimiez ! https://t.co/rpEbD1bQYA",marinebrenier,villedenice,713448,Marine Brenier,marinebrenier,twitter.com/marinebrenier,LC,"Les Constructifs : républicains, UDI, indépendants"
1802693342167196148,Mon Jun 17 13:22:39 +0000 2024,"Hier, c’était la fête des pères ! 
A cette occasion, retrouvez notre podcast : ""Le Rôle du Papa""🎧
avec nos 2 invités : Damien, maïoticien à Santa Maria et le Maire de @VilledeNice @cestrosi
Bonne écoute !
#PodcastParentalité #LesRendezVousDeLaParentalité

https://t.co/rGPBi4n2Ab",marinebrenier,cestrosi; villedenice,713448,Marine Brenier,marinebrenier,twitter.com/marinebrenier,LC,"Les Constructifs : républicains, UDI, indépendants"
1800926098953498934,Wed Jun 12 16:20:16 +0000 2024,Un gif vaut parfois plus qu’un long discours 🤣 https://t.co/PwWdbhaTkP,marinebrenier,,713448,Marine Brenier,marinebrenier,twitter.com/marinebrenier,LC,"Les Constructifs : républicains, UDI, indépendants"
1796596159445668323,Fri May 31 17:34:38 +0000 2024,"Merci à ⁦@Nice_Matin⁩ pour leur retour sur notre guide du parent nissart, une initiative unique en France parrainée par ⁦@IsabelleFillio4⁩ 
Avec ⁦@cestrosi⁩ faisons de ⁦@VilledeNice⁩ une ville toujours plus agréable pour les familles ! https://t.co/MQFXwNVkE2",marinebrenier,cestrosi; isabellefillio4; nice_matin; villedenice,713448,Marine Brenier,marinebrenier,twitter.com/marinebrenier,LC,"Les Constructifs : républicains, UDI, indépendants"
1792632376620646503,Mon May 20 19:03:58 +0000 2024,"RT @JonathanDenis: Dans le cadre du #PJLFindeVie, un nouvel amendement que nous portions avec @ADMDFRANCE a été adopté : le libre choix au…",marinebrenier,admdfrance; jonathandenis,713448,Marine Brenier,marinebrenier,twitter.com/marinebrenier,LC,"Les Constructifs : républicains, UDI, indépendants"
1792493935727960118,Mon May 20 09:53:51 +0000 2024,Jean-Claude Gaudin incarnait Marseille. C’est une immense tristesse d’apprendre sa disparition. Espérons que ses héritiers arriveront à reprendre le flambeau et redonner sa grandeur à notre capitale régionale. Paix à son âme. https://t.co/h1AIy0Jj7N,marinebrenier,,713448,Marine Brenier,marinebrenier,twitter.com/marinebrenier,LC,"Les Constructifs : républicains, UDI, indépendants"
1771236651152388602,Fri Mar 22 18:05:00 +0000 2024,"RT @JonathanDenis: Jusqu’au 31 mars, partout en France, les bénévoles @ADMDFRANCE se mobilisent pour obtenir une loi de liberté dans l’acco…",marinebrenier,admdfrance; jonathandenis,713448,Marine Brenier,marinebrenier,twitter.com/marinebrenier,LC,"Les Constructifs : républicains, UDI, indépendants"
1766911130524430844,Sun Mar 10 19:36:55 +0000 2024,"RT @Maxime_Boudet: 🔹“Pour tous ceux qui souffrent et qui ne peuvent être soulagés. Offrons leur une fin de vie digne et apaisée.”

🗞️ @libe…",marinebrenier,libe; maxime_boudet,713448,Marine Brenier,marinebrenier,twitter.com/marinebrenier,LC,"Les Constructifs : républicains, UDI, indépendants"
1766101094428455233,Fri Mar 08 13:58:08 +0000 2024,"RT @ElusContreSida: 52% des personnes vivant avec le #VIH dans le monde sont des femmes. 

Et cela à cause de la précarité, des violences e…",marinebrenier,eluscontresida,713448,Marine Brenier,marinebrenier,twitter.com/marinebrenier,LC,"Les Constructifs : républicains, UDI, indépendants"
1764999235169075254,Tue Mar 05 12:59:44 +0000 2024,RT @ElusContreSida: Journée mondiale de sensibilisation aux #HPV : il faut accélérer la campagne de #vaccination  des jeunes lancée par le…,marinebrenier,eluscontresida,713448,Marine Brenier,marinebrenier,twitter.com/marinebrenier,LC,"Les Constructifs : républicains, UDI, indépendants"
1760019576455299396,Tue Feb 20 19:12:21 +0000 2024,"RT @BFMTV: Missak Manouchian: début de la cérémonie de veillée au Mont-Valérien, la veille de sa panthéonisation https://t.co/8oPgRj42Mu",marinebrenier,bfmtv,713448,Marine Brenier,marinebrenier,twitter.com/marinebrenier,LC,"Les Constructifs : républicains, UDI, indépendants"
1759867420255170890,Tue Feb 20 09:07:44 +0000 2024,"RT @bailetmonique: Très heureuse de représenter @cestrosi pour la pose de la première pierre du complexe commercial et sportif :
le Super U…",marinebrenier,bailetmonique; cestrosi,713448,Marine Brenier,marinebrenier,twitter.com/marinebrenier,LC,"Les Constructifs : républicains, UDI, indépendants"
1970762862873452932,Wed Sep 24 08:10:56 +0000 2025,"RT @tolmajian: Profonde tristesse d’apprendre la disparition de Claudia Cardinale, immense figure du cinéma. Son interprétation bouleversan…",flprovendier,tolmajian,722194,Florence Provendier,flprovendier,twitter.com/flprovendier,LAREM,La République en Marche
1970231419788996991,Mon Sep 22 20:59:10 +0000 2025,"RT @BernardLehut: 310 jours de détention pour Boualem Sansal, 310 jours de trop.
#avecboualemsansal plus que jamais https://t.co/PrhZBP9McC",flprovendier,bernardlehut,722194,Florence Provendier,flprovendier,twitter.com/flprovendier,LAREM,La République en Marche
1969789738962874774,Sun Sep 21 15:44:05 +0000 2025,"RT @fdevedjian: Le 21 septembre 1991, l’Arménie 🇦🇲 retrouvait enfin son indépendance 

Malgré les drames et les multiples épreuves qui lui…",flprovendier,fdevedjian,722194,Florence Provendier,flprovendier,twitter.com/flprovendier,LAREM,La République en Marche
1969784318416363929,Sun Sep 21 15:22:32 +0000 2025,"RT @tolmajian: La restauration de l’indépendance de l’Arménie, le 21/09/1991, fut l’aboutissement du rêve porté par plusieurs générations d…",flprovendier,tolmajian,722194,Florence Provendier,flprovendier,twitter.com/flprovendier,LAREM,La République en Marche
1969696769002045622,Sun Sep 21 09:34:39 +0000 2025,RT @VivonsLesODD: Ce soir à 19h sur https://t.co/1cbefmIjAb nous accueillons une nouvelle fois @DeDe_clown_ODD à la veille de la semaine qu…,flprovendier,dede_clown_odd; vivonslesodd,722194,Florence Provendier,flprovendier,twitter.com/flprovendier,LAREM,La République en Marche
1968735410042876099,Thu Sep 18 17:54:33 +0000 2025,RT @armkhach: À partir du 21 septembre le Musée d’Histoire de l’Arménie à Erevan présente l’expo inédite « Dialogues sacrés : du Louvre au…,flprovendier,armkhach,722194,Florence Provendier,flprovendier,twitter.com/flprovendier,LAREM,La République en Marche
1968587888611705224,Thu Sep 18 08:08:21 +0000 2025,"RT @armkhach: Le 16 septembre, des consultations politiques 🇦🇲🤝🇫🇷 se sont tenues à Paris entre les MAE d’Arménie et de France, dirigées par…",flprovendier,armkhach,722194,Florence Provendier,flprovendier,twitter.com/flprovendier,LAREM,La République en Marche
1967979170056831253,Tue Sep 16 15:49:32 +0000 2025,"RT @BernardLehut: Il y a 10 mois jour pour jour, le 16 novembre 2024, Boualem Sansal était arrêté à l’aéroport d’Alger, 304 jours de détent…",flprovendier,bernardlehut,722194,Florence Provendier,flprovendier,twitter.com/flprovendier,LAREM,La République en Marche
1967669197753946147,Mon Sep 15 19:17:48 +0000 2025,"RT @benjaminhaddad: La France sera toujours aux côtés de l’Arménie. 

J’ai reçu aujourd’hui le vice ministre des affaires étrangères 🇦🇲 @Va…",flprovendier,benjaminhaddad; va,722194,Florence Provendier,flprovendier,twitter.com/flprovendier,LAREM,La République en Marche
1966608899877867578,Fri Sep 12 21:04:34 +0000 2025,"RT @_Artaxias_: 🕊️ Il y a 110 ans : Le sauvetage héroïque du Musa Dagh, 12 septembre 1915 

En plein génocide, 4 200 Arméniens 🇦🇲  de 7 vil…",flprovendier,_artaxias_,722194,Florence Provendier,flprovendier,twitter.com/flprovendier,LAREM,La République en Marche
1963293961843298768,Wed Sep 03 17:32:11 +0000 2025,"RT @BernardLehut: 291 jours de détention pour Boualem Sansal, 291 jours de trop. 
#avecboualemsansal plus que jamais. https://t.co/s9ESct89…",flprovendier,bernardlehut,722194,Florence Provendier,flprovendier,twitter.com/flprovendier,LAREM,La République en Marche
1961523100417495231,Fri Aug 29 20:15:25 +0000 2025,"RT @BernardLehut: 286 jours de détention pour Boualem Sansal, 286 jours de trop. 
#avecboualemsansal plus que jamais. https://t.co/BXOXzbYe…",flprovendier,bernardlehut,722194,Florence Provendier,flprovendier,twitter.com/flprovendier,LAREM,La République en Marche
1957126821851365886,Sun Aug 17 17:06:10 +0000 2025,"RT @BernardLehut: 274 jours de détention pour Boualem Sansal, 274 jours de trop. 
#avecboualemsansal plus que jamais. https://t.co/kP38IElB…",flprovendier,bernardlehut,722194,Florence Provendier,flprovendier,twitter.com/flprovendier,LAREM,La République en Marche
1956721098390941922,Sat Aug 16 14:13:58 +0000 2025,"RT @BernardLehut: 273 jours de détention pour Boualem Sansal, 273 jours de trop. 
#avecboualemsansal plus que jamais. https://t.co/EFLKvfTv…",flprovendier,bernardlehut,722194,Florence Provendier,flprovendier,twitter.com/flprovendier,LAREM,La République en Marche
1956593672964677847,Sat Aug 16 05:47:38 +0000 2025,RT @SJallamion: Rien à ajouter. https://t.co/rJeuon5fAp,flprovendier,sjallamion,722194,Florence Provendier,flprovendier,twitter.com/flprovendier,LAREM,La République en Marche
1955130659652907322,Tue Aug 12 04:54:08 +0000 2025,RT @EmmanuelMacron: Je viens de m’entretenir avec le Premier ministre @NikolPashinyan à la suite de la réunion qui s'est tenue à Washington…,flprovendier,emmanuelmacron; nikolpashinyan,722194,Florence Provendier,flprovendier,twitter.com/flprovendier,LAREM,La République en Marche
1952402161431630238,Mon Aug 04 16:12:03 +0000 2025,"RT @BernardLehut: 261 jours de détention pour Boualem Sansal, 261 jours de trop. 
#avecboualemsansal plus que jamais. https://t.co/pNiMH1Vd…",flprovendier,bernardlehut,722194,Florence Provendier,flprovendier,twitter.com/flprovendier,LAREM,La République en Marche
1951686447972684021,Sat Aug 02 16:48:04 +0000 2025,"RT @BernardLehut: 259 jours de détention pour Boualem Sansal, 259 jours de trop. 
#avecboualemsansal plus que jamais. https://t.co/C7I4kXxW…",flprovendier,bernardlehut,722194,Florence Provendier,flprovendier,twitter.com/flprovendier,LAREM,La République en Marche
1950539301550223736,Wed Jul 30 12:49:43 +0000 2025,RT @Limportant_fr: Des bibles aux recettes de gâteaux médiévales: l'Arménie mettra gratuitement en ligne ses manuscrits anciens https://t.c…,flprovendier,limportant_fr,722194,Florence Provendier,flprovendier,twitter.com/flprovendier,LAREM,La République en Marche
1890098848904962167,Thu Feb 13 18:00:56 +0000 2025,Solidarité et pensées pour toutes les victimes et leurs proches.,alouismars,,718918,Alexandra Louis,ALouisMars,twitter.com/ALouisMars|twitter.com/ALouisDeputee13,LAREM,La République en Marche
1890098312948379877,Thu Feb 13 17:58:48 +0000 2025,"RT @EmmanuelMacron: J’exprime la pleine solidarité et l'amitié des Français envers les nombreux blessés, victimes d’une attaque terrible à…",alouismars,emmanuelmacron,718918,Alexandra Louis,ALouisMars,twitter.com/ALouisMars|twitter.com/ALouisDeputee13,LAREM,La République en Marche
1889317012494598577,Tue Feb 11 14:14:12 +0000 2025,"Les violences psychologiques ou physiques envers les enfants ne relèvent pas d’un choix éducatif des parents. Elles sont interdites par la loi. Tout discours qui justifie la violence, même la plus légère est dangereux.",alouismars,,718918,Alexandra Louis,ALouisMars,twitter.com/ALouisMars|twitter.com/ALouisDeputee13,LAREM,La République en Marche
1888859705881059503,Mon Feb 10 07:57:01 +0000 2025,Une page judiciaire se tourne mais l’accompagnement des personnes victimes qui en ont besoin doit se poursuivre. J’espère que cette décision leur apportera un peu de sérénité.,alouismars,,718918,Alexandra Louis,ALouisMars,twitter.com/ALouisMars|twitter.com/ALouisDeputee13,LAREM,La République en Marche
1888709595310207341,Sun Feb 09 22:00:32 +0000 2025,"RT @franceinfo: 🔴DIRECT - Emmanuel Macron annonce un investissement de 109 milliards d'euros dans l'IA, une somme comparable au programme a…",alouismars,franceinfo,718918,Alexandra Louis,ALouisMars,twitter.com/ALouisMars|twitter.com/ALouisDeputee13,LAREM,La République en Marche
1888619535499997577,Sun Feb 09 16:02:40 +0000 2025,Pourquoi faudrait il se cacher pour allaiter son bébé? La santé et le bien être des enfants  doivent primer sur les préjugés archaïques et sexistes de certains. Tout mon soutien à cette maman.,alouismars,,718918,Alexandra Louis,ALouisMars,twitter.com/ALouisMars|twitter.com/ALouisDeputee13,LAREM,La République en Marche
1885985963450442047,Sun Feb 02 09:37:48 +0000 2025,"RT @EmmanuelMacron: Cela fait 1000 jours que Cécile Kohler et Jacques Paris sont otages de l’Iran.

842 jours pour Olivier Grondeau.

Je pe…",alouismars,emmanuelmacron,718918,Alexandra Louis,ALouisMars,twitter.com/ALouisMars|twitter.com/ALouisDeputee13,LAREM,La République en Marche
1881461197704417553,Mon Jan 20 21:58:00 +0000 2025,RT @afvt_org: Nous recherchons de manière urgente un/une stagiaire au pôle éducatif de l'AfVT. Détail ci-dessous. Nous vous remercions d'av…,alouismars,afvt_org,718918,Alexandra Louis,ALouisMars,twitter.com/ALouisMars|twitter.com/ALouisDeputee13,LAREM,La République en Marche
1879164550408483212,Tue Jan 14 13:51:56 +0000 2025,Anne est avant tout une victime et rien ne  justifie le harcèlement dont elle fait l’objet. C’est indigne. Le retrait de cette vidéo est une bonne chose.,alouismars,,718918,Alexandra Louis,ALouisMars,twitter.com/ALouisMars|twitter.com/ALouisDeputee13,LAREM,La République en Marche
1876901099967283252,Wed Jan 08 07:57:48 +0000 2025,RT @afvt_org: Merci #France2 pour cette excellente soirée consacrée aux 10 ans des attentats de Janvier 2015. Nous continuerons de faire vi…,alouismars,afvt_org,718918,Alexandra Louis,ALouisMars,twitter.com/ALouisMars|twitter.com/ALouisDeputee13,LAREM,La République en Marche
1876664962569105916,Tue Jan 07 16:19:28 +0000 2025,"RT @DIAVictimes: Une décennie, déjà. Contre les monstres qui terrorisent, divisent, assassinent, nous ferons bloc. Pour la mémoire de celle…",alouismars,diavictimes,718918,Alexandra Louis,ALouisMars,twitter.com/ALouisMars|twitter.com/ALouisDeputee13,LAREM,La République en Marche
1876541546604175437,Tue Jan 07 08:09:03 +0000 2025,"Le musée mémorial du terrorisme n’est pas qu’un simple musée mais un projet qui a vocation à contribuer à lutter contre les discours de haine et à entretenir notre mémoire commune. C’est une arme de plus contre le terrorisme. 

https://t.co/IdxZTczPD0",alouismars,,718918,Alexandra Louis,ALouisMars,twitter.com/ALouisMars|twitter.com/ALouisDeputee13,LAREM,La République en Marche
1876378830090153984,Mon Jan 06 21:22:29 +0000 2025,"RT @RTLFrance: #Bataclan : ""Ni haine, ni colère, c'est mon destin, être au mauvais endroit au mauvais moment""

Le témoignage de Gaëlle dans…",alouismars,rtlfrance,718918,Alexandra Louis,ALouisMars,twitter.com/ALouisMars|twitter.com/ALouisDeputee13,LAREM,La République en Marche
1875170791358439529,Fri Jan 03 13:22:10 +0000 2025,"Ils vont évidement tous courir se déclarer à l’URSAFF et payer leurs impôts. 
Belle idée pour récompenser les trafiquants qui font couler le sang dans les rue de Marseille. Une idée aussi stupide qu’injuste.",alouismars,,718918,Alexandra Louis,ALouisMars,twitter.com/ALouisMars|twitter.com/ALouisDeputee13,LAREM,La République en Marche
1873469300461469696,Sun Dec 29 20:41:03 +0000 2024,"En Afghanistan, l’effacement des femmes se poursuit, ainsi que l’anéantissement de leurs droits les plus fondamentaux.",alouismars,,718918,Alexandra Louis,ALouisMars,twitter.com/ALouisMars|twitter.com/ALouisDeputee13,LAREM,La République en Marche
1871531611738759421,Tue Dec 24 12:21:22 +0000 2024,"Bienvenue à la Chancellerie, cher @GDarmanin. Les agents du ministère pourront compter sur votre engagement pour réconcilier la Justice et nos concitoyens. « Un ministre du côté des victimes et de ceux qui les aident ». La @DIAVictimes y prendra toute sa part. https://t.co/fqirnYn97R",alouismars,diavictimes; gdarmanin,718918,Alexandra Louis,ALouisMars,twitter.com/ALouisMars|twitter.com/ALouisDeputee13,LAREM,La République en Marche
1871264807367966880,Mon Dec 23 18:41:11 +0000 2024,"Un ministre engagé pour défendre le droit de toutes les victimes. Cher @GDarmanin, toutes mes félicitations, tu pourras compter sur notre plein soutien et celui des équipes de la @DIAVictimes pour faire avancer l’aide aux victimes dans notre pays.",alouismars,diavictimes; gdarmanin,718918,Alexandra Louis,ALouisMars,twitter.com/ALouisMars|twitter.com/ALouisDeputee13,LAREM,La République en Marche
1871155888989643244,Mon Dec 23 11:28:22 +0000 2024,Recueillement et solidarité.,alouismars,,718918,Alexandra Louis,ALouisMars,twitter.com/ALouisMars|twitter.com/ALouisDeputee13,LAREM,La République en Marche
1870207228021465186,Fri Dec 20 20:38:44 +0000 2024,"Plein soutien aux victimes de cette terrible tragédie qui ensanglante l’Allemagne à quelques jours de Noël. 
#Solidarité",alouismars,,718918,Alexandra Louis,ALouisMars,twitter.com/ALouisMars|twitter.com/ALouisDeputee13,LAREM,La République en Marche
1870016657189429402,Fri Dec 20 08:01:28 +0000 2024,Une campagne de calomnie sans preuve évidemment.,alouismars,,718918,Alexandra Louis,ALouisMars,twitter.com/ALouisMars|twitter.com/ALouisDeputee13,LAREM,La République en Marche
1752794373790568542,Wed Jan 31 20:41:58 +0000 2024,"RT @JonathanDenis: 1 an après une 1ère promesse non tenue d’@EmmanuelMacron, j’accueille avec vigilance l’engagement de @GabrielAttal de l’…",marinebrenier,emmanuelmacron; gabrielattal; jonathandenis,713448,Marine Brenier,marinebrenier,twitter.com/marinebrenier,LC,"Les Constructifs : républicains, UDI, indépendants"
1751196403668246714,Sat Jan 27 10:52:12 +0000 2024,"RT @ADMDFRANCE: ▶️ C’est parti pour les 44e Journées des délégations de l’Association pour le Droit de Mourir dans la Dignité. 
💬 Echanges,…",marinebrenier,admdfrance,713448,Marine Brenier,marinebrenier,twitter.com/marinebrenier,LC,"Les Constructifs : républicains, UDI, indépendants"
1750917933235044451,Fri Jan 26 16:25:40 +0000 2024,"RT @RemiMarchand: Ouverture des journées des délégations de l’@ADMDFRANCE 

Des délégués déterminés pour des mois de 
militantisme si cruci…",marinebrenier,admdfrance; remimarchand,713448,Marine Brenier,marinebrenier,twitter.com/marinebrenier,LC,"Les Constructifs : républicains, UDI, indépendants"
1750816762407330034,Fri Jan 26 09:43:39 +0000 2024,RT @jeunesadmd: Afterwork de rentrée des Jeunes ADMD parisiens hier soir pour évoquer l’actualité #FindeVie et nos actions de l’année #Soli…,marinebrenier,jeunesadmd,713448,Marine Brenier,marinebrenier,twitter.com/marinebrenier,LC,"Les Constructifs : républicains, UDI, indépendants"
1749795353774170113,Tue Jan 23 14:04:56 +0000 2024,"Courage au Dr @barriere_dr 
Chacun son métier. Que les artistes s’occupent des œuvres et que nos médecins puissent continuer à nous soigner sans risquer d’être menacés.",marinebrenier,barriere_dr,713448,Marine Brenier,marinebrenier,twitter.com/marinebrenier,LC,"Les Constructifs : républicains, UDI, indépendants"
1749743160194974159,Tue Jan 23 10:37:32 +0000 2024,Bravo @NastasiaNoens ! Tellement fière !,marinebrenier,nastasianoens,713448,Marine Brenier,marinebrenier,twitter.com/marinebrenier,LC,"Les Constructifs : républicains, UDI, indépendants"
1745518623064543718,Thu Jan 11 18:50:44 +0000 2024,Enfin un remaniement qui fait plaisir ! Voir @CaVautrin et @datirachida rejoindre @GDarmanin au gouvernement me rassure sur l’avenir de la France. C’est un gouvernement aux teintes sarkozystes. Félicitations @GabrielAttal pour ce choix.,marinebrenier,cavautrin; datirachida; gabrielattal; gdarmanin,713448,Marine Brenier,marinebrenier,twitter.com/marinebrenier,LC,"Les Constructifs : républicains, UDI, indépendants"
1744804542598766850,Tue Jan 09 19:33:14 +0000 2024,"RT @MagaliAltounian: Félicitations à @brisswalter qui vient d’être réélu à la tête de l’@Univ_CotedAzur.

Continuons ensemble à co-construi…",marinebrenier,brisswalter; magalialtounian; univ_cotedazur,713448,Marine Brenier,marinebrenier,twitter.com/marinebrenier,LC,"Les Constructifs : républicains, UDI, indépendants"
1744804099885846975,Tue Jan 09 19:31:28 +0000 2024,Bon courage à @GabrielAttal dans ses nouvelles missions de Premier Ministre. Espérons que son gouvernement n’enterre pas la promesse d’une loi sur la fin de vie. @ADMDFRANCE #findevielibre,marinebrenier,admdfrance; gabrielattal,713448,Marine Brenier,marinebrenier,twitter.com/marinebrenier,LC,"Les Constructifs : républicains, UDI, indépendants"
1736087150654009691,Sat Dec 16 18:13:26 +0000 2023,"RT @JonathanDenis: ⚖️ La France va-t-elle enfin légiférer sur le droit de mourir dans la dignité ? 
📺 Je serai demain, samedi 16 décembre s…",marinebrenier,jonathandenis,713448,Marine Brenier,marinebrenier,twitter.com/marinebrenier,LC,"Les Constructifs : républicains, UDI, indépendants"
1734648744707047585,Tue Dec 12 18:57:43 +0000 2023,"RT @cestrosi: La fragilité de la filière femme-mère enfant-adolescent et de la pédiatrie, réparties à ce jour entre le @CHUdeNice et @FLenv…",marinebrenier,cestrosi; chudenice; flenv,713448,Marine Brenier,marinebrenier,twitter.com/marinebrenier,LC,"Les Constructifs : républicains, UDI, indépendants"
1734648730224074834,Tue Dec 12 18:57:40 +0000 2023,"RT @cestrosi: Sur un projet aussi ambitieux qu’est la Cité des santés de la Plaine du Var,  le Ministre @aur_rousseau s’est réjoui d’avoir…",marinebrenier,aur_rousseau; cestrosi,713448,Marine Brenier,marinebrenier,twitter.com/marinebrenier,LC,"Les Constructifs : républicains, UDI, indépendants"
1734648720988184805,Tue Dec 12 18:57:37 +0000 2023,"RT @cestrosi: Ensemble, nous avons pu déterminer les modalités de travail sur l’organisation, dans le respect de chaque entité, d’une mutua…",marinebrenier,cestrosi,713448,Marine Brenier,marinebrenier,twitter.com/marinebrenier,LC,"Les Constructifs : républicains, UDI, indépendants"
1734648709655220293,Tue Dec 12 18:57:35 +0000 2023,"RT @cestrosi: Merci au Ministre de la Santé et de la Prévention, @aur_rousseau, de nous avoir accordé une réunion de travail entouré des co…",marinebrenier,aur_rousseau; cestrosi,713448,Marine Brenier,marinebrenier,twitter.com/marinebrenier,LC,"Les Constructifs : républicains, UDI, indépendants"
1730690648431296802,Fri Dec 01 20:49:39 +0000 2023,"RT @JonathanDenis: Toujours cette même justice qui ne sait que faire face à celles et ceux qui ont accompagné, illégalement, un proche en #…",marinebrenier,jonathandenis,713448,Marine Brenier,marinebrenier,twitter.com/marinebrenier,LC,"Les Constructifs : républicains, UDI, indépendants"
1715269293112254645,Fri Oct 20 07:30:42 +0000 2023,"RT @cestrosi: A Saint-Martin-Vesubie, la situation se dégrade rapidement. Des travaux en cours et du matériel de transports risquent d’être…",marinebrenier,cestrosi,713448,Marine Brenier,marinebrenier,twitter.com/marinebrenier,LC,"Les Constructifs : républicains, UDI, indépendants"
1712727607773442521,Fri Oct 13 07:10:57 +0000 2023,RT @anthony_borre: Merci au @ProcureurNice et à l’ensemble des forces de l’ordre mobilisées sur cette opération de police aux Moulins visan…,marinebrenier,anthony_borre; procureurnice,713448,Marine Brenier,marinebrenier,twitter.com/marinebrenier,LC,"Les Constructifs : républicains, UDI, indépendants"
1709149644293394638,Tue Oct 03 10:13:24 +0000 2023,"https://t.co/HCp0WxJEGS
« Un droit nouveau ne peut pas dépendre d’un seul homme même Président. » Merci pour cette conclusion. 
A quand enfin un projet de loi sur la fin de vie débattu au Parlement ?",marinebrenier,,713448,Marine Brenier,marinebrenier,twitter.com/marinebrenier,LC,"Les Constructifs : républicains, UDI, indépendants"
1706027913420718280,Sun Sep 24 19:28:45 +0000 2023,"RT @JonathanDenis: « Quand on n’a plus rien à proposer à une personne en souffrance extrême, l’aide active à mourir est un soin ».
Le Pr Je…",marinebrenier,jonathandenis,713448,Marine Brenier,marinebrenier,twitter.com/marinebrenier,LC,"Les Constructifs : républicains, UDI, indépendants"
1704513731823128741,Wed Sep 20 15:11:56 +0000 2023,"Avec @gareththomas14, @JeanLucRomero et @RichardChemla au bus Tackle HIV pour la campagne itinérante de sensibilisation et de lutte contre la stigmatisation et la discrimination autour du VIH dans la Fab zone @VilledeNice de la Coupe du Monde de 🏉 https://t.co/aJplOU55rk",marinebrenier,gareththomas14; jeanlucromero; richardchemla; villedenice,713448,Marine Brenier,marinebrenier,twitter.com/marinebrenier,LC,"Les Constructifs : républicains, UDI, indépendants"
1870012753986961576,Fri Dec 20 07:45:58 +0000 2024,"RT @EmmanuelMacron: Merci Gisèle Pélicot.

Pour ce mot de justice au nom duquel vous avez affronté l’épreuve tête haute.

Pour les femmes,…",alouismars,emmanuelmacron,718918,Alexandra Louis,ALouisMars,twitter.com/ALouisMars|twitter.com/ALouisDeputee13,LAREM,La République en Marche
1869750318621409545,Thu Dec 19 14:23:08 +0000 2024,"RT @EmmanuelMacron: Ce que traversent les Mahorais est dramatique. À la douleur du deuil, aux traumatismes, s’ajoutent d’immenses défis.

F…",alouismars,emmanuelmacron,718918,Alexandra Louis,ALouisMars,twitter.com/ALouisMars|twitter.com/ALouisDeputee13,LAREM,La République en Marche
1995891962117845167,Tue Dec 02 16:25:00 +0000 2025,"Celebra, viaja o amplía tu casa. Simula y solicita tu crédito Caja Los Andes en la app Tapp.",tapp_cl,,,,,,,
1869667134831468833,Thu Dec 19 08:52:36 +0000 2024,"RT @EmmanuelMacron: Pandza ata pandza urehema.
Mahorais, on va se relever ensemble.",alouismars,emmanuelmacron,718918,Alexandra Louis,ALouisMars,twitter.com/ALouisMars|twitter.com/ALouisDeputee13,LAREM,La République en Marche
1869439238804324376,Wed Dec 18 17:47:01 +0000 2024,"RT @DIAVictimes: #SécuritéRoutière | Les drames de la route nous concernent tous. À #Metz, rencontre avec les associations de victimes et d…",alouismars,diavictimes,718918,Alexandra Louis,ALouisMars,twitter.com/ALouisMars|twitter.com/ALouisDeputee13,LAREM,La République en Marche
1869439223008489860,Wed Dec 18 17:46:57 +0000 2024,RT @DIAVictimes: 🚔 Écouter ceux qui nous protègent contre les dangers de la route. Échanges  passionnants avec l’escadron départemental de…,alouismars,diavictimes,718918,Alexandra Louis,ALouisMars,twitter.com/ALouisMars|twitter.com/ALouisDeputee13,LAREM,La République en Marche
1868408071342432428,Sun Dec 15 21:29:32 +0000 2024,"RT @DIAVictimes: 7 ans, déjà, et toujours la même émotion. En ce 14 décembre, nos pensées vont pour les victimes de Millas, pour ces enfant…",alouismars,diavictimes,718918,Alexandra Louis,ALouisMars,twitter.com/ALouisMars|twitter.com/ALouisDeputee13,LAREM,La République en Marche
1868279716438036661,Sun Dec 15 12:59:30 +0000 2024,"RT @EmmanuelMacron: Je suis de près la situation à Mayotte.

Mahorais, tout le pays est à vos côtés.

Merci aux services de l’État, aux for…",alouismars,emmanuelmacron,718918,Alexandra Louis,ALouisMars,twitter.com/ALouisMars|twitter.com/ALouisDeputee13,LAREM,La République en Marche
1867553790519652594,Fri Dec 13 12:54:55 +0000 2024,Félicitations à notre nouveau Premier ministre François Bayrou.  Notre pays a besoin plus que jamais de stabilité en dépassant certains clivages.,alouismars,,718918,Alexandra Louis,ALouisMars,twitter.com/ALouisMars|twitter.com/ALouisDeputee13,LAREM,La République en Marche
1866940065345130672,Wed Dec 11 20:16:12 +0000 2024,RT @DIAVictimes: La commémoration des attentats du 11 décembre 2018 à #Strasbourg fut un temps de mémoire et d'espoirs. Merci à Dorota Oren…,alouismars,diavictimes,718918,Alexandra Louis,ALouisMars,twitter.com/ALouisMars|twitter.com/ALouisDeputee13,LAREM,La République en Marche
1866938993742336046,Wed Dec 11 20:11:56 +0000 2024,RT @ARTEfr: Les premiers fournisseurs de contenus récupérés par des pédocriminels ? Les parents qui postent leurs enfants sur les réseaux s…,alouismars,artefr,718918,Alexandra Louis,ALouisMars,twitter.com/ALouisMars|twitter.com/ALouisDeputee13,LAREM,La République en Marche
1866402329261490241,Tue Dec 10 08:39:26 +0000 2024,Une copropriété laissée à l’abandon.,alouismars,,718918,Alexandra Louis,ALouisMars,twitter.com/ALouisMars|twitter.com/ALouisDeputee13,LAREM,La République en Marche
1866094732641706274,Mon Dec 09 12:17:09 +0000 2024,"RT @EmmanuelMacron: L’État de barbarie est tombé. Enfin.

Je rends hommage au peuple syrien, à son courage, à sa patience. Dans ce moment d…",alouismars,emmanuelmacron,718918,Alexandra Louis,ALouisMars,twitter.com/ALouisMars|twitter.com/ALouisDeputee13,LAREM,La République en Marche
1864926054722191361,Fri Dec 06 06:53:14 +0000 2024,"RT @EmmanuelMacron: Je ne pourrai pas me représenter en 2027. Jusqu’au terme de mon mandat, que j’exercerai pleinement, le seul calendrier…",alouismars,emmanuelmacron,718918,Alexandra Louis,ALouisMars,twitter.com/ALouisMars|twitter.com/ALouisDeputee13,LAREM,La République en Marche
1864755369903308924,Thu Dec 05 19:35:00 +0000 2024,"RT @LCP: ""Je n'assumerai jamais l'irresponsabilité des autres et notamment des parlementaires qui ont choisi en conscience de faire tomber…",alouismars,lcp,718918,Alexandra Louis,ALouisMars,twitter.com/ALouisMars|twitter.com/ALouisDeputee13,LAREM,La République en Marche
1864755270624092410,Thu Dec 05 19:34:36 +0000 2024,"RT @EmmanuelMacron: Je veux remercier @MichelBarnier pour le travail qu’il a accompli pour notre pays, pour son dévouement et sa pugnacité.…",alouismars,emmanuelmacron; michelbarnier,718918,Alexandra Louis,ALouisMars,twitter.com/ALouisMars|twitter.com/ALouisDeputee13,LAREM,La République en Marche
1864397214434390363,Wed Dec 04 19:51:49 +0000 2024,"Merci Monsieur le Premier Ministre @MichelBarnier pour tout le travail accompli ces derniers mois.

Cette motion met un coup d’arrêt à beaucoup d’avancées qui se dessinaient notamment pour les victimes.",alouismars,michelbarnier,718918,Alexandra Louis,ALouisMars,twitter.com/ALouisMars|twitter.com/ALouisDeputee13,LAREM,La République en Marche
1864232182023147735,Wed Dec 04 08:56:02 +0000 2024,Jusqu’à la dernière minute !,alouismars,,718918,Alexandra Louis,ALouisMars,twitter.com/ALouisMars|twitter.com/ALouisDeputee13,LAREM,La République en Marche
1864216914861453777,Wed Dec 04 07:55:22 +0000 2024,"RT @Indep_Senat: Cette motion de #censure est irresponsable.

@ClaudeMalhuret https://t.co/Rur5vhQAsy",alouismars,claudemalhuret; indep_senat,718918,Alexandra Louis,ALouisMars,twitter.com/ALouisMars|twitter.com/ALouisDeputee13,LAREM,La République en Marche
1861449226355372258,Tue Nov 26 16:37:34 +0000 2024,Une archive intéressante.,alouismars,,718918,Alexandra Louis,ALouisMars,twitter.com/ALouisMars|twitter.com/ALouisDeputee13,LAREM,La République en Marche
1861039520814182564,Mon Nov 25 13:29:32 +0000 2024,RT @DIAVictimes: 3/3 #25novembre #VSS https://t.co/5VS9GTCpcW,alouismars,diavictimes,718918,Alexandra Louis,ALouisMars,twitter.com/ALouisMars|twitter.com/ALouisDeputee13,LAREM,La République en Marche
1949419097382375669,Sun Jul 27 10:38:25 +0000 2025,"RT @BernardLehut: 253 jours de détention pour Boualem Sansal, 253 jours de trop. 
#avecboualemsansal plus que jamais. https://t.co/ggBCxfT0…",flprovendier,bernardlehut,722194,Florence Provendier,flprovendier,twitter.com/flprovendier,LAREM,La République en Marche
1948393378523038164,Thu Jul 24 14:42:35 +0000 2025,"RT @WWFFrance: Ce 24 juillet 2025, l’humanité entre dans le rouge. 🌍🚨
C’est le #JourDuDépassement.
💧L’eau est en première ligne notamment e…",flprovendier,wwffrance,722194,Florence Provendier,flprovendier,twitter.com/flprovendier,LAREM,La République en Marche
1948393309795143783,Thu Jul 24 14:42:19 +0000 2025,"RT @SandrineLeFeur: 📉🌿Jour du dépassement en France : à partir d’aujourd’hui, nous vivons 5 mois à crédit. Nous creusons notre dette écolog…",flprovendier,sandrinelefeur,722194,Florence Provendier,flprovendier,twitter.com/flprovendier,LAREM,La République en Marche
1947009817656090647,Sun Jul 20 19:04:48 +0000 2025,"RT @BernardLehut: 246 jours de détention pour Boualem Sansal, 246 jours de trop. 
#avecboualemsansal plus que jamais. https://t.co/TnbODQJ5…",flprovendier,bernardlehut,722194,Florence Provendier,flprovendier,twitter.com/flprovendier,LAREM,La République en Marche
1947009693848596843,Sun Jul 20 19:04:19 +0000 2025,RT @NikolPashinyan: Pleased to announce that the Biodiversity #COP17 dates are confirmed &amp; will be held in Yerevan on 18-30 October 2026. W…,flprovendier,nikolpashinyan,722194,Florence Provendier,flprovendier,twitter.com/flprovendier,LAREM,La République en Marche
1945516397305405921,Wed Jul 16 16:10:29 +0000 2025,"RT @BernardLehut: Cela fait 8 mois ce 16 juillet 2025 que Boualem Sansal a été arrêté à l’aéroport d’Alger, soit 242 jours de détention, 24…",flprovendier,bernardlehut,722194,Florence Provendier,flprovendier,twitter.com/flprovendier,LAREM,La République en Marche
1944847988972540240,Mon Jul 14 19:54:28 +0000 2025,RT @EmmanuelMacron: Très heureux d’accueillir à Paris le Premier ministre arménien @NikolPashinyan. Je lui ai renouvelé le soutien de la Fr…,flprovendier,emmanuelmacron; nikolpashinyan,722194,Florence Provendier,flprovendier,twitter.com/flprovendier,LAREM,La République en Marche
1944846884700611003,Mon Jul 14 19:50:05 +0000 2025,"RT @alensimonyan: 🇦🇲🤝🇫🇷
À l’occasion de la Fête nationale de la République française, j’adresse mes plus chaleureuses félicitations à mes c…",flprovendier,alensimonyan,722194,Florence Provendier,flprovendier,twitter.com/flprovendier,LAREM,La République en Marche
1944846802471317718,Mon Jul 14 19:49:45 +0000 2025,"RT @BernardLehut: 240 jours de détention pour Boualem Sansal, 240 jours de trop. 
#avecboualemsansal plus que jamais. https://t.co/MKGLPWeS…",flprovendier,bernardlehut,722194,Florence Provendier,flprovendier,twitter.com/flprovendier,LAREM,La République en Marche
1944658942430249377,Mon Jul 14 07:23:16 +0000 2025,"RT @FtTatah: Depuis plus de 20 ans, Sophia Aram sert de bouclier aux filles d’origine maghrébine. Elle remplit les salles, elle monte sur s…",flprovendier,fttatah,722194,Florence Provendier,flprovendier,twitter.com/flprovendier,LAREM,La République en Marche
1944355393876242688,Sun Jul 13 11:17:04 +0000 2025,"RT @StephaneVojetta: Cher @pierremoscovici.

J’ai récemment lu dans le @canardenchaine qu’un poste serait vacant à la @Courdescomptes. 

Ét…",flprovendier,canardenchaine; courdescomptes; pierremoscovici; stephanevojetta,722194,Florence Provendier,flprovendier,twitter.com/flprovendier,LAREM,La République en Marche
1944133406591529257,Sat Jul 12 20:34:59 +0000 2025,"RT @StephaneVojetta: J'ai promis la transparence, et je m'exécute. 

🚨 Le Conseil Constitutionnel a décidé de me virer de l'Assemblée natio…",flprovendier,stephanevojetta,722194,Florence Provendier,flprovendier,twitter.com/flprovendier,LAREM,La République en Marche
1943568607931256938,Fri Jul 11 07:10:40 +0000 2025,"RT @Sifaoui: Vendredi 11 juillet 2025, Boualem #Sansal vient de passer sa 236e nuit en détention arbitraire.

Il a été arrêté par la dictat…",flprovendier,sifaoui,722194,Florence Provendier,flprovendier,twitter.com/flprovendier,LAREM,La République en Marche
1943419578325045617,Thu Jul 10 21:18:29 +0000 2025,"RT @hugoclement: Pesticides : plus de 1 000 médecins et scientifiques publient une lettre contre la loi Duplomb ⤵️

https://t.co/RReY6O4dLm",flprovendier,hugoclement,722194,Florence Provendier,flprovendier,twitter.com/flprovendier,LAREM,La République en Marche
1943004110132748321,Wed Jul 09 17:47:33 +0000 2025,"RT @ArmeniaPeace: 📢 Subvention accordée pour nos missions 🇫🇷🤝

🇦🇲 @ArmeniaPeace bénéficiera d’une subvention accordée par @francediplo  pou…",flprovendier,armeniapeace; francediplo,722194,Florence Provendier,flprovendier,twitter.com/flprovendier,LAREM,La République en Marche
1942130929880703012,Mon Jul 07 07:57:51 +0000 2025,"RT @fdevedjian: Formidable Forum Européen de la Jeunesse Arménienne, organisé ce week-end par @g2iafrance à la Mairie Paris 16 

En présenc…",flprovendier,fdevedjian; g2iafrance,722194,Florence Provendier,flprovendier,twitter.com/flprovendier,LAREM,La République en Marche
1941161384806650190,Fri Jul 04 15:45:13 +0000 2025,"RT @FreeCecile_: Jamais Cécile et Jacques n’ont été autant en danger.
Bombardement d’Evin, transferts secrets, accusations absurdes.
Plus d…",flprovendier,freececile_,722194,Florence Provendier,flprovendier,twitter.com/flprovendier,LAREM,La République en Marche
1940458007680503927,Wed Jul 02 17:10:15 +0000 2025,"RT @am_crossroads: 🇦🇲🇫🇷The first annual consultations between Armenia and the French Development Agency (AFD, PROPARCO, Expertise France) g…",flprovendier,am_crossroads,722194,Florence Provendier,flprovendier,twitter.com/flprovendier,LAREM,La République en Marche
1940122739291066464,Tue Jul 01 18:58:01 +0000 2025,"RT @armembfrance: Ce 1er juillet à Paris, les premières consultations annuelles entre l'#Arménie et @AFD_France se sont déroulées. Dialogue…",flprovendier,afd_france; armembfrance,722194,Florence Provendier,flprovendier,twitter.com/flprovendier,LAREM,La République en Marche
1939407920107856064,Sun Jun 29 19:37:35 +0000 2025,"RT @Sifaoui: Dimanche 29 Juin 2025, Boualem #Sansal vient de passer sa 224e nuit en détention arbitraire.

Il a été arrêté par la dictature…",flprovendier,sifaoui,722194,Florence Provendier,flprovendier,twitter.com/flprovendier,LAREM,La République en Marche
1704211075091059007,Tue Sep 19 19:09:17 +0000 2023,RT @ElusContreSida: Retrouvez @JeanLucRomero @marinebrenier et @RichardChemla demain à 12h30 au jardin Albert 1er a Nice pour parler de la…,marinebrenier,eluscontresida; jeanlucromero; marinebrenier; richardchemla,713448,Marine Brenier,marinebrenier,twitter.com/marinebrenier,LC,"Les Constructifs : républicains, UDI, indépendants"
1703111770305438178,Sat Sep 16 18:21:02 +0000 2023,"Profondément attristée par la disparition du Colonel Boualam. J’avais pu apprécier son dévouement et son humanité lors de la #TempeteAlex, mais également à chaque fois que nos routes se sont croisées. Nous perdons un grand officier qui a fait honneur à la @Gendarmerie. https://t.co/r19HO9GDgr",marinebrenier,gendarmerie,713448,Marine Brenier,marinebrenier,twitter.com/marinebrenier,LC,"Les Constructifs : républicains, UDI, indépendants"
1701688718405280084,Tue Sep 12 20:06:20 +0000 2023,"RT @JonathanDenis: 📰 « Nous, professionnels de santé, estimons que l’aide active à mourir doit s’inscrire dans le champ du soin. » 

Merci…",marinebrenier,jonathandenis,713448,Marine Brenier,marinebrenier,twitter.com/marinebrenier,LC,"Les Constructifs : républicains, UDI, indépendants"
1697348045854183702,Thu Aug 31 20:38:03 +0000 2023,"RT @xavierbertrand: En bloquant le corridor de Latchin, l’Azerbaïdjan isole 120000 Arméniens du monde et les prive d’un accès vital aux pro…",marinebrenier,xavierbertrand,713448,Marine Brenier,marinebrenier,twitter.com/marinebrenier,LC,"Les Constructifs : républicains, UDI, indépendants"
1697348017475432525,Thu Aug 31 20:37:57 +0000 2023,"RT @xavierbertrand: Nous sommes, avec @Anne_Hidalgo, @BrunoRetailleau, plusieurs élus et le @ccaf_france, en Arménie pour apporter une aide…",marinebrenier,anne_hidalgo; brunoretailleau; ccaf_france; xavierbertrand,713448,Marine Brenier,marinebrenier,twitter.com/marinebrenier,LC,"Les Constructifs : républicains, UDI, indépendants"
1679974128063750145,Fri Jul 14 22:00:19 +0000 2023,RT @VilledeNice: 🤍 À nos 86 anges 🕊️ https://t.co/brBQrutsCE,marinebrenier,villedenice,713448,Marine Brenier,marinebrenier,twitter.com/marinebrenier,LC,"Les Constructifs : républicains, UDI, indépendants"
1675960149184245760,Mon Jul 03 20:10:12 +0000 2023,"Avec les Niçois en réponse à l'appel de @cestrosi pour un rassemblement en soutien aux valeurs républicaines. Après les images d'émeutes, de violence contre les forces de l'ordre et élus, nous, Niçois, sommes là pour rappeler que ces actes abjects n'ont pas leur place chez nous. https://t.co/Vg4CtDLOa7",marinebrenier,cestrosi,713448,Marine Brenier,marinebrenier,twitter.com/marinebrenier,LC,"Les Constructifs : républicains, UDI, indépendants"
1675215966244880387,Sat Jul 01 18:53:05 +0000 2023,"RT @cestrosi: Ce soir encore, les forces de l'ordre et de secours seront mobilisées dans toute la France, comme à #Nice06 avec notre @PMdeN…",marinebrenier,cestrosi; pmden,713448,Marine Brenier,marinebrenier,twitter.com/marinebrenier,LC,"Les Constructifs : républicains, UDI, indépendants"
1670082740824276992,Sat Jun 17 14:55:28 +0000 2023,"RT @cestrosi: La petite enfance est en fête à #Nice06 ! Un plaisir, avec @marinebrenier, de partager cette matinée récréative et festive av…",marinebrenier,cestrosi; marinebrenier,713448,Marine Brenier,marinebrenier,twitter.com/marinebrenier,LC,"Les Constructifs : républicains, UDI, indépendants"
1668681402009657360,Tue Jun 13 18:07:03 +0000 2023,"Le guichet Nice facile fête ses 5 ans ! Merci à @FrancoiseMONIER et @cestrosi d’avoir créé ce service qui accompagne les familles pour les inscriptions en crèche, à la cantine, dans les centres de loisirs, pour nos seniors… Le travail collectif, c’est toujours une réussite ! https://t.co/3bYQCXni5m",marinebrenier,cestrosi; francoisemonier,713448,Marine Brenier,marinebrenier,twitter.com/marinebrenier,LC,"Les Constructifs : républicains, UDI, indépendants"
1668230992530747394,Mon Jun 12 12:17:17 +0000 2023,"RT @cestrosi: Silvio Berlusconi, grand industriel et figure emblématique de la politique italienne, qu’il a animée pendant près de 3 décenn…",marinebrenier,cestrosi,713448,Marine Brenier,marinebrenier,twitter.com/marinebrenier,LC,"Les Constructifs : républicains, UDI, indépendants"
1666412661557297152,Wed Jun 07 11:51:53 +0000 2023,RT @cestrosi: C’est la suppression pure et simple du péage de Saint-Isidore que nous réclamons ici à #Nice06 et pas une baisse de tarif con…,marinebrenier,cestrosi,713448,Marine Brenier,marinebrenier,twitter.com/marinebrenier,LC,"Les Constructifs : républicains, UDI, indépendants"
1666122731753025539,Tue Jun 06 16:39:48 +0000 2023,"À moins de 100 jours de la @RugbyWorldCupFR à #Nice06, l'esprit du rugby vit chez nos pichouï ! J'étais à la crèche Terra Amata où des ateliers d'éveil sont organisés avec @RugbytotsLtd. Comme le souhaite @cestrosi, même les jeunes Niçois vivront au rythme de ce grand événement ! https://t.co/KNTHOEJIja",marinebrenier,cestrosi; rugbytotsltd; rugbyworldcupfr,713448,Marine Brenier,marinebrenier,twitter.com/marinebrenier,LC,"Les Constructifs : républicains, UDI, indépendants"
1664354104670318592,Thu Jun 01 19:31:55 +0000 2023,"RT @NicePresse: Nice : ""le Département taille dans le social mais dépense plus que jamais dans sa communication"" https://t.co/eG3UOPBaZR ht…",marinebrenier,nicepresse,713448,Marine Brenier,marinebrenier,twitter.com/marinebrenier,LC,"Les Constructifs : républicains, UDI, indépendants"
1642133046710157313,Sat Apr 01 11:53:22 +0000 2023,"RT @anthony_borre: En ce 1er avril nous aurions pu croire à une farce mais non… voilà maintenant qu’@ECiotti se prend pour Zola 🤦🏻‍♂️
Le pr…",marinebrenier,anthony_borre; eciotti,713448,Marine Brenier,marinebrenier,twitter.com/marinebrenier,LC,"Les Constructifs : républicains, UDI, indépendants"
1861039511444087039,Mon Nov 25 13:29:30 +0000 2024,RT @DIAVictimes: 2/3 https://t.co/9zIAaz3lfM,alouismars,diavictimes,718918,Alexandra Louis,ALouisMars,twitter.com/ALouisMars|twitter.com/ALouisDeputee13,LAREM,La République en Marche
1861039499897131473,Mon Nov 25 13:29:27 +0000 2024,"RT @DIAVictimes: Apprendre le féminicide de sa fille par téléphone, en allumant la télé. 
Le témoignage poignant d’un père confronté au dra…",alouismars,diavictimes,718918,Alexandra Louis,ALouisMars,twitter.com/ALouisMars|twitter.com/ALouisDeputee13,LAREM,La République en Marche
1861038783493185763,Mon Nov 25 13:26:37 +0000 2024,"RT @CNBarreaux: [#25Novembre 🎗️] Face aux violences conjugales, aux violences sexuelles et contre toutes les violences faites aux femmes, l…",alouismars,cnbarreaux,718918,Alexandra Louis,ALouisMars,twitter.com/ALouisMars|twitter.com/ALouisDeputee13,LAREM,La République en Marche
1856686883142574535,Wed Nov 13 13:13:43 +0000 2024,Une pensée particulière pour les survivants et les proches endeuillés du terrible attentat du 13 novembre 2015 qui souffrent encore 9 ans après. La nation doit se souvenir à jamais des victimes et se rappeler qu’elles incarnent  à jamais notre humanité face à la barbarie. https://t.co/foGpe4WDQ9,alouismars,,718918,Alexandra Louis,ALouisMars,twitter.com/ALouisMars|twitter.com/ALouisDeputee13,LAREM,La République en Marche
1855654158235258911,Sun Nov 10 16:50:02 +0000 2024,"Des enfants condamnés à mort par des hommes qui ont mis leur idéologie au dessus de la vie humaine.

Se souvenir des enfants de la Verdière 81 ans après le drame c’est se rappeler que l’antisémitisme mène toujours à la mort. 

L’Histoire nous regarde. https://t.co/sSq2m6XQJK",alouismars,,718918,Alexandra Louis,ALouisMars,twitter.com/ALouisMars|twitter.com/ALouisDeputee13,LAREM,La République en Marche
1855193951537340569,Sat Nov 09 10:21:20 +0000 2024,J’ai eu l’immense honneur de parrainer la remise des diplômes des étudiants de l’institut de sciences pénales et de criminologie d’Aix-en-Provence. Une nouvelle génération très prometteuse de juristes qui participeront d’une manière ou d’une autre à l’œuvre de justice https://t.co/QFEzq6rxii,alouismars,,718918,Alexandra Louis,ALouisMars,twitter.com/ALouisMars|twitter.com/ALouisDeputee13,LAREM,La République en Marche
1854894143538913651,Fri Nov 08 14:30:00 +0000 2024,"RT @prefet06: | Comité local d’aide aux victimes - Attentat du 14 juillet |

Le jeudi 7 novembre s'est tenu un Comité Local d’Aide aux Vict…",alouismars,prefet06,718918,Alexandra Louis,ALouisMars,twitter.com/ALouisMars|twitter.com/ALouisDeputee13,LAREM,La République en Marche
1854838195055198421,Fri Nov 08 10:47:41 +0000 2024,"Le Ministre de la justice me confie la mission d’identifier les besoins des victimes de la criminalité organisée. 
Avec ma délégation, nous mettrons tous en œuvre pour renforcer l’accompagnement de ces victimes à partir de leurs récits. #Marseille https://t.co/VektCBjX81",alouismars,,718918,Alexandra Louis,ALouisMars,twitter.com/ALouisMars|twitter.com/ALouisDeputee13,LAREM,La République en Marche
1854486787055288369,Thu Nov 07 11:31:19 +0000 2024,"RT @EmmanuelMacron: Insultes, moqueries, violences.
                              
Voilà le quotidien d’un jeune sur dix, à l’école et sur…",alouismars,emmanuelmacron,718918,Alexandra Louis,ALouisMars,twitter.com/ALouisMars|twitter.com/ALouisDeputee13,LAREM,La République en Marche
1853893194586771593,Tue Nov 05 20:12:35 +0000 2024,"RT @BFMMarseille: 💬 ""Les hommages sont fondamentaux""

Alexandra Louis, déléguée interministérielle à l'aide aux victimes, explique comment…",alouismars,bfmmarseille,718918,Alexandra Louis,ALouisMars,twitter.com/ALouisMars|twitter.com/ALouisDeputee13,LAREM,La République en Marche
1853752680407056672,Tue Nov 05 10:54:14 +0000 2024,"Le drame du 5 novembre est devenu une triste date anniversaire pour les marseillais et le symbole de la lutte contre l’habitat dégradé. Jamais nous n’oublierons les victimes, ni celles et ceux qui ont été impactés par cet effondrement. #Marseille https://t.co/L1Xxrz6Pg5",alouismars,,718918,Alexandra Louis,ALouisMars,twitter.com/ALouisMars|twitter.com/ALouisDeputee13,LAREM,La République en Marche
1853569048489189432,Mon Nov 04 22:44:33 +0000 2024,Nous avons voté des lois pour donner les moyens à la justice de traquer et juger ces voyous. La Prise de conscience doit se faire à tous les niveaux. La lutte contre l’habitat indigne reste un combat de chaque instant.,alouismars,,718918,Alexandra Louis,ALouisMars,twitter.com/ALouisMars|twitter.com/ALouisDeputee13,LAREM,La République en Marche
1852114302695805350,Thu Oct 31 22:23:55 +0000 2024,"Pour aider les victimes, il faut donner à ceux qui les accompagnent les moyens de travailler. 

Merci @perrinegoulet d’avoir défendu cet amendement pour soutenir les associations d’aide aux victimes qui font un travail exceptionnel. https://t.co/i7H4Qx1hmS",alouismars,perrinegoulet,718918,Alexandra Louis,ALouisMars,twitter.com/ALouisMars|twitter.com/ALouisDeputee13,LAREM,La République en Marche
1849548628614119527,Thu Oct 24 20:28:50 +0000 2024,"RT @EmmanuelMacron: Le 23 octobre 1983, 58 soldats français ont perdu la vie à Beyrouth dans une attaque terroriste. Les chasseurs parachut…",alouismars,emmanuelmacron,718918,Alexandra Louis,ALouisMars,twitter.com/ALouisMars|twitter.com/ALouisDeputee13,LAREM,La République en Marche
1847362222106042468,Fri Oct 18 19:40:50 +0000 2024,"RT @DIAVictimes: 🎞️Féminicide, terorisme, narcotrafic, violence routière…
Les images des victimes servent à mobiliser l’opinion.
Mais cela…",alouismars,diavictimes,718918,Alexandra Louis,ALouisMars,twitter.com/ALouisMars|twitter.com/ALouisDeputee13,LAREM,La République en Marche
1846941391831630211,Thu Oct 17 15:48:36 +0000 2024,"RT @DIAVictimes: 🎞️ Les images des victimes ne nous appartiennent pas

Nous réunissons victimes, psychologues, chercheurs, journalistes, as…",alouismars,diavictimes,718918,Alexandra Louis,ALouisMars,twitter.com/ALouisMars|twitter.com/ALouisDeputee13,LAREM,La République en Marche
1846937511978737954,Thu Oct 17 15:33:11 +0000 2024,"RT @DIAVictimes: 🎞️ « Là où l’indécence s’arrête, la dignité s’installe » - Isabelle Bernard 

Aux victimes et proches de victimes nous aya…",alouismars,diavictimes,718918,Alexandra Louis,ALouisMars,twitter.com/ALouisMars|twitter.com/ALouisDeputee13,LAREM,La République en Marche
1845392554717532463,Sun Oct 13 09:14:05 +0000 2024,"Dominique Bernard incarnera pour toujours les valeurs humanistes qu’il a défendu toute sa vie. Nous ne l’oublierons pas. 

« Il n’y a pas une idée qui vaille qu’on tue un homme ».",alouismars,,718918,Alexandra Louis,ALouisMars,twitter.com/ALouisMars|twitter.com/ALouisDeputee13,LAREM,La République en Marche
1844033910742888824,Wed Oct 09 15:15:19 +0000 2024,"Parole de trafiquants ! 
Le trafic de stupéfiants est un poison à Marseille, comme ailleurs. Chaque personne qui participe de près ou de loin à ces trafics a du sang sur les mains. 
Ce « communiqué » est une honte !",alouismars,,718918,Alexandra Louis,ALouisMars,twitter.com/ALouisMars|twitter.com/ALouisDeputee13,LAREM,La République en Marche
1843184965368074591,Mon Oct 07 07:01:55 +0000 2024,"RT @DIAVictimes: #7octobre | Un an après, la peine et le chagrin sont toujours là. 
Je pense aux otages et aux victimes de l’attaque terror…",alouismars,diavictimes,718918,Alexandra Louis,ALouisMars,twitter.com/ALouisMars|twitter.com/ALouisDeputee13,LAREM,La République en Marche
1642133002401595392,Sat Apr 01 11:53:11 +0000 2023,RT @PPLeonelli: Dans la lignée de Jean Médecin et de Jacques Médecin j’ai rappelé ce matin devant les nombreux amis du Maire que @cestrosi…,marinebrenier,cestrosi; ppleonelli,713448,Marine Brenier,marinebrenier,twitter.com/marinebrenier,LC,"Les Constructifs : républicains, UDI, indépendants"
1642132535147741184,Sat Apr 01 11:51:20 +0000 2023,RT @cestrosi: Le rendez-vous de l'amour et de la passion pour #Nice06 ! Quel bonheur de profiter de cette matinée ensoleillée avec les @Ami…,marinebrenier,ami; cestrosi,713448,Marine Brenier,marinebrenier,twitter.com/marinebrenier,LC,"Les Constructifs : républicains, UDI, indépendants"
1641703977019383809,Fri Mar 31 07:28:24 +0000 2023,"RT @cestrosi: Suivez en direct le Conseil municipal du jour sur https://t.co/b23nY6dlFg et sur ma Page Facebook. #CMNice

https://t.co/LT3Q…",marinebrenier,cestrosi,713448,Marine Brenier,marinebrenier,twitter.com/marinebrenier,LC,"Les Constructifs : républicains, UDI, indépendants"
1640282080062971904,Mon Mar 27 09:18:17 +0000 2023,".@cestrosi rend un bel hommage à notre championne @NastasiaNoens pour l’ensemble de sa magnifique carrière. En devenant championne de France en slalom pour la 8eme fois ce week-end, elle détient désormais le record. Bravo Nasta. Nous sommes tous fiers de toi ! https://t.co/l5GiXw5LnG",marinebrenier,cestrosi; nastasianoens,713448,Marine Brenier,marinebrenier,twitter.com/marinebrenier,LC,"Les Constructifs : républicains, UDI, indépendants"
1636787525057429507,Fri Mar 17 17:52:10 +0000 2023,Merci @cestrosi de t’engager dans ce combat pour une #findeviedigne !,marinebrenier,cestrosi,713448,Marine Brenier,marinebrenier,twitter.com/marinebrenier,LC,"Les Constructifs : républicains, UDI, indépendants"
1635709446201409548,Tue Mar 14 18:28:16 +0000 2023,Merci à mon ami @JeanLucRomero et à toute l’équipe d’@ElusContreSida pour leur confiance et pour m’avoir nommée Vice-Présidente de cette belle association. Un mot d’ordre : dépistage !  Le combat continue https://t.co/bu6k1OmBX9,marinebrenier,eluscontresida; jeanlucromero,713448,Marine Brenier,marinebrenier,twitter.com/marinebrenier,LC,"Les Constructifs : républicains, UDI, indépendants"
1631399890008801281,Thu Mar 02 21:03:38 +0000 2023,"RT @dclaresnicefr: Cérémonie d’intégration des nouveaux sapeurs pompiers professionnels de la 44eme FI du #sdis06 ,  promotion « Loic Millo…",marinebrenier,dclaresnicefr,713448,Marine Brenier,marinebrenier,twitter.com/marinebrenier,LC,"Les Constructifs : républicains, UDI, indépendants"
1622686259549245458,Mon Feb 06 19:58:46 +0000 2023,"Merci à @Nice_Matin pour ce zoom sur nos avancées en faveur des familles niçoises et de la petite enfance. Avec @cestrosi, nous investissons pour faire de la @VilledeNice une ville toujours plus agréable pour les familles ! https://t.co/oq5Gh79Sdn",marinebrenier,cestrosi; nice_matin; villedenice,713448,Marine Brenier,marinebrenier,twitter.com/marinebrenier,LC,"Les Constructifs : républicains, UDI, indépendants"
1621838044650151936,Sat Feb 04 11:48:16 +0000 2023,".@ECiotti ou l’art d’être contre tout, tout le temps pour tout. Rappelons que tes dernières manifestations étaient contre le mariage homosexuel et que tu cherches désormais à le cacher. Tu en feras sûrement de même pour cette manif quand la promenade du paillon 2 sortira.",marinebrenier,eciotti,713448,Marine Brenier,marinebrenier,twitter.com/marinebrenier,LC,"Les Constructifs : républicains, UDI, indépendants"
1621476619822022656,Fri Feb 03 11:52:06 +0000 2023,RT @MartineOuaknine: Le Département fait savoir qu’il dispose de fonds disponibles pour des acquisitions immobilières. Peut être pourrait-i…,marinebrenier,martineouaknine,713448,Marine Brenier,marinebrenier,twitter.com/marinebrenier,LC,"Les Constructifs : républicains, UDI, indépendants"
1621080741085061122,Thu Feb 02 09:39:01 +0000 2023,"RT @cestrosi: Notre #CMNice se prononce ce matin sur la poursuite de notre plan de sécurité climatique et d'amélioration du cadre de vie, n…",marinebrenier,cestrosi,713448,Marine Brenier,marinebrenier,twitter.com/marinebrenier,LC,"Les Constructifs : républicains, UDI, indépendants"
1621080672206196736,Thu Feb 02 09:38:45 +0000 2023,"RT @cestrosi: Suivez en direct le Conseil municipal du jour sur https://t.co/Qsmu4lSbK5 et sur ma Page Facebook. #CMNice

https://t.co/tLXc…",marinebrenier,cestrosi,713448,Marine Brenier,marinebrenier,twitter.com/marinebrenier,LC,"Les Constructifs : républicains, UDI, indépendants"
1609953919689424896,Mon Jan 02 16:45:00 +0000 2023,"RT @cestrosi: Je tiens à saluer leur professionnalisme, dévouement et investissement au quotidien pour nos pichoui. Ils sont pour les famil…",marinebrenier,cestrosi,713448,Marine Brenier,marinebrenier,twitter.com/marinebrenier,LC,"Les Constructifs : républicains, UDI, indépendants"
1609953907446370319,Mon Jan 02 16:44:57 +0000 2023,"RT @cestrosi: Au quotidien, ils prennent soin de nos jeunes enfants : merci à l’ensemble des acteurs de la Petite Enfance. J’ai souhaité ad…",marinebrenier,cestrosi,713448,Marine Brenier,marinebrenier,twitter.com/marinebrenier,LC,"Les Constructifs : républicains, UDI, indépendants"
1606361973360295948,Fri Dec 23 18:51:53 +0000 2022,"RT @cestrosi: Cher @Eciotti, on se connait suffisamment pour que je n’utilise pas la même solennité que la tienne pour répondre à cet énièm…",marinebrenier,cestrosi; eciotti,713448,Marine Brenier,marinebrenier,twitter.com/marinebrenier,LC,"Les Constructifs : républicains, UDI, indépendants"
1603445454825480193,Thu Dec 15 17:42:41 +0000 2022,"RT @PPLeonelli: Comme avant les municipales de 2020, comme avant les régionales de 2021, @eciotti est dans la critique et les fakenews perm…",marinebrenier,eciotti; ppleonelli,713448,Marine Brenier,marinebrenier,twitter.com/marinebrenier,LC,"Les Constructifs : républicains, UDI, indépendants"
1603014469029871616,Wed Dec 14 13:10:06 +0000 2022,"RT @pcondomitti: Celui qui se sert de C pas classique ou de la journée des seniors, financés par le contribuable départemental, pour dénonc…",marinebrenier,pcondomitti,713448,Marine Brenier,marinebrenier,twitter.com/marinebrenier,LC,"Les Constructifs : républicains, UDI, indépendants"
1601526224060583936,Sat Dec 10 10:36:21 +0000 2022,RT @Juston_Pierre: Pour une loi humaniste laïque &amp; juste. Nous étions 52 personnalités à nous engager pour une loi de liberté de conscience…,marinebrenier,juston_pierre,713448,Marine Brenier,marinebrenier,twitter.com/marinebrenier,LC,"Les Constructifs : républicains, UDI, indépendants"
1600807254978334721,Thu Dec 08 10:59:25 +0000 2022,Merci à @Juston_Pierre de m’avoir associé à cette tribune pour une #findevie digne. Il est urgent de légiférer. Continuons à nous mobiliser.,marinebrenier,juston_pierre,713448,Marine Brenier,marinebrenier,twitter.com/marinebrenier,LC,"Les Constructifs : républicains, UDI, indépendants"
1598745564635574272,Fri Dec 02 18:27:00 +0000 2022,RT @cestrosi: Depuis @CCap3000 pour préparer le lancement de la saison 2022-2023 des @lesstationsnca ! @Isola2000_06 ouvre son domaine part…,marinebrenier,ccap3000; cestrosi; isola2000_06; lesstationsnca,713448,Marine Brenier,marinebrenier,twitter.com/marinebrenier,LC,"Les Constructifs : républicains, UDI, indépendants"
1939299543310635431,Sun Jun 29 12:26:56 +0000 2025,"RT @EmmanuelMacron: J'ai eu un très bon échange téléphonique avec le Premier ministre arménien @NikolPashinyan.

Je lui ai dit la solidarit…",flprovendier,emmanuelmacron; nikolpashinyan,722194,Florence Provendier,flprovendier,twitter.com/flprovendier,LAREM,La République en Marche
1938564040218780055,Fri Jun 27 11:44:18 +0000 2025,"RT @BernardLehut: 223 jours de détention pour Boualem Sansal, 223 jours de trop.
#avecboualemsansal https://t.co/ts40c6SZ60",flprovendier,bernardlehut,722194,Florence Provendier,flprovendier,twitter.com/flprovendier,LAREM,La République en Marche
1938212864017186875,Thu Jun 26 12:28:51 +0000 2025,"RT @BernardLehut: 222 jours de détention pour Boualem Sansal, 222 jours de trop.
#avecboualemsansal https://t.co/GhtE0neQR8",flprovendier,bernardlehut,722194,Florence Provendier,flprovendier,twitter.com/flprovendier,LAREM,La République en Marche
1938163951663264039,Thu Jun 26 09:14:30 +0000 2025,RT @NathalieLoiseau: Où l’on apprend qu’une élue demande les questions avant de répondre à une interview. Et refuse de répondre quand les q…,flprovendier,nathalieloiseau,722194,Florence Provendier,flprovendier,twitter.com/flprovendier,LAREM,La République en Marche
1937891737449443762,Wed Jun 25 15:12:49 +0000 2025,"RT @BernardLehut: 221 jours de détention pour Boualem Sansal, 221 jours de trop.
#avecboualemsansal https://t.co/WKIywj47vy",flprovendier,bernardlehut,722194,Florence Provendier,flprovendier,twitter.com/flprovendier,LAREM,La République en Marche
1937618062645080236,Tue Jun 24 21:05:19 +0000 2025,"RT @CSoutienBS: Urgent ‼️
Communiqué…
@Benedetti65 @noellelenoir @StephaneRozes @XMDriencourt @BernardLehut https://t.co/TsFUYSrRgl",flprovendier,benedetti65; bernardlehut; csoutienbs; noellelenoir; stephanerozes; xmdriencourt,722194,Florence Provendier,flprovendier,twitter.com/flprovendier,LAREM,La République en Marche
1937444864574001590,Tue Jun 24 09:37:06 +0000 2025,RT @daoud_kamel: Le procureur a requis 10 ans de prison contre Sansal à Alger. Il n’y a pas de mots.,flprovendier,daoud_kamel,722194,Florence Provendier,flprovendier,twitter.com/flprovendier,LAREM,La République en Marche
1937444035494310311,Tue Jun 24 09:33:48 +0000 2025,"RT @BernardLehut: En ce 220e jour de détention de Boualem Sansal, 220 jours de trop, se tient le procès en appel de l’écrivain. Mais le ver…",flprovendier,bernardlehut,722194,Florence Provendier,flprovendier,twitter.com/flprovendier,LAREM,La République en Marche
1937157960687288807,Mon Jun 23 14:37:03 +0000 2025,"RT @jnbarrot: À ce soir, dans le #20H de France 2. https://t.co/fAUlhe2bVX",flprovendier,jnbarrot,722194,Florence Provendier,flprovendier,twitter.com/flprovendier,LAREM,La République en Marche
1937120700822642967,Mon Jun 23 12:08:59 +0000 2025,"RT @BernardLehut: 219 jours de détention pour Boualem Sansal, 219 jours de trop.
#avecboualemsansal https://t.co/JKjKOhk4Gf",flprovendier,bernardlehut,722194,Florence Provendier,flprovendier,twitter.com/flprovendier,LAREM,La République en Marche
1936380784262132095,Sat Jun 21 11:08:49 +0000 2025,"RT @BernardLehut: 217 jours de détention pour Boualem Sansal, 217 jours de trop.
#avecboualemsansal https://t.co/bXXwOGeKoq",flprovendier,bernardlehut,722194,Florence Provendier,flprovendier,twitter.com/flprovendier,LAREM,La République en Marche
1936308374494183530,Sat Jun 21 06:21:06 +0000 2025,"RT @jnbarrot: 3 ans de détention arbitraire dans des conditions inhumaines assimilables à de la torture.

La France a déposé plainte à la C…",flprovendier,jnbarrot,722194,Florence Provendier,flprovendier,twitter.com/flprovendier,LAREM,La République en Marche
1935582924193042510,Thu Jun 19 06:18:25 +0000 2025,"RT @Sifaoui: Jeudi 19 Juin 2025, Boualem #Sansal vient de passer sa 214e nuit en détention arbitraire.

Il a été arrêté par la dictature al…",flprovendier,sifaoui,722194,Florence Provendier,flprovendier,twitter.com/flprovendier,LAREM,La République en Marche
1935267085401407718,Wed Jun 18 09:23:23 +0000 2025,"RT @BernardLehut: 214 jours de détention pour Boualem Sansal, 214 jours de trop.
#avecboualemsansal https://t.co/9G7AxPVwpT",flprovendier,bernardlehut,722194,Florence Provendier,flprovendier,twitter.com/flprovendier,LAREM,La République en Marche
1934722746212340121,Mon Jun 16 21:20:22 +0000 2025,"RT @BernardLehut: Cela fait 7 mois ce 16 juin 2025 que Boualem Sansal a été arrêté à l’aéroport d’Alger, soit 212 jours de détention, 212 j…",flprovendier,bernardlehut,722194,Florence Provendier,flprovendier,twitter.com/flprovendier,LAREM,La République en Marche
1934264095508779095,Sun Jun 15 14:57:51 +0000 2025,"RT @BernardLehut: 211 jours de détention pour Boualem Sansal, 211 jours de trop.
#avecboualemsansal https://t.co/GNGttYpWcN",flprovendier,bernardlehut,722194,Florence Provendier,flprovendier,twitter.com/flprovendier,LAREM,La République en Marche
1933867514104332637,Sat Jun 14 12:41:59 +0000 2025,"RT @BernardLehut: 210 jours de détention pour Boualem Sansal, 210 jours de trop.
#avecboualemsansal https://t.co/CzyGYyGy5q",flprovendier,bernardlehut,722194,Florence Provendier,flprovendier,twitter.com/flprovendier,LAREM,La République en Marche
1933398086929559609,Fri Jun 13 05:36:39 +0000 2025,RT @ConstanceLeGrip: Cécile Kohler est otage depuis plus de 1000 jours du régime des mollahs iraniens. Elle est détenue dans des conditions…,flprovendier,constancelegrip,722194,Florence Provendier,flprovendier,twitter.com/flprovendier,LAREM,La République en Marche
1933123771646275822,Thu Jun 12 11:26:37 +0000 2025,"RT @O_Decottignies: Corruption, trafic de visas, pédophilie...

Sur les réseaux sociaux et à la télévision d'État azerbaïdjanaise, M. Léo N…",flprovendier,o_decottignies,722194,Florence Provendier,flprovendier,twitter.com/flprovendier,LAREM,La République en Marche
1843030076721594449,Sun Oct 06 20:46:26 +0000 2024,"RT @GabrielAttal: Je lancerai dans quelques mois une Fondation de lutte contre le harcèlement à l'École. 

C'est un combat qui me tient à c…",alouismars,gabrielattal,718918,Alexandra Louis,ALouisMars,twitter.com/ALouisMars|twitter.com/ALouisDeputee13,LAREM,La République en Marche
1841445751479513336,Wed Oct 02 11:50:54 +0000 2024,Les marchands de sommeil sont des délinquants dangereux! Leurs victimes sont simplement moins visibles.,alouismars,,718918,Alexandra Louis,ALouisMars,twitter.com/ALouisMars|twitter.com/ALouisDeputee13,LAREM,La République en Marche
1838836709179457710,Wed Sep 25 07:03:30 +0000 2024,Ruiner les trafiquants et donner à ceux qui œuvrent pour l’intérêt général doit rester notre objectif. Le crime ne devrait plus payer.,alouismars,,718918,Alexandra Louis,ALouisMars,twitter.com/ALouisMars|twitter.com/ALouisDeputee13,LAREM,La République en Marche
1838527512206258271,Tue Sep 24 10:34:51 +0000 2024,"RT @Le_Figaro: «La justice est désormais sur la bonne voie et je suis optimiste pour son avenir.»
→ https://t.co/LzPIAak0vW https://t.co/Ay…",alouismars,le_figaro,718918,Alexandra Louis,ALouisMars,twitter.com/ALouisMars|twitter.com/ALouisDeputee13,LAREM,La République en Marche
1838473972318351455,Tue Sep 24 07:02:06 +0000 2024,"La prostitution des mineurs est un phénomène très grave. Rappelons que les « clients » sont des délinquants sexuels passibles de peines de prison. 
Ce récit illustre une effroyable réalité et nous devons plus que jamais protéger ces enfants victimes.",alouismars,,718918,Alexandra Louis,ALouisMars,twitter.com/ALouisMars|twitter.com/ALouisDeputee13,LAREM,La République en Marche
1838286424954585238,Mon Sep 23 18:36:52 +0000 2024,"RT @Ambroise_Mejean: Le portrait d'Éric Dupond-Moretti est désormais accroché sous celui de Robert Badinter.

Une juste place pour un minis…",alouismars,ambroise_mejean,718918,Alexandra Louis,ALouisMars,twitter.com/ALouisMars|twitter.com/ALouisDeputee13,LAREM,La République en Marche
1838229658505986546,Mon Sep 23 14:51:17 +0000 2024,"Merci @E_DupondM pour tous ces combats menés pour la justice de notre pays et en particulier pour les victimes. 
Bienvenue à notre nouveau Garde des sceaux. https://t.co/TUKvP78t1R",alouismars,e_dupondm,718918,Alexandra Louis,ALouisMars,twitter.com/ALouisMars|twitter.com/ALouisDeputee13,LAREM,La République en Marche
1837767675323601258,Sun Sep 22 08:15:32 +0000 2024,Si on  pouvait déjà interdire la cigarette aux abords des écoles aux heures d’entrée et de sortie.,alouismars,,718918,Alexandra Louis,ALouisMars,twitter.com/ALouisMars|twitter.com/ALouisDeputee13,LAREM,La République en Marche
1837196177688907862,Fri Sep 20 18:24:36 +0000 2024,Merci @YaelBRAUNPIVET pour ton écoute et ton engagement.,alouismars,yaelbraunpivet,718918,Alexandra Louis,ALouisMars,twitter.com/ALouisMars|twitter.com/ALouisDeputee13,LAREM,La République en Marche
1837030172131733763,Fri Sep 20 07:24:58 +0000 2024,"« Je jure, comme avocat, d'exercer mes fonctions avec dignité, conscience, indépendance, probité et humanité"".
Ce n’est pas qu’une phrase, c’est un serment.",alouismars,,718918,Alexandra Louis,ALouisMars,twitter.com/ALouisMars|twitter.com/ALouisDeputee13,LAREM,La République en Marche
1836811765830623360,Thu Sep 19 16:57:05 +0000 2024,"RT @DIAVictimes: #Commémoration | 170 noms, 170 existences qui comptent, 170 familles endeuillées par l’effroyable attentat qui a frappé l’…",alouismars,diavictimes,718918,Alexandra Louis,ALouisMars,twitter.com/ALouisMars|twitter.com/ALouisDeputee13,LAREM,La République en Marche
1834695438504505637,Fri Sep 13 20:47:34 +0000 2024,"A 12 ans, on parle d’une enfant!
À 12 ans, il n’y a pas de consentement !",alouismars,,718918,Alexandra Louis,ALouisMars,twitter.com/ALouisMars|twitter.com/ALouisDeputee13,LAREM,La République en Marche
1833889503536169077,Wed Sep 11 15:25:04 +0000 2024,Les violences sur les enfants ne doivent jamais être considérées comme anecdotiques!  C’est la violence qu’il faut pointer et certainement pas ceux qui la dénoncent.,alouismars,,718918,Alexandra Louis,ALouisMars,twitter.com/ALouisMars|twitter.com/ALouisDeputee13,LAREM,La République en Marche
1833851570095546443,Wed Sep 11 12:54:20 +0000 2024,RT @CN2R_France: 💻 Un sujet + que d'actualité en cette rentrée : participez à notre prochain webinaire sur la #cyberpedocriminalite avec Vé…,alouismars,cn2r_france,718918,Alexandra Louis,ALouisMars,twitter.com/ALouisMars|twitter.com/ALouisDeputee13,LAREM,La République en Marche
1833431643203174515,Tue Sep 10 09:05:41 +0000 2024,"RT @DIAVictimes: Tout au long de l’année 2023 nous avons œuvré pour améliorer les dispositifs d’accompagnement &amp; de soutien des victimes, a…",alouismars,diavictimes,718918,Alexandra Louis,ALouisMars,twitter.com/ALouisMars|twitter.com/ALouisDeputee13,LAREM,La République en Marche
1832386781225885831,Sat Sep 07 11:53:47 +0000 2024,"Aucune femme ne devrait vivre ça!
Aucune femme ne devrait vivre ça en France!
Total soutien à Marzieh Hamidi  qui dénonce ces obscurantistes qui oppriment les filles et les femmes.",alouismars,,718918,Alexandra Louis,ALouisMars,twitter.com/ALouisMars|twitter.com/ALouisDeputee13,LAREM,La République en Marche
1832041842461839379,Fri Sep 06 13:03:07 +0000 2024,Le respect de la volonté de cette victime est une exigence de dignité.,alouismars,,718918,Alexandra Louis,ALouisMars,twitter.com/ALouisMars|twitter.com/ALouisDeputee13,LAREM,La République en Marche
1831787430288224479,Thu Sep 05 20:12:11 +0000 2024,"RT @AvocatsCoppet: Aujourd'hui, Alexandra Louis, déléguée interministérielle à l'aide aux victimes @DIAVictimes a échangé avec les #victime…",alouismars,avocatscoppet; diavictimes,718918,Alexandra Louis,ALouisMars,twitter.com/ALouisMars|twitter.com/ALouisDeputee13,LAREM,La République en Marche
1831665381724815374,Thu Sep 05 12:07:12 +0000 2024,Merci @GabrielAttal pour ton engagement comme premier ministre. Nous ne l’oublierons pas.,alouismars,gabrielattal,718918,Alexandra Louis,ALouisMars,twitter.com/ALouisMars|twitter.com/ALouisDeputee13,LAREM,La République en Marche
1831590325195829569,Thu Sep 05 07:08:57 +0000 2024,Tellement vrai.,alouismars,,718918,Alexandra Louis,ALouisMars,twitter.com/ALouisMars|twitter.com/ALouisDeputee13,LAREM,La République en Marche
1598340893051916289,Thu Dec 01 15:38:59 +0000 2022,"J'apprends avec tristesse la disparition de Mylène Demongeot, célèbre actrice et réalisatrice de #Nice06. Touchée par une lourde maladie, elle n'en perdait pas la force de jouer, ni de porter un combat engagé au sein de l'@ADMDFRANCE dont elle était membre du comité d'honneur. https://t.co/xstkV0l2Ma",marinebrenier,admdfrance,713448,Marine Brenier,marinebrenier,twitter.com/marinebrenier,LC,"Les Constructifs : républicains, UDI, indépendants"
1598015781555404800,Wed Nov 30 18:07:06 +0000 2022,RT @OlivierFalorni: Merci à mes collègues de m’avoir choisi ce soir comme Président de la Mission parlementaire d’évaluation de la loi Clae…,marinebrenier,olivierfalorni,713448,Marine Brenier,marinebrenier,twitter.com/marinebrenier,LC,"Les Constructifs : républicains, UDI, indépendants"
1588086075918090242,Thu Nov 03 08:30:00 +0000 2022,"RT @p_pradal: Qu'@ECiotti considère qu'il faut laisser la @PoliceNationale dans les locaux dégradés où ils se trouvent actuellement ?

Qu'i…",marinebrenier,eciotti; p_pradal; policenationale,713448,Marine Brenier,marinebrenier,twitter.com/marinebrenier,LC,"Les Constructifs : républicains, UDI, indépendants"
1586340826694967297,Sat Oct 29 12:55:00 +0000 2022,"RT @cestrosi: Nadine, Simone, Vincent.

Deux ans que la barbarie islamiste a arraché la vie à ces trois fidèles de notre Basilique Notre-Da…",marinebrenier,cestrosi,713448,Marine Brenier,marinebrenier,twitter.com/marinebrenier,LC,"Les Constructifs : républicains, UDI, indépendants"
1581981332183216129,Mon Oct 17 12:11:56 +0000 2022,"Je n’oublierai jamais ces journées passées dans la Vésubie aux côtés de nos agents, les gendarmes, les pompiers, les bénévoles, tous ceux qui malgré l’effroi se sont tant donnés pour aider à reconstruire nos vallées. Merci à eux et félicitations pour ces médailles méritées.",marinebrenier,,713448,Marine Brenier,marinebrenier,twitter.com/marinebrenier,LC,"Les Constructifs : républicains, UDI, indépendants"
1581980407699906565,Mon Oct 17 12:08:15 +0000 2022,"RT @cestrosi: Honoré de prendre part à la journée sur l'avenir des vallées avec @olivierveran, deux ans après que la tempête Alex se soit a…",marinebrenier,cestrosi; olivierveran,713448,Marine Brenier,marinebrenier,twitter.com/marinebrenier,LC,"Les Constructifs : républicains, UDI, indépendants"
1581980397604196352,Mon Oct 17 12:08:13 +0000 2022,"RT @cestrosi: Au terme de cette deuxième année d’efforts, l’essentiel de ce qu’il reste à faire concerne la reconstruction d’infrastructure…",marinebrenier,cestrosi,713448,Marine Brenier,marinebrenier,twitter.com/marinebrenier,LC,"Les Constructifs : républicains, UDI, indépendants"
1581980391497691137,Mon Oct 17 12:08:11 +0000 2022,RT @cestrosi: Ainsi l’annonce faite par les services de l’Etat du versement de 34 millions d’euros supplémentaires d’ici la fin de l’année…,marinebrenier,cestrosi,713448,Marine Brenier,marinebrenier,twitter.com/marinebrenier,LC,"Les Constructifs : républicains, UDI, indépendants"
1580238488213295105,Wed Oct 12 16:46:29 +0000 2022,"RT @NotreDepDabord: 🔴 Notre groupe dénonce l’inégalité dans l’attribution des subventions aux cantons par le Département
Ceux qui se permet…",marinebrenier,notredepdabord,713448,Marine Brenier,marinebrenier,twitter.com/marinebrenier,LC,"Les Constructifs : républicains, UDI, indépendants"
1579445349131091968,Mon Oct 10 12:14:50 +0000 2022,"Ce matin, @cestrosi inaugurait le centre social des Moulins et signait avec la @Caf06_actus la convention territoriale globale dont relèvent les politiques de la famille et de la petite enfance. https://t.co/JEvscLON2k",marinebrenier,caf06_actus; cestrosi,713448,Marine Brenier,marinebrenier,twitter.com/marinebrenier,LC,"Les Constructifs : républicains, UDI, indépendants"
1579099339108290562,Sun Oct 09 13:19:55 +0000 2022,"Avec @bailetmonique nous sommes allées encourager Naro et toute son équipe pour le Yogi #Nice06 festival chez les Amazones, un événement dédié au cancer du sein dans le cadre d’#octobrerose. Bravo pour cette belle initiative solidaire qui a emporté un grand succès malgré la pluie https://t.co/U3su2TrCBt",marinebrenier,bailetmonique,713448,Marine Brenier,marinebrenier,twitter.com/marinebrenier,LC,"Les Constructifs : républicains, UDI, indépendants"
1578432450916544513,Fri Oct 07 17:09:56 +0000 2022,"RT @NotreDepDabord: 🚨 Total soutien aux sapeurs-pompiers 
Malgré la censure imposée par le Président du département à notre vœu, les élus d…",marinebrenier,notredepdabord,713448,Marine Brenier,marinebrenier,twitter.com/marinebrenier,LC,"Les Constructifs : républicains, UDI, indépendants"
1578024838681108487,Thu Oct 06 14:10:14 +0000 2022,Très heureuse d’avoir reçu au nom de @cestrosi avec la direction de la famille une délégation de professeurs autrichiens venus avec l’association Francophonia. Ce partenariat nous a permis d’apprendre de leurs pratiques et d’améliorer les nôtres dans nos structures municipales. https://t.co/TKRfVNIdkg,marinebrenier,cestrosi,713448,Marine Brenier,marinebrenier,twitter.com/marinebrenier,LC,"Les Constructifs : républicains, UDI, indépendants"
1577977273109692419,Thu Oct 06 11:01:13 +0000 2022,En séance du conseil métropolitain @MetropoleNCA présidé par @cestrosi https://t.co/kATqedjhDH,marinebrenier,cestrosi; metropolenca,713448,Marine Brenier,marinebrenier,twitter.com/marinebrenier,LC,"Les Constructifs : républicains, UDI, indépendants"
1577570798759469056,Wed Oct 05 08:06:02 +0000 2022,RT @jeannettebougra: On n’est pas sérieux quand on a 17 ans et pourtant #NikaShakarami est morte alors qu’elle manifestait contre le port d…,marinebrenier,jeannettebougra,713448,Marine Brenier,marinebrenier,twitter.com/marinebrenier,LC,"Les Constructifs : républicains, UDI, indépendants"
1577550854864846849,Wed Oct 05 06:46:47 +0000 2022,RT @JonathanDenis: La Cour européenne des Droits de l’Homme valide la loi belge de dépénalisation de l’#euthanasie et la juge conforme à la…,marinebrenier,jonathandenis,713448,Marine Brenier,marinebrenier,twitter.com/marinebrenier,LC,"Les Constructifs : républicains, UDI, indépendants"
1576472072997724160,Sun Oct 02 07:20:06 +0000 2022,RT @cestrosi: La @MetropoleNCA continuera d’œuvrer sans relâche pour nos vallées et leurs habitants. À tous ceux qui ont été là quand les h…,marinebrenier,cestrosi; metropolenca,713448,Marine Brenier,marinebrenier,twitter.com/marinebrenier,LC,"Les Constructifs : républicains, UDI, indépendants"
1576472062968799232,Sun Oct 02 07:20:03 +0000 2022,"RT @cestrosi: Élus, agents de nos collectivités, habitants qui ont subi ce drame et ont parfois tout perdu : nous sommes tous unis ce matin…",marinebrenier,cestrosi,713448,Marine Brenier,marinebrenier,twitter.com/marinebrenier,LC,"Les Constructifs : républicains, UDI, indépendants"
1576472052323975168,Sun Oct 02 07:20:01 +0000 2022,"RT @cestrosi: Ce matin, sur ce pont Durandy qui marque l'union des vallées de la Tinée et de la Vésubie, aux pieds de l'œuvre mémorielle de…",marinebrenier,cestrosi,713448,Marine Brenier,marinebrenier,twitter.com/marinebrenier,LC,"Les Constructifs : républicains, UDI, indépendants"
1576189257957670912,Sat Oct 01 12:36:17 +0000 2022,"Une belle réussite pour la 1ere de Vide ta chambre aux arènes de Cimiez. 134 exposants, Entraide et partage, la direction de la petite enfance et de nombreuses familles se retrouvent pour cette journée de brocante dédiée aux pitchouï. Merci au Député @p_pradal pour sa présence. https://t.co/rjwlp7x44W",marinebrenier,p_pradal,713448,Marine Brenier,marinebrenier,twitter.com/marinebrenier,LC,"Les Constructifs : républicains, UDI, indépendants"
1933123577823605009,Thu Jun 12 11:25:51 +0000 2025,"RT @BernardLehut: 208 jours de détention pour Boualem Sansal, 208 jours de trop.
#avecboualemsansal https://t.co/iQZ3VxyXdJ",flprovendier,bernardlehut,722194,Florence Provendier,flprovendier,twitter.com/flprovendier,LAREM,La République en Marche
1932749750945919197,Wed Jun 11 10:40:24 +0000 2025,"RT @BernardLehut: 207 jours de détention pour Boualem Sansal, 207 jours de trop.
#avecboualemsansal https://t.co/HqKzdU2pdU",flprovendier,bernardlehut,722194,Florence Provendier,flprovendier,twitter.com/flprovendier,LAREM,La République en Marche
1932471430538801581,Tue Jun 10 16:14:27 +0000 2025,"RT @BernardLehut: 206 jours de détention pour Boualem Sansal, 206 jours de trop.
#avecboualemsansal https://t.co/6wfbnMPLqz",flprovendier,bernardlehut,722194,Florence Provendier,flprovendier,twitter.com/flprovendier,LAREM,La République en Marche
1932074899943682371,Mon Jun 09 13:58:47 +0000 2025,"RT @AraratMirzoyan: Glad to see my good colleague &amp; friend @jnbarrot, this time on the sidelines of #UNOC3 in Nice. Our active engagement i…",flprovendier,araratmirzoyan; jnbarrot,722194,Florence Provendier,flprovendier,twitter.com/flprovendier,LAREM,La République en Marche
1931810355203965146,Sun Jun 08 20:27:34 +0000 2025,"RT @BernardLehut: 204 jours de détention pour Boualem Sansal, 204 jours de trop.
#avecboualemsansal https://t.co/HVOiBGS0Xz",flprovendier,bernardlehut,722194,Florence Provendier,flprovendier,twitter.com/flprovendier,LAREM,La République en Marche
1930580139458363538,Thu Jun 05 10:59:08 +0000 2025,"RT @LyceeFrArmenie: 📣📣📣 LE LYCÉE FRANÇAIS ANATOLE FRANCE D'EREVAN, ARMÉNIE, RECRUTE

-Professeur de FLE
-Professeur des écoles
-Professeur…",flprovendier,lyceefrarmenie,722194,Florence Provendier,flprovendier,twitter.com/flprovendier,LAREM,La République en Marche
1930574612452057336,Thu Jun 05 10:37:10 +0000 2025,RT @am_crossroads: 🇦🇲 🇫🇷 French partners visited Jermuk within the framework of the fifth conference on decentralized cooperation between #…,flprovendier,am_crossroads,722194,Florence Provendier,flprovendier,twitter.com/flprovendier,LAREM,La République en Marche
1930573633778307112,Thu Jun 05 10:33:17 +0000 2025,"RT @am_crossroads: 🇦🇲🇫🇷The Governor of #Gegharkunik, Karen Sargsyan, received representatives of the Council of the #Isère Department of Fr…",flprovendier,am_crossroads,722194,Florence Provendier,flprovendier,twitter.com/flprovendier,LAREM,La République en Marche
1930573142969254253,Thu Jun 05 10:31:20 +0000 2025,"RT @am_crossroads: 🇦🇲🇫🇷Delegation of the French city of Grenoble visited the #Sevan community.

🔹Head of the Sevan community Sarkis Muradya…",flprovendier,am_crossroads,722194,Florence Provendier,flprovendier,twitter.com/flprovendier,LAREM,La République en Marche
1930326721967874423,Wed Jun 04 18:12:08 +0000 2025,"RT @CSoutienBS: 200 jours que Boualem Sansal est privé de liberté. 200 jours de censure. 200 jours de trop. 
#LiberezBoualemSansal https://…",flprovendier,csoutienbs,722194,Florence Provendier,flprovendier,twitter.com/flprovendier,LAREM,La République en Marche
1929846049461457068,Tue Jun 03 10:22:07 +0000 2025,"🇫🇷🤝🇦🇲À l’heure où surgissent toutes formes de tensions, les témoignages de confiance et de solidarité des femmes et des hommes de nos deux pays se sont exprimés avec force lors des assises de la coopération décentralisée franco-arminienne.  #Goris #Syunik #coopération #ODD https://t.co/epBOnjPJHZ",flprovendier,,722194,Florence Provendier,flprovendier,twitter.com/flprovendier,LAREM,La République en Marche
1929618918559056034,Mon Jun 02 19:19:35 +0000 2025,"RT @marutvanian: Congratulations 🇫🇷 🇦🇲  ✂️ 🎊

The Office of the Honorary Consul of France in Goris was officially opened! https://t.co/f2zl…",flprovendier,marutvanian,722194,Florence Provendier,flprovendier,twitter.com/flprovendier,LAREM,La République en Marche
1929432298602037401,Mon Jun 02 06:58:01 +0000 2025,"🇫🇷🤝🇦🇲 Ouverture des Assises de la coopération décentralisée franco-arménienne à Goris, dans le Syunik, une ville où se construit la paix☀️
Mobilisation exceptionnelle des collectivités territoriales françaises et des associations aux côtés de l’#Armenie https://t.co/omSgNW9MxY",flprovendier,,722194,Florence Provendier,flprovendier,twitter.com/flprovendier,LAREM,La République en Marche
1929263295778734500,Sun Jun 01 19:46:28 +0000 2025,"🇫🇷🇦🇲Joie de retrouver à Goris des amis de @LaGuilde_Action, de @OeuvredOrient et du @fondsArmenienF unis dans 2 projets : les Ateliers du Syunik et l’atelier de Taraz en soutien aux artisanats du Syunik et aux femmes déplacées de force du Haut Karabagh #solidarité #coopération",flprovendier,fondsarmenienf; laguilde_action; oeuvredorient,722194,Florence Provendier,flprovendier,twitter.com/flprovendier,LAREM,La République en Marche
1928777448025428443,Sat May 31 11:35:53 +0000 2025,"🇫🇷🇦🇲Tandis que des représentants de nombreuses collectivités territoriales françaises et d’associations arrivent en Arménie, Goris se prépare à accueillir les 5eme assises de la coopération décentralisée franco-arménienne. Rdv demain sur place @francediplo @CitesUniesFR",flprovendier,citesuniesfr; francediplo,722194,Florence Provendier,flprovendier,twitter.com/flprovendier,LAREM,La République en Marche
1928515730011558182,Fri May 30 18:15:54 +0000 2025,"RT @Sifaoui: Vendredi 30 mai 2025
Boualem #Sansal vient de passer sa 194e nuit en détention arbitraire.

Il a été arrêté par la dictature a…",flprovendier,sifaoui,722194,Florence Provendier,flprovendier,twitter.com/flprovendier,LAREM,La République en Marche
1928513991745146912,Fri May 30 18:09:00 +0000 2025,"RT @ArmenpressFR: Le 2-3 juin, le Forum de coopération décentralisée Arménie-France aura lieu à Goris. 

Goris a été choisi comme lieu pour…",flprovendier,armenpressfr,722194,Florence Provendier,flprovendier,twitter.com/flprovendier,LAREM,La République en Marche
1927751679434228125,Wed May 28 15:39:50 +0000 2025,"RT @jnbarrot: De retour de Erevan, en Arménie. 

🇫🇷🇦🇲 https://t.co/xGtNu1jbj6",flprovendier,jnbarrot,722194,Florence Provendier,flprovendier,twitter.com/flprovendier,LAREM,La République en Marche
1927685822603547123,Wed May 28 11:18:09 +0000 2025,"RT @O_Decottignies: 🇦🇲 Aujourd'hui, au côté des autorités arméniennes, nous avons commémoré la fondation de la Première République d'Arméni…",flprovendier,o_decottignies,722194,Florence Provendier,flprovendier,twitter.com/flprovendier,LAREM,La République en Marche
1927423463452443115,Tue May 27 17:55:38 +0000 2025,RT @ArmenpressFR: L’Arménie accueillera en 2027 la Conférence des ministres de la Culture des pays francophones https://t.co/9MYHSge8yK,flprovendier,armenpressfr,722194,Florence Provendier,flprovendier,twitter.com/flprovendier,LAREM,La République en Marche
1831437589175509135,Wed Sep 04 21:02:02 +0000 2024,Merci à ces policiers qui traquent les pédocriminels.,alouismars,,718918,Alexandra Louis,ALouisMars,twitter.com/ALouisMars|twitter.com/ALouisDeputee13,LAREM,La République en Marche
1830703458388742538,Mon Sep 02 20:24:51 +0000 2024,"Après le calvaire, le courage.",alouismars,,718918,Alexandra Louis,ALouisMars,twitter.com/ALouisMars|twitter.com/ALouisDeputee13,LAREM,La République en Marche
1830567243522113647,Mon Sep 02 11:23:35 +0000 2024,"RT @NBelloubet: Le harcèlement à l’École est un fléau insoutenable. Une réalité souvent difficile à percevoir. 

Face au harcèlement. Tous…",alouismars,nbelloubet,718918,Alexandra Louis,ALouisMars,twitter.com/ALouisMars|twitter.com/ALouisDeputee13,LAREM,La République en Marche
1830549416698155162,Mon Sep 02 10:12:45 +0000 2024,Tout mon soutien à cette famille endeuillée qui vit la terrible injustice de perdre un enfant dans de si terribles conditions.,alouismars,,718918,Alexandra Louis,ALouisMars,twitter.com/ALouisMars|twitter.com/ALouisDeputee13,LAREM,La République en Marche
1828408210362917302,Tue Aug 27 12:24:22 +0000 2024,Qui en parle ?,alouismars,,718918,Alexandra Louis,ALouisMars,twitter.com/ALouisMars|twitter.com/ALouisDeputee13,LAREM,La République en Marche
1828326816467017834,Tue Aug 27 07:00:56 +0000 2024,Peine immense pour la famille et les proches de l’Adjudant Eric Comyn.  Il faut plus que jamais protéger et être aux côtés de ceux qui nous protègent.,alouismars,,718918,Alexandra Louis,ALouisMars,twitter.com/ALouisMars|twitter.com/ALouisDeputee13,LAREM,La République en Marche
1827375113454420329,Sat Aug 24 15:59:12 +0000 2024,Les graves atteintes aux droits fondamentaux des femmes et filles afghanes commises par les talibans nous concernent tous.,alouismars,,718918,Alexandra Louis,ALouisMars,twitter.com/ALouisMars|twitter.com/ALouisDeputee13,LAREM,La République en Marche
1827336189646676051,Sat Aug 24 13:24:32 +0000 2024,Attention aux arnaques ! https://t.co/UiJJJX61yJ,alouismars,,718918,Alexandra Louis,ALouisMars,twitter.com/ALouisMars|twitter.com/ALouisDeputee13,LAREM,La République en Marche
1827304463498920353,Sat Aug 24 11:18:28 +0000 2024,C’est une voie supplémentaire à disposition des victimes pour être entendu.,alouismars,,718918,Alexandra Louis,ALouisMars,twitter.com/ALouisMars|twitter.com/ALouisDeputee13,LAREM,La République en Marche
1827303756372857114,Sat Aug 24 11:15:39 +0000 2024,Ignoble attaque ! L’antisémitisme est un poison qui ne cesse de se répandre en Europe. Nous devons le combattre de toutes nos forces. Une pensée pour ce policier blessé.,alouismars,,718918,Alexandra Louis,ALouisMars,twitter.com/ALouisMars|twitter.com/ALouisDeputee13,LAREM,La République en Marche
1827301801915253057,Sat Aug 24 11:07:53 +0000 2024,"RT @GabrielAttal: Une attaque a visé la synagogue de La Grande Motte ce matin. Un acte antisémite. Une fois de plus, nos concitoyens juifs…",alouismars,gabrielattal,718918,Alexandra Louis,ALouisMars,twitter.com/ALouisMars|twitter.com/ALouisDeputee13,LAREM,La République en Marche
1824004390316908699,Thu Aug 15 08:45:09 +0000 2024,"RT @BFMTV: ""Ils n'étaient pas de la même génération, ils n'étaient pas de la même confession (…) Ils étaient pourtant l'armée de la Nation""…",alouismars,bfmtv,718918,Alexandra Louis,ALouisMars,twitter.com/ALouisMars|twitter.com/ALouisDeputee13,LAREM,La République en Marche
1823012063683256372,Mon Aug 12 15:02:00 +0000 2024,Bravo et merci 🤩,alouismars,,718918,Alexandra Louis,ALouisMars,twitter.com/ALouisMars|twitter.com/ALouisDeputee13,LAREM,La République en Marche
1822517572547297599,Sun Aug 11 06:17:04 +0000 2024,"RT @EmmanuelMacron: Il faut que la guerre à Gaza s'arrête.

Tous doivent l'entendre.

C'est crucial pour les Gazaouis, pour les otages, pou…",alouismars,emmanuelmacron,718918,Alexandra Louis,ALouisMars,twitter.com/ALouisMars|twitter.com/ALouisDeputee13,LAREM,La République en Marche
1821863554896597073,Fri Aug 09 10:58:14 +0000 2024,"L’antisémitisme mène toujours à la mort. 
Le 9 août 1982, la main du terrorisme antisémite ensanglantait avec cruauté la rue des rosiers à Paris, laissant 6 morts et 22 blessés. Jamais nous n’oublierons ces victimes symbole de notre humanité. https://t.co/hG9882wYZ3",alouismars,,718918,Alexandra Louis,ALouisMars,twitter.com/ALouisMars|twitter.com/ALouisDeputee13,LAREM,La République en Marche
1821137550381097290,Wed Aug 07 10:53:21 +0000 2024,Bravo à ces sportives de haut niveau qui représentent plus que jamais les couleurs de la France en rappelant que les joueuses de beach-volley peuvent comme toutes les femmes s’habiller comme elles veulent.,alouismars,,718918,Alexandra Louis,ALouisMars,twitter.com/ALouisMars|twitter.com/ALouisDeputee13,LAREM,La République en Marche
1820564574237811071,Mon Aug 05 20:56:33 +0000 2024,Magnifique !,alouismars,,718918,Alexandra Louis,ALouisMars,twitter.com/ALouisMars|twitter.com/ALouisDeputee13,LAREM,La République en Marche
1819026941590081545,Thu Aug 01 15:06:33 +0000 2024,RT @EmmanuelMacron: Nous pensons avec émotion aux otages retenus depuis 300 jours par le Hamas. La France continue d’œuvrer pour que tous s…,alouismars,emmanuelmacron,718918,Alexandra Louis,ALouisMars,twitter.com/ALouisMars|twitter.com/ALouisDeputee13,LAREM,La République en Marche
1816909040108368114,Fri Jul 26 18:50:46 +0000 2024,RT @Elysee: https://t.co/EJrRNcAhyl,alouismars,elysee,718918,Alexandra Louis,ALouisMars,twitter.com/ALouisMars|twitter.com/ALouisDeputee13,LAREM,La République en Marche
1816737072339656796,Fri Jul 26 07:27:26 +0000 2024,"RT @DIAVictimes: Destiné à assurer un accompagnement pluridisciplinaire dans la durée (santé, social, juridique…) ce comité local d’aide au…",alouismars,diavictimes,718918,Alexandra Louis,ALouisMars,twitter.com/ALouisMars|twitter.com/ALouisDeputee13,LAREM,La République en Marche
1575812203521126400,Fri Sep 30 11:38:01 +0000 2022,"Avec @FranckMARTIN06, nous avons eu le plaisir de visiter la nouvelle crèche de l’Eau vive. Grâce à @cestrosi cette structure va désormais acceuillir 160 pitchouï dans de superbes locaux. Dès lundi, les premiers enfants seront pris en charge par nos professionnels déjà au travail https://t.co/XRQVSOYsj7",marinebrenier,cestrosi; franckmartin06,713448,Marine Brenier,marinebrenier,twitter.com/marinebrenier,LC,"Les Constructifs : républicains, UDI, indépendants"
1575485259655053315,Thu Sep 29 13:58:51 +0000 2022,RT @VirgoWhallala: Camaïeu va fermer définitivement samedi soir. Dans toute la France. La vente des articles qui reste d’ici là « servira à…,marinebrenier,virgowhallala,713448,Marine Brenier,marinebrenier,twitter.com/marinebrenier,LC,"Les Constructifs : républicains, UDI, indépendants"
1575178530555850752,Wed Sep 28 17:40:01 +0000 2022,"Visite du LAEP « Les orangers » qui partage les locaux avec le guichet unique. Cette structure accueille les enfants et leurs parents avec accès à des activités et conseils des professionnels de la petite enfance. En cœur de ville, la fréquentation y est toujours  très importante https://t.co/XH7ZfCSyrW",marinebrenier,,713448,Marine Brenier,marinebrenier,twitter.com/marinebrenier,LC,"Les Constructifs : républicains, UDI, indépendants"
1575139309333651456,Wed Sep 28 15:04:10 +0000 2022,"RT @hervecael: Visite avec @marinebrenier du « Guichet Unique Nice Facile » à #Nice06 
Des agents @VilledeNice mobilisés au service des fam…",marinebrenier,hervecael; marinebrenier; villedenice,713448,Marine Brenier,marinebrenier,twitter.com/marinebrenier,LC,"Les Constructifs : républicains, UDI, indépendants"
1574742299292188673,Tue Sep 27 12:46:36 +0000 2022,"Visite de la crèche « La source » à #Nice06 Nord, une crèche bien décorée et animée par des professionnelles soucieuses de l’environnement. L’écologie s’apprend dès le plus jeune âge. 🍀 https://t.co/DqyA1vxCup",marinebrenier,,713448,Marine Brenier,marinebrenier,twitter.com/marinebrenier,LC,"Les Constructifs : républicains, UDI, indépendants"
1574434234390945792,Mon Sep 26 16:22:27 +0000 2022,"Aujourd’hui, visite de la première crèche qui a ouvert à @VilledeNice dans les années 50, la crèche de Terra Amata et sa voisine Les explorateurs. Deux établissements du quartier du port avec de très beaux extérieurs et des équipes dévouées à nos pitchouï. https://t.co/MoliHsozS9",marinebrenier,villedenice,713448,Marine Brenier,marinebrenier,twitter.com/marinebrenier,LC,"Les Constructifs : républicains, UDI, indépendants"
1573955076896571392,Sun Sep 25 08:38:27 +0000 2022,"RT @cestrosi: Journée nationale d'hommage aux #Harkis : Ne les oublions pas, ils ont tant donné pour la France 🇫🇷 https://t.co/sjnSiGyXjj",marinebrenier,cestrosi,713448,Marine Brenier,marinebrenier,twitter.com/marinebrenier,LC,"Les Constructifs : républicains, UDI, indépendants"
1573298554680090625,Fri Sep 23 13:09:40 +0000 2022,RT @Fkhaldi06: Ce matin aux côtés de ma collègue @marinebrenier Adjointe déléguée à la famille et à la petite enfance pour une visite des c…,marinebrenier,fkhaldi06; marinebrenier,713448,Marine Brenier,marinebrenier,twitter.com/marinebrenier,LC,"Les Constructifs : républicains, UDI, indépendants"
1572529959373279234,Wed Sep 21 10:15:33 +0000 2022,"Cette année, c’est sous les bombes et devant la menace de l’envahisseur azéri que l’#Arménie célèbre sa fête de l’indépendance. En cette journée si particulière, je veux redire que la France ne peut pas rester indifférente devant cette autre guerre qui se déroule sous nos yeux. https://t.co/S7O69Gfrs6",marinebrenier,,713448,Marine Brenier,marinebrenier,twitter.com/marinebrenier,LC,"Les Constructifs : républicains, UDI, indépendants"
1571898120870694914,Mon Sep 19 16:24:51 +0000 2022,"Visite de nos crèches municipales. 
Aujourd’hui, ➡️ crèche Bellevue 
➡️ la Joia ➡️ Villa Isabelle 
3 établissements dans le quartier de #Nice06 Nord avec des offres variées et des équipes toujours aussi dévouées pour nos tout petits. Bravo à nos agents. https://t.co/xlcfXVzmpe",marinebrenier,,713448,Marine Brenier,marinebrenier,twitter.com/marinebrenier,LC,"Les Constructifs : républicains, UDI, indépendants"
1570815054068711430,Fri Sep 16 16:41:07 +0000 2022,"Poursuite de la tournée des crèches ; la Roseraie, un établissement au cœur des jardins du Monastère de Cimiez et l’oiseau bleu doté de deux magnifiques jardins. Quelle chance de pouvoir accueillir nos petits niçois dans ce cadre sous la bienveillante attention de nos agents. https://t.co/5bv9I2yPHH",marinebrenier,,713448,Marine Brenier,marinebrenier,twitter.com/marinebrenier,LC,"Les Constructifs : républicains, UDI, indépendants"
1569773128238129154,Tue Sep 13 19:40:53 +0000 2022,"Une fois par mois, la direction de la famille et de la petite enfance organise avec la @Caf06_actus et la PMI une réunion pour les futurs parents pour présenter les dispositifs d’accueil des tout petits. 
Prochain RDV le 4 octobre à l’espace des associations Garibaldi. https://t.co/s43f3DgV84",marinebrenier,caf06_actus,713448,Marine Brenier,marinebrenier,twitter.com/marinebrenier,LC,"Les Constructifs : républicains, UDI, indépendants"
1569685789084196865,Tue Sep 13 13:53:50 +0000 2022,"Quel soulagement. Après des années où le débat était quasi confisqué, le #CCNE ouvre la voie pour une #findevielibre. À mes anciens collègues parlementaires, il est désormais de votre responsabilité de faire avancer la loi.",marinebrenier,,713448,Marine Brenier,marinebrenier,twitter.com/marinebrenier,LC,"Les Constructifs : républicains, UDI, indépendants"
1569684605942341634,Tue Sep 13 13:49:08 +0000 2022,Enfin !,marinebrenier,,713448,Marine Brenier,marinebrenier,twitter.com/marinebrenier,LC,"Les Constructifs : républicains, UDI, indépendants"
1569603983114702851,Tue Sep 13 08:28:46 +0000 2022,"Dans l’indifférence générale l’Azerbaijan attaque l’Arménie. 

Face à la faiblesse de l’Europe le dictateur Aliev continue son action destructrice en toute impunité. @vonderleyen va même acheter son gaz. 

La France doit agir rapidement et fermement pour aider l’Arménie.",marinebrenier,vonderleyen,713448,Marine Brenier,marinebrenier,twitter.com/marinebrenier,LC,"Les Constructifs : républicains, UDI, indépendants"
1569390699468193794,Mon Sep 12 18:21:15 +0000 2022,"A la Mantega et aux Rainettes sur la Madeleine, je suis allée rencontrer les professionnels et tout petits accueillis dans nos belles structures municipales. Merci à @cestrosi d’avoir fait le choix de faire de la famille et la petite enfance des priorités pour notre municipalité. https://t.co/DI0fGdjOP9",marinebrenier,cestrosi,713448,Marine Brenier,marinebrenier,twitter.com/marinebrenier,LC,"Les Constructifs : républicains, UDI, indépendants"
1569389595330228224,Mon Sep 12 18:16:52 +0000 2022,RT @GaelNofri: Heureux de participer ce soir au Comité de Caucade présidé par Gilles Caleo. Ensemble nous avons abordé les enjeux de circul…,marinebrenier,gaelnofri,713448,Marine Brenier,marinebrenier,twitter.com/marinebrenier,LC,"Les Constructifs : républicains, UDI, indépendants"
1569389537503358976,Mon Sep 12 18:16:38 +0000 2022,"RT @PaulLarrouturou: Fin de vie:Emmanuel Macron va installer une nouvelle convention citoyenne. 
Et en fonction de ses résultats il n’exclu…",marinebrenier,paullarrouturou,713448,Marine Brenier,marinebrenier,twitter.com/marinebrenier,LC,"Les Constructifs : républicains, UDI, indépendants"
1569252489991446528,Mon Sep 12 09:12:03 +0000 2022,"RT @fdevedjian: Le 12 septembre 1915, la marine 🇫🇷, sous les ordres de l’amiral Louis Dartige du Fournet, sauvait plus de 4000 arméniens du…",marinebrenier,fdevedjian,713448,Marine Brenier,marinebrenier,twitter.com/marinebrenier,LC,"Les Constructifs : républicains, UDI, indépendants"
1568253117409501185,Fri Sep 09 15:00:54 +0000 2022,"RT @cestrosi: Lors de sa visite officielle à #Nice06 le 7 mai 2018, j’avais eu l’honneur de faire du Roi Charles III, alors Prince de Galle…",marinebrenier,cestrosi,713448,Marine Brenier,marinebrenier,twitter.com/marinebrenier,LC,"Les Constructifs : républicains, UDI, indépendants"
1816737026219057466,Fri Jul 26 07:27:15 +0000 2024,"RT @DIAVictimes: #Nice | Afin de mieux coordonner les dispositifs d’accompagnement des victimes et impactés de l’incendie aux #Moulins, à m…",alouismars,diavictimes,718918,Alexandra Louis,ALouisMars,twitter.com/ALouisMars|twitter.com/ALouisDeputee13,LAREM,La République en Marche
1816733299479363889,Fri Jul 26 07:12:26 +0000 2024,RT @EmmanuelMacron: Welcome to France. https://t.co/ifLHfgVHVv,alouismars,emmanuelmacron,718918,Alexandra Louis,ALouisMars,twitter.com/ALouisMars|twitter.com/ALouisDeputee13,LAREM,La République en Marche
1816060076131504197,Wed Jul 24 10:37:17 +0000 2024,"RT @EmmanuelMacron: Les Jeux de Paris seront les plus durables, les plus inclusifs, les plus paritaires de l’Histoire. L’ouverture, aucun p…",alouismars,emmanuelmacron,718918,Alexandra Louis,ALouisMars,twitter.com/ALouisMars|twitter.com/ALouisDeputee13,LAREM,La République en Marche
1815666049880043873,Tue Jul 23 08:31:34 +0000 2024,RT @DIAVictimes: #Nice | L’État travaillera main dans la main avec la ville de Nice dans les semaines et mois à venir afin d’accompagner ef…,alouismars,diavictimes,718918,Alexandra Louis,ALouisMars,twitter.com/ALouisMars|twitter.com/ALouisDeputee13,LAREM,La République en Marche
1814718552861212876,Sat Jul 20 17:46:33 +0000 2024,"RT @EmmanuelMacron: Un monde où le sport sert le bien commun : cette épreuve, nous devons la gagner tous ensemble ! Rendez-vous le 25 juill…",alouismars,emmanuelmacron,718918,Alexandra Louis,ALouisMars,twitter.com/ALouisMars|twitter.com/ALouisDeputee13,LAREM,La République en Marche
1814033246134366584,Thu Jul 18 20:23:23 +0000 2024,Félicitations chère Yaël. Je sais que tu continueras à faire vivre le débat démocratique au sein de l’assemblée avec engagement.,alouismars,,718918,Alexandra Louis,ALouisMars,twitter.com/ALouisMars|twitter.com/ALouisDeputee13,LAREM,La République en Marche
1813902083072156042,Thu Jul 18 11:42:11 +0000 2024,"RT @GabrielAttal: Cette nuit, à Nice, un feu criminel a tué sept de nos compatriotes.

Trois enfants font partie des victimes.

Trois enfan…",alouismars,gabrielattal,718918,Alexandra Louis,ALouisMars,twitter.com/ALouisMars|twitter.com/ALouisDeputee13,LAREM,La République en Marche
1813824705113256394,Thu Jul 18 06:34:43 +0000 2024,"RT @DIAVictimes: #Nice | Mes pensées vont aux victimes de ce terrible incendie, ainsi qu’à leurs familles. Nous mettrons tout en œuvre afin…",alouismars,diavictimes,718918,Alexandra Louis,ALouisMars,twitter.com/ALouisMars|twitter.com/ALouisDeputee13,LAREM,La République en Marche
1813296020551328236,Tue Jul 16 19:33:55 +0000 2024,"RT @GabrielAttal: D’ici à ce qu’un nouveau Gouvernement soit nommé, nous restons mobilisés pour faire marcher l’État, protéger les Français…",alouismars,gabrielattal,718918,Alexandra Louis,ALouisMars,twitter.com/ALouisMars|twitter.com/ALouisDeputee13,LAREM,La République en Marche
1812738785618104676,Mon Jul 15 06:39:40 +0000 2024,"RT @le_Parisien: Et soudain, un silence poignant devant le Bataclan.

Devant la salle de concert, un rescapé des attentats a passé le relai…",alouismars,le_parisien,718918,Alexandra Louis,ALouisMars,twitter.com/ALouisMars|twitter.com/ALouisDeputee13,LAREM,La République en Marche
1812006624162201918,Sat Jul 13 06:10:19 +0000 2024,Il n’y a rien de plus terrible et révoltant que la mort d’un enfant. Tout mon soutien à ses proches endeuillés et que la justice se fasse.,alouismars,,718918,Alexandra Louis,ALouisMars,twitter.com/ALouisMars|twitter.com/ALouisDeputee13,LAREM,La République en Marche
1811788326703079894,Fri Jul 12 15:42:53 +0000 2024,"RT @GabrielAttal: Dans deux semaines, la France recevra le monde à l’occasion des Jeux Olympiques. 

Nos forces de sécurité et nos militair…",alouismars,gabrielattal,718918,Alexandra Louis,ALouisMars,twitter.com/ALouisMars|twitter.com/ALouisDeputee13,LAREM,La République en Marche
1811514929939124723,Thu Jul 11 21:36:30 +0000 2024,"RT @ArteDesintox: Les ultras riches imposés seulement à 2% ? 🧐
#desintox #fakesnews #ClemenceGuette #impots https://t.co/srZe35N0dJ",alouismars,artedesintox,718918,Alexandra Louis,ALouisMars,twitter.com/ALouisMars|twitter.com/ALouisDeputee13,LAREM,La République en Marche
1811104734683574700,Wed Jul 10 18:26:32 +0000 2024,Menacer de mort un journaliste est une attaque intolérable à l’état de droit. Les journalistes font partie des gardiens de la démocratie. J’espère que les auteurs  seront démasqués et jugés. Tout mon soutien.,alouismars,,718918,Alexandra Louis,ALouisMars,twitter.com/ALouisMars|twitter.com/ALouisDeputee13,LAREM,La République en Marche
1810058694857839065,Sun Jul 07 21:09:56 +0000 2024,"RT @GabrielAttal: Être Premier ministre est l'honneur de ma vie. 

Le lien que nous avons tissé est ce que j'ai de plus précieux. 

Ce soir…",alouismars,gabrielattal,718918,Alexandra Louis,ALouisMars,twitter.com/ALouisMars|twitter.com/ALouisDeputee13,LAREM,La République en Marche
1810013931676864639,Sun Jul 07 18:12:04 +0000 2024,"Ouf! La France n’est pas d’extrême droite.  
C’est une belle victoire pour la République et tous ceux qui la défendent.",alouismars,,718918,Alexandra Louis,ALouisMars,twitter.com/ALouisMars|twitter.com/ALouisDeputee13,LAREM,La République en Marche
1809158675543802097,Fri Jul 05 09:33:35 +0000 2024,"RT @NadiaHAI78: @ALouisMars Cette dame a été députée pendant 2 ans …🤦‍♀️
C’est cette même personne qui, à chacune de ses interventions, exc…",alouismars,alouismars; nadiahai78,718918,Alexandra Louis,ALouisMars,twitter.com/ALouisMars|twitter.com/ALouisDeputee13,LAREM,La République en Marche
1808878860450066462,Thu Jul 04 15:01:42 +0000 2024,"C’est extrêmement grave. En menaçant  les avocats, ils mettent en danger nos droits et nos libertés. J’espère que la justice sanctionnera ces individus. Voilà vers où nous emmène l’extrême droite.",alouismars,,718918,Alexandra Louis,ALouisMars,twitter.com/ALouisMars|twitter.com/ALouisDeputee13,LAREM,La République en Marche
1808785778870243488,Thu Jul 04 08:51:49 +0000 2024,"Entre les candidats incompétents, les racistes et antisémites, ceux qui se planquent et maintenant les délinquants, le RN nous dévoile ses vrais visages. S’ils sont élus, on va difficilement pouvoir parler de représentation nationale.",alouismars,,718918,Alexandra Louis,ALouisMars,twitter.com/ALouisMars|twitter.com/ALouisDeputee13,LAREM,La République en Marche
1808785773375680531,Thu Jul 04 08:51:48 +0000 2024,"Voilà pourquoi elle refuse le débat. Celui de 2022 a démontré son incompétence.  Elle ne connaît rien aux sujets de sécurité. Elle a réinventé le casier judiciaire, la présomption d’innocence et nous parle de «  peines de plancher ». Dire qu’elle était en commission des lois. https://t.co/bd8CRqUpeP",alouismars,,718918,Alexandra Louis,ALouisMars,twitter.com/ALouisMars|twitter.com/ALouisDeputee13,LAREM,La République en Marche
1568253098639892484,Fri Sep 09 15:00:50 +0000 2022,"RT @cestrosi: C’est avec une vive émotion que #Nice06 rend un hommage digne à Sa Majesté la Reine Elizabeth II, aux côtés de la Consule hon…",marinebrenier,cestrosi,713448,Marine Brenier,marinebrenier,twitter.com/marinebrenier,LC,"Les Constructifs : républicains, UDI, indépendants"
1567537024722157569,Wed Sep 07 15:35:24 +0000 2022,"Journée de visites dans les crèches municipales 👶🏼 en commençant par les Coquelicots, puis l’arbre bleu et enfin les petits loups. Heureuse de pouvoir rencontrer nos agents qui accueillent avec dévouement et passion nos petits niçois. https://t.co/wAXBFtMsal",marinebrenier,,713448,Marine Brenier,marinebrenier,twitter.com/marinebrenier,LC,"Les Constructifs : républicains, UDI, indépendants"
1567196894467702784,Tue Sep 06 17:03:51 +0000 2022,"Merci à @YaelBRAUNPIVET, Présidente de l’@AssembleeNat, d’avoir rappelé notre travail transpartisan sur la #FinDeVie et de s’engager à ce qu’un texte soit enfin voté. C’est une grande fierté pour moi d’avoir participé à ce combat pour un droit fondamental. https://t.co/4b1GmS40Mf",marinebrenier,assembleenat; yaelbraunpivet,713448,Marine Brenier,marinebrenier,twitter.com/marinebrenier,LC,"Les Constructifs : républicains, UDI, indépendants"
1566819201444184064,Mon Sep 05 16:03:02 +0000 2022,Merci à @cestrosi de me faire l’honneur de succéder à mon amie @laure_rubi à la délégation de la famille et la petite enfance dans notre merveilleuse @VilledeNice. Je ferai mon maximum pour être à la hauteur de ces nouvelles missions et du travail entrepris. https://t.co/cXqbfjT3zD,marinebrenier,cestrosi; laure_rubi; villedenice,713448,Marine Brenier,marinebrenier,twitter.com/marinebrenier,LC,"Les Constructifs : républicains, UDI, indépendants"
1566743266736881667,Mon Sep 05 11:01:18 +0000 2022,"RT @JonathanDenis: 📻 Sur @franceinter ce matin, la présidente de l’@AssembleeNat, @YaelBRAUNPIVET a appelé à ouvrir rapidement le débat sur…",marinebrenier,assembleenat; franceinter; jonathandenis; yaelbraunpivet,713448,Marine Brenier,marinebrenier,twitter.com/marinebrenier,LC,"Les Constructifs : républicains, UDI, indépendants"
1566674616172646401,Mon Sep 05 06:28:30 +0000 2022,"Ce sont des journées douloureuses mais ô combien nécessaires qui démarrent aujourd’hui. Pensées aux victimes, à leurs familles et aux secours qui ce 14 juillet 2016 ont connu l’horreur humaine. #procès #attentatdeNice https://t.co/xMiKTUaq61",marinebrenier,,713448,Marine Brenier,marinebrenier,twitter.com/marinebrenier,LC,"Les Constructifs : républicains, UDI, indépendants"
1565801741983129600,Fri Sep 02 20:40:01 +0000 2022,"Nous étions 6000 ce soir autour de notre Maire @cestrosi. Malgré la pluie annoncée, rien ne décourage les @AmisDuMaire de se retrouver pour ce beau moment de rentrée. Merci à vous tous de votre présence et votre fidélité. https://t.co/TEPNK63sHL",marinebrenier,amisdumaire; cestrosi,713448,Marine Brenier,marinebrenier,twitter.com/marinebrenier,LC,"Les Constructifs : républicains, UDI, indépendants"
1565635317062897666,Fri Sep 02 09:38:42 +0000 2022,"RT @anthony_borre: Après plus d’un an de combat, nous évacuons avec @cestrosi, le campement de l’autopont, à l’Ouest de #Nice06!

Un soulag…",marinebrenier,anthony_borre; cestrosi,713448,Marine Brenier,marinebrenier,twitter.com/marinebrenier,LC,"Les Constructifs : républicains, UDI, indépendants"
1565635262872428544,Fri Sep 02 09:38:29 +0000 2022,RT @PPLeonelli: Merci aux 14 agents de la propreté et de la collecte qui sont intervenus ce matin en présence de @cestrosi pour évacuer 15…,marinebrenier,cestrosi; ppleonelli,713448,Marine Brenier,marinebrenier,twitter.com/marinebrenier,LC,"Les Constructifs : républicains, UDI, indépendants"
1565633197525925890,Fri Sep 02 09:30:17 +0000 2022,RT @bailetmonique: Le campement de l’auto pont du bd Mercantour évacué ce matin . Une immense satisfaction pour tous les riverains qui subi…,marinebrenier,bailetmonique,713448,Marine Brenier,marinebrenier,twitter.com/marinebrenier,LC,"Les Constructifs : républicains, UDI, indépendants"
1565252277123923976,Thu Sep 01 08:16:38 +0000 2022,"Une formidable avancée pour l’interconnexion des transports et faciliter la vie des azuréens. Avec le chantier de la voie rapide et le raccordement à l’A8, nous avons 2 belles réalisations en cours pour l’Ouest de #Nice06 grâce à l’implication de la @VilledeNice et @MetropoleNCA",marinebrenier,metropolenca; villedenice,713448,Marine Brenier,marinebrenier,twitter.com/marinebrenier,LC,"Les Constructifs : républicains, UDI, indépendants"
1564231882954477569,Mon Aug 29 12:41:57 +0000 2022,Merci au Procureur de la République @XavierBonhomme1 pour son intervention. Ni oubli ni pardon. #attentat #Nice06,marinebrenier,xavierbonhomme1,713448,Marine Brenier,marinebrenier,twitter.com/marinebrenier,LC,"Les Constructifs : républicains, UDI, indépendants"
1563982063686017025,Sun Aug 28 20:09:16 +0000 2022,"RT @cestrosi: A quelques jours du début du procès, des messages ignobles faisant référence à l’attentat de #Nice06 sont diffusés sur les ré…",marinebrenier,cestrosi,713448,Marine Brenier,marinebrenier,twitter.com/marinebrenier,LC,"Les Constructifs : républicains, UDI, indépendants"
1562923979546951680,Thu Aug 25 22:04:49 +0000 2022,"Quel match ! 
Ce soir l’@ogcnice nous offre l’Europe ! Une ambiance de folie, un match à 10, mais la victoire d’une merveilleuse équipe à la clef ! 
Bravo aux aiglons, avanti Nissa 🔴⚫️",marinebrenier,ogcnice,713448,Marine Brenier,marinebrenier,twitter.com/marinebrenier,LC,"Les Constructifs : républicains, UDI, indépendants"
1560519576705646592,Fri Aug 19 06:50:34 +0000 2022,"RT @pierre_fiori: Livraison des nouvelles peintures pour le Groupe Scolaire des #Magnolias.
Dans les écoles de la @VilledeNice on termine l…",marinebrenier,pierre_fiori; villedenice,713448,Marine Brenier,marinebrenier,twitter.com/marinebrenier,LC,"Les Constructifs : républicains, UDI, indépendants"
1557720393787576320,Thu Aug 11 13:27:37 +0000 2022,RT @pierre_fiori: Avec @cestrosi et @JeanLucGag nous profitons des vacances scolaires pour #Rénover #Embellir #Moderniser les écoles de la…,marinebrenier,cestrosi; jeanlucgag; pierre_fiori,713448,Marine Brenier,marinebrenier,twitter.com/marinebrenier,LC,"Les Constructifs : républicains, UDI, indépendants"
1556591846935171072,Mon Aug 08 10:43:11 +0000 2022,"C’est drôle de la part de celui qui refuse de laisser le Président du département représenter son institution à Nice. Tous les conseillers métropolitains de la majorité sont légitimes pour représenter la Métropole. Comme toujours vos remarques sont petites, stériles et inutiles.",marinebrenier,,713448,Marine Brenier,marinebrenier,twitter.com/marinebrenier,LC,"Les Constructifs : républicains, UDI, indépendants"
1556190909527728129,Sun Aug 07 08:10:00 +0000 2022,"Fête patronale de @StEtienne_Auron 
Quel plaisir de voir le village animé pendant ces quelques jours de festivités mêlant traditions et modernité. Bravo au comité des fêtes et à sa présidente Chloé Fabron pour leur dévouement. https://t.co/YyyaWOAsYl",marinebrenier,stetienne_auron,713448,Marine Brenier,marinebrenier,twitter.com/marinebrenier,LC,"Les Constructifs : républicains, UDI, indépendants"
1551512360879276032,Mon Jul 25 10:19:07 +0000 2022,"En déboulonnant Nicolas #Sarkozy, Éric Ciotti veut incarner le courant woke de sa « droite », celle qui renie la grande époque d’une droite forte, unie et rassemblée qui manque tant à notre pays. Mais c’est dans son habitude de renier ceux qui l’ont fait gagner.",marinebrenier,,713448,Marine Brenier,marinebrenier,twitter.com/marinebrenier,LC,"Les Constructifs : républicains, UDI, indépendants"
1550441169510977537,Fri Jul 22 11:22:35 +0000 2022,"RT @cestrosi: En octobre 2020, la #TempêteAlex détruisait la Route de la Madone. 14 brèches, 2 ouvrages d’art emportés et ce glissement de…",marinebrenier,cestrosi,713448,Marine Brenier,marinebrenier,twitter.com/marinebrenier,LC,"Les Constructifs : républicains, UDI, indépendants"
1927416303435812990,Tue May 27 17:27:11 +0000 2025,"RT @iflorennes92: À Erevan avec @jnbarrot, nous avons rendu hommage aux victimes du genocide arménien 🇦🇲 ainsi qu’au vice-amiral Dartige du…",flprovendier,iflorennes92; jnbarrot,722194,Florence Provendier,flprovendier,twitter.com/flprovendier,LAREM,La République en Marche
1927397615416578330,Tue May 27 16:12:55 +0000 2025,"RT @jnbarrot: Théo Clerc est de retour en France, après 422 jours en détention, à la faveur d’une grâce du président de l’Azerbaïdjan. Imme…",flprovendier,jnbarrot,722194,Florence Provendier,flprovendier,twitter.com/flprovendier,LAREM,La République en Marche
1927285452769243277,Tue May 27 08:47:13 +0000 2025,"🇫🇷🇦🇲Le ministre @jnbarrot réaffirme le soutien indéfectible de la France au développement et au renforcement des capacités de l’Arménie à Erevan :
Signature de nouveaux accords de dans les domaines politiques et économiques. 
Position commune en faveur de l’accord de Paix https://t.co/hkMHe4daVs",flprovendier,jnbarrot,722194,Florence Provendier,flprovendier,twitter.com/flprovendier,LAREM,La République en Marche
1927233277439443256,Tue May 27 05:19:54 +0000 2025,RT @francediplo_EN: #Armenia | @jnbarrot and @AraratMirzoyan have concluded cooperation agreements between the 🇫🇷 and 🇦🇲 Foreign Ministries…,flprovendier,araratmirzoyan; francediplo_en; jnbarrot,722194,Florence Provendier,flprovendier,twitter.com/flprovendier,LAREM,La République en Marche
1927106198303547495,Mon May 26 20:54:56 +0000 2025,"RT @francediplo: #Arménie | @jnbarrot a été reçu en audience par le Premier Ministre 🇦🇲 @NikolPashinyan. 
La 🇫🇷 est déterminée à  accompagn…",flprovendier,francediplo; jnbarrot; nikolpashinyan,722194,Florence Provendier,flprovendier,twitter.com/flprovendier,LAREM,La République en Marche
1927104738820010215,Mon May 26 20:49:08 +0000 2025,"RT @jnbarrot: Hommage aux victimes du Génocide des Arméniens, et au courage du vice-amiral Louis Dartige du Fournet, qui a rompu le rang po…",flprovendier,jnbarrot,722194,Florence Provendier,flprovendier,twitter.com/flprovendier,LAREM,La République en Marche
1927021682666922240,Mon May 26 15:19:06 +0000 2025,RT @francediplo: #Arménie | @jnbarrot et @AraratMirzoyan ont conclu des accords de coopération entre les ministères des Affaires étrangères…,flprovendier,araratmirzoyan; francediplo; jnbarrot,722194,Florence Provendier,flprovendier,twitter.com/flprovendier,LAREM,La République en Marche
1926622951786377630,Sun May 25 12:54:41 +0000 2025,"RT @YerevanDialogue: .@jnbarrot, Minister for Europe and Foreign Affairs, France, will join us at the #YerevanDialogue2025

🗓 26–27 May 202…",flprovendier,jnbarrot; yerevandialogue,722194,Florence Provendier,flprovendier,twitter.com/flprovendier,LAREM,La République en Marche
1926622441322811778,Sun May 25 12:52:39 +0000 2025,"RT @jchribuisson: Ce procès de la honte dont tout le monde se fout...
Pensées aux anciens dirigeants civils et militaires de l'#Artsakh #Ha…",flprovendier,jchribuisson,722194,Florence Provendier,flprovendier,twitter.com/flprovendier,LAREM,La République en Marche
1926622209155502348,Sun May 25 12:51:44 +0000 2025,"RT @BernardLehut: 190 jours de détention pour Boualem Sansal, 190 jours de trop.
#avecboualemsansal https://t.co/1KISheI3Xj",flprovendier,bernardlehut,722194,Florence Provendier,flprovendier,twitter.com/flprovendier,LAREM,La République en Marche
1926197343625375969,Sat May 24 08:43:28 +0000 2025,"RT @fdevedjian: L’Arménie 🇦🇲 terre d’innovation et d’investissements 🔬💻📈💵

Classement 2025 de @StartupBlink

✅ Pays: #Arménie #54 et 🥇en As…",flprovendier,fdevedjian; startupblink,722194,Florence Provendier,flprovendier,twitter.com/flprovendier,LAREM,La République en Marche
1926194476369707406,Sat May 24 08:32:04 +0000 2025,"RT @BernardLehut: 189 jours de détention pour Boualem Sansal, 189 jours de trop.
#avecboualemsansal https://t.co/MxoI9EiYuC",flprovendier,bernardlehut,722194,Florence Provendier,flprovendier,twitter.com/flprovendier,LAREM,La République en Marche
1925579109372985853,Thu May 22 15:46:49 +0000 2025,"RT @CSoutienBS: 187 jours que Boualem Sansal est privé de liberté. 187 jours de censure. 187 jours de trop. 
#LiberezBoualemSansal https://…",flprovendier,csoutienbs,722194,Florence Provendier,flprovendier,twitter.com/flprovendier,LAREM,La République en Marche
1924793578955345936,Tue May 20 11:45:24 +0000 2025,"RT @BernardLehut: 185 jours de détention pour Boualem Sansal, 185 jours de trop.
#avecboualemsansal https://t.co/PnttAnQY5I",flprovendier,bernardlehut,722194,Florence Provendier,flprovendier,twitter.com/flprovendier,LAREM,La République en Marche
1924147283379065290,Sun May 18 16:57:15 +0000 2025,RT @francediplo: Des allégations totalement infondées circulent sur Telegram et Twitter concernant une prétendue ingérence de la France dan…,flprovendier,francediplo,722194,Florence Provendier,flprovendier,twitter.com/flprovendier,LAREM,La République en Marche
1924115869480722653,Sun May 18 14:52:26 +0000 2025,"RT @Collectif_VAN: Journées d'Etudes Arméniennes à l'@Inalco du 21 mai au 6 juin 2025.
Au programme du 6 juin, à 9h50, #Manouchian et les c…",flprovendier,collectif_van; inalco,722194,Florence Provendier,flprovendier,twitter.com/flprovendier,LAREM,La République en Marche
1924085887941406762,Sun May 18 12:53:18 +0000 2025,"RT @BernardLehut: 183 jours de détention pour Boualem Sansal, 183 jours de trop.
#avecboualemsansal https://t.co/dATRdM3HqL",flprovendier,bernardlehut,722194,Florence Provendier,flprovendier,twitter.com/flprovendier,LAREM,La République en Marche
1923278284789342572,Fri May 16 07:24:10 +0000 2025,"RT @BernardLehut: Il y a 6 mois jour pour jour, le 16 novembre 2024, Boualem Sansal était arrêté en Algérie : 181 jours de détention, 181 j…",flprovendier,bernardlehut,722194,Florence Provendier,flprovendier,twitter.com/flprovendier,LAREM,La République en Marche
1922571363547578845,Wed May 14 08:35:07 +0000 2025,"RT @BernardLehut: 179 jours de détention pour Boualem Sansal, 179 jours de trop.
#avecboualemsansal : l’écrivain récompensé par la @SGDLAut…",flprovendier,bernardlehut; sgdlaut,722194,Florence Provendier,flprovendier,twitter.com/flprovendier,LAREM,La République en Marche
1922240944755061193,Tue May 13 10:42:09 +0000 2025,"RT @O_Decottignies: 🇫🇷🇦🇲 Le remplissage du réservoir de Vedi a commencé !

➡️ Financé à 80% par l'Agence française développement, c'est le…",flprovendier,o_decottignies,722194,Florence Provendier,flprovendier,twitter.com/flprovendier,LAREM,La République en Marche
1808756357249601861,Thu Jul 04 06:54:55 +0000 2024,"RT @E_DupondM: À partir de combien de brebis galeuses peut-on parler de troupeau? 

@J_Bardella jure que « 99,9% de ses candidats ne posent…",alouismars,e_dupondm; j_bardella,718918,Alexandra Louis,ALouisMars,twitter.com/ALouisMars|twitter.com/ALouisDeputee13,LAREM,La République en Marche
1808210947364082117,Tue Jul 02 18:47:39 +0000 2024,L’extrême droite n’a pas changé et ne changera jamais. La preuve en image.,alouismars,,718918,Alexandra Louis,ALouisMars,twitter.com/ALouisMars|twitter.com/ALouisDeputee13,LAREM,La République en Marche
1808208797321613600,Tue Jul 02 18:39:06 +0000 2024,"Gisèle LeLouis fuit le débat car elle est trop lâche pour assumer son incompétence. Elle ne propose rien à part des slogans creux. Si le RN gagne une majorité absolue, il précipitera cette circonscription dans la misère  et la division. Il sera difficile de revenir en arrière.",alouismars,,718918,Alexandra Louis,ALouisMars,twitter.com/ALouisMars|twitter.com/ALouisDeputee13,LAREM,La République en Marche
1808209728713249300,Tue Jul 02 18:42:48 +0000 2024,Je précise que cette dame d’extrême droite m’a bloquée lorsque j’ai opposé des arguments à ses pseudos mesures contre le trafic de drogue. Il n’est pas étonnant qu’elle fuit les débats comme la peste! https://t.co/WTl4inuDnz,alouismars,,718918,Alexandra Louis,ALouisMars,twitter.com/ALouisMars|twitter.com/ALouisDeputee13,LAREM,La République en Marche
1808195216630833238,Tue Jul 02 17:45:08 +0000 2024,RT @blancgerard13: Le travail acharné d’@ALouisMars @Wiktorzam @ChloeBernigaud contre l’habitat indigne de 2017 à 2022 a fini par payer ave…,alouismars,alouismars; blancgerard13; chloebernigaud; wiktorzam,718918,Alexandra Louis,ALouisMars,twitter.com/ALouisMars|twitter.com/ALouisDeputee13,LAREM,La République en Marche
1808186494915346467,Tue Jul 02 17:10:29 +0000 2024,"RT @E_DupondM: À ceux qui me disent que parler du racisme du Front national est un argument « ringard et éculé », que « tout ça remonte aux…",alouismars,e_dupondm,718918,Alexandra Louis,ALouisMars,twitter.com/ALouisMars|twitter.com/ALouisDeputee13,LAREM,La République en Marche
1807727434839531611,Mon Jul 01 10:46:21 +0000 2024,Pas une voix pour l’extrême droite incarnée par le RN.,alouismars,,718918,Alexandra Louis,ALouisMars,twitter.com/ALouisMars|twitter.com/ALouisDeputee13,LAREM,La République en Marche
1807708304732299718,Mon Jul 01 09:30:20 +0000 2024,"RT @LCI: 🗣️""Nous nous battons pour éviter que l'extrême droite prenne le pouvoir dans notre pays"" : @Ambroise_Mejean explique ""la position…",alouismars,ambroise_mejean; lci,718918,Alexandra Louis,ALouisMars,twitter.com/ALouisMars|twitter.com/ALouisDeputee13,LAREM,La République en Marche
1807493754930020401,Sun Jun 30 19:17:47 +0000 2024,"RT @Renaissance: La position de Renaissance a toujours été d'être un rempart face à l'extrême-droite.

Le 7 juillet, faisons le choix de la…",alouismars,renaissance,718918,Alexandra Louis,ALouisMars,twitter.com/ALouisMars|twitter.com/ALouisDeputee13,LAREM,La République en Marche
1807320512122515820,Sun Jun 30 07:49:23 +0000 2024,RT @UEFrance: Rescapée de la Shoah. Première Présidente du Parlement européen. Défenseure des droits des femmes. Académicienne. Panthéonisé…,alouismars,uefrance,718918,Alexandra Louis,ALouisMars,twitter.com/ALouisMars|twitter.com/ALouisDeputee13,LAREM,La République en Marche
1807071886041285009,Sat Jun 29 15:21:26 +0000 2024,Le talent ne meurt jamais.,alouismars,,718918,Alexandra Louis,ALouisMars,twitter.com/ALouisMars|twitter.com/ALouisDeputee13,LAREM,La République en Marche
1806756646359552426,Fri Jun 28 18:28:47 +0000 2024,"Dimanche, nous allons faire un choix décisif pour l’avenir de notre pays. Je voterai pour un candidat qui défend nos valeurs républicaines et propose des mesures réalistes. Ne cédons rien aux extrêmes.
#EnsemblePourLaRepublique",alouismars,,718918,Alexandra Louis,ALouisMars,twitter.com/ALouisMars|twitter.com/ALouisDeputee13,LAREM,La République en Marche
1806739721927921976,Fri Jun 28 17:21:31 +0000 2024,"Si vous avez la chance d’habiter la circonscription de @ZITOUNISouad3 alors vous avez l’occasion de voter pour une femme engagée,  dévouée à l’intérêt général et qui défend comme avocate et candidate nos valeurs républicaines.",alouismars,zitounisouad3,718918,Alexandra Louis,ALouisMars,twitter.com/ALouisMars|twitter.com/ALouisDeputee13,LAREM,La République en Marche
1806576525371715975,Fri Jun 28 06:33:02 +0000 2024,"La discrimination devient une règle de droit avec le #RN. Une pensée pour tous nos concitoyens ayant une double nationalité qui se dévouent pour l’intérêt général (infirmiers, médecins, policiers, pompiers,…)  #legislative2024",alouismars,,718918,Alexandra Louis,ALouisMars,twitter.com/ALouisMars|twitter.com/ALouisDeputee13,LAREM,La République en Marche
1806408933361205463,Thu Jun 27 19:27:05 +0000 2024,RT @GabrielAttal: https://t.co/senkns7xvq 👀 https://t.co/QWcMT817dB,alouismars,gabrielattal,718918,Alexandra Louis,ALouisMars,twitter.com/ALouisMars|twitter.com/ALouisDeputee13,LAREM,La République en Marche
1806398917082325412,Thu Jun 27 18:47:17 +0000 2024,"RT @GabrielAttal: J'ai la chance et l'honneur d'exercer les fonctions de Premier ministre depuis désormais près de six mois.

C'est une fon…",alouismars,gabrielattal,718918,Alexandra Louis,ALouisMars,twitter.com/ALouisMars|twitter.com/ALouisDeputee13,LAREM,La République en Marche
1806383059630956805,Thu Jun 27 17:44:17 +0000 2024,La montée de l’extrême droite s’accompagne toujours de la libération des haines. Ce racisme est un fléau qu’il faut  combattre sans relâche et sans la moindre tolérance.,alouismars,,718918,Alexandra Louis,ALouisMars,twitter.com/ALouisMars|twitter.com/ALouisDeputee13,LAREM,La République en Marche
1806380175061323817,Thu Jun 27 17:32:49 +0000 2024,"RT @Maxime_Boudet: 🔹 Échanger avec @NBelloubet : respect, valeurs de la République, mixité, solutions pour les élèves décrocheurs, lutte co…",alouismars,maxime_boudet; nbelloubet,718918,Alexandra Louis,ALouisMars,twitter.com/ALouisMars|twitter.com/ALouisDeputee13,LAREM,La République en Marche
1806306624526578165,Thu Jun 27 12:40:33 +0000 2024,"RT @RCJRADIO: ""Là où le vote LFI débride l'antisémitisme islamiste, le vote RN débriderait le racisme ET l'antisémitisme, complotiste et ré…",alouismars,rcjradio,718918,Alexandra Louis,ALouisMars,twitter.com/ALouisMars|twitter.com/ALouisDeputee13,LAREM,La République en Marche
1806249932380057817,Thu Jun 27 08:55:17 +0000 2024,RT @NathalieLoiseau: Vladimir Poutine serait le grand gagnant en cas de victoire du RN.,alouismars,nathalieloiseau,718918,Alexandra Louis,ALouisMars,twitter.com/ALouisMars|twitter.com/ALouisDeputee13,LAREM,La République en Marche
1548975879291867137,Mon Jul 18 10:20:02 +0000 2022,"L’UE veut réduire notre dépendance au gaz russe mais pour cela, elle se tourne désormais vers le gaz azéri. Pour rappel, ce pays dirigé par le dictateur Aliev a usé en 2020 des mêmes méthodes et armes que la Russie contre l’Ukraine, contre le peuple arménien. #2poids2mesures",marinebrenier,,713448,Marine Brenier,marinebrenier,twitter.com/marinebrenier,LC,"Les Constructifs : républicains, UDI, indépendants"
1547508895417073664,Thu Jul 14 09:10:46 +0000 2022,"#14Juillet 2016 - 2022

Ni oubli ni pardon. https://t.co/wdM1npUI5x",marinebrenier,,713448,Marine Brenier,marinebrenier,twitter.com/marinebrenier,LC,"Les Constructifs : républicains, UDI, indépendants"
2026372664777126389,Tue Feb 24 19:04:26 +0000 2026,Esta es tu invitación para formar parte de la historia. Haz tu depósito hoy y asegura acceso prioritario a los paquetes de Hospitalidad Olímpica de LA28.,olympicshosp,,,,,,,
1547493267297681409,Thu Jul 14 08:08:40 +0000 2022,"RT @cestrosi: #14juillet 2016 - 14 juillet 2022

Pensées pour nos 86 anges, pour les victimes du terrorisme et de la barbarie. https://t.co…",marinebrenier,cestrosi,713448,Marine Brenier,marinebrenier,twitter.com/marinebrenier,LC,"Les Constructifs : républicains, UDI, indépendants"
1547214948132077568,Wed Jul 13 13:42:44 +0000 2022,"Il y a quelques mois, avec une délégation parlementaire et @JeanLucRomero , nous avions rencontré le Docteur Damas en Belgique pour échanger sur notre volonté de faire avancer la loi sur la #findevie en France. Merci à @ARTEfr de diffuser ce soir ce film. https://t.co/gMa6k4m4qI",marinebrenier,artefr; jeanlucromero,713448,Marine Brenier,marinebrenier,twitter.com/marinebrenier,LC,"Les Constructifs : républicains, UDI, indépendants"
1547213407266504704,Wed Jul 13 13:36:36 +0000 2022,RT @MetropoleNCA: Ces travaux sur la Route de la Madone contribuent au maintien de l’activité économique et touristique dans la vallée de l…,marinebrenier,metropolenca,713448,Marine Brenier,marinebrenier,twitter.com/marinebrenier,LC,"Les Constructifs : républicains, UDI, indépendants"
1547213392527638529,Wed Jul 13 13:36:33 +0000 2022,"RT @MetropoleNCA: Sur les 1️⃣2️⃣,5️⃣ km de la route de la Madone (RM 94), la #TempeteAlex a impacté 4️⃣ km.

Depuis octobre 2020, nos servi…",marinebrenier,metropolenca,713448,Marine Brenier,marinebrenier,twitter.com/marinebrenier,LC,"Les Constructifs : républicains, UDI, indépendants"
1547152773237587969,Wed Jul 13 09:35:40 +0000 2022,RT @PPLeonelli: Je suis très heureux de vous informer en ma qualité de Président des #AmisduMaire du retour de Lou Festin Nissart autour de…,marinebrenier,ppleonelli,713448,Marine Brenier,marinebrenier,twitter.com/marinebrenier,LC,"Les Constructifs : républicains, UDI, indépendants"
1545421473044643841,Fri Jul 08 14:56:06 +0000 2022,"Devant les menaces qui pèsent sur la France et les Français, les policiers nationaux sont notre rempart.

À l’occasion de la #JournéeDeLaPoliceNationale, je veux saluer l’engagement de ces femmes et de ces hommes en première ligne.

Merci 🇫🇷 https://t.co/LQgmusUc20",marinebrenier,,713448,Marine Brenier,marinebrenier,twitter.com/marinebrenier,LC,"Les Constructifs : républicains, UDI, indépendants"
1545100083154280450,Thu Jul 07 17:39:01 +0000 2022,"Face à la recrudescence de l’épidémie de la Covid, @cestrosi agit en instaurant le port du masque dans les transports. Nous prenons une décision juste et responsable pour protéger les Niçois pendant que d’autres restent dans des basses postures politiciennes et stériles.",marinebrenier,cestrosi,713448,Marine Brenier,marinebrenier,twitter.com/marinebrenier,LC,"Les Constructifs : républicains, UDI, indépendants"
1544752542340481029,Wed Jul 06 18:38:00 +0000 2022,RT @bailetmonique: Tous aux Arènes de Cimiez pour une soirée conviviale des Amis du Maire autour de Christian Estrosi. Au plaisir de vous y…,marinebrenier,bailetmonique,713448,Marine Brenier,marinebrenier,twitter.com/marinebrenier,LC,"Les Constructifs : républicains, UDI, indépendants"
1544354374482370562,Tue Jul 05 16:15:50 +0000 2022,"En ce 5 juillet je pense aux victimes du massacre d’Oran. Ne jamais oublier. Respecter notre devoir de mémoire.

https://t.co/7GV9TvXcaT",marinebrenier,,713448,Marine Brenier,marinebrenier,twitter.com/marinebrenier,LC,"Les Constructifs : républicains, UDI, indépendants"
1543166309210460161,Sat Jul 02 09:34:53 +0000 2022,"RT @ADMDFRANCE: 🎂 Nous souhaitons un très bel anniversaire à notre marraine @linerenaud, passez une merveilleuse journée chère Line ! 
📹 L'…",marinebrenier,admdfrance; linerenaud,713448,Marine Brenier,marinebrenier,twitter.com/marinebrenier,LC,"Les Constructifs : républicains, UDI, indépendants"
1542848743871053825,Fri Jul 01 12:32:59 +0000 2022,"RT @EFS_dondesang: 📣 Nous demandons à chaque française, chaque français en capacité de donner son sang de faire ce geste solidaire.
Prenez…",marinebrenier,efs_dondesang,713448,Marine Brenier,marinebrenier,twitter.com/marinebrenier,LC,"Les Constructifs : républicains, UDI, indépendants"
1542848709213429760,Fri Jul 01 12:32:51 +0000 2022,"RT @EFS_dondesang: 🅰️🅱️🅾️ Les stocks sont aujourd'hui inférieurs à 90 000 poches.
Nous devons atteindre 110 000 poches d'ici mi-juillet pou…",marinebrenier,efs_dondesang,713448,Marine Brenier,marinebrenier,twitter.com/marinebrenier,LC,"Les Constructifs : républicains, UDI, indépendants"
1542848687206027265,Fri Jul 01 12:32:46 +0000 2022,RT @EFS_dondesang: ⚠️ Le niveau des réserves de sang de la France est historiquement bas. Une situation critique à la veille des départs en…,marinebrenier,efs_dondesang,713448,Marine Brenier,marinebrenier,twitter.com/marinebrenier,LC,"Les Constructifs : républicains, UDI, indépendants"
1542848657963323392,Fri Jul 01 12:32:39 +0000 2022,"RT @EFS_dondesang: 🔴 Pour la 2e fois de notre histoire et à moins de 6 mois d'intervalle, nous publions un bulletin d'urgence vitale.
#Urge…",marinebrenier,efs_dondesang,713448,Marine Brenier,marinebrenier,twitter.com/marinebrenier,LC,"Les Constructifs : républicains, UDI, indépendants"
1542848650644279296,Fri Jul 01 12:32:37 +0000 2022,"RT @EFS_dondesang: 29 juin 2022, un jour historique pour l'EFS !
Pourtant, il n'y a vraiment pas de quoi s'en réjouir 👇
#UrgenceDonDeSang",marinebrenier,efs_dondesang,713448,Marine Brenier,marinebrenier,twitter.com/marinebrenier,LC,"Les Constructifs : républicains, UDI, indépendants"
1541834409883697152,Tue Jun 28 17:22:23 +0000 2022,Félicitations chère @YaelBRAUNPIVET pour ton élection à la Présidence de l’@AssembleeNat. Fière d’avoir partagé avec toi ce combat fondamental pour une #findevielibre. Tu seras une grande Présidente pour cette belle institution.,marinebrenier,assembleenat; yaelbraunpivet,713448,Marine Brenier,marinebrenier,twitter.com/marinebrenier,LC,"Les Constructifs : républicains, UDI, indépendants"
1538891869563797504,Mon Jun 20 14:29:47 +0000 2022,https://t.co/FdaZNfESyl,marinebrenier,,713448,Marine Brenier,marinebrenier,twitter.com/marinebrenier,LC,"Les Constructifs : républicains, UDI, indépendants"
1538486668155658241,Sun Jun 19 11:39:40 +0000 2022,A voté ! 🗳 #legislatives2022 https://t.co/LmPdltMKXZ,marinebrenier,,713448,Marine Brenier,marinebrenier,twitter.com/marinebrenier,LC,"Les Constructifs : républicains, UDI, indépendants"
1922240912295440669,Tue May 13 10:42:01 +0000 2025,"RT @BernardLehut: 178 jours de détention pour Boualem Sansal, 178 jours de trop.
#avecboualemsansal https://t.co/S14smc43it",flprovendier,bernardlehut,722194,Florence Provendier,flprovendier,twitter.com/flprovendier,LAREM,La République en Marche
1922045118741205114,Mon May 12 21:44:00 +0000 2025,"RT @BernardLehut: 177 jours de détention pour Boualem Sansal, 177 jours de trop.
#avecboualemsansal https://t.co/X6NYrx1UtR",flprovendier,bernardlehut,722194,Florence Provendier,flprovendier,twitter.com/flprovendier,LAREM,La République en Marche
1921796860181635523,Mon May 12 05:17:31 +0000 2025,"RT @Sifaoui: Lundi 12 mai 2025
Boualem #Sansal vient de passer sa 176e nuit en détention arbitraire. 

Il a été arrêté par la dictature alg…",flprovendier,sifaoui,722194,Florence Provendier,flprovendier,twitter.com/flprovendier,LAREM,La République en Marche
1921204373356466571,Sat May 10 14:03:11 +0000 2025,"RT @BernardLehut: 175 jours de détention pour Boualem Sansal, 175 jours de trop.
#avecboualemsansal https://t.co/oRugRyfmhp",flprovendier,bernardlehut,722194,Florence Provendier,flprovendier,twitter.com/flprovendier,LAREM,La République en Marche
1920556113931403759,Thu May 08 19:07:14 +0000 2025,RT @jnbarrot: Le Pape Léon XIV porte désormais l’espérance de millions de catholiques en France et dans le monde. Face aux crises et confli…,flprovendier,jnbarrot,722194,Florence Provendier,flprovendier,twitter.com/flprovendier,LAREM,La République en Marche
1920555946129994040,Thu May 08 19:06:34 +0000 2025,"RT @BernardLehut: 173 jours de détention pour Boualem Sansal, 173 jours de trop.
#avecboualemsansal https://t.co/DM6X7sVHmN",flprovendier,bernardlehut,722194,Florence Provendier,flprovendier,twitter.com/flprovendier,LAREM,La République en Marche
1920096084858126573,Wed May 07 12:39:14 +0000 2025,"RT @YaelBRAUNPIVET: Chaque jour passé loin de leur pays, loin de leurs proches, est une blessure.

Nos compatriotes Cécile Kohler et Jacque…",flprovendier,yaelbraunpivet,722194,Florence Provendier,flprovendier,twitter.com/flprovendier,LAREM,La République en Marche
1920091355310698809,Wed May 07 12:20:27 +0000 2025,"RT @benjaminhaddad: Indigne.

LFI vote contre la resolution de soutien à Boualem Sansal et explique que la France est fautive alors qu’elle…",flprovendier,benjaminhaddad,722194,Florence Provendier,flprovendier,twitter.com/flprovendier,LAREM,La République en Marche
1919718082517287288,Tue May 06 11:37:12 +0000 2025,"RT @BernardLehut: 171 jours de détention pour Boualem Sansal, 171 jours de trop.
#avecboualemsansal https://t.co/g8avxL1TU7",flprovendier,bernardlehut,722194,Florence Provendier,flprovendier,twitter.com/flprovendier,LAREM,La République en Marche
1919479590541541465,Mon May 05 19:49:31 +0000 2025,"RT @FreeCecile_: Cécile Kohler est otage depuis 3 ans !
Cette semaine, on se mobilise partout pour qu’elle ne soit pas oubliée.
👉Ajoutez #F…",flprovendier,freececile_,722194,Florence Provendier,flprovendier,twitter.com/flprovendier,LAREM,La République en Marche
1919333746114723893,Mon May 05 10:09:59 +0000 2025,"RT @BernardLehut: 170 jours de détention pour Boualem Sansal, 170 jours de trop.
#avecboualemsansal https://t.co/IIEY0NaKjn",flprovendier,bernardlehut,722194,Florence Provendier,flprovendier,twitter.com/flprovendier,LAREM,La République en Marche
1919036037696782777,Sun May 04 14:27:00 +0000 2025,"RT @O_Decottignies: Au classement mondial 2025 de la liberté de la presse de Reporters sans frontières, l'Arménie, 34ème  sur 180 pays, pro…",flprovendier,o_decottignies,722194,Florence Provendier,flprovendier,twitter.com/flprovendier,LAREM,La République en Marche
1918613901664551217,Sat May 03 10:29:34 +0000 2025,"RT @francediplo: La France 🇫🇷 réaffirme, en cette Journée mondiale de la #libertédelapresse, son attachement à une presse libre et condamne…",flprovendier,francediplo,722194,Florence Provendier,flprovendier,twitter.com/flprovendier,LAREM,La République en Marche
1918361142319005726,Fri May 02 17:45:12 +0000 2025,"RT @FreeCecile_: 1090 jours de détention pour Cécile et Jacques. 
Merci à France 2 d’avoir rappelé leur sort dans les JT de 13h et de 20h.…",flprovendier,freececile_,722194,Florence Provendier,flprovendier,twitter.com/flprovendier,LAREM,La République en Marche
1918295959794037135,Fri May 02 13:26:11 +0000 2025,"RT @BernardLehut: 167 jours de détention pour Boualem Sansal, 167 jours de trop.
#avecboualemsansal https://t.co/BCWy98HjgF",flprovendier,bernardlehut,722194,Florence Provendier,flprovendier,twitter.com/flprovendier,LAREM,La République en Marche
1917539821561540687,Wed Apr 30 11:21:34 +0000 2025,RT @franceinfo: INFO FRANCEINFO. Les présidents de trois départements accusés de ne pas avoir protégé des mineurs placés sous leur responsa…,flprovendier,franceinfo,722194,Florence Provendier,flprovendier,twitter.com/flprovendier,LAREM,La République en Marche
1917539657769767116,Wed Apr 30 11:20:55 +0000 2025,RT @assopapillons: C'est aujourd'hui la journée pour la non violence éducative.Mais tout le monde s'en moque.Ça fait pas le poids face au P…,flprovendier,assopapillons,722194,Florence Provendier,flprovendier,twitter.com/flprovendier,LAREM,La République en Marche
1917539591172591866,Wed Apr 30 11:20:39 +0000 2025,"RT @BernardLehut: 165 jours de détention pour Boualem Sansal, 165 jours de trop.
#avecboualemsansal https://t.co/uZsfFhCwo9",flprovendier,bernardlehut,722194,Florence Provendier,flprovendier,twitter.com/flprovendier,LAREM,La République en Marche
1806051429494231170,Wed Jun 26 19:46:30 +0000 2024,"RT @blancgerard13: @RNational_off @ClairePitollat 4/ sur le logement à Marseille,  la mairie  PS/LFI via @p_lecorche et la métropole LR  vi…",alouismars,blancgerard13; clairepitollat; p_lecorche; rnational_off,718918,Alexandra Louis,ALouisMars,twitter.com/ALouisMars|twitter.com/ALouisDeputee13,LAREM,La République en Marche
1805690219016196304,Tue Jun 25 19:51:10 +0000 2024,"RT @GabrielAttal: Dans la France de Jordan Bardella, un ouvrier de 31 ans doit payer des impôts mais un consultant ou un trader de 29 ans e…",alouismars,gabrielattal,718918,Alexandra Louis,ALouisMars,twitter.com/ALouisMars|twitter.com/ALouisDeputee13,LAREM,La République en Marche
1805682142539591742,Tue Jun 25 19:19:05 +0000 2024,Le seule à être clair sur ce point : Pas d’augmentation des impôts pour les français !,alouismars,,718918,Alexandra Louis,ALouisMars,twitter.com/ALouisMars|twitter.com/ALouisDeputee13,LAREM,La République en Marche
1805557303757692999,Tue Jun 25 11:03:01 +0000 2024,"Écouter, discuter et débattre de l’avenir de notre pays dans le 4e arrondissement de #Marseille avec notre candidat @Maxime_Boudet. 
Voter pour Maxime c’est voter pour un homme humble, humain et toujours à l’écoute, qui a consacré sa vie aux autres. https://t.co/wnEHIi8Glb",alouismars,maxime_boudet,718918,Alexandra Louis,ALouisMars,twitter.com/ALouisMars|twitter.com/ALouisDeputee13,LAREM,La République en Marche
1805550145506779533,Tue Jun 25 10:34:34 +0000 2024,"RT @Maxime_Boudet: 🔹 Merci à @isasavon, conseillère régionale et responsable @horizonsBDR, ainsi qu’à @ALouisMars, ancienne députée, pour l…",alouismars,alouismars; horizonsbdr; isasavon; maxime_boudet,718918,Alexandra Louis,ALouisMars,twitter.com/ALouisMars|twitter.com/ALouisDeputee13,LAREM,La République en Marche
1805272837931909501,Mon Jun 24 16:12:39 +0000 2024,"Entretien qui reflète justement le paysage politique actuel. 

« La radicalité est devenue la norme des échanges, elle a dévoyé la démocratie »",alouismars,,718918,Alexandra Louis,ALouisMars,twitter.com/ALouisMars|twitter.com/ALouisDeputee13,LAREM,La République en Marche
1805205391191532011,Mon Jun 24 11:44:39 +0000 2024,C’est tellement dommage. Cela aurait pu être l’occasion justement de leur permettre de découvrir ce grand avocat qui a permis notamment l’abolition de la peine de mort et qui a créé les premiers réseaux d’aide aux victimes.,alouismars,,718918,Alexandra Louis,ALouisMars,twitter.com/ALouisMars|twitter.com/ALouisDeputee13,LAREM,La République en Marche
1805142373619384646,Mon Jun 24 07:34:14 +0000 2024,"RT @RTLFrance: #LFI : ""Ce parti a réhabilité l'antisémitisme... Aujourd'hui, on peut être de gauche, antisémite et cool, cela s'appelle LFI…",alouismars,rtlfrance,718918,Alexandra Louis,ALouisMars,twitter.com/ALouisMars|twitter.com/ALouisDeputee13,LAREM,La République en Marche
1805142346826138048,Mon Jun 24 07:34:08 +0000 2024,"RT @Enthoven_R: Vous n'allez pas leur ""tenir tête"", vous allez leur offrir sur un plateau des candidats polarisants et dogmatiques  au 2nd…",alouismars,enthoven_r,718918,Alexandra Louis,ALouisMars,twitter.com/ALouisMars|twitter.com/ALouisDeputee13,LAREM,La République en Marche
1805137058287001876,Mon Jun 24 07:13:07 +0000 2024,"Éduquer les enfants permet de les protéger. En moyenne à chaque séance, un enfant victime de violences sexuelles est détecté.",alouismars,,718918,Alexandra Louis,ALouisMars,twitter.com/ALouisMars|twitter.com/ALouisDeputee13,LAREM,La République en Marche
1804930966793728416,Sun Jun 23 17:34:11 +0000 2024,RT @plantu: L’antisémitisme en France. https://t.co/5yxOY0xtIj,alouismars,plantu,718918,Alexandra Louis,ALouisMars,twitter.com/ALouisMars|twitter.com/ALouisDeputee13,LAREM,La République en Marche
1804464312376766669,Sat Jun 22 10:39:52 +0000 2024,"RT @Enthoven_R: Je suis un peu perdu dans toutes ces nuances ; le viol à Courbevoie d'une fillette de 12 ans aux cris de ""sale juive"" relev…",alouismars,enthoven_r,718918,Alexandra Louis,ALouisMars,twitter.com/ALouisMars|twitter.com/ALouisDeputee13,LAREM,La République en Marche
1804454156943360117,Sat Jun 22 09:59:30 +0000 2024,RT @E_DupondM: J’ai demandé aux chefs de la cour d’appel d’Orléans un rapport immédiat en vue de la suspension à titre conservatoire de la…,alouismars,e_dupondm,718918,Alexandra Louis,ALouisMars,twitter.com/ALouisMars|twitter.com/ALouisDeputee13,LAREM,La République en Marche
1804178966996975900,Fri Jun 21 15:46:00 +0000 2024,Je l’attendais depuis 2017. C’est un des symboles de l’habitat dégradé à Marseille.,alouismars,,718918,Alexandra Louis,ALouisMars,twitter.com/ALouisMars|twitter.com/ALouisDeputee13,LAREM,La République en Marche
1804182428086411500,Fri Jun 21 15:59:45 +0000 2024,Que de souvenirs. Une pensée pour les anciens habitants de ce bâtiment.,alouismars,,718918,Alexandra Louis,ALouisMars,twitter.com/ALouisMars|twitter.com/ALouisDeputee13,LAREM,La République en Marche
1804114982793089421,Fri Jun 21 11:31:45 +0000 2024,Cette séquence en dit long sur LFI.,alouismars,,718918,Alexandra Louis,ALouisMars,twitter.com/ALouisMars|twitter.com/ALouisDeputee13,LAREM,La République en Marche
1803843380985614724,Thu Jun 20 17:32:30 +0000 2024,« La gauche est en train de passer de « J’accuse » au banc des accusés ».,alouismars,,718918,Alexandra Louis,ALouisMars,twitter.com/ALouisMars|twitter.com/ALouisDeputee13,LAREM,La République en Marche
1803763295255417226,Thu Jun 20 12:14:16 +0000 2024,Le rêve vendu par le front populiste va devenir un cauchemar pour les patrons et salariés des petites entreprises. Des faillites et des licenciements!,alouismars,,718918,Alexandra Louis,ALouisMars,twitter.com/ALouisMars|twitter.com/ALouisDeputee13,LAREM,La République en Marche
1803750791980728343,Thu Jun 20 11:24:35 +0000 2024,"RT @BanonTristane: . @CaronAymericoff qui dénonce « une campagne de harcèlement haineuse » contre lui, c’est un peu Folcoche qui dénoncerai…",alouismars,banontristane; caronaymericoff,718918,Alexandra Louis,ALouisMars,twitter.com/ALouisMars|twitter.com/ALouisDeputee13,LAREM,La République en Marche
1803711754381250705,Thu Jun 20 08:49:28 +0000 2024,RT @laprovence: Qui est Maxime Boudet (majorité présidentielle) candidat dans la 5e circonscription des Bouches-du-Rhône ? 👉 https://t.co/A…,alouismars,laprovence,718918,Alexandra Louis,ALouisMars,twitter.com/ALouisMars|twitter.com/ALouisDeputee13,LAREM,La République en Marche
1537894195976802306,Fri Jun 17 20:25:23 +0000 2022,"Dimanche 19 juin, votez pour une 𝗗𝗲́𝗽𝘂𝘁𝗲́𝗲 𝘂𝘁𝗶𝗹𝗲 !

En participant à ces #législatives, il sera question de l’avenir de #Nice06, de notre territoire et de la France.

Retrouvez mon message aux habitants de la #circo0605 ⬇️
https://t.co/EgkOsiELvJ https://t.co/DOCAG0egOd",marinebrenier,,713448,Marine Brenier,marinebrenier,twitter.com/marinebrenier,LC,"Les Constructifs : républicains, UDI, indépendants"
1537886045143900161,Fri Jun 17 19:53:00 +0000 2022,"RT @cestrosi: Dimanche, donnons une #MajoritePresidentielle stable face aux risques de fragiliser la cohésion économique et sociale de notr…",marinebrenier,cestrosi,713448,Marine Brenier,marinebrenier,twitter.com/marinebrenier,LC,"Les Constructifs : républicains, UDI, indépendants"
1537832363912269824,Fri Jun 17 16:19:41 +0000 2022,"Comment ne pas passer au clos de boules de l’ABC Sainte-Marguerite présidé par mon cher ami Vincent Romeo! Un accueil et un lieu toujours aussi chaleureux, qui vit grâce à une équipe humaine, motivée et qui partagent des valeurs communes ! Merci à vous tous ! #Brenier2022 https://t.co/vn3cUGA3pr",marinebrenier,,713448,Marine Brenier,marinebrenier,twitter.com/marinebrenier,LC,"Les Constructifs : républicains, UDI, indépendants"
1537816669195849728,Fri Jun 17 15:17:19 +0000 2022,RT @cestrosi: Très forte mobilisation hier soir dans la Plaine du Var où nous étions rassemblés pour apporter notre soutien à @marinebrenie…,marinebrenier,cestrosi; marinebrenie,713448,Marine Brenier,marinebrenier,twitter.com/marinebrenier,LC,"Les Constructifs : républicains, UDI, indépendants"
1537815681068064770,Fri Jun 17 15:13:24 +0000 2022,"Dernière rencontre avec les parents des enfants de l’école Fabron aux côtés de @MonierF06 ! C’est toujours un grand plaisir d’échanger avec toutes ces familles, les enseignants et éducateurs ! Dernière ligne droite on ne lâche rien 💪🏻#Brenier2022 
#Nice06 #Circo0605 https://t.co/bsH3CN5Pax",marinebrenier,monierf06,713448,Marine Brenier,marinebrenier,twitter.com/marinebrenier,LC,"Les Constructifs : républicains, UDI, indépendants"
1537803696037306400,Fri Jun 17 14:25:46 +0000 2022,"Un grand merci à l'ancien Premier ministre Édouard Philippe pour son soutien.

À ses côtés au sein du parti @HorizonsLeParti, je veux incarner une droite humaniste, qui ne transige avec aucune de ses valeurs sans se compromettre avec l'extrême-droite.

#Brenier2022 #circo0605 https://t.co/lasPeqWTyT",marinebrenier,horizonsleparti,713448,Marine Brenier,marinebrenier,twitter.com/marinebrenier,LC,"Les Constructifs : républicains, UDI, indépendants"
1537803703784284200,Fri Jun 17 14:25:48 +0000 2022,"Dans son groupe à l'@AssembleeNat je serai dans mon prochain mandat une Députée libre. Là où certains se retrouvent dans la caricature et les vociférations, je serai utile à #Nice06, à nos vallées et à la France.

#Ensemble, nous porterons ces avancées que les Français attendent. https://t.co/jFT0QpT2Kh",marinebrenier,assembleenat,713448,Marine Brenier,marinebrenier,twitter.com/marinebrenier,LC,"Les Constructifs : républicains, UDI, indépendants"
1537782859154456576,Fri Jun 17 13:02:58 +0000 2022,"Quel plaisir d’être au cœur du quartier de St Isidore aux côtés de Monique Baillet ce midi ! Le quartier se transforme! Tout en l'inscrivant dans la @VilledeNice de demain, grâce au tram et aux nombreux projets structurants, nous agissons pour préserver son identité. #Brenier2022 https://t.co/EJgtdDP1xb",marinebrenier,villedenice,713448,Marine Brenier,marinebrenier,twitter.com/marinebrenier,LC,"Les Constructifs : républicains, UDI, indépendants"
1537547962313736193,Thu Jun 16 21:29:35 +0000 2022,RT @cestrosi: À Carras pour échanger avec les habitants du quartier aux côtés de @marinebrenier. Accueil chaleureux et convivialité à l’omb…,marinebrenier,cestrosi; marinebrenier,713448,Marine Brenier,marinebrenier,twitter.com/marinebrenier,LC,"Les Constructifs : républicains, UDI, indépendants"
1537547794000629762,Thu Jun 16 21:28:55 +0000 2022,RT @cestrosi: Moment très sympathique avec les habitants et commerçants de Saint-Isidore. Un quartier en pleine expansion qui préserve son…,marinebrenier,cestrosi,713448,Marine Brenier,marinebrenier,twitter.com/marinebrenier,LC,"Les Constructifs : républicains, UDI, indépendants"
1537545061365432322,Thu Jun 16 21:18:03 +0000 2022,RT @anthony_borre: Merci au @prefet06 de travailler avec nous à l’évacuation des campements illicites installés sur la digue du Port et sou…,marinebrenier,anthony_borre; prefet06,713448,Marine Brenier,marinebrenier,twitter.com/marinebrenier,LC,"Les Constructifs : républicains, UDI, indépendants"
1537541045302530052,Thu Jun 16 21:02:05 +0000 2022,"Avec @PPLeonelli et @cestrosi nous avons présenté à #Carras une des nouvelles corbeilles compactrices qui viennent en renforts des poubelles traditionnelles sur ce site très prisé des touristes. Connectées, elles permettront une plus grande réactivité des services de la collecte. https://t.co/HcjyrpPj6e",marinebrenier,cestrosi; ppleonelli,713448,Marine Brenier,marinebrenier,twitter.com/marinebrenier,LC,"Les Constructifs : républicains, UDI, indépendants"
1537540234514255872,Thu Jun 16 20:58:52 +0000 2022,"Un après-midi sur le terrain avec @cestrosi !

Merci aux Niçois toujours si chaleureux pour leur accueil et nos échanges cet après-midi à #Nice06 Ouest.

Dimanche avec mon bulletin, vous choisirez le seul qui désignera une Députée réellement utile !

#Brenier2022 #circo0605 https://t.co/16Y0q30ofW",marinebrenier,cestrosi,713448,Marine Brenier,marinebrenier,twitter.com/marinebrenier,LC,"Les Constructifs : républicains, UDI, indépendants"
1537432499604754433,Thu Jun 16 13:50:46 +0000 2022,"Merci à l’association parcours insertion autonomie du quartier des Moulins et à Nadia Bakhti et Hélène Denguir pour leur accueil! Leur travail aux côtés de toutes ces femmes courageuses et dynamiques, curieuses de tout, est un exemple ! Un beau moment de partage. #Brenier2022 https://t.co/dBLZzPXfVF",marinebrenier,,713448,Marine Brenier,marinebrenier,twitter.com/marinebrenier,LC,"Les Constructifs : républicains, UDI, indépendants"
1537394635345395712,Thu Jun 16 11:20:19 +0000 2022,"Merci mon cher @RenaudMuselier pour ton soutien sans faille ! 

Oui, ma candidature est celle de la fidélité à cette #circo0605 que je connais par cœur.

Dimanche 19 juin, votez utile pour #Nice06, pour le moyen et le haut pays, pour la France et pour vous !

#Brenier2022 https://t.co/E9Xh3mTaLX",marinebrenier,renaudmuselier,713448,Marine Brenier,marinebrenier,twitter.com/marinebrenier,LC,"Les Constructifs : républicains, UDI, indépendants"
1537378485676687360,Thu Jun 16 10:16:08 +0000 2022,"La journée se poursuit dans le quartier de Carras, où j’ai choisi d’installer ma permanence. Je suis heureuse de ce retour si chaleureux des habitants et commerçants, là où la @VilledeNice avec l’arrivée du tram a beaucoup fait pour y maintenir une vrai vie de quartier ! #Nice06 https://t.co/6YatccUHEL",marinebrenier,villedenice,713448,Marine Brenier,marinebrenier,twitter.com/marinebrenier,LC,"Les Constructifs : républicains, UDI, indépendants"
1537345023666180102,Thu Jun 16 08:03:10 +0000 2022,"RT @valentinbrune: De jour comme de nuit, les militants de @marinebrenier sont sur le terrain pour rappeler aux habitants de la #circo0605…",marinebrenier,marinebrenier; valentinbrune,713448,Marine Brenier,marinebrenier,twitter.com/marinebrenier,LC,"Les Constructifs : républicains, UDI, indépendants"
1537341849786060800,Thu Jun 16 07:50:34 +0000 2022,"RT @TeamBrenier: De jour comme de nuit, on est sur le terrain pour @marinebrenier 💪🏻

La #TeamBrenier se mobilise sans relâche pour permett…",marinebrenier,marinebrenier; teambrenier,713448,Marine Brenier,marinebrenier,twitter.com/marinebrenier,LC,"Les Constructifs : républicains, UDI, indépendants"
1537338098417278977,Thu Jun 16 07:35:39 +0000 2022,"Ce matin #AvecVous dans le quartier Saint-Antoine à #Nice06. 

Votre accueil chaleureux et nos échanges renforcent ma détermination à vouloir être une Députée utile pour vous.

Dimanche 19 juin, faites le choix d'une Députée dont la voix sera entendue !

#Brenier2022 #circo0605 https://t.co/64ROPlTkP3",marinebrenier,,713448,Marine Brenier,marinebrenier,twitter.com/marinebrenier,LC,"Les Constructifs : républicains, UDI, indépendants"
1537097154463993900,Wed Jun 15 15:38:14 +0000 2022,"Nous avons ensuite rendu visite à Ange Ferracci, Jean-Luc Donati et aux éducateurs à l’association sportive de l’OGN Nice. Je suis fière de voir ces jeunes filles aussi passionnées. La démocratisation des disciplines féminines est une chance pour notre territoire et notre pays. https://t.co/tO9t3TjCBr",marinebrenier,,713448,Marine Brenier,marinebrenier,twitter.com/marinebrenier,LC,"Les Constructifs : républicains, UDI, indépendants"
1537097158779887600,Wed Jun 15 15:38:15 +0000 2022,"Nous avons échangé sur le sport féminin, son essor et les nombreux moyens à mettre en commun pour faire évoluer ces disciplines. Le médical, le suivi psychologique, l’accompagnement des parents, la mixité, tant de sujets sur lesquels nous devons accompagner nos associations.",marinebrenier,,713448,Marine Brenier,marinebrenier,twitter.com/marinebrenier,LC,"Les Constructifs : républicains, UDI, indépendants"
1803697318064992284,Thu Jun 20 07:52:06 +0000 2024,Que signifie « antisémitisme résiduel?  Un seul acte antisémitisme est un acte de trop !,alouismars,,718918,Alexandra Louis,ALouisMars,twitter.com/ALouisMars|twitter.com/ALouisDeputee13,LAREM,La République en Marche
1803696745634791875,Thu Jun 20 07:49:49 +0000 2024,Est-elle prise en otage ?,alouismars,,718918,Alexandra Louis,ALouisMars,twitter.com/ALouisMars|twitter.com/ALouisDeputee13,LAREM,La République en Marche
1803696283611287555,Thu Jun 20 07:47:59 +0000 2024,"RT @CarolineFourest: Ils ont traité Roussel de Doriot, Macron de nazi et traitent de fascistes tous ceux qui, à gauche, ne pensent pas comm…",alouismars,carolinefourest,718918,Alexandra Louis,ALouisMars,twitter.com/ALouisMars|twitter.com/ALouisDeputee13,LAREM,La République en Marche
1803674680533856507,Thu Jun 20 06:22:09 +0000 2024,"RT @RTLFrance: Un SMIC à 1600 euros proposé par le Nouveau Front populaire : ""L'impact dans les entreprises sera catastrophique, plusieurs…",alouismars,rtlfrance,718918,Alexandra Louis,ALouisMars,twitter.com/ALouisMars|twitter.com/ALouisDeputee13,LAREM,La République en Marche
1803501443032486373,Wed Jun 19 18:53:46 +0000 2024,Ce n’est pas non plus un mariage de raison.,alouismars,,718918,Alexandra Louis,ALouisMars,twitter.com/ALouisMars|twitter.com/ALouisDeputee13,LAREM,La République en Marche
1803462063336964192,Wed Jun 19 16:17:17 +0000 2024,Les candidats RN refusent le débat car ils savent pertinemment que leur programme est totalement creux. On ne gouverne pas avec des slogans !,alouismars,,718918,Alexandra Louis,ALouisMars,twitter.com/ALouisMars|twitter.com/ALouisDeputee13,LAREM,La République en Marche
1803379098544140539,Wed Jun 19 10:47:36 +0000 2024,"RT @E_DupondM: Comment osez-vous? Vous n’avez pas de figure. 
Laissez cette jeune fille et sa famille tranquilles. 
Vos propos récurrents a…",alouismars,e_dupondm,718918,Alexandra Louis,ALouisMars,twitter.com/ALouisMars|twitter.com/ALouisDeputee13,LAREM,La République en Marche
1803352553284862009,Wed Jun 19 09:02:08 +0000 2024,"Tout mon soutien pour cette enfant victime de cet abjecte viol, ainsi que pour ses proches. Nous sommes à leurs côtés. L’antisémitisme est un poison qui infuse dans notre société et qu’il faut combattre sans la moindre concession.",alouismars,,718918,Alexandra Louis,ALouisMars,twitter.com/ALouisMars|twitter.com/ALouisDeputee13,LAREM,La République en Marche
1803312352537813390,Wed Jun 19 06:22:23 +0000 2024,"RT @EmmanuelMacron: Du pays de ceux qui préfèrent la liberté à la peur et qui refusent l'esprit de défaite, de l’Île de Sein ils ont gagné…",alouismars,emmanuelmacron,718918,Alexandra Louis,ALouisMars,twitter.com/ALouisMars|twitter.com/ALouisDeputee13,LAREM,La République en Marche
1803148116750901685,Tue Jun 18 19:29:46 +0000 2024,"RT @BrunoLeMaire: Donc si je comprends bien, une experte économique du Nouveau Front Populaire chiffre son programme à 106 milliards €. Mai…",alouismars,brunolemaire,718918,Alexandra Louis,ALouisMars,twitter.com/ALouisMars|twitter.com/ALouisDeputee13,LAREM,La République en Marche
1803129453918216281,Tue Jun 18 18:15:36 +0000 2024,"RT @GabrielAttal: Si vous n’avez besoin de rien, appelez Jordan Bardella. https://t.co/hUDvJLfuid",alouismars,gabrielattal,718918,Alexandra Louis,ALouisMars,twitter.com/ALouisMars|twitter.com/ALouisDeputee13,LAREM,La République en Marche
1803105005735440580,Tue Jun 18 16:38:28 +0000 2024,"RT @Maxime_Boudet: 🔹 Mobilisons-nous #EnsemblePourLaRépublique : rendez-vous à 18h30, au Comptoir Longchamp, 26 Rue Espérandieu à #Marseill…",alouismars,maxime_boudet,718918,Alexandra Louis,ALouisMars,twitter.com/ALouisMars|twitter.com/ALouisDeputee13,LAREM,La République en Marche
1803061518939885999,Tue Jun 18 13:45:40 +0000 2024,"RT @Enthoven_R: Voilà 7 ans que la « gauche » reproche à Macron d’avoir « confisqué le débat en installant un face-à-face avec le RN. » 
Vo…",alouismars,enthoven_r,718918,Alexandra Louis,ALouisMars,twitter.com/ALouisMars|twitter.com/ALouisDeputee13,LAREM,La République en Marche
1803030556185071672,Tue Jun 18 11:42:37 +0000 2024,Ils proposent et ils chiffrent après! Ça démontre le peu de sérieux de ce programme.,alouismars,,718918,Alexandra Louis,ALouisMars,twitter.com/ALouisMars|twitter.com/ALouisDeputee13,LAREM,La République en Marche
1802978628789019000,Tue Jun 18 08:16:17 +0000 2024,Plus on approche du scrutin et plus l’écran de fumée de l’extrême droite de Bardella se dissipe.,alouismars,,718918,Alexandra Louis,ALouisMars,twitter.com/ALouisMars|twitter.com/ALouisDeputee13,LAREM,La République en Marche
1802997304011432200,Tue Jun 18 09:30:30 +0000 2024,Les commentaires sous ce tweet contre l’extrême droite viennent presque exclusivement de l’extrême gauche pour attaquer la majorité. C’est très révélateur !,alouismars,,718918,Alexandra Louis,ALouisMars,twitter.com/ALouisMars|twitter.com/ALouisDeputee13,LAREM,La République en Marche
1802978254078243036,Tue Jun 18 08:14:48 +0000 2024,"Faure face a ses contradictions!
Ce renoncement à défendre les principes républicains au nom d’un accord pour sauver des sièges est également aberrant.",alouismars,,718918,Alexandra Louis,ALouisMars,twitter.com/ALouisMars|twitter.com/ALouisDeputee13,LAREM,La République en Marche
1802973867431846375,Tue Jun 18 07:57:22 +0000 2024,RT @GabrielAttal: EN DIRECT | Je réponds aux questions de Jérôme Chapuis et Sahlia Brakhlia sur franceinfo. https://t.co/UY0NwOcNvd,alouismars,gabrielattal,718918,Alexandra Louis,ALouisMars,twitter.com/ALouisMars|twitter.com/ALouisDeputee13,LAREM,La République en Marche
1802785608068190609,Mon Jun 17 19:29:17 +0000 2024,Jamais !,alouismars,,718918,Alexandra Louis,ALouisMars,twitter.com/ALouisMars|twitter.com/ALouisDeputee13,LAREM,La République en Marche
1802757494520877265,Mon Jun 17 17:37:34 +0000 2024,"RT @Inafr_officiel: Aujourd'hui nommé Rassemblement national, le parti d'extrême droite prend ses racines dans divers mouvements nationalis…",alouismars,inafr_officiel,718918,Alexandra Louis,ALouisMars,twitter.com/ALouisMars|twitter.com/ALouisDeputee13,LAREM,La République en Marche
1537097154463993856,Wed Jun 15 15:38:14 +0000 2022,"Nous avons ensuite rendu visite à Ange Ferracci, Jean-Luc Donati et aux éducateurs à l’association sportive de l’OGN Nice. Je suis fière de voir ces jeunes filles aussi passionnées. La démocratisation des disciplines féminines est une chance pour notre territoire et notre pays. https://t.co/tO9t3TjCBr",marinebrenier,,713448,Marine Brenier,marinebrenier,twitter.com/marinebrenier,LC,"Les Constructifs : républicains, UDI, indépendants"
1537091931968241669,Wed Jun 15 15:17:29 +0000 2022,"Beau moment au club de rugby 🏉 ! En compagnie des responsables et éducateurs, nous avons pu constater avec @pcondomitti l’étendue du pouvoir de ce sport sur les enfants: discipline, esprit d’équipe, partage, tant de valeurs que nous voulons transmettre aux nouvelles générations. https://t.co/d30Tai40m5",marinebrenier,pcondomitti,713448,Marine Brenier,marinebrenier,twitter.com/marinebrenier,LC,"Les Constructifs : républicains, UDI, indépendants"
1537084428912148480,Wed Jun 15 14:47:40 +0000 2022,"RT @AvecBrenier: 💬 « Plus que jamais, quand #Nice06 s’apprête à devenir le laboratoire de l’union de la droite extrême, j’appelle à la mobi…",marinebrenier,avecbrenier,713448,Marine Brenier,marinebrenier,twitter.com/marinebrenier,LC,"Les Constructifs : républicains, UDI, indépendants"
1537084418275389440,Wed Jun 15 14:47:37 +0000 2022,"RT @AvecBrenier: 💬 « Je condamne avec la plus grande fermeté l’union des droites extrêmes et l’axe Ciotti – D’Intorni – Vardon »

Retrouvez…",marinebrenier,avecbrenier,713448,Marine Brenier,marinebrenier,twitter.com/marinebrenier,LC,"Les Constructifs : républicains, UDI, indépendants"
1537059018723688448,Wed Jun 15 13:06:41 +0000 2022,Un grand merci à Nicolas Sébastio pour son accueil chaleureuse au Golf country club de Nice ! #Brenier2022 #Nice0605 https://t.co/5Hlohn7DqM,marinebrenier,,713448,Marine Brenier,marinebrenier,twitter.com/marinebrenier,LC,"Les Constructifs : républicains, UDI, indépendants"
1537044308460814300,Wed Jun 15 12:08:14 +0000 2022,"A la découverte des œuvres d’art des élèves de l’école du Bois de Boulogne en compagnie d’@anthony_borre et de Monique Baillet. Ce projet a regroupé 4 écoles, + de 1000 élèves du CP à la 6e autour de la laïcité, la fraternité et la tolérance. Félicitations les enfants! #Nice0605 https://t.co/TanT292AhD",marinebrenier,anthony_borre,713448,Marine Brenier,marinebrenier,twitter.com/marinebrenier,LC,"Les Constructifs : républicains, UDI, indépendants"
1537044311736565800,Wed Jun 15 12:08:15 +0000 2022,"Ce projet avait pour objectif de les faire travailler sur 3 thèmes: laïcité, fraternité et tolérance. Dans 4 
4 écoles : CP à la 6e: 1000 élèves",marinebrenier,,713448,Marine Brenier,marinebrenier,twitter.com/marinebrenier,LC,"Les Constructifs : républicains, UDI, indépendants"
1536996277661180000,Wed Jun 15 08:57:23 +0000 2022,"Ce matin retrouvailles avec les habitants et les commerçants du quartier de l’Araucaria pour échanger sur l’évolution des commerces de proximité, le problème de stationnement, mais aussi le pouvoir d’achat, qui reste la préoccupation majeure des Français. #Brenier2022 https://t.co/t6Qos8dwA5",marinebrenier,,713448,Marine Brenier,marinebrenier,twitter.com/marinebrenier,LC,"Les Constructifs : républicains, UDI, indépendants"
1536996281234636800,Wed Jun 15 08:57:24 +0000 2022,Étant une élue enracinée dans le quartier je soutiens fermement le projet du Super U qui nous permettra d’accéder à 250 nouvelles places de parking. Nous devons réponse à cette attente forte des habitants et des commerçants du quartier. #Nice06,marinebrenier,,713448,Marine Brenier,marinebrenier,twitter.com/marinebrenier,LC,"Les Constructifs : républicains, UDI, indépendants"
1536948538353012736,Wed Jun 15 05:47:41 +0000 2022,Tout mon soutien aux lycéens de France et surtout à ceux de la 5e circonscription des Alpes-Maritimes et des lycées niçois en ce jour du début des épreuves du bac et de la tant attendue épreuve de philo ! Plein de courage et de réussite !! 💪🏻#BACPhilo #bac #circo0605 #Nice06,marinebrenier,,713448,Marine Brenier,marinebrenier,twitter.com/marinebrenier,LC,"Les Constructifs : républicains, UDI, indépendants"
1536759271643402200,Tue Jun 14 17:15:36 +0000 2022,Avec mon ami Jean-Jean Sanchez et les fidèles de l’amicale bouliste de #Carras pour partager un moment de bonheur et d’échanges chaleureux dans ce si beau clos vue mer 🌊 #circo0605 https://t.co/CsMZEkE57w,marinebrenier,,713448,Marine Brenier,marinebrenier,twitter.com/marinebrenier,LC,"Les Constructifs : républicains, UDI, indépendants"
1536759283651584000,Tue Jun 14 17:15:39 +0000 2022,"Avec @cestrosi, nous avons à cœur de faire prospérer nos clos boulistes comme celui de #Carras. Ce sont de véritables lieux de vie et de partage dans nos quartiers. #circo0605 https://t.co/PYqUt92Zmw",marinebrenier,cestrosi,713448,Marine Brenier,marinebrenier,twitter.com/marinebrenier,LC,"Les Constructifs : républicains, UDI, indépendants"
1536699222677934080,Tue Jun 14 13:16:59 +0000 2022,"Beau moment de convivialité et d’échanges au clos @MontetBornala, belle association sportive de #Nice06 qui fête cette année ses 95 ans ! #circo0605 https://t.co/Wm7b6n8OrP",marinebrenier,montetbornala,713448,Marine Brenier,marinebrenier,twitter.com/marinebrenier,LC,"Les Constructifs : républicains, UDI, indépendants"
1536682482824888300,Tue Jun 14 12:10:28 +0000 2022,Ce matin à l’occasion d’un déplacement aux #Moulins j’ai pu assister à une des nombreuses opérations de sécurité menées dans #Nice06 grâce aux renforts dépêchés par @GDarmanin à la demande de @cestrosi. https://t.co/ZuhylIXjyb,marinebrenier,cestrosi; gdarmanin,713448,Marine Brenier,marinebrenier,twitter.com/marinebrenier,LC,"Les Constructifs : républicains, UDI, indépendants"
1536682491783807000,Tue Jun 14 12:10:30 +0000 2022,"Un grand bravo et merci aux agents de la @PoliceNat06 et de la @PMdeNice qui, sous l’autorité du @prefet06 et de la DDSP, ont mené avec succès cette opération qui a permis l’interpellation de plusieurs personnes et la saisie de drogue. https://t.co/jHyzpiAhlu",marinebrenier,pmdenice; policenat06; prefet06,713448,Marine Brenier,marinebrenier,twitter.com/marinebrenier,LC,"Les Constructifs : républicains, UDI, indépendants"
1536682500810059800,Tue Jun 14 12:10:33 +0000 2022,"Grâce à @cestrosi, nous avons le soutien de l’État pour intensifier notre lutte contre les trafiquants. Nous ne lâcherons rien face à ceux qui pourrissent le quotidien des habitants de ces quartiers ! #circo0605 https://t.co/9alZsnvNw9",marinebrenier,cestrosi,713448,Marine Brenier,marinebrenier,twitter.com/marinebrenier,LC,"Les Constructifs : républicains, UDI, indépendants"
1536597772065030145,Tue Jun 14 06:33:52 +0000 2022,Début de cette belle journée de campagne à l’école Sainte-Hélène pour échanger avec les parents du quartier ! L’éducation de nos enfants est la clé de voûte de notre société et à #Nice avec le Maire @cestrosi nous en avons toujours fait notre priorité. #Circo0605 #Brenier2022 https://t.co/ujvXdxifl7,marinebrenier,cestrosi,713448,Marine Brenier,marinebrenier,twitter.com/marinebrenier,LC,"Les Constructifs : républicains, UDI, indépendants"
1536309889781358594,Mon Jun 13 11:29:55 +0000 2022,"RT @cestrosi: J’appelle celles et ceux qui ont fait d’autres choix, ou qui ne se sont pas déplacés, à se mobiliser pour poursuivre la dynam…",marinebrenier,cestrosi,713448,Marine Brenier,marinebrenier,twitter.com/marinebrenier,LC,"Les Constructifs : républicains, UDI, indépendants"
1536309872790319109,Mon Jun 13 11:29:51 +0000 2022,RT @cestrosi: J’appelle à la mobilisation générale pour confirmer cette dynamique en faveur de ces candidats qui incarnent le rassemblement…,marinebrenier,cestrosi,713448,Marine Brenier,marinebrenier,twitter.com/marinebrenier,LC,"Les Constructifs : républicains, UDI, indépendants"
1536309781220282369,Mon Jun 13 11:29:29 +0000 2022,"RT @cestrosi: .@MarineBrenier avec @pcondomitti pour la #circo0605 qui arrivent en tête avec 26% devant la candidate LR, qui n’a cessé de v…",marinebrenier,cestrosi; marinebrenier; pcondomitti,713448,Marine Brenier,marinebrenier,twitter.com/marinebrenier,LC,"Les Constructifs : républicains, UDI, indépendants"
1917138065623224563,Tue Apr 29 08:45:08 +0000 2025,"RT @GabrielAttal: Après plus d'un siècle de luttes, le 29 avril 1945, les femmes de France ont pu voter pour la première fois. 

Engagées d…",flprovendier,gabrielattal,722194,Florence Provendier,flprovendier,twitter.com/flprovendier,LAREM,La République en Marche
1916250203373638086,Sat Apr 26 21:57:05 +0000 2025,RT @NathalieLoiseau: 1/2 La Haute-Représentante de l’UE n’a pas bien entendu ce que le Parlement européen lui demande : au lieu de se compl…,flprovendier,nathalieloiseau,722194,Florence Provendier,flprovendier,twitter.com/flprovendier,LAREM,La République en Marche
1916249998070841820,Sat Apr 26 21:56:16 +0000 2025,"RT @BernardLehut: 161 jours de détention pour Boualem Sansal, 161 jours de trop.
#avecboualemsansal https://t.co/M8JHtcQyzQ",flprovendier,bernardlehut,722194,Florence Provendier,flprovendier,twitter.com/flprovendier,LAREM,La République en Marche
1916249493395120329,Sat Apr 26 21:54:16 +0000 2025,RT @jchribuisson: Quelle honte. Le lendemain de la commémoration du #genocidearmenien que ne reconnaît pas l'Azerbaïdjan qui a lui-même acc…,flprovendier,jchribuisson,722194,Florence Provendier,flprovendier,twitter.com/flprovendier,LAREM,La République en Marche
1915428387436326953,Thu Apr 24 15:31:29 +0000 2025,"En ce 24 avril nous commémorons un événement tragique de l’histoire, le Génocide Arménien🌹

110 ans après les enjeux mémoriels sont plus que jamais d’actualité.

Aujourd’hui, notre sœur l’Arménie est toujours menacée. Restons mobilisés à ses côtés 🇫🇷🇦🇲

#genocidearmenien https://t.co/eXHQ5O5wak",flprovendier,,722194,Florence Provendier,flprovendier,twitter.com/flprovendier,LAREM,La République en Marche
1915419470513787039,Thu Apr 24 14:56:03 +0000 2025,"RT @O_Decottignies: Ce 24 avril, nous commémorons le génocide arménien de 1915, perpétré il y a 110 ans. https://t.co/MMKllGA9Ez",flprovendier,o_decottignies,722194,Florence Provendier,flprovendier,twitter.com/flprovendier,LAREM,La République en Marche
1915088194246435232,Wed Apr 23 16:59:40 +0000 2025,"RT @EUmARMENIA: Over the Easter weekend #EUMA conducted 27 day and night patrols in its Area of Operation including villages Khoznavar, Khn…",flprovendier,eumarmenia,722194,Florence Provendier,flprovendier,twitter.com/flprovendier,LAREM,La République en Marche
1914256349518528992,Mon Apr 21 09:54:13 +0000 2025,In memoriam #PapeFrancois 🕊️ https://t.co/q64SV9IDWI,flprovendier,,722194,Florence Provendier,flprovendier,twitter.com/flprovendier,LAREM,La République en Marche
1912414112950214837,Wed Apr 16 07:53:50 +0000 2025,"RT @francediplo: #Arménie | @jnbarrot s'est entretenu aujourd'hui par téléphone avec son homologue arménien @AraratMirzoyan.

Déclaration c…",flprovendier,araratmirzoyan; francediplo; jnbarrot,722194,Florence Provendier,flprovendier,twitter.com/flprovendier,LAREM,La République en Marche
1912141687666749584,Tue Apr 15 13:51:18 +0000 2025,"RT @AraratMirzoyan: Had a good call w/@jnbarrot. Touched upon upcoming engagements on our bilateral agenda.

Briefed on regional situation…",flprovendier,araratmirzoyan; jnbarrot,722194,Florence Provendier,flprovendier,twitter.com/flprovendier,LAREM,La République en Marche
1911370667976536243,Sun Apr 13 10:47:33 +0000 2025,"RT @FranckPapazian: Le 24 avril 2025 marquera le 110ème anniversaire du début du #GénocideDesArméniens

Cérémonie nationale de commémoratio…",flprovendier,franckpapazian,722194,Florence Provendier,flprovendier,twitter.com/flprovendier,LAREM,La République en Marche
1911370602079748142,Sun Apr 13 10:47:17 +0000 2025,"RT @tolmajian: Bon Dimanche des #Rameaux ! 

Miniature arménienne du XIVe siècle célébrant l’entrée de Jésus à Jérusalem. https://t.co/5iya…",flprovendier,tolmajian,722194,Florence Provendier,flprovendier,twitter.com/flprovendier,LAREM,La République en Marche
1910375817403916730,Thu Apr 10 16:54:22 +0000 2025,"RT @7IM37: ""Le plus dur c'est l'incertitude sur notre retraite"" m'a déclaré Arthur, 16 mois, pendant son stage PRO de Maternelle...

#Borne…",flprovendier,7im37,722194,Florence Provendier,flprovendier,twitter.com/flprovendier,LAREM,La République en Marche
1910215436563607819,Thu Apr 10 06:17:04 +0000 2025,RT @jchribuisson: Lire ce jeudi dans @Le_Figaro le reportage de @zazpierson en #Armenie auprès de quelques dizaines des 30 000 enfants d'#A…,flprovendier,jchribuisson; le_figaro; zazpierson,722194,Florence Provendier,flprovendier,twitter.com/flprovendier,LAREM,La République en Marche
1910022680071336331,Wed Apr 09 17:31:08 +0000 2025,"RT @BernardLehut: 144 jours de détention pour Boualem Sansal, 144 jours de trop.
#avecboualemsansal https://t.co/4HrtuzTLMR",flprovendier,bernardlehut,722194,Florence Provendier,flprovendier,twitter.com/flprovendier,LAREM,La République en Marche
1909711888574710111,Tue Apr 08 20:56:09 +0000 2025,"RT @franceinfo: Un rapport de la commission d'enquête parlementaire sur ""les manquements des politiques publiques de protection de l'enfanc…",flprovendier,franceinfo,722194,Florence Provendier,flprovendier,twitter.com/flprovendier,LAREM,La République en Marche
1909709332024877541,Tue Apr 08 20:46:00 +0000 2025,"RT @jnbarrot: À Gaza, au total, 1200 tonnes d’aide humanitaire ont été envoyées par la France. Une partie est toujours bloquée à la frontiè…",flprovendier,jnbarrot,722194,Florence Provendier,flprovendier,twitter.com/flprovendier,LAREM,La République en Marche
1536309754280259587,Mon Jun 13 11:29:23 +0000 2022,"RT @cestrosi: A #Nice06, je salue les trois candidats, membres de la majorité municipale Nice ensemble et portant les couleurs de la #major…",marinebrenier,cestrosi,713448,Marine Brenier,marinebrenier,twitter.com/marinebrenier,LC,"Les Constructifs : républicains, UDI, indépendants"
1536284938001080320,Mon Jun 13 09:50:46 +0000 2022,"RT @anthony_borre: 🗣 « @marinebrenier est la seule candidate qui peut défendre les collines niçoises, les quartiers populaires, les village…",marinebrenier,anthony_borre; marinebrenier,713448,Marine Brenier,marinebrenier,twitter.com/marinebrenier,LC,"Les Constructifs : républicains, UDI, indépendants"
1536106501328318500,Sun Jun 12 22:01:44 +0000 2022,"Je veux remercier les 10395 électeurs, qui m’ont accordé leur soutien, me plaçant en tête du premier tour de la campagne des #legislatives2022 dans la #circo0605, soit près de 26,2% des voix. https://t.co/9j6NwtbuaF",marinebrenier,,713448,Marine Brenier,marinebrenier,twitter.com/marinebrenier,LC,"Les Constructifs : républicains, UDI, indépendants"
1536106513307148300,Sun Jun 12 22:01:46 +0000 2022,"Nous assistons ce soir à la recomposition telle que je l’annonçais. Force est de constater que j’étais dans la #circo0605 la candidate du bloc républicain, et que comme dans les années passées j’affronterai une candidate de la droite-extrême.",marinebrenier,,713448,Marine Brenier,marinebrenier,twitter.com/marinebrenier,LC,"Les Constructifs : républicains, UDI, indépendants"
1536110913295732700,Sun Jun 12 22:19:15 +0000 2022,"Rien n’est joué. Face à moi, nous avons donc le laboratoire du bloc de la droite extrême, incarné par mon opposante. Au terme d’une campagne qu’elle a souhaité particulièrement délétère, j’en appelle ce soir à l’union républicaine.",marinebrenier,,713448,Marine Brenier,marinebrenier,twitter.com/marinebrenier,LC,"Les Constructifs : républicains, UDI, indépendants"
1536107368827740200,Sun Jun 12 22:05:10 +0000 2022,Félicitations également aux candidats niçois @MonettiGraig et  @p_pradal qui accèdent au second tour respectivement dans la #circo0601 et la #circo0603. https://t.co/Og3ALLxrNF,marinebrenier,monettigraig; p_pradal,713448,Marine Brenier,marinebrenier,twitter.com/marinebrenier,LC,"Les Constructifs : républicains, UDI, indépendants"
1536107377413472300,Sun Jun 12 22:05:12 +0000 2022,"#Ensemble, avec le soutien de notre majorité municipale, métropolitaine et régionale derrière @cestrosi, nous serons une équipe de Députés utiles à la France, à #Nice06 et à l’ensemble de nos territoires ! https://t.co/CZvwJzWzd7",marinebrenier,cestrosi,713448,Marine Brenier,marinebrenier,twitter.com/marinebrenier,LC,"Les Constructifs : républicains, UDI, indépendants"
1535940098704953345,Sun Jun 12 11:00:30 +0000 2022,A voté 🗳 #legislatives2022 https://t.co/oHoAcGaQFV,marinebrenier,,713448,Marine Brenier,marinebrenier,twitter.com/marinebrenier,LC,"Les Constructifs : républicains, UDI, indépendants"
1535357771717259300,Fri Jun 10 20:26:33 +0000 2022,"Dimanche, vous aurez à choisir celui ou celle qui, pour les cinq prochaines années, sera votre Député de la #circo0605.

Dans la continuité de l'action que je conduis depuis 6 ans comme votre Députée, je sais pouvoir compter sur vous comme vous pouvez compter sur moi. https://t.co/GJSesmE2xD",marinebrenier,,713448,Marine Brenier,marinebrenier,twitter.com/marinebrenier,LC,"Les Constructifs : républicains, UDI, indépendants"
1535357774540034000,Fri Jun 10 20:26:33 +0000 2022,"Le 12 juin, votez pour une équipe utile à #Nice06 et toute notre circonscription. Votez pour l'équipe que nous formons avec @pcondomitti, avec le soutien de @cestrosi, @EPhilippe_LH, @EmmanuelMacron et la #MajoritePresidentielle.",marinebrenier,cestrosi; emmanuelmacron; ephilippe_lh; pcondomitti,713448,Marine Brenier,marinebrenier,twitter.com/marinebrenier,LC,"Les Constructifs : républicains, UDI, indépendants"
1535337533516796000,Fri Jun 10 19:06:07 +0000 2022,"Merci à mes amies @AgnelliMylene et @FabronColette pour ce très bel accueil, digne de la chaleur des habitants de la Tinée. Merci également à Jean-Pierre Issautier, Maire de St-Dalmas-le-Selvage, venu se joindre à nous. Depuis 6 ans, je peux compter sur leur soutien indéfectible. https://t.co/GcGLCDGdFA",marinebrenier,agnellimylene; fabroncolette,713448,Marine Brenier,marinebrenier,twitter.com/marinebrenier,LC,"Les Constructifs : républicains, UDI, indépendants"
1535337542689636400,Fri Jun 10 19:06:10 +0000 2022,".@StEtienne_Auron, Isola, St-Dalmas, 3 villages de notre @MetropoleNCA et de ma #circo0605 qui ont pour point commun @lesstationsnca. Merci @FabronColette d’avoir rappelé mon combat pour que nos stations, et avec elles l’économie de nos vallées, puissent survivre à la #Covid19. https://t.co/WIkFdhEVjm",marinebrenier,fabroncolette; lesstationsnca; metropolenca; stetienne_auron,713448,Marine Brenier,marinebrenier,twitter.com/marinebrenier,LC,"Les Constructifs : républicains, UDI, indépendants"
1535330154574233601,Fri Jun 10 18:36:48 +0000 2022,"Un plaisir d’avoir pu découvrir les nouveaux aménagements du restaurant le Magnan. 
Merci beaucoup à Laurent et son équipe pour leur accueil. Bravo pour votre travail et bonne chance pour cette belle saison qui commence ☀️#circo0605 https://t.co/scq7Xvixdl",marinebrenier,,713448,Marine Brenier,marinebrenier,twitter.com/marinebrenier,LC,"Les Constructifs : républicains, UDI, indépendants"
1535174723864338400,Fri Jun 10 08:19:10 +0000 2022,"Au MIN de #Nice06 avec @pcondomitti et @BBettati, Président de la régie des MIN d’Azur, pour échanger tôt ce matin avec ces femmes et ces hommes qui, chaque jour, proposent à des milliers de professionnels fruits, légumes, fleurs, viandes, poissons et tant d’autres denrées. https://t.co/HRq3Zxdt6a",marinebrenier,bbettati; pcondomitti,713448,Marine Brenier,marinebrenier,twitter.com/marinebrenier,LC,"Les Constructifs : républicains, UDI, indépendants"
1535174735042171000,Fri Jun 10 08:19:13 +0000 2022,Un plaisir également d’avoir pu y rencontrer et échanger avec les grands chefs étoilés que sont Jacques Chibois et Alain Llorca qui font rayonner la gastronomie française dans le monde entier. https://t.co/BBqBo8R5yn,marinebrenier,,713448,Marine Brenier,marinebrenier,twitter.com/marinebrenier,LC,"Les Constructifs : républicains, UDI, indépendants"
1535160555920580611,Fri Jun 10 07:22:53 +0000 2022,RT @cestrosi: Avec le @prefet06 et @anthony_borre aux Moulins pour une nouvelle opération de lutte contre le trafic de stupéfiants avec la…,marinebrenier,anthony_borre; cestrosi; prefet06,713448,Marine Brenier,marinebrenier,twitter.com/marinebrenier,LC,"Les Constructifs : républicains, UDI, indépendants"
1535160530427691011,Fri Jun 10 07:22:47 +0000 2022,"RT @cestrosi: Ici aux Moulins, comme à l’Ariane ou aux Liserons, nous ne lâcherons rien, aux côtés des services de l’état, pour traquer ceu…",marinebrenier,cestrosi,713448,Marine Brenier,marinebrenier,twitter.com/marinebrenier,LC,"Les Constructifs : républicains, UDI, indépendants"
1535160467588538373,Fri Jun 10 07:22:32 +0000 2022,"RT @cestrosi: Ce soir avec @marinebrenier pour sa réunion publique à #Levens aux côtés de son Maire, mon ami Antoine Veran. #circo0605 http…",marinebrenier,cestrosi; marinebrenier,713448,Marine Brenier,marinebrenier,twitter.com/marinebrenier,LC,"Les Constructifs : républicains, UDI, indépendants"
1535160313913434112,Fri Jun 10 07:21:55 +0000 2022,RT @cestrosi: Les renforts que j’avais demandés à @GDarmanin et arrivés tout de suite nous ont permis déjà sur 5 opérations de contrôler 60…,marinebrenier,cestrosi; gdarmanin,713448,Marine Brenier,marinebrenier,twitter.com/marinebrenier,LC,"Les Constructifs : républicains, UDI, indépendants"
1802748844943265815,Mon Jun 17 17:03:12 +0000 2024,"RT @Enthoven_R: Les gens qui veulent faire ""barrage"" au RN en votant NFP se trompent pour 3 raisons : 
1) On lutte mal contre l'extrême-dro…",alouismars,enthoven_r,718918,Alexandra Louis,ALouisMars,twitter.com/ALouisMars|twitter.com/ALouisDeputee13,LAREM,La République en Marche
1802705161082568964,Mon Jun 17 14:09:37 +0000 2024,"RT @FrontRep: .@J_Bardella et vos complices : 2 minutes n'effaceront jamais 50 ans à détruire le droit des femmes.

Le 30 juin, ni #RN ni #…",alouismars,frontrep; j_bardella,718918,Alexandra Louis,ALouisMars,twitter.com/ALouisMars|twitter.com/ALouisDeputee13,LAREM,La République en Marche
1802602813085638751,Mon Jun 17 07:22:56 +0000 2024,"RT @BFMTV: Édouard Philippe sur les législatives: ""Les deux extrêmes me font peur"" https://t.co/30Nv7M9Awo",alouismars,bfmtv,718918,Alexandra Louis,ALouisMars,twitter.com/ALouisMars|twitter.com/ALouisDeputee13,LAREM,La République en Marche
1802446929122689517,Sun Jun 16 21:03:30 +0000 2024,"RT @MarleneSchiappa: J’ai beaucoup de défauts mais j’ai une qualité: la loyauté.
Tous les « haros sur Macron » ça va bien, ça suffit ! C’es…",alouismars,marleneschiappa,718918,Alexandra Louis,ALouisMars,twitter.com/ALouisMars|twitter.com/ALouisDeputee13,LAREM,La République en Marche
1802377104421536128,Sun Jun 16 16:26:02 +0000 2024,RT @T_Cazenave: Programme de la NUPES 2 : ils vous invitent à dîner et à la fin c’est vous qui payez l’addition. https://t.co/5z9QVVNK2A,alouismars,t_cazenave,718918,Alexandra Louis,ALouisMars,twitter.com/ALouisMars|twitter.com/ALouisDeputee13,LAREM,La République en Marche
1802316745497010700,Sun Jun 16 12:26:12 +0000 2024,Voilà qui contribue à banaliser l’extrême droite.,alouismars,,718918,Alexandra Louis,ALouisMars,twitter.com/ALouisMars|twitter.com/ALouisDeputee13,LAREM,La République en Marche
1802319563855433700,Sun Jun 16 12:37:24 +0000 2024,"Ceux qui prétendent que le groupe Renaissance voterait avec le RN. Non pas plus que LFI! 

https://t.co/BPr2YCS3Km",alouismars,,718918,Alexandra Louis,ALouisMars,twitter.com/ALouisMars|twitter.com/ALouisDeputee13,LAREM,La République en Marche
1802270957274300691,Sun Jun 16 09:24:15 +0000 2024,Attention aux fausses informations !,alouismars,,718918,Alexandra Louis,ALouisMars,twitter.com/ALouisMars|twitter.com/ALouisDeputee13,LAREM,La République en Marche
1801928391475544424,Sat Jun 15 10:43:01 +0000 2024,"Mes fonctions actuelles ne me permettent pas d’être candidate sur la 3e circonscription des Bouches-du-Rhône. Ma mission est trop importante. Je mène le combat politique différemment, mais je le mène. 
Ne cédons rien aux extrêmes. Merci pour les soutiens nombreux.",alouismars,,718918,Alexandra Louis,ALouisMars,twitter.com/ALouisMars|twitter.com/ALouisDeputee13,LAREM,La République en Marche
1801923135404494957,Sat Jun 15 10:22:08 +0000 2024,"RT @AvecRenaissance: 🔴 Voter Front Populaire, c'est voter Frexit ! https://t.co/wiuaLQEJna",alouismars,avecrenaissance,718918,Alexandra Louis,ALouisMars,twitter.com/ALouisMars|twitter.com/ALouisDeputee13,LAREM,La République en Marche
1801882047432012020,Sat Jun 15 07:38:52 +0000 2024,"RT @SophiaAram: Dans trois semaines on saura s'il est possible de battre des ""populistes-poutinisés-et-racistes"" en s'alliant avec des bras…",alouismars,sophiaaram,718918,Alexandra Louis,ALouisMars,twitter.com/ALouisMars|twitter.com/ALouisDeputee13,LAREM,La République en Marche
1801834349781791000,Sat Jun 15 04:29:20 +0000 2024,Aucune personne condamnée par la justice ne devrait pouvoir être candidat à une élection et encore moins un auteur de violences conjugales. Le message envoyé aux victimes est terrible.,alouismars,,718918,Alexandra Louis,ALouisMars,twitter.com/ALouisMars|twitter.com/ALouisDeputee13,LAREM,La République en Marche
1801854292556432000,Sat Jun 15 05:48:34 +0000 2024,J’insiste sur le mot « condamnée » puisque nous sommes dans un état de de droit protégé par la constitution.,alouismars,,718918,Alexandra Louis,ALouisMars,twitter.com/ALouisMars|twitter.com/ALouisDeputee13,LAREM,La République en Marche
1801681445326623052,Fri Jun 14 18:21:44 +0000 2024,Merci !,alouismars,,718918,Alexandra Louis,ALouisMars,twitter.com/ALouisMars|twitter.com/ALouisDeputee13,LAREM,La République en Marche
1801638589656170857,Fri Jun 14 15:31:27 +0000 2024,"RT @olivierdussopt: ❌Le projet de la NUPES2.0, c'est un coût de 286 milliards d'euros et une menace pour 1,2 millions d'emplois. 
❌Le prix…",alouismars,olivierdussopt,718918,Alexandra Louis,ALouisMars,twitter.com/ALouisMars|twitter.com/ALouisDeputee13,LAREM,La République en Marche
1801631770917367963,Fri Jun 14 15:04:21 +0000 2024,"RT @BFMTV: ""Les marchés vont se déchaîner"": des dizaines de milliards d’euros de dépenses au programme du Nouveau Front populaire
https://t…",alouismars,bfmtv,718918,Alexandra Louis,ALouisMars,twitter.com/ALouisMars|twitter.com/ALouisDeputee13,LAREM,La République en Marche
1801604411103354972,Fri Jun 14 13:15:38 +0000 2024,"RT @SebLecornu: Pas un seul paragraphe sur la Défense dans le programme de la NUPES nouvelle version. Le mot « armée » n'y figure même pas,…",alouismars,seblecornu,718918,Alexandra Louis,ALouisMars,twitter.com/ALouisMars|twitter.com/ALouisDeputee13,LAREM,La République en Marche
1801596899973120412,Fri Jun 14 12:45:47 +0000 2024,RT @E_DupondM: Je découvre avec stupéfaction que le Front pseudo-populaire promet d’augmenter les moyens de la justice… alors qu’ils ont vo…,alouismars,e_dupondm,718918,Alexandra Louis,ALouisMars,twitter.com/ALouisMars|twitter.com/ALouisDeputee13,LAREM,La République en Marche
1801589118570275155,Fri Jun 14 12:14:52 +0000 2024,On entend depuis quelques jours qu’il n’y aurait pas d antisémites chez LFI et pas de racistes au RN. Que le monde est beau !,alouismars,,718918,Alexandra Louis,ALouisMars,twitter.com/ALouisMars|twitter.com/ALouisDeputee13,LAREM,La République en Marche
1801585803887264128,Fri Jun 14 12:01:42 +0000 2024,"Donc ils veulent nous priver, sans la moindre exception, d’un outil qui peut nous permettre de nous protéger. Ils vivent chez les bisounours.",alouismars,,718918,Alexandra Louis,ALouisMars,twitter.com/ALouisMars|twitter.com/ALouisDeputee13,LAREM,La République en Marche
1908891628556648699,Sun Apr 06 14:36:44 +0000 2025,"RT @BernardLehut: 141 jours de détention pour Boualem Sansal, 141 jours de trop.
#avecboualemsansal https://t.co/ywcuj1f65I",flprovendier,bernardlehut,722194,Florence Provendier,flprovendier,twitter.com/flprovendier,LAREM,La République en Marche
1908450191843143780,Sat Apr 05 09:22:37 +0000 2025,"RT @BernardLehut: 140 jours de détention pour Boualem Sansal, 140 jours de trop.
#avecboualemsansal https://t.co/Ql1ezofwxV",flprovendier,bernardlehut,722194,Florence Provendier,flprovendier,twitter.com/flprovendier,LAREM,La République en Marche
1908179560245440759,Fri Apr 04 15:27:14 +0000 2025,"RT @FreeCecile_: A Evin, ""la survie est un enjeu de chaque jour"". La situation de Cécile et Jacques est extrêmement préoccupante : leur vie…",flprovendier,freececile_,722194,Florence Provendier,flprovendier,twitter.com/flprovendier,LAREM,La République en Marche
1908179386303492590,Fri Apr 04 15:26:32 +0000 2025,"RT @YaelBRAUNPIVET: La laïcité, ça se respecte.
Les enseignants, ça se respecte.
Le débat d’idées, ça se respecte.

L’université n’est pas…",flprovendier,yaelbraunpivet,722194,Florence Provendier,flprovendier,twitter.com/flprovendier,LAREM,La République en Marche
1908179130132107607,Fri Apr 04 15:25:31 +0000 2025,"RT @O_Decottignies: Le ministre de l'Europe et des Affaires étrangères, M. Jean-Noël Barrot :
""L'Azerbaïdjan exige maintenant une révision…",flprovendier,o_decottignies,722194,Florence Provendier,flprovendier,twitter.com/flprovendier,LAREM,La République en Marche
1908102090297110872,Fri Apr 04 10:19:23 +0000 2025,"RT @SachaHoulie: Avec Christiane Taubira, Jean-Jacques Urvoas et Dominique Raimbourg, nous expliquons pourquoi, en plus de renier tous les…",flprovendier,sachahoulie,722194,Florence Provendier,flprovendier,twitter.com/flprovendier,LAREM,La République en Marche
1907712547785937102,Thu Apr 03 08:31:29 +0000 2025,"RT @BernardLehut: 138 jours de détention pour Boualem Sansal, 138 jours de trop.
#avecboualemsansal https://t.co/6hN1UHi8ZF",flprovendier,bernardlehut,722194,Florence Provendier,flprovendier,twitter.com/flprovendier,LAREM,La République en Marche
1907450884360945815,Wed Apr 02 15:11:44 +0000 2025,RT @EUmARMENIA: #EUMA proudly marks a major milestone today - our 5⃣0⃣0⃣0⃣th patrol since establishment of the mission. Our commitment to s…,flprovendier,eumarmenia,722194,Florence Provendier,flprovendier,twitter.com/flprovendier,LAREM,La République en Marche
1906723573420408848,Mon Mar 31 15:01:39 +0000 2025,"RT @Limportant_fr: Marie-Julie Bonnin, première Française championne du monde de saut à la perche en toute discrétion, la médiatisation des…",flprovendier,limportant_fr,722194,Florence Provendier,flprovendier,twitter.com/flprovendier,LAREM,La République en Marche
1906669090107789786,Mon Mar 31 11:25:09 +0000 2025,"RT @SachaHoulie: Lorsqu’un élu prévenu est condamné pour détournement de fonds publics, l’inéligibilité est de droit. C’est la loi.

Lorsqu…",flprovendier,sachahoulie,722194,Florence Provendier,flprovendier,twitter.com/flprovendier,LAREM,La République en Marche
1905166075882279198,Thu Mar 27 07:52:43 +0000 2025,"RT @ccaf_france: Le 24 avril 2025 marquera le 110e anniversaire du début du #génocide des #Arméniens

La cérémonie nationale de commémorati…",flprovendier,ccaf_france,722194,Florence Provendier,flprovendier,twitter.com/flprovendier,LAREM,La République en Marche
1904833239988007416,Wed Mar 26 09:50:09 +0000 2025,"🇫🇷🇦🇲 Les  Assises de la coopération décentralisée franco-arménienne se préparent à #Goris ! Une ville où la #francophonie résonne avec force et où les liens de coopération s’incarnent au travers de partenariats et projets concrets.
RDV sur place  les 2 et 3 juin ! #FranceArménie https://t.co/IKGD9K1fa0",flprovendier,,722194,Florence Provendier,flprovendier,twitter.com/flprovendier,LAREM,La République en Marche
1904802781052989617,Wed Mar 26 07:49:07 +0000 2025,"RT @Faridagrlt: À vos tablettes !! 
Agenda à venir de @Langagedefemmes https://t.co/xWIRphbCcZ",flprovendier,faridagrlt; langagedefemmes,722194,Florence Provendier,flprovendier,twitter.com/flprovendier,LAREM,La République en Marche
1904802358938173510,Wed Mar 26 07:47:26 +0000 2025,"RT @alensimonyan: ⚡️⚡️⚡️
🇦🇲🇪🇺 Minutes ago the National Assembly of the Republic of #Armenia has adopted the Law on the launch of the proces…",flprovendier,alensimonyan,722194,Florence Provendier,flprovendier,twitter.com/flprovendier,LAREM,La République en Marche
1904802199705661724,Wed Mar 26 07:46:48 +0000 2025,"RT @BernardLehut: 130 jours de détention pour Boualem Sansal, 130 jours de trop.
#avecboualemsansal https://t.co/JDgFkRwdhI",flprovendier,bernardlehut,722194,Florence Provendier,flprovendier,twitter.com/flprovendier,LAREM,La République en Marche
1904562214490587596,Tue Mar 25 15:53:11 +0000 2025,"RT @O_Decottignies: Jumelée avec Vienne depuis 33 ans, cœur battant de la francophonie dans le Syunik, Goris va accueillir les Assises de l…",flprovendier,o_decottignies,722194,Florence Provendier,flprovendier,twitter.com/flprovendier,LAREM,La République en Marche
1903916385752785075,Sun Mar 23 21:06:54 +0000 2025,"RT @fdevedjian: Ce soir à Paris, célébration du 50ème anniversaire de l’Union Médicale Arménienne de France (UMAF) en présence des anciens…",flprovendier,fdevedjian,722194,Florence Provendier,flprovendier,twitter.com/flprovendier,LAREM,La République en Marche
1903915903139360781,Sun Mar 23 21:04:59 +0000 2025,RT @SachaHoulie: J'adresse mon entier soutien au maire d'Istanbul et chef de l'opposition turque Ekrem Imamoglu ainsi qu'à la population no…,flprovendier,sachahoulie,722194,Florence Provendier,flprovendier,twitter.com/flprovendier,LAREM,La République en Marche
1903516677653852475,Sat Mar 22 18:38:36 +0000 2025,"RT @jmblanquer: Embastillé dans l’une de ses deux patries et célébré dans le monde entier:
#BoualemSansal vient d’obtenir le prix de la lib…",flprovendier,jmblanquer,722194,Florence Provendier,flprovendier,twitter.com/flprovendier,LAREM,La République en Marche
1535160055116488704,Fri Jun 10 07:20:53 +0000 2022,RT @marinebrenier: Merci au Président @NicolasSarkozy pour son magnifique message de soutien à l’occasion de son passage à #Nice06 aujourd’…,marinebrenier,marinebrenier; nicolassarkozy,713448,Marine Brenier,marinebrenier,twitter.com/marinebrenier,LC,"Les Constructifs : républicains, UDI, indépendants"
1534990873070649300,Thu Jun 09 20:08:37 +0000 2022,Merci à mon ami Antoine Veran pour son accueil très chaleureux à #Levens et ses remerciements très appuyés envers les services de la @MetropoleNCA lors de ma réunion publique en présence de @cestrosi. #Circo0605 https://t.co/Peu3qdV5eA,marinebrenier,cestrosi; metropolenca,713448,Marine Brenier,marinebrenier,twitter.com/marinebrenier,LC,"Les Constructifs : républicains, UDI, indépendants"
1534990880981106700,Thu Jun 09 20:08:39 +0000 2022,Mon mandat de Députée de la #circo0605 s’inscrit depuis six ans dans la continuité de celui de @cestrosi : la fidélité à notre territoire de #Nice06 à nos vallées avant tout. #Brenier2022 https://t.co/MyHutQK5j6,marinebrenier,cestrosi,713448,Marine Brenier,marinebrenier,twitter.com/marinebrenier,LC,"Les Constructifs : républicains, UDI, indépendants"
1534990892796366800,Thu Jun 09 20:08:42 +0000 2022,"Je me joins à @cestrosi pour saluer le remarquable travail de notre ami Tony non seulement en tant que Maire, mais aussi comme Vice-président de la @MetropoleNCA en charge de l’agriculture et des forêts, un sujet essentiel pour le devenir de notre territoire. https://t.co/Ell6IRX1jF",marinebrenier,cestrosi; metropolenca,713448,Marine Brenier,marinebrenier,twitter.com/marinebrenier,LC,"Les Constructifs : républicains, UDI, indépendants"
1534988411823702034,Thu Jun 09 19:58:50 +0000 2022,Un plaisir de vous retrouver ce soir à #Aspremont avec le Maire Pascal Bonsignore et les habitants venus nombreux échanger avec @pcondomitti et moi ! #legislatives2022 #circo0605 https://t.co/z3ZKK5ihee,marinebrenier,pcondomitti,713448,Marine Brenier,marinebrenier,twitter.com/marinebrenier,LC,"Les Constructifs : républicains, UDI, indépendants"
1534926407423479809,Thu Jun 09 15:52:27 +0000 2022,"Avant ma réunion publique à #Aspremont, échanges chaleureux avec les boulistes du Clos du village qui profitent de l’ombre des arbres pour jouer. La vie est belle dans la #circo0605 ☀️ https://t.co/oyGJCu55Yi",marinebrenier,,713448,Marine Brenier,marinebrenier,twitter.com/marinebrenier,LC,"Les Constructifs : républicains, UDI, indépendants"
1534894961614852101,Thu Jun 09 13:47:30 +0000 2022,"Merci au Président @NicolasSarkozy pour son magnifique message de soutien à l’occasion de son passage à #Nice06 aujourd’hui. Ses mots me vont droit au cœur, et m’encouragent à continuer à agir pour mes concitoyens avant tout ! #legislatives2022 https://t.co/uf37fC5k4L",marinebrenier,nicolassarkozy,713448,Marine Brenier,marinebrenier,twitter.com/marinebrenier,LC,"Les Constructifs : républicains, UDI, indépendants"
1534798307943403521,Thu Jun 09 07:23:26 +0000 2022,"RT @EPhilippe_LH: Dans les Alpes-Maritimes, avec @cestrosi, pour soutenir les 9 candidats de la majorité présidentielle. #Legislatives2022…",marinebrenier,cestrosi; ephilippe_lh,713448,Marine Brenier,marinebrenier,twitter.com/marinebrenier,LC,"Les Constructifs : républicains, UDI, indépendants"
1534796857246994432,Thu Jun 09 07:17:40 +0000 2022,"RT @HorizonsLeParti: 🔵 J-3 avant le premier tour des législatives… Restons mobilisés ! 💪🏻
⚪ Hier, @EPhilippe_LH était aux côtés de @cestros…",marinebrenier,cestros; ephilippe_lh; horizonsleparti,713448,Marine Brenier,marinebrenier,twitter.com/marinebrenier,LC,"Les Constructifs : républicains, UDI, indépendants"
1534632655295242240,Wed Jun 08 20:25:11 +0000 2022,RT @cestrosi: Aux électeurs de gauche je veux le dire: faites attention à cette alliance éphémère et contre nature. Voter pour l’union méle…,marinebrenier,cestrosi,713448,Marine Brenier,marinebrenier,twitter.com/marinebrenier,LC,"Les Constructifs : républicains, UDI, indépendants"
1534632645065379841,Wed Jun 08 20:25:09 +0000 2022,"RT @cestrosi: De l’autre côté, nous avons face à nous les candidats de l’extrême gauche. 
Eux ont un projet mais un projet dangereux. Un pr…",marinebrenier,cestrosi,713448,Marine Brenier,marinebrenier,twitter.com/marinebrenier,LC,"Les Constructifs : républicains, UDI, indépendants"
1534632635670343680,Wed Jun 08 20:25:07 +0000 2022,"RT @cestrosi: Eux ils sont contre tout. Ils passent leur temps, pour nourrir leurs petites ambitions personnelles, à dénigrer le travail de…",marinebrenier,cestrosi,713448,Marine Brenier,marinebrenier,twitter.com/marinebrenier,LC,"Les Constructifs : républicains, UDI, indépendants"
1534632625704472581,Wed Jun 08 20:25:04 +0000 2022,"RT @cestrosi: Nous sommes confrontés au double danger de l’extrémisme. D’un côté, les amis de la bande à Le Pen et de la clique de Zemmour.…",marinebrenier,cestrosi,713448,Marine Brenier,marinebrenier,twitter.com/marinebrenier,LC,"Les Constructifs : républicains, UDI, indépendants"
1534632617584246785,Wed Jun 08 20:25:02 +0000 2022,"RT @cestrosi: Le projet #MajoritéPrésidentielle est le seul qui préserve le pouvoir d’achat des Français en baissant les impôts, protége no…",marinebrenier,cestrosi,713448,Marine Brenier,marinebrenier,twitter.com/marinebrenier,LC,"Les Constructifs : républicains, UDI, indépendants"
1534632607648030722,Wed Jun 08 20:25:00 +0000 2022,"RT @cestrosi: .@MonettiGraig, @LoicDombreval, @p_pradal, @A_Ardisson, @marinebrenier, @jbmion, @EricMele_7e_06, @JV_Desens et @Mayaa_Tudies…",marinebrenier,a_ardisson; cestrosi; ericmele_7e_06; jbmion; jv_desens; loicdombreval; marinebrenier; mayaa_tudies; monettigraig; p_pradal,713448,Marine Brenier,marinebrenier,twitter.com/marinebrenier,LC,"Les Constructifs : républicains, UDI, indépendants"
1534632598785380355,Wed Jun 08 20:24:58 +0000 2022,RT @cestrosi: Quel plus beau symbole que d’être avec @EPhilippe_LH pour ce rdv. Lui qui incarne mieux que quiconque ce que nous sommes au s…,marinebrenier,cestrosi; ephilippe_lh,713448,Marine Brenier,marinebrenier,twitter.com/marinebrenier,LC,"Les Constructifs : républicains, UDI, indépendants"
1534632585481043969,Wed Jun 08 20:24:55 +0000 2022,RT @cestrosi: Merci d’être si nombreux ce soir à avoir répondu à notre appel avec @EPhilippe_LH pour soutenir les 9 candidats de la #Majori…,marinebrenier,cestrosi; ephilippe_lh,713448,Marine Brenier,marinebrenier,twitter.com/marinebrenier,LC,"Les Constructifs : républicains, UDI, indépendants"
1534632363031945216,Wed Jun 08 20:24:02 +0000 2022,"Merci à notre président de Région @RenaudMuselier pour son soutien sincère. #Ensemble, nous continuerons à défendre notre pays et à porter la voix des territoires au plus haut niveau ! #Brenier2022 #circo0605",marinebrenier,renaudmuselier,713448,Marine Brenier,marinebrenier,twitter.com/marinebrenier,LC,"Les Constructifs : républicains, UDI, indépendants"
1534581797270568960,Wed Jun 08 17:03:06 +0000 2022,"Quel plaisir de faire découvrir à @EPhilippe_LH, aux côtés de @cestrosi, le complexe sportif des Combes, petit paradis de l'Ouest de #Nice06 où les Niçois de toutes générations se retrouvent. #circo0605 https://t.co/rV221WN16Z",marinebrenier,cestrosi; ephilippe_lh,713448,Marine Brenier,marinebrenier,twitter.com/marinebrenier,LC,"Les Constructifs : républicains, UDI, indépendants"
1534264288545751000,Tue Jun 07 20:01:26 +0000 2022,"Une belle soirée dans les collines niçoises #AvecVous ! ☀️

Merci aux Niçois venus à mes réunions publiques de Saint-Pierre de Feric et Saint-Roman-de-Bellet pour ces échanges chaleureux.

#Brenier2022 #circo0605 https://t.co/oOH5nGrVPC",marinebrenier,,713448,Marine Brenier,marinebrenier,twitter.com/marinebrenier,LC,"Les Constructifs : républicains, UDI, indépendants"
1534264297651687400,Tue Jun 07 20:01:28 +0000 2022,"Avant d’être votre Députée, j’étais votre Adjointe de territoire, le rôle aujourd’hui occupé par mon suppléant @pcondomitti. L’équipe que nous formons est celle qui vous connaît le mieux, qui connaît le mieux la spécificité de notre territoire, qui connaît le mieux vos attentes. https://t.co/KztfDf0jmT",marinebrenier,pcondomitti,713448,Marine Brenier,marinebrenier,twitter.com/marinebrenier,LC,"Les Constructifs : républicains, UDI, indépendants"
1534264306639986700,Tue Jun 07 20:01:30 +0000 2022,"J’entends vos souhaits, comme l’amélioration du pouvoir d’achat, plus de sécurité, la prise en charge de nos aînés et de la dépendance, ou encore l’action pour le climat. Je veux faire peser dans la #MajoritePresidentielle l’expérience locale pour traiter efficacement ces sujets. https://t.co/cy6qBE7qIB",marinebrenier,,713448,Marine Brenier,marinebrenier,twitter.com/marinebrenier,LC,"Les Constructifs : républicains, UDI, indépendants"
1801529721957515666,Fri Jun 14 08:18:51 +0000 2024,"RT @BrunoLeMaire: Le programme proposé par l'alliance de gauche est l'assurance de la sortie de l'Union européenne.

Je vous explique pourq…",alouismars,brunolemaire,718918,Alexandra Louis,ALouisMars,twitter.com/ALouisMars|twitter.com/ALouisDeputee13,LAREM,La République en Marche
1801519334398816424,Fri Jun 14 07:37:34 +0000 2024,"Bravo aux formidables policiers de terrain de la BAC Nord qui ont réussi ce coup de filet. Et dire que la France insoumise veut dissoudre cette brigade. 
@GDarmanin",alouismars,gdarmanin,718918,Alexandra Louis,ALouisMars,twitter.com/ALouisMars|twitter.com/ALouisDeputee13,LAREM,La République en Marche
1801510633910809059,Fri Jun 14 07:03:00 +0000 2024,La France a déjà essayé les peines planchers et ça n’a  jamais marché. Encore de l’enfumage!,alouismars,,718918,Alexandra Louis,ALouisMars,twitter.com/ALouisMars|twitter.com/ALouisDeputee13,LAREM,La République en Marche
1801358321225523444,Thu Jun 13 20:57:46 +0000 2024,"Plus de dépenses et moins d’impôts, j’espère pour eux que le père noël est dans leur alliance.",alouismars,,718918,Alexandra Louis,ALouisMars,twitter.com/ALouisMars|twitter.com/ALouisDeputee13,LAREM,La République en Marche
1801320847644221912,Thu Jun 13 18:28:51 +0000 2024,Déclaration de déshonneur !,alouismars,,718918,Alexandra Louis,ALouisMars,twitter.com/ALouisMars|twitter.com/ALouisDeputee13,LAREM,La République en Marche
1801287640060235916,Thu Jun 13 16:16:54 +0000 2024,"RT @Charlie_Hebdo_: Le dessin du jour, par #Biche https://t.co/llvz4mYiAi",alouismars,charlie_hebdo_,718918,Alexandra Louis,ALouisMars,twitter.com/ALouisMars|twitter.com/ALouisDeputee13,LAREM,La République en Marche
1801213749564489959,Thu Jun 13 11:23:17 +0000 2024,C’est simple à qualifier sauf pour les partis communautaristes. On les aide un peu : le 7 octobre est une attaque terroriste et un pogrome.,alouismars,,718918,Alexandra Louis,ALouisMars,twitter.com/ALouisMars|twitter.com/ALouisDeputee13,LAREM,La République en Marche
1801148255805243485,Thu Jun 13 07:03:02 +0000 2024,Voilà le grand fossoyeur du Parti socialiste !,alouismars,,718918,Alexandra Louis,ALouisMars,twitter.com/ALouisMars|twitter.com/ALouisDeputee13,LAREM,La République en Marche
1801147943249949044,Thu Jun 13 07:01:48 +0000 2024,"Pour quelques sièges, adieu les grands principes et adieu le soutien aux victimes ! Voilà un homme condamné pour violences conjugales qui demande un soutien aux féministes! On marche sur la tête.",alouismars,,718918,Alexandra Louis,ALouisMars,twitter.com/ALouisMars|twitter.com/ALouisDeputee13,LAREM,La République en Marche
1800978738626297942,Wed Jun 12 19:49:26 +0000 2024,"RT @Indep_Senat: 🔴 #Dissolution : depuis le résultat des élections européennes la politique est devenue folle.

💬 @ClaudeMalhuret : « Entre…",alouismars,claudemalhuret; indep_senat,718918,Alexandra Louis,ALouisMars,twitter.com/ALouisMars|twitter.com/ALouisDeputee13,LAREM,La République en Marche
1800944581963333779,Wed Jun 12 17:33:42 +0000 2024,"RT @LaurentSegnis: 🎙 ""Ne composez jamais avec l’extrémisme, le racisme, l’antisémitisme ou le rejet de l’autre. Dans notre histoire, l’extr…",alouismars,laurentsegnis,718918,Alexandra Louis,ALouisMars,twitter.com/ALouisMars|twitter.com/ALouisDeputee13,LAREM,La République en Marche
1800877847218888957,Wed Jun 12 13:08:32 +0000 2024,RT @BrunoLeMaire: Le monde économique a peur du RN. Pourquoi ? Parce que leur programme économique ne tient pas la route et se soldera par…,alouismars,brunolemaire,718918,Alexandra Louis,ALouisMars,twitter.com/ALouisMars|twitter.com/ALouisDeputee13,LAREM,La République en Marche
1800866544031019221,Wed Jun 12 12:23:37 +0000 2024,"RT @Renaissance: « Nous avons des alliances contre nature aux deux extrêmes, qui ne sont d'accord sur rien et ne seront pas en mesure d'app…",alouismars,renaissance,718918,Alexandra Louis,ALouisMars,twitter.com/ALouisMars|twitter.com/ALouisDeputee13,LAREM,La République en Marche
1800864883074093334,Wed Jun 12 12:17:01 +0000 2024,"La vision du débat démocratique selon l’extrême droite @gisele_lelouis. 

Mon tort est d’avoir démontré que le pseudo programme du RN contre les trafics de drogue est inefficace. https://t.co/zpqlw4AZkv",alouismars,gisele_lelouis,718918,Alexandra Louis,ALouisMars,twitter.com/ALouisMars|twitter.com/ALouisDeputee13,LAREM,La République en Marche
1800792982695592124,Wed Jun 12 07:31:18 +0000 2024,"RT @Renaissance: « Ce que nous proposons, c’est :
👉 le travail comme valeur cardinale, 
👉 le rétablissement de l’autorité, 
👉 le pouvoir d’…",alouismars,renaissance,718918,Alexandra Louis,ALouisMars,twitter.com/ALouisMars|twitter.com/ALouisDeputee13,LAREM,La République en Marche
1800602990317130187,Tue Jun 11 18:56:21 +0000 2024,"RT @libe: 🔴 EN DIRECT - «C’est moi qui mènerai cette campagne» pour la majorité, annonce ce soir Gabriel Attal.

Suivez notre direct : http…",alouismars,libe,718918,Alexandra Louis,ALouisMars,twitter.com/ALouisMars|twitter.com/ALouisDeputee13,LAREM,La République en Marche
1800496956554576368,Tue Jun 11 11:55:00 +0000 2024,"RT @E_DupondM: Ciotti se vautre dans le déshonneur pour sauver sa tête. 

Offrir à Le Pen le parti du général de Gaulle sur un plateau d’ar…",alouismars,e_dupondm,718918,Alexandra Louis,ALouisMars,twitter.com/ALouisMars|twitter.com/ALouisDeputee13,LAREM,La République en Marche
1800489702753272275,Tue Jun 11 11:26:11 +0000 2024,Une honte !,alouismars,,718918,Alexandra Louis,ALouisMars,twitter.com/ALouisMars|twitter.com/ALouisDeputee13,LAREM,La République en Marche
1800405107470909705,Tue Jun 11 05:50:02 +0000 2024,RT @BanonTristane: @joannsfar …Parfait. https://t.co/vjc6KxhAUh,alouismars,banontristane; joannsfar,718918,Alexandra Louis,ALouisMars,twitter.com/ALouisMars|twitter.com/ALouisDeputee13,LAREM,La République en Marche
1800063735433707812,Mon Jun 10 07:13:32 +0000 2024,"RT @BFMTV: 🔴 EN DIRECT
""On n'a jamais tort quand on donne la parole aux Français"": Dupond Moretti ""parfaitement à l'aise avec la décision""…",alouismars,bfmtv,718918,Alexandra Louis,ALouisMars,twitter.com/ALouisMars|twitter.com/ALouisDeputee13,LAREM,La République en Marche
1903516613124702369,Sat Mar 22 18:38:20 +0000 2025,"RT @NathalieLoiseau: On nous répète que nous vivons l’époque des régimes autoritaires. Ce que je vois, c’est la révolte des peuples contre…",flprovendier,nathalieloiseau,722194,Florence Provendier,flprovendier,twitter.com/flprovendier,LAREM,La République en Marche
1903435710993994009,Sat Mar 22 13:16:52 +0000 2025,"RT @JonathanLacote: 🇫🇷🇭🇺🇦🇲

      Nous avons tous un ami arménien. 

      Mindenkinek van egy örmény barátja. 

      Բոլորն էլ ունեն հայ…",flprovendier,jonathanlacote,722194,Florence Provendier,flprovendier,twitter.com/flprovendier,LAREM,La République en Marche
1903034603004125364,Fri Mar 21 10:43:00 +0000 2025,"RT @DucroquetSamuel: Bien arrivé à #Erevan, en compagnie de plusieurs entreprises du GIE #FranceSportExpertise ! 

L’occasion de parler coo…",flprovendier,ducroquetsamuel,722194,Florence Provendier,flprovendier,twitter.com/flprovendier,LAREM,La République en Marche
1903034538063774185,Fri Mar 21 10:42:45 +0000 2025,"RT @DucroquetSamuel: Quoi de mieux que de fêter la journée internationale de la #Francophonie, depuis Erevan, en travaillant sur les procha…",flprovendier,ducroquetsamuel,722194,Florence Provendier,flprovendier,twitter.com/flprovendier,LAREM,La République en Marche
1903034273461940402,Fri Mar 21 10:41:42 +0000 2025,RT @BCazeneuve: 10 ans de prison ferme requis contre B Sansal par un procureur de l’injustice.Notre compatriote n’a pas attenté à la sûreté…,flprovendier,bcazeneuve,722194,Florence Provendier,flprovendier,twitter.com/flprovendier,LAREM,La République en Marche
1902422852151677193,Wed Mar 19 18:12:07 +0000 2025,"RT @lanouvellerep_: «La situation des enfants n’est pas digne d’un pays comme la France», juge la présidente d’Unicef France ⤵️
https://t.c…",flprovendier,lanouvellerep_,722194,Florence Provendier,flprovendier,twitter.com/flprovendier,LAREM,La République en Marche
1901016493741031537,Sat Mar 15 21:03:45 +0000 2025,"RT @NathalieLoiseau: Tout à coup, Jordan Bardella doit répondre à des questions de fond, ce qui ne lui est jamais demandé quand il fait cam…",flprovendier,nathalieloiseau,722194,Florence Provendier,flprovendier,twitter.com/flprovendier,LAREM,La République en Marche
1901015573103841437,Sat Mar 15 21:00:06 +0000 2025,"RT @BernardLehut: 119 jours de détention pour Boualem Sansal, 119 jours de trop.
#avecboualemsansal https://t.co/P9vq1q0gY8",flprovendier,bernardlehut,722194,Florence Provendier,flprovendier,twitter.com/flprovendier,LAREM,La République en Marche
1900317807461466213,Thu Mar 13 22:47:26 +0000 2025,"RT @francediplo: #Arménie #Azerbaïdjan
La France salue l’annonce de l’aboutissement de la négociation d’un traité de paix entre l’Arménie e…",flprovendier,francediplo,722194,Florence Provendier,flprovendier,twitter.com/flprovendier,LAREM,La République en Marche
1900317717263245431,Thu Mar 13 22:47:04 +0000 2025,RT @FredericEncel: https://t.co/RRU3y3DQBV,flprovendier,fredericencel,722194,Florence Provendier,flprovendier,twitter.com/flprovendier,LAREM,La République en Marche
1899600540071600163,Tue Mar 11 23:17:16 +0000 2025,"RT @jchribuisson: Inquiétante photo de #RubenVardanyan à son procès en Azerbaïdjan. Emprisonné depuis 1 an et demi, l'ancien ministre d'Eta…",flprovendier,jchribuisson,722194,Florence Provendier,flprovendier,twitter.com/flprovendier,LAREM,La République en Marche
1899581784037241103,Tue Mar 11 22:02:44 +0000 2025,"RT @SylvainMaillard: 🇦🇲🇫🇷Au traditionnel dîner du @ccaf_france.

Nous demandons la libération immédiate des arméniens injustement prisonnie…",flprovendier,ccaf_france; sylvainmaillard,722194,Florence Provendier,flprovendier,twitter.com/flprovendier,LAREM,La République en Marche
1897612435541958990,Thu Mar 06 11:37:15 +0000 2025,"RT @LaGuilde_Action: ⚡Convergences #Arménie [@villedelyon - @Senat] : @LaGuilde_Action réaffirme son engagement aux côtés des Arméniens. 
🏹…",flprovendier,laguilde_action; senat; villedelyon,722194,Florence Provendier,flprovendier,twitter.com/flprovendier,LAREM,La République en Marche
1897600642195014050,Thu Mar 06 10:50:23 +0000 2025,"RT @BernardLehut: 110 jours de détention pour Boualem Sansal, 110 jours de trop.
#avecboualemsansal https://t.co/Se39jUKd2J",flprovendier,bernardlehut,722194,Florence Provendier,flprovendier,twitter.com/flprovendier,LAREM,La République en Marche
1897396480182497399,Wed Mar 05 21:19:07 +0000 2025,"RT @fdevedjian: L’Arménie 🇦🇲 6e du classement hellosafe des pays les moins chers où voyager
Vous y trouverez la magie de Erevan, fondée il…",flprovendier,fdevedjian,722194,Florence Provendier,flprovendier,twitter.com/flprovendier,LAREM,La République en Marche
1896876634038473138,Tue Mar 04 10:53:26 +0000 2025,"RT @YaelBRAUNPIVET: Présider l'Assemblée nationale, « ce lieu magique de la République », fut pour Jean-Louis Debré « l’honneur d’une vie »…",flprovendier,yaelbraunpivet,722194,Florence Provendier,flprovendier,twitter.com/flprovendier,LAREM,La République en Marche
1896801443417620764,Tue Mar 04 05:54:39 +0000 2025,"RT @rita_minassian: « ARMÉNIE ET BANDES DESSINÉES 
110 ans après le génocide : identités, mémoires, espoirs »
Une conférence à ne pas rater…",flprovendier,rita_minassian,722194,Florence Provendier,flprovendier,twitter.com/flprovendier,LAREM,La République en Marche
1534190755308240896,Tue Jun 07 15:09:14 +0000 2022,"RT @bailetmonique: Un rendez-vous à ne pas manquer.
On vous attend nombreux à la grande réunion publique de @EPhilippe_LH @cestrosi en prés…",marinebrenier,bailetmonique; cestrosi; ephilippe_lh,713448,Marine Brenier,marinebrenier,twitter.com/marinebrenier,LC,"Les Constructifs : républicains, UDI, indépendants"
1534170522921185282,Tue Jun 07 13:48:50 +0000 2022,"Rendez-vous demain soir pour la réunion publique d'@EPhilippe_LH et @cestrosi à #Nice06 en soutien aux candidats #MajoritePresidentielle aux #legislatives2022 dans le 06.

📅 Mercredi 8 juin à 18h30
📍 Promenade du Paillon (au niveau du Square Leclerc)

#brenier2022 #circo0605 https://t.co/1UQ5MPHxSn",marinebrenier,cestrosi; ephilippe_lh,713448,Marine Brenier,marinebrenier,twitter.com/marinebrenier,LC,"Les Constructifs : républicains, UDI, indépendants"
1533907798710440000,Mon Jun 06 20:24:52 +0000 2022,"Aux côtés d’Isabelle Brès pour conclure cette journée de rencontres à #Colomars, magnifique commune du moyen-pays. Merci aux Colomarsois venus échanger et débattre ce soir sur le projet que je compte porter pour vous et #AvecVous. #Brenier2022 #circo0605 https://t.co/j1WiqBNxhv",marinebrenier,,713448,Marine Brenier,marinebrenier,twitter.com/marinebrenier,LC,"Les Constructifs : républicains, UDI, indépendants"
1533907809217171500,Mon Jun 06 20:24:55 +0000 2022,"Au sein de l’@AN_AfSoc je me suis notamment engagée sur la question des #DésertsMédicaux. J’y ai défendu une mesure qui a été retenue par le Président @EmmanuelMacron, celle du « docteur junior ». Je veillerai au sein de la #MajoritePresidentielle à sa mise en place. #Brenier2022 https://t.co/ZueYVoYxI9",marinebrenier,an_afsoc; emmanuelmacron,713448,Marine Brenier,marinebrenier,twitter.com/marinebrenier,LC,"Les Constructifs : républicains, UDI, indépendants"
1533907818239213600,Mon Jun 06 20:24:57 +0000 2022,"Le lien de confiance qui nous unit ne s’est jamais érodé. Vous savez pouvoir compter sur moi comme une Députée accessible, « à portée d’engueulade », parce que nous nous voyons souvent. Cette relation que nous avons construite, je veux la prolonger #AvecVous. https://t.co/9zKVIUnifh",marinebrenier,,713448,Marine Brenier,marinebrenier,twitter.com/marinebrenier,LC,"Les Constructifs : républicains, UDI, indépendants"
1533896233215045635,Mon Jun 06 19:38:55 +0000 2022,"RT @valentinbrune: Toujours mobilisés ce soir a Ventabrun, dans la bonne humeur pour soutenir et partager le programme de @marinebrenier  #…",marinebrenier,marinebrenier; valentinbrune,713448,Marine Brenier,marinebrenier,twitter.com/marinebrenier,LC,"Les Constructifs : républicains, UDI, indépendants"
1533855756814106600,Mon Jun 06 16:58:04 +0000 2022,"À #Lantosque pour un échange chaleureux avec les habitants.

Merci au Maire Jean Thaon pour son très bel accueil cet après-midi.

#Brenier2022 #Circo0605 https://t.co/pXQHBveiQK",marinebrenier,,713448,Marine Brenier,marinebrenier,twitter.com/marinebrenier,LC,"Les Constructifs : républicains, UDI, indépendants"
1533855778892677000,Mon Jun 06 16:58:10 +0000 2022,"Les paysages de la #Vésubie défigurés par la #TempeteAlex et la sécheresse dans notre département nous rappellent qu’il est urgent d’agir pour le climat. Au sein de la #MajoritePresidentielle je veux peser en faveur de mesures concrètes et efficaces, promises par @EmmanuelMacron. https://t.co/sYEXbudj5U",marinebrenier,emmanuelmacron,713448,Marine Brenier,marinebrenier,twitter.com/marinebrenier,LC,"Les Constructifs : républicains, UDI, indépendants"
1533855808643076000,Mon Jun 06 16:58:17 +0000 2022,"Députée de proximité, j’ai toujours eu à cœur de venir à votre rencontre pour agir au plus près de vos attentes.

Je resterai cette Députée de proximité à l’écoute de chacun des habitants de la #circo0605, engagée pour vous, #AvecVous. #Brenier2022 https://t.co/B8s0i5ifvg",marinebrenier,,713448,Marine Brenier,marinebrenier,twitter.com/marinebrenier,LC,"Les Constructifs : républicains, UDI, indépendants"
1533847135753539585,Mon Jun 06 16:23:49 +0000 2022,"RT @valentinbrune: À Crémat pour faire connaître le programme de notre candidate @marinebrenier 

❓Le saviez-vous ?
➡️ Lors de son mandat d…",marinebrenier,marinebrenier; valentinbrune,713448,Marine Brenier,marinebrenier,twitter.com/marinebrenier,LC,"Les Constructifs : républicains, UDI, indépendants"
1533785572459925500,Mon Jun 06 12:19:11 +0000 2022,"Saint-Martin-Vésubie.

Depuis la #TempeteAlex, revenir dans ce village me touche particulièrement.

Merci à mon ami Ivan Mottet pour son accueil très chaleureux dans sa commune.

#Brenier2022 #circo0605 https://t.co/hPIwWtDdA0",marinebrenier,,713448,Marine Brenier,marinebrenier,twitter.com/marinebrenier,LC,"Les Constructifs : républicains, UDI, indépendants"
1533785611491999700,Mon Jun 06 12:19:20 +0000 2022,"Je ne saluerai jamais assez l’immense travail conduit ici par les collectivités, la @MetropoleNCA en 1er lieu, pour mettre à l’abri les sinistrés, rétablir les réseaux ou acheminer par hélicoptère des milliers de litres d’eau. Ici à St-Martin, la Métropole a investi + de 110M€. https://t.co/3bzW41UKRF",marinebrenier,metropolenca,713448,Marine Brenier,marinebrenier,twitter.com/marinebrenier,LC,"Les Constructifs : républicains, UDI, indépendants"
1533785644761337900,Mon Jun 06 12:19:28 +0000 2022,"Au lendemain de la #TempeteAlex, personne n’a ménagé ses efforts. C’est ainsi que nous avons en quelques mois pu rouvrir des voies que beaucoup imaginaient perdues à jamais. En un an, nous avons rendu l’accès au Boreon, et cet été, nous rendrons l’accès à la Madone de Fenestre. https://t.co/caXNBTmWMb",marinebrenier,,713448,Marine Brenier,marinebrenier,twitter.com/marinebrenier,LC,"Les Constructifs : républicains, UDI, indépendants"
1533768817595527169,Mon Jun 06 11:12:36 +0000 2022,"RT @GDarmanin: Les policiers, les gendarmes méritent le respect. Ils font un travail courageux, difficile et risquent leur vie à chaque ins…",marinebrenier,gdarmanin,713448,Marine Brenier,marinebrenier,twitter.com/marinebrenier,LC,"Les Constructifs : républicains, UDI, indépendants"
1533703346066018300,Mon Jun 06 06:52:27 +0000 2022,"En ce #6juin, la France rappelle sa reconnaissance éternelle envers les héros Américains, Britanniques, Canadiens, Français et de nombreux autres pays qui par milliers ont débarqué sur les plages normandes il y a 77 ans pour libérer la 🇫🇷 et l’Europe du nazisme. #DDay #6Juin1944 https://t.co/Lr2bVltLH6",marinebrenier,,713448,Marine Brenier,marinebrenier,twitter.com/marinebrenier,LC,"Les Constructifs : républicains, UDI, indépendants"
1533703354857169000,Mon Jun 06 06:52:29 +0000 2022,"Je veux saluer également Léon Gautier, dernier survivant des 177 membres du commando Kieffer, seul bataillon français à participer au #DDay.

À lui et tous ses frères d’armes, la France est et restera redevable. #6juin1944 https://t.co/7CsNROOv0r",marinebrenier,,713448,Marine Brenier,marinebrenier,twitter.com/marinebrenier,LC,"Les Constructifs : républicains, UDI, indépendants"
1533541920538075100,Sun Jun 05 20:11:00 +0000 2022,"Discuter, débattre et surtout avancer #Ensemble. Une magnifique journée à @StEtienne_Auron St-Dalmas-le-Selvage et Tourrette-Levens pour bâtir #AvecVous les fondations du futur de la #circo0605. Merci à @FabronColette, Jean-Pierre Issautier et Bertrand Gasiglia pour leur accueil. https://t.co/vd0ymPRgGR",marinebrenier,fabroncolette; stetienne_auron,713448,Marine Brenier,marinebrenier,twitter.com/marinebrenier,LC,"Les Constructifs : républicains, UDI, indépendants"
1533541928687607800,Sun Jun 05 20:11:02 +0000 2022,"J’entends vos inquiétudes, légitimes, dans ce contexte de crises, de guerre aux portes de l’Europe, et au moment où a lieu une profonde recomposition politique. Députée de la #circo0605 depuis 6 ans, je ne vous ai jamais fait défaut, et je ne compte pas commencer ! #Brenier2022 https://t.co/XrqTphjwg3",marinebrenier,,713448,Marine Brenier,marinebrenier,twitter.com/marinebrenier,LC,"Les Constructifs : républicains, UDI, indépendants"
1533541936728002600,Sun Jun 05 20:11:04 +0000 2022,"Face aux candidats qui viennent vous parler d’eux et n’ont pour programme que de me battre, je suis la seule à venir vous rencontrer pour vous parler de VOUS. Députée de la #circo0605 dans la #MajoritePresidentielle, ma 1ère bataille sera pour votre pouvoir d’achat. #Brenier2022 https://t.co/G3f94BYLvG",marinebrenier,,713448,Marine Brenier,marinebrenier,twitter.com/marinebrenier,LC,"Les Constructifs : républicains, UDI, indépendants"
1800062526593360028,Mon Jun 10 07:08:44 +0000 2024,"RT @Enthoven_R: Une pensée pour les gens qui ont oublié, en votant Glucksmann, qu'ils votaient aussi pour Olivier Faure.",alouismars,enthoven_r,718918,Alexandra Louis,ALouisMars,twitter.com/ALouisMars|twitter.com/ALouisDeputee13,LAREM,La République en Marche
1800062509912568263,Mon Jun 10 07:08:40 +0000 2024,"RT @EmmanuelMacron: Des élections législatives se tiendront le 30 juin et le 7 juillet.

J’ai confiance en la capacité du peuple français à…",alouismars,emmanuelmacron,718918,Alexandra Louis,ALouisMars,twitter.com/ALouisMars|twitter.com/ALouisDeputee13,LAREM,La République en Marche
1799893970639610160,Sun Jun 09 19:58:57 +0000 2024,Une décision courageuse qui place chacun face à ses responsabilités.,alouismars,,718918,Alexandra Louis,ALouisMars,twitter.com/ALouisMars|twitter.com/ALouisDeputee13,LAREM,La République en Marche
1799002388856246738,Fri Jun 07 08:56:08 +0000 2024,La santé physique et psychique des victimes est  une de nos priorités. Merci @fredvalletoux pour son engagement pour faciliter l’accompagnement des victimes.,alouismars,fredvalletoux,718918,Alexandra Louis,ALouisMars,twitter.com/ALouisMars|twitter.com/ALouisDeputee13,LAREM,La République en Marche
1798366717485420813,Wed Jun 05 14:50:12 +0000 2024,"RT @brutofficiel: “Des fois, je me dis que les enfants biologiques de la France ne savent pas la chance qu’ils ont.”

L’actrice iranienne G…",alouismars,brutofficiel,718918,Alexandra Louis,ALouisMars,twitter.com/ALouisMars|twitter.com/ALouisDeputee13,LAREM,La République en Marche
1798325522860274037,Wed Jun 05 12:06:30 +0000 2024,"RT @CNBarreaux: [AUDITION⚖️] Fermement attaché à l'amélioration de la protection des victimes et leur prise en charge, le #CNB a rencontré…",alouismars,cnbarreaux,718918,Alexandra Louis,ALouisMars,twitter.com/ALouisMars|twitter.com/ALouisDeputee13,LAREM,La République en Marche
1797900598085632124,Tue Jun 04 07:58:00 +0000 2024,"Les candidats du RN viennent donner des leçons d’ordre mais ne respectent même pas la loi ! 

se comporte comme Violer le droit moral d’un auteur ou d’un interprète est une infraction au même titre que le vol.",alouismars,,718918,Alexandra Louis,ALouisMars,twitter.com/ALouisMars|twitter.com/ALouisDeputee13,LAREM,La République en Marche
1797899721471877415,Tue Jun 04 07:54:31 +0000 2024,RT @cavousf5: Le Rassemblement national fait feu contre l’Europe : l'édito de #PatrickCohen dans #CàVous ⬇️ https://t.co/Bm52SD1Ni7,alouismars,cavousf5,718918,Alexandra Louis,ALouisMars,twitter.com/ALouisMars|twitter.com/ALouisDeputee13,LAREM,La République en Marche
1797897509349838849,Tue Jun 04 07:45:44 +0000 2024,RT @E_DupondM: Le @Senat adopte à l’unanimité la création de l’ordonnance de protection immédiate portée par @EmilieChandler &amp; @verienparen…,alouismars,e_dupondm; emiliechandler; senat; verienparen,718918,Alexandra Louis,ALouisMars,twitter.com/ALouisMars|twitter.com/ALouisDeputee13,LAREM,La République en Marche
1797520391298285691,Mon Jun 03 06:47:12 +0000 2024,"RT @GabrielAttal: Nous sommes les seuls à défendre l’Europe des grands projets. 

L’Europe de l’avion vert, celle du char du futur, celle d…",alouismars,gabrielattal,718918,Alexandra Louis,ALouisMars,twitter.com/ALouisMars|twitter.com/ALouisDeputee13,LAREM,La République en Marche
1797142175001518356,Sun Jun 02 05:44:18 +0000 2024,"RT @GabrielAttal: Je pose la question aux amoureux de la France : voulez-vous vraiment qu'en 45 ans, le visage de notre pays en Europe pass…",alouismars,gabrielattal,718918,Alexandra Louis,ALouisMars,twitter.com/ALouisMars|twitter.com/ALouisDeputee13,LAREM,La République en Marche
1796545451631726685,Fri May 31 14:13:08 +0000 2024,"RT @DIAVictimes: #SecuriteRoutiereAuTravail 

Je lance un cycle de réunions trimestrielles avec les associations engagées dans l’aide et la…",alouismars,diavictimes,718918,Alexandra Louis,ALouisMars,twitter.com/ALouisMars|twitter.com/ALouisDeputee13,LAREM,La République en Marche
1796170701042237603,Thu May 30 13:24:01 +0000 2024,"RT @DIAVictimes: Notre objectif : améliorer le parcours des victimes, sur tous les aspects.A @HotelDieuParis les femmes &amp; enfants #victimes…",alouismars,diavictimes; hoteldieuparis,718918,Alexandra Louis,ALouisMars,twitter.com/ALouisMars|twitter.com/ALouisDeputee13,LAREM,La République en Marche
1796078836787900508,Thu May 30 07:18:58 +0000 2024,"RT @LCP: ""Il n'y a pas besoin de brandir un autre drapeau que celui de la France et de l'Europe pour défendre la paix, la diplomatie"", tran…",alouismars,lcp,718918,Alexandra Louis,ALouisMars,twitter.com/ALouisMars|twitter.com/ALouisDeputee13,LAREM,La République en Marche
1795848983988105652,Wed May 29 16:05:37 +0000 2024,Cette délinquance est un fléau pour notre pays. Et dire que Ravier et ses amis d’extrême-droite prônent la fermeté et le rétablissement des peines planchers….,alouismars,,718918,Alexandra Louis,ALouisMars,twitter.com/ALouisMars|twitter.com/ALouisDeputee13,LAREM,La République en Marche
1795847364168569226,Wed May 29 15:59:11 +0000 2024,Améliorer l’accompagnement des victimes est un enjeu de justice et de solidarité nationale. La prise en charge médicale et psychologique des victimes est une priorité. Merci aux formidables équipes de l’@HotelDieuParis qui ont développé une expertise précieuse en la matière.,alouismars,hoteldieuparis,718918,Alexandra Louis,ALouisMars,twitter.com/ALouisMars|twitter.com/ALouisDeputee13,LAREM,La République en Marche
1795763351869399272,Wed May 29 10:25:21 +0000 2024,RT @EmmanuelMacron: Il faut que les opérations israéliennes cessent à Rafah. https://t.co/jNori2eIis,alouismars,emmanuelmacron,718918,Alexandra Louis,ALouisMars,twitter.com/ALouisMars|twitter.com/ALouisDeputee13,LAREM,La République en Marche
1795065252293267938,Mon May 27 12:11:21 +0000 2024,"RT @EmmanuelMacron: Indigné par les frappes israéliennes qui ont fait de nombreuses victimes parmi les déplacés à Rafah.

Ces opérations do…",alouismars,emmanuelmacron,718918,Alexandra Louis,ALouisMars,twitter.com/ALouisMars|twitter.com/ALouisDeputee13,LAREM,La République en Marche
1794083770057761252,Fri May 24 19:11:17 +0000 2024,"RT @NathalieLoiseau: Excellent @ClaudeMalhuret, comme toujours. Merci pour la référence à La Guerre Qu’On Ne Voit Pas Venir. @EdLObservatoi…",alouismars,claudemalhuret; edlobservatoi; nathalieloiseau,718918,Alexandra Louis,ALouisMars,twitter.com/ALouisMars|twitter.com/ALouisDeputee13,LAREM,La République en Marche
1793724041280528555,Thu May 23 19:21:51 +0000 2024,Bardella nous dit que les travailleurs étrangers doivent repartir à la fin de leurs mission et explique que sa famille a pu s’installer en France par amour de la nation.,alouismars,,718918,Alexandra Louis,ALouisMars,twitter.com/ALouisMars|twitter.com/ALouisDeputee13,LAREM,La République en Marche
1896489031686615095,Mon Mar 03 09:13:14 +0000 2025,"RT @BernardLehut: 107 jours de détention pour Boualem Sansal, 107 jours de trop.
#avecboualemsansal https://t.co/HTuRjhTOwC",flprovendier,bernardlehut,722194,Florence Provendier,flprovendier,twitter.com/flprovendier,LAREM,La République en Marche
1894660677853184100,Wed Feb 26 08:08:01 +0000 2025,"RT @BernardLehut: 102 jours de détention pour Boualem Sansal, 102 jours de trop.
#avecboualemsansal https://t.co/gqEjBy8M07",flprovendier,bernardlehut,722194,Florence Provendier,flprovendier,twitter.com/flprovendier,LAREM,La République en Marche
1893619322288849013,Sun Feb 23 11:10:02 +0000 2025,"RT @TheVoice_TF1: #TheVoice 

Des frissons pour ce début des auditions à l'aveugle ! Levon livre un hymne à l'amour pour l'Arménie en repre…",flprovendier,thevoice_tf1,722194,Florence Provendier,flprovendier,twitter.com/flprovendier,LAREM,La République en Marche
1893072554790691134,Fri Feb 21 22:57:23 +0000 2025,"RT @pchamassian: « Aux grands hommes, la patrie reconnaissante » il y a 1 an jour pour jour Missak Manouchian rentrait  au Panthéon accompa…",flprovendier,pchamassian,722194,Florence Provendier,flprovendier,twitter.com/flprovendier,LAREM,La République en Marche
1893072531571052705,Fri Feb 21 22:57:17 +0000 2025,"RT @AmbaFR_Armenie: En ce 21 février, 81 ans après son exécution par l'occupant nazi, nous avons rendu hommage à Missak Manouchian, rassemb…",flprovendier,ambafr_armenie,722194,Florence Provendier,flprovendier,twitter.com/flprovendier,LAREM,La République en Marche
1889327264896032890,Tue Feb 11 14:54:56 +0000 2025,"RT @MinHealth_Arm: The Minister of Health received Ambassador Olivier Decottignies and Florence Provendier, Coordinator of Armenian-French…",flprovendier,minhealth_arm,722194,Florence Provendier,flprovendier,twitter.com/flprovendier,LAREM,La République en Marche
1889327093244166492,Tue Feb 11 14:54:15 +0000 2025,"RT @NikolPashinyan: Excellent entretien avec le Président @EmmanuelMacron sur l’amitié exceptionnelle et la coopération🇦🇲🇫🇷, notamment dans…",flprovendier,emmanuelmacron; nikolpashinyan,722194,Florence Provendier,flprovendier,twitter.com/flprovendier,LAREM,La République en Marche
1889247531806183495,Tue Feb 11 09:38:06 +0000 2025,"🎯Il n’y a pas d’âge pour parler démocratie @ParlonsDem 

Avec des élèves de 6ᵉ pour relever ce défi et concocter une loi sur les océans 🌊 dans le cadre du #ParlementDesEnfants 

!!! Si seulement le @gouvernementFR pouvait  entendre leur voix et protéger leurs droits #enfants",flprovendier,gouvernementfr; parlonsdem,722194,Florence Provendier,flprovendier,twitter.com/flprovendier,LAREM,La République en Marche
1888656612706963681,Sun Feb 09 18:30:00 +0000 2025,RT @AznavourFound: La quatrième édition de l'Atelier d'Art dramatique bilingue a été lancée. Ce programme culturel réunira une fois de plus…,flprovendier,aznavourfound,722194,Florence Provendier,flprovendier,twitter.com/flprovendier,LAREM,La République en Marche
1887732079665827881,Fri Feb 07 05:16:14 +0000 2025,"🇫🇷🇦🇲Les coopérations décentralisées franco-arméniennes, c’est du concret ! 

Rencontre des maires de Masis, Vagharshapat, Armavir, Vedi, Artashat…  pour évoquer leurs priorités avec les CTF. 
Un engagement durable entre collectivités pour un avenir commun. #Arménie #cooperation https://t.co/r8W0kSbqb7",flprovendier,,722194,Florence Provendier,flprovendier,twitter.com/flprovendier,LAREM,La République en Marche
1887172084054294930,Wed Feb 05 16:11:01 +0000 2025,RT @O_Decottignies: Les collectivités territoriales françaises sont solidaires des réfugiés arméniens du Haut-Karabagh et de l'Arménie qui…,flprovendier,o_decottignies,722194,Florence Provendier,flprovendier,twitter.com/flprovendier,LAREM,La République en Marche
1887101616106455179,Wed Feb 05 11:31:00 +0000 2025,"RT @BernardLehut: 81 jours de détention pour Boualem Sansal, 81 jours de trop.
#avecboualemsansal https://t.co/cXHtUd538p",flprovendier,bernardlehut,722194,Florence Provendier,flprovendier,twitter.com/flprovendier,LAREM,La République en Marche
1886705009187791216,Tue Feb 04 09:15:02 +0000 2025,"🇫🇷🇦🇲Droit au logement, au travail, à l’éducation, à la santé, à la préservation de sa culture, de son patrimoine immatériel, droit au retour #réfugiés #HautKarabakh…
pour en parler sans tabou avec des collectivités territoriales et des acteurs institutionnels en #Arménie https://t.co/k9xTKd3zl0",flprovendier,,722194,Florence Provendier,flprovendier,twitter.com/flprovendier,LAREM,La République en Marche
1886701484642840975,Tue Feb 04 09:01:01 +0000 2025,RT @rita_minassian: Mes chaleureuses félicitations cher @ArmenMnatzak pour cette nouvelle aventure à la tête de l’Union des Français à l’Et…,flprovendier,armenmnatzak; rita_minassian,722194,Florence Provendier,flprovendier,twitter.com/flprovendier,LAREM,La République en Marche
1886355151092412702,Mon Feb 03 10:04:49 +0000 2025,"RT @UNDPGeneva: French local authorities (Lyon, Calvados, Aix en Provence, Roissy, Clamart) are hosted this week by
@UNDPArmenia as part of…",flprovendier,undparmenia; undpgeneva,722194,Florence Provendier,flprovendier,twitter.com/flprovendier,LAREM,La République en Marche
1886309786083357062,Mon Feb 03 07:04:33 +0000 2025,"🇫🇷🇦🇲En Arménie avec une délégation de collectivités territoriales françaises. Nous avons commencé notre mission dont le but est de contribuer à l’insertion des réfugiés en nous recueillant au mémorial du génocide.
#Mémoire #Arménie #cooperation https://t.co/dLttkBF7NM",flprovendier,,722194,Florence Provendier,flprovendier,twitter.com/flprovendier,LAREM,La République en Marche
1885447334336647571,Fri Jan 31 21:57:29 +0000 2025,"RT @Sifaoui: Vendredi 31 janvier 2025 

L’écrivain franco-algerien Boualem #Sansal vient de passer sa 76e nuit en détention arbitraire.

Il…",flprovendier,sifaoui,722194,Florence Provendier,flprovendier,twitter.com/flprovendier,LAREM,La République en Marche
1885444946359910647,Fri Jan 31 21:47:59 +0000 2025,"RT @GabrielAttal: Les habitants de Boulogne-Billancourt sont appelés aux urnes ce dimanche pour élire leur nouveau député.

Je les appelle…",flprovendier,gabrielattal,722194,Florence Provendier,flprovendier,twitter.com/flprovendier,LAREM,La République en Marche
1884948582320554334,Thu Jan 30 12:55:37 +0000 2025,"RT @EUCouncilPress: Armenia 🇦🇲: @EUCouncil extends the mandate of the EU civilian mission in Armenia, for a further two years until 19 Febr…",flprovendier,eucouncil; eucouncilpress,722194,Florence Provendier,flprovendier,twitter.com/flprovendier,LAREM,La République en Marche
1533413954483113985,Sun Jun 05 11:42:30 +0000 2022,"Bonne #Pentecôte !

Dans ma magnifique #circo0605, j’ai la chance de participer aux fêtes patronales ou aux messes, comme ce matin à @StEtienne_Auron.

Députée locale, mon devoir est d’agir pour perpétuer nos traditions.

Il faut savoir d’où on vient pour savoir où on va. https://t.co/xZ67UYewNE",marinebrenier,stetienne_auron,713448,Marine Brenier,marinebrenier,twitter.com/marinebrenier,LC,"Les Constructifs : républicains, UDI, indépendants"
1533143817465086000,Sat Jun 04 17:49:05 +0000 2022,"A la rencontre des Venansonnois avec @migliorecaro et @pcondomitti. Merci a Loetitia Loré, Maire de #Venanson, pour son accueil chaleureux. #Brenier2022 #circo0605 https://t.co/3ALzuwzvnQ",marinebrenier,migliorecaro; pcondomitti,713448,Marine Brenier,marinebrenier,twitter.com/marinebrenier,LC,"Les Constructifs : républicains, UDI, indépendants"
1533144070926778400,Sat Jun 04 17:50:05 +0000 2022,Ce magnifique village s’est retrouvé coupé du monde après la #TempêteAlex. La @MetropoleNCA a rétabli au plus vite les accès par un pont provisoire. Désormais nous sommes dans la phase de reconstruction avec des ouvrages résilients. #Brenier2022 https://t.co/KNGwSMWKi8,marinebrenier,metropolenca,713448,Marine Brenier,marinebrenier,twitter.com/marinebrenier,LC,"Les Constructifs : républicains, UDI, indépendants"
1533081078902161411,Sat Jun 04 13:39:47 +0000 2022,"Un vrai plaisir d’échanger avec les habitants en toute franchise, loin des caricatures. #Ensemble, nous porterons un projet ambitieux et utile aux Français et aux habitants de la #circo0605. #Brenier2022 https://t.co/fFevd4m1AD",marinebrenier,,713448,Marine Brenier,marinebrenier,twitter.com/marinebrenier,LC,"Les Constructifs : républicains, UDI, indépendants"
1533070948403974147,Sat Jun 04 12:59:31 +0000 2022,"Ce matin à la Bollène-Vésubie avec son Maire Martine Barengo-Ferrier, @pcondomitti et @migliorecaro, pour échanger avec les Bollénois sur mon bilan comme Députée de la #circo0605 et mon projet pour les cinq prochaines années. #Brenier2022 https://t.co/BDkiRNFj2L",marinebrenier,migliorecaro; pcondomitti,713448,Marine Brenier,marinebrenier,twitter.com/marinebrenier,LC,"Les Constructifs : républicains, UDI, indépendants"
1533025256817950720,Sat Jun 04 09:57:58 +0000 2022,"RT @AvecBrenier: Rendez-vous demain pour une réunion publique de @marinebrenier à Saint-Dalmas-le-Selvage !

📅 Dimanche 5 juin à 15h
📍 Sall…",marinebrenier,avecbrenier; marinebrenier,713448,Marine Brenier,marinebrenier,twitter.com/marinebrenier,LC,"Les Constructifs : républicains, UDI, indépendants"
1533025223859109889,Sat Jun 04 09:57:50 +0000 2022,"RT @AvecBrenier: Rendez-vous demain pour une réunion publique de @marinebrenier à Tourrette-Levens !

📅 Dimanche 5 juin à 17h30 
📍 Salle de…",marinebrenier,avecbrenier; marinebrenier,713448,Marine Brenier,marinebrenier,twitter.com/marinebrenier,LC,"Les Constructifs : républicains, UDI, indépendants"
1532814554190819300,Fri Jun 03 20:00:42 +0000 2022,"Un plaisir de vous voir si nombreux ce soir pour ma réunion publique à Saint-Martin du Var autour d’Hervé Paul, de mon suppléant @pcondomitti et de @migliorecaro. #Brenier2022 #Circo0605 https://t.co/Acqd9zCDMc",marinebrenier,migliorecaro; pcondomitti,713448,Marine Brenier,marinebrenier,twitter.com/marinebrenier,LC,"Les Constructifs : républicains, UDI, indépendants"
1532814564873715700,Fri Jun 03 20:00:45 +0000 2022,"Notre rencontre ce soir, c’est le rendez-vous de la fidélité. Comme pour le reste de ma #circo0605, je n’ai jamais manqué à mon engagement au service des Saint-Martinois, en tant que Députée ou élue locale, et je remercie mon ami Hervé Paul qui l’a rappelé. #Brenier2022 https://t.co/bwiXA9r1gt",marinebrenier,,713448,Marine Brenier,marinebrenier,twitter.com/marinebrenier,LC,"Les Constructifs : républicains, UDI, indépendants"
1532814576563146800,Fri Jun 03 20:00:48 +0000 2022,"Vous m’avez élue pour être utile à notre territoire. C’est le sens de mon engagement, aujourd’hui dans la majorité municipale et métropolitaine avec @cestrosi, et demain, si vous me renouvelez votre confiance comme votre Députée de la #circo0605, dans la #MajoritePresidentielle. https://t.co/k5r6MjeTRA",marinebrenier,cestrosi,713448,Marine Brenier,marinebrenier,twitter.com/marinebrenier,LC,"Les Constructifs : républicains, UDI, indépendants"
1532780109039542278,Fri Jun 03 17:43:50 +0000 2022,"RT @AvecBrenier: Rendez-vous demain pour une réunion publique de @marinebrenier à Venanson !

📅 Samedi 4 juin à 15h
📍 Salle de la Mairie An…",marinebrenier,avecbrenier; marinebrenier,713448,Marine Brenier,marinebrenier,twitter.com/marinebrenier,LC,"Les Constructifs : républicains, UDI, indépendants"
1532779553411801089,Fri Jun 03 17:41:37 +0000 2022,"RT @AvecBrenier: Rendez-vous demain pour une réunion publique de @marinebrenier à La-Bollène-Vésubie !

📅 Samedi 4 juin à 11h
📍 Salle Place…",marinebrenier,avecbrenier; marinebrenier,713448,Marine Brenier,marinebrenier,twitter.com/marinebrenier,LC,"Les Constructifs : républicains, UDI, indépendants"
1532744612309262337,Fri Jun 03 15:22:47 +0000 2022,"RT @AvecBrenier: Rendez-vous ce soir pour une réunion publique de @marinebrenier à @stmartinduvar !

📅 Vendredi 3 juin à 18h30
📍 Salle des…",marinebrenier,avecbrenier; marinebrenier; stmartinduvar,713448,Marine Brenier,marinebrenier,twitter.com/marinebrenier,LC,"Les Constructifs : républicains, UDI, indépendants"
1532451877404786697,Thu Jun 02 19:59:33 +0000 2022,"Lutte contre les #féminicides : il faut agir !

Lors du débat @BFMCotedazur des #legislatives2022 dans la #circo0605, je suis revenue sur notamment sur ma PPL rédigée en lien avec l'avocat de #JacquelineSauvage, dont l'histoire avait tristement animé le débat public. https://t.co/cGqLfCs8Q5",marinebrenier,bfmcotedazur,713448,Marine Brenier,marinebrenier,twitter.com/marinebrenier,LC,"Les Constructifs : républicains, UDI, indépendants"
1532278081175670785,Thu Jun 02 08:28:57 +0000 2022,RT @cestrosi: .@maregionsud est engagée pour offrir à ses jeunes un équipement à la pointe attendu par les lycéens et qui sera opérationnel…,marinebrenier,cestrosi; maregionsud,713448,Marine Brenier,marinebrenier,twitter.com/marinebrenier,LC,"Les Constructifs : républicains, UDI, indépendants"
1532278073030324225,Thu Jun 02 08:28:55 +0000 2022,"RT @cestrosi: Matinée dans la Tinée, à Valdeblore avec son Maire Carole Cervel et Corinne Amrouche, proviseur du lycée de la Montagne, pour…",marinebrenier,cestrosi,713448,Marine Brenier,marinebrenier,twitter.com/marinebrenier,LC,"Les Constructifs : républicains, UDI, indépendants"
1532278060371824640,Thu Jun 02 08:28:52 +0000 2022,RT @cestrosi: J’ai rencontré tout au long de cette journée les entreprises de nos vallées et leurs personnels engagés aux côtés des service…,marinebrenier,cestrosi,713448,Marine Brenier,marinebrenier,twitter.com/marinebrenier,LC,"Les Constructifs : républicains, UDI, indépendants"
1532278051521822720,Thu Jun 02 08:28:50 +0000 2022,"RT @cestrosi: Ce chantier, engagé peu après la #TempeteAlex, touche progressivement à sa fin. Au total, ce sont 3,5M€ que la @MetropoleNCA…",marinebrenier,cestrosi; metropolenca,713448,Marine Brenier,marinebrenier,twitter.com/marinebrenier,LC,"Les Constructifs : républicains, UDI, indépendants"
1793716159243583948,Thu May 23 18:50:32 +0000 2024,Bardella esquive les questions en changeant de sujet ou en coupant la parole. Son exercice de communication ne masque pas le vide de son programme. Son seul objectif est la destruction de l’Europe.,alouismars,,718918,Alexandra Louis,ALouisMars,twitter.com/ALouisMars|twitter.com/ALouisDeputee13,LAREM,La République en Marche
1793714859999449356,Thu May 23 18:45:22 +0000 2024,"RT @GabrielAttal: Je veux qu'on parle d'Europe. 

Je suis convaincu que c'est l'Union qui fait la force. 

Et c'est ce projet que je défend…",alouismars,gabrielattal,718918,Alexandra Louis,ALouisMars,twitter.com/ALouisMars|twitter.com/ALouisDeputee13,LAREM,La République en Marche
1793714186029035572,Thu May 23 18:42:42 +0000 2024,"RT @Ambroise_Mejean: J'ai suivi le conseil de @GabrielAttal. 

Oui, Marine Le Pen voulait sortir du nucléaire. #Levenement https://t.co/rvl…",alouismars,ambroise_mejean; gabrielattal,718918,Alexandra Louis,ALouisMars,twitter.com/ALouisMars|twitter.com/ALouisDeputee13,LAREM,La République en Marche
1792894837911388185,Tue May 21 12:26:54 +0000 2024,RT @NathalieLoiseau: Voilà 5 ans que Jordan Bardella siège avec ce parti et qu’il repart pour un nouveau mandat à ses côtés. Et voilà ce qu…,alouismars,nathalieloiseau,718918,Alexandra Louis,ALouisMars,twitter.com/ALouisMars|twitter.com/ALouisDeputee13,LAREM,La République en Marche
1792653097023512653,Mon May 20 20:26:18 +0000 2024,"RT @EmmanuelMacron: Jean-Claude Gaudin n’est plus. Il était Marseille faite homme. De sa ville, sa passion, il avait l’accent, la fièvre, l…",alouismars,emmanuelmacron,718918,Alexandra Louis,ALouisMars,twitter.com/ALouisMars|twitter.com/ALouisDeputee13,LAREM,La République en Marche
1792185994269122781,Sun May 19 13:30:12 +0000 2024,RT @E_DupondM: Le Président de la République rendra un hommage national mercredi à Caen au capitaine pénitentiaire Fabrice Moello et au sur…,alouismars,e_dupondm,718918,Alexandra Louis,ALouisMars,twitter.com/ALouisMars|twitter.com/ALouisDeputee13,LAREM,La République en Marche
1791808471001632817,Sat May 18 12:30:04 +0000 2024,"RT @GDarmanin: À Marseille, on ne lâche rien contre la drogue. Un nouveau réseau de trafiquants démantelé. Bravo aux policiers.

https://t.…",alouismars,gdarmanin,718918,Alexandra Louis,ALouisMars,twitter.com/ALouisMars|twitter.com/ALouisDeputee13,LAREM,La République en Marche
1791432411194053044,Fri May 17 11:35:44 +0000 2024,"RT @BFMTV: ""S’attaquer à un juif, c’est s’attaquer à la République"": Éric Dupond-Moretti, ministre de la Justice, ""bouleversé"" après la ten…",alouismars,bfmtv,718918,Alexandra Louis,ALouisMars,twitter.com/ALouisMars|twitter.com/ALouisDeputee13,LAREM,La République en Marche
1791356210609901586,Fri May 17 06:32:57 +0000 2024,L’antisémitisme comme toutes les formes de haine est un poison pour notre pays et pour l’humanité. Il ne doit y avoir aucune tolérance pour ceux qui le cautionnent directement ou indirectement.,alouismars,,718918,Alexandra Louis,ALouisMars,twitter.com/ALouisMars|twitter.com/ALouisDeputee13,LAREM,La République en Marche
1790798001000124656,Wed May 15 17:34:49 +0000 2024,"RT @EmmanuelMacron: Vive émotion en apprenant la mort d’un de nos gendarmes de l’escadron de Melun en Nouvelle-Calédonie.

La Nation pense…",alouismars,emmanuelmacron,718918,Alexandra Louis,ALouisMars,twitter.com/ALouisMars|twitter.com/ALouisDeputee13,LAREM,La République en Marche
1790637165677842455,Wed May 15 06:55:43 +0000 2024,Responsabiliser les français qui consomment de la drogue! Ceux qui se qui consomment de la drogue cautionnent le narco banditisme qui sème la mort et la terreur. L’argent qu’ils donnent aux trafiquants sert le crime.,alouismars,,718918,Alexandra Louis,ALouisMars,twitter.com/ALouisMars|twitter.com/ALouisDeputee13,LAREM,La République en Marche
1790484556178419862,Tue May 14 20:49:18 +0000 2024,Merci @rabatel_marie pour ce témoignage. Votre engagement doit nous inspirer collectivement pour continuer à travailler pour mieux détecter et accompagner les victimes en situation de handicap. #MeeToo,alouismars,rabatel_marie,718918,Alexandra Louis,ALouisMars,twitter.com/ALouisMars|twitter.com/ALouisDeputee13,LAREM,La République en Marche
1790406079395868789,Tue May 14 15:37:28 +0000 2024,"Avant de publier des images, demandez vous l’impact que cela peut avoir sur les proches des victimes.",alouismars,,718918,Alexandra Louis,ALouisMars,twitter.com/ALouisMars|twitter.com/ALouisDeputee13,LAREM,La République en Marche
1790403569310445725,Tue May 14 15:27:29 +0000 2024,"RT @franceinfo: ⚡️ DIRECT

🗣 ""Ils seront interpellés, ils seront jugés et ils seront châtiés à la hauteur du crime qu'ils ont commis.""

Le…",alouismars,franceinfo,718918,Alexandra Louis,ALouisMars,twitter.com/ALouisMars|twitter.com/ALouisDeputee13,LAREM,La République en Marche
1790397907658547635,Tue May 14 15:04:59 +0000 2024,RT @DIAVictimes: #Eure | N’ajoutons pas de la peine à la peine. Ne diffusons pas des images des victimes. Protégeons leurs familles et leur…,alouismars,diavictimes,718918,Alexandra Louis,ALouisMars,twitter.com/ALouisMars|twitter.com/ALouisDeputee13,LAREM,La République en Marche
1790326247068733849,Tue May 14 10:20:14 +0000 2024,"Quand on insulte l’Histoire, on insulte l’avenir. Quand on crache sur la mémoire des victimes de la @Shoah, on crache sur l’humanité. Triste époque !",alouismars,shoah,718918,Alexandra Louis,ALouisMars,twitter.com/ALouisMars|twitter.com/ALouisDeputee13,LAREM,La République en Marche
1790041164759941359,Mon May 13 15:27:25 +0000 2024,"RT @DIAVictimes: Accompagnement des militaires blessés psychiques, annonce des décès aux familles endeuillées… Tant de travaux communs. Mer…",alouismars,diavictimes,718918,Alexandra Louis,ALouisMars,twitter.com/ALouisMars|twitter.com/ALouisDeputee13,LAREM,La République en Marche
1789915240513114517,Mon May 13 07:07:03 +0000 2024,"RT @Enthoven_R: Parmi les sympathiques insoumis qui me traitent à l’envi d' «enculé de sioniste », de « 1er menteur de France » ou, plus mo…",alouismars,enthoven_r,718918,Alexandra Louis,ALouisMars,twitter.com/ALouisMars|twitter.com/ALouisDeputee13,LAREM,La République en Marche
1789716474354909541,Sun May 12 17:57:13 +0000 2024,RT @ValerieHayer: https://t.co/Tg21ahSniG,alouismars,valeriehayer,718918,Alexandra Louis,ALouisMars,twitter.com/ALouisMars|twitter.com/ALouisDeputee13,LAREM,La République en Marche
1789625245541765592,Sun May 12 11:54:42 +0000 2024,"RT @NathalieLoiseau: Quelqu’un pour protester contre la présence de l’Azerbaïdjan à l’Eurovision ? Non, rien…",alouismars,nathalieloiseau,718918,Alexandra Louis,ALouisMars,twitter.com/ALouisMars|twitter.com/ALouisDeputee13,LAREM,La République en Marche
1532278039479996419,Thu Jun 02 08:28:47 +0000 2022,"RT @cestrosi: À Saint-Dalmas, où le vallon des Barches a été particulièrement frappé par la #TempeteAlex, nous avons construit 3 nouveaux p…",marinebrenier,cestrosi,713448,Marine Brenier,marinebrenier,twitter.com/marinebrenier,LC,"Les Constructifs : républicains, UDI, indépendants"
1532278029216792577,Thu Jun 02 08:28:45 +0000 2022,"RT @cestrosi: Dans le cadre de notre plan pluriannuel d’investissement, la @MetropoleNCA a investi 1M€ sur la réfection de la voirie et des…",marinebrenier,cestrosi; metropolenca,713448,Marine Brenier,marinebrenier,twitter.com/marinebrenier,LC,"Les Constructifs : républicains, UDI, indépendants"
1532278005560639489,Thu Jun 02 08:28:39 +0000 2022,"RT @cestrosi: Visite des différents chantiers de la @MetropoleNCA sur la commune de Valdeblore avec Carole Cervel, aux hameaux de la Bollin…",marinebrenier,cestrosi; metropolenca,713448,Marine Brenier,marinebrenier,twitter.com/marinebrenier,LC,"Les Constructifs : républicains, UDI, indépendants"
1532277971955986432,Thu Jun 02 08:28:31 +0000 2022,"RT @cestrosi: Je veux saluer l'aspect vertueux du chantier de reconstruction de la Madone, puisque nous réutilisons ici des matériaux récup…",marinebrenier,cestrosi,713448,Marine Brenier,marinebrenier,twitter.com/marinebrenier,LC,"Les Constructifs : républicains, UDI, indépendants"
1532277962975981569,Thu Jun 02 08:28:29 +0000 2022,"RT @cestrosi: 21M€ ont été engagés sur cette seule opération, un effort conséquent rendu possible par l’engagement sans faille de la @Metro…",marinebrenier,cestrosi; metro,713448,Marine Brenier,marinebrenier,twitter.com/marinebrenier,LC,"Les Constructifs : républicains, UDI, indépendants"
1532277951642861569,Thu Jun 02 08:28:26 +0000 2022,"RT @cestrosi: Sur la route de la Madone, ce sont une cinquantaine d’engins mobilisés pour poursuivre les travaux sur les 11 brèches et ouvr…",marinebrenier,cestrosi,713448,Marine Brenier,marinebrenier,twitter.com/marinebrenier,LC,"Les Constructifs : républicains, UDI, indépendants"
1532277935473934337,Thu Jun 02 08:28:22 +0000 2022,"RT @cestrosi: Je salue le travail titanesque des agents de la @MetropoleNCA derrière le formidable subdivisionnaire Elio Foca, engagé aux c…",marinebrenier,cestrosi; metropolenca,713448,Marine Brenier,marinebrenier,twitter.com/marinebrenier,LC,"Les Constructifs : républicains, UDI, indépendants"
1532277926883954691,Thu Jun 02 08:28:20 +0000 2022,"RT @cestrosi: Comme l'été dernier où je rouvrais l’accès au Boréon, je me suis rendu cet après-midi avec Ivan Mottet, Maire de Saint Martin…",marinebrenier,cestrosi,713448,Marine Brenier,marinebrenier,twitter.com/marinebrenier,LC,"Les Constructifs : républicains, UDI, indépendants"
1532277910375174145,Thu Jun 02 08:28:16 +0000 2022,"RT @cestrosi: Quelle émotion de me trouver au sanctuaire de la Madone de Fenestre, devant cet écrin, emblème de notre Métropole et dont l’a…",marinebrenier,cestrosi,713448,Marine Brenier,marinebrenier,twitter.com/marinebrenier,LC,"Les Constructifs : républicains, UDI, indépendants"
1532277901542010880,Thu Jun 02 08:28:14 +0000 2022,"RT @cestrosi: Après avoir rétabli au plus vite les accès par des ponts temporaires de Maïssa et celui de Venanson, la @MetropoleNCA s'inscr…",marinebrenier,cestrosi; metropolenca,713448,Marine Brenier,marinebrenier,twitter.com/marinebrenier,LC,"Les Constructifs : républicains, UDI, indépendants"
1532277889370140673,Thu Jun 02 08:28:11 +0000 2022,"RT @cestrosi: Cette après-midi a été aussi l’occasion d’évoquer les chantiers de reconstruction qui entrent dans leur phase définitive, moi…",marinebrenier,cestrosi,713448,Marine Brenier,marinebrenier,twitter.com/marinebrenier,LC,"Les Constructifs : républicains, UDI, indépendants"
1532277879425441793,Thu Jun 02 08:28:09 +0000 2022,"RT @cestrosi: Enfin, visite du chantier de sécurisation des falaises dans le bas de la Vésubie qui permettra dès cet été la réouverture de…",marinebrenier,cestrosi,713448,Marine Brenier,marinebrenier,twitter.com/marinebrenier,LC,"Les Constructifs : républicains, UDI, indépendants"
1532277861150867461,Thu Jun 02 08:28:05 +0000 2022,"RT @cestrosi: Au cours de cette journée dans la Tinée et la Vésubie, nous avons pu constater l'extraordinaire travail piloté par la @Metrop…",marinebrenier,cestrosi; metrop,713448,Marine Brenier,marinebrenier,twitter.com/marinebrenier,LC,"Les Constructifs : républicains, UDI, indépendants"
1532256815588724737,Thu Jun 02 07:04:27 +0000 2022,Bravo à @cestrosi et aux services de la @MetropoleNCA pour ce travail titanesque pour reconstruire nos vallées #tempeteAlex,marinebrenier,cestrosi; metropolenca,713448,Marine Brenier,marinebrenier,twitter.com/marinebrenier,LC,"Les Constructifs : républicains, UDI, indépendants"
1532084679754535000,Wed Jun 01 19:40:27 +0000 2022,"Merci à tous d’avoir répondu présents ce soir pour ma réunion publique dans le quartier de la Madeleine autour de @cestrosi, mon suppléant @pcondomitti et de nombreux élus de la Ville de #Nice06 ! #Brenier2022 #circo0605 https://t.co/5Bhc0RmfM6",marinebrenier,cestrosi; pcondomitti,713448,Marine Brenier,marinebrenier,twitter.com/marinebrenier,LC,"Les Constructifs : républicains, UDI, indépendants"
1532084697488142300,Wed Jun 01 19:40:31 +0000 2022,"Quand on est élu, on le fait pour être utile. Choisir entre une étiquette politique ou le travail effectué depuis le début de mon engagement a été facile : j’ai choisi d’être utile, à mon territoire et à mon pays avant tout le reste ! #Brenier2022 #circo0605 https://t.co/tK1UieCPvT",marinebrenier,,713448,Marine Brenier,marinebrenier,twitter.com/marinebrenier,LC,"Les Constructifs : républicains, UDI, indépendants"
1532084705197269000,Wed Jun 01 19:40:33 +0000 2022,"Merci à @cestrosi pour son soutien et sa présence ce soir à mes côtés. Les 12 et 19 juin en votant pour le tandem que nous formons avec @pcondomitti, vous choisirez de poursuivre le travail de proximité engagé #Ensemble ! #Brenier2022 #circo0605
https://t.co/PhO18j7daz https://t.co/y6EuuLQryU",marinebrenier,cestrosi; pcondomitti,713448,Marine Brenier,marinebrenier,twitter.com/marinebrenier,LC,"Les Constructifs : républicains, UDI, indépendants"
1531945984380522496,Wed Jun 01 10:29:19 +0000 2022,"RT @p_pradal: Avec @marinebrenier, j'ai eu le plaisir de débattre des propositions de l’@UPE_06 avec leur président, @PierreIppolito, et @M…",marinebrenier,m; marinebrenier; p_pradal; pierreippolito; upe_06,713448,Marine Brenier,marinebrenier,twitter.com/marinebrenier,LC,"Les Constructifs : républicains, UDI, indépendants"
1531937609559248896,Wed Jun 01 09:56:02 +0000 2022,"Retrouvons-nous ce soir à 18h, au clos de boules ASBM au 205 boulevard de la Madeleine, pour une réunion publique en présence de @cestrosi ! https://t.co/9mcuQbBvzD",marinebrenier,cestrosi,713448,Marine Brenier,marinebrenier,twitter.com/marinebrenier,LC,"Les Constructifs : républicains, UDI, indépendants"
1789621063988449609,Sun May 12 11:38:05 +0000 2024,"Faute de pouvoir assumer la fuite d’une partie des électeurs LFI, ce député en est réduit à donner des leçons de statistiques à IPSOS. Pathétique !",alouismars,,718918,Alexandra Louis,ALouisMars,twitter.com/ALouisMars|twitter.com/ALouisDeputee13,LAREM,La République en Marche
1789259448361349253,Sat May 11 11:41:09 +0000 2024,"RT @EmmanuelMacron: L'Europe est-elle en danger ?

Oui, mais nous pouvons agir. https://t.co/zEsr7L1ZxL",alouismars,emmanuelmacron,718918,Alexandra Louis,ALouisMars,twitter.com/ALouisMars|twitter.com/ALouisDeputee13,LAREM,La République en Marche
1788825200928157950,Fri May 10 06:55:37 +0000 2024,"RT @GabrielAttal: Le débat de cette élection c’est : dedans ou dehors ? 

Nous, nous voulons continuer à bénéficier de ce que l’Europe appo…",alouismars,gabrielattal,718918,Alexandra Louis,ALouisMars,twitter.com/ALouisMars|twitter.com/ALouisDeputee13,LAREM,La République en Marche
1788128173302923658,Wed May 08 08:45:52 +0000 2024,Les boîtes aux lettres papillons sont parfois le seul recours pour des enfants qui vivent l’horreur. Plus il y en aura et plus nous sauverons des enfants !,alouismars,,718918,Alexandra Louis,ALouisMars,twitter.com/ALouisMars|twitter.com/ALouisDeputee13,LAREM,La République en Marche
1788114930106830921,Wed May 08 07:53:15 +0000 2024,"RT @EmmanuelMacron: Mes chers compatriotes,
                                               
Il y a sept ans, vous m’avez accordé votre conf…",alouismars,emmanuelmacron,718918,Alexandra Louis,ALouisMars,twitter.com/ALouisMars|twitter.com/ALouisDeputee13,LAREM,La République en Marche
1787858209786499125,Tue May 07 14:53:08 +0000 2024,RT @CN2R_France: Toute l'équipe du Cn2r est très émue de la disparition de Fred Dewilde et présente ses sincères condoléances à ses proches…,alouismars,cn2r_france,718918,Alexandra Louis,ALouisMars,twitter.com/ALouisMars|twitter.com/ALouisDeputee13,LAREM,La République en Marche
1786120789403537413,Thu May 02 19:49:15 +0000 2024,Quand je pense que nous avons lancé l’alerte en 2018 et que plus de 700 000 ont été engagés pour rénover cette tour vouée à la destruction.,alouismars,,718918,Alexandra Louis,ALouisMars,twitter.com/ALouisMars|twitter.com/ALouisDeputee13,LAREM,La République en Marche
1786120340361433114,Thu May 02 19:47:28 +0000 2024,Merci à l’association les papillons qui donne la possibilité aux enfants victimes de briser leur solitude.,alouismars,,718918,Alexandra Louis,ALouisMars,twitter.com/ALouisMars|twitter.com/ALouisDeputee13,LAREM,La République en Marche
1785218337552658835,Tue Apr 30 08:03:14 +0000 2024,"RT @Europarl_FR: Ils ont connu l’#Europe sans la #démocratie et sans la #liberté. Voici leur message pour la prochaine génération.

#Utilis…",alouismars,europarl_fr,718918,Alexandra Louis,ALouisMars,twitter.com/ALouisMars|twitter.com/ALouisDeputee13,LAREM,La République en Marche
1784605922356035921,Sun Apr 28 15:29:42 +0000 2024,L’Histoire nous engage.,alouismars,,718918,Alexandra Louis,ALouisMars,twitter.com/ALouisMars|twitter.com/ALouisDeputee13,LAREM,La République en Marche
1784603274584162362,Sun Apr 28 15:19:11 +0000 2024,Du concret pour lutter contre le narco banditisme!,alouismars,,718918,Alexandra Louis,ALouisMars,twitter.com/ALouisMars|twitter.com/ALouisDeputee13,LAREM,La République en Marche
1783763147616072021,Fri Apr 26 07:40:49 +0000 2024,"Rien que pour ça, j’irai le voir.  Les aigris d’extrême droite s’en prennent encore une fois à la culture.",alouismars,,718918,Alexandra Louis,ALouisMars,twitter.com/ALouisMars|twitter.com/ALouisDeputee13,LAREM,La République en Marche
1783507327628284091,Thu Apr 25 14:44:17 +0000 2024,"RT @LCI: ""Rarement l'Europe n'aura autant avancé"", Emmanuel Macron dans son discours sur l'Europe https://t.co/Uw05U8iMQ7",alouismars,lci,718918,Alexandra Louis,ALouisMars,twitter.com/ALouisMars|twitter.com/ALouisDeputee13,LAREM,La République en Marche
1783476952294154356,Thu Apr 25 12:43:35 +0000 2024,"RT @LCI: Emmanuel Macron : ""Notre Europe est mortelle. Elle peut mourir et cela dépend uniquement de nos choix. Mais ces choix sont à faire…",alouismars,lci,718918,Alexandra Louis,ALouisMars,twitter.com/ALouisMars|twitter.com/ALouisDeputee13,LAREM,La République en Marche
1783032477201649791,Wed Apr 24 07:17:24 +0000 2024,"Le 24 avril est une date qui devrait faire écho auprès de toutes les générations. Des décennies après le génocide arménien, ce souvenir douloureux nous engage à agir contre les idéologies mortifères et particulièrement en ce moment. La flamme ne doit pas s’éteindre. https://t.co/Yi0CpAz4bm",alouismars,,718918,Alexandra Louis,ALouisMars,twitter.com/ALouisMars|twitter.com/ALouisDeputee13,LAREM,La République en Marche
1783018602607636503,Wed Apr 24 06:22:16 +0000 2024,"RT @EmmanuelMacron: Ce jour, la France commémore le 109e anniversaire du génocide arménien de 1915.

Gardons vivante la mémoire des victime…",alouismars,emmanuelmacron,718918,Alexandra Louis,ALouisMars,twitter.com/ALouisMars|twitter.com/ALouisDeputee13,LAREM,La République en Marche
1781964595474636809,Sun Apr 21 08:34:01 +0000 2024,"RT @EmmanuelMacron: 25 avril, 11h. La Sorbonne.
Je reviens vous parler d’Europe. https://t.co/OY0ay9O4q8",alouismars,emmanuelmacron,718918,Alexandra Louis,ALouisMars,twitter.com/ALouisMars|twitter.com/ALouisDeputee13,LAREM,La République en Marche
1781588119197827077,Sat Apr 20 07:38:02 +0000 2024,"RT @ValerieHayer: Jordan Bardella s’est affiché aux côtés de son allié polonais Roman Fritz.

Le même qui disait que les femmes ne devraien…",alouismars,valeriehayer,718918,Alexandra Louis,ALouisMars,twitter.com/ALouisMars|twitter.com/ALouisDeputee13,LAREM,La République en Marche
1781212074380525859,Fri Apr 19 06:43:46 +0000 2024,"RT @RTLFrance: Placement en #internat : ""Aux mamans qui sont dépassées, nous sommes à vos côtés, on va vous donner un coup de main""

Le mes…",alouismars,rtlfrance,718918,Alexandra Louis,ALouisMars,twitter.com/ALouisMars|twitter.com/ALouisDeputee13,LAREM,La République en Marche
1781055350210179310,Thu Apr 18 20:21:00 +0000 2024,"RT @EnvoyeSpecial: 🔴 “La situation est critique et il faut un cessez-le-feu.”

À Gaza, les besoins en alimentation et en médicaments ont ex…",alouismars,envoyespecial,718918,Alexandra Louis,ALouisMars,twitter.com/ALouisMars|twitter.com/ALouisDeputee13,LAREM,La République en Marche
1884922890375532935,Thu Jan 30 11:13:31 +0000 2025,"RT @ConstanceLeGrip: Adoption ce soir à l'unanimité de la proposition de résolution, condamnant la répression des femmes iraniennes, que j'…",flprovendier,constancelegrip,722194,Florence Provendier,flprovendier,twitter.com/flprovendier,LAREM,La République en Marche
1884669377926050302,Wed Jan 29 18:26:09 +0000 2025,RT @RE_HautsdeSeine: Comme @GabrielAttal @iacovellixavier @MaudBregeon @benjaminhaddad @flprovendier @PierreCazeneuve @celinecalvez @prisca…,flprovendier,benjaminhaddad; celinecalvez; flprovendier; gabrielattal; iacovellixavier; maudbregeon; pierrecazeneuve; prisca; re_hautsdeseine,722194,Florence Provendier,flprovendier,twitter.com/flprovendier,LAREM,La République en Marche
1884278898747400271,Tue Jan 28 16:34:32 +0000 2025,"RT @SophieRiottot: Dimanche 2 février, choisissez votre future députée, Laurianne Rossi, choix n°9 sur la machine à voter. 
Pas encore conv…",flprovendier,sophieriottot,722194,Florence Provendier,flprovendier,twitter.com/flprovendier,LAREM,La République en Marche
1884151455042691447,Tue Jan 28 08:08:07 +0000 2025,"🇫🇷🇦🇲Rencontre de S.E @armkhach pour évoquer le pilotage  de notre Feuille de Route franco-arménienne, les nombreux projets de coopérations mis en œuvre grâce aux collectivités territoriales françaises et aux acteurs de la société civile, nos actions en 2025 @francediplo",flprovendier,armkhach; francediplo,722194,Florence Provendier,flprovendier,twitter.com/flprovendier,LAREM,La République en Marche
1883939819782651953,Mon Jan 27 18:07:09 +0000 2025,"RT @GabrielAttal: Il y a 80 ans, le camp d’Auschwitz-Birkenau était libéré. 

En ce 27 janvier, 80 ans après, nous avons un devoir : ne jam…",flprovendier,gabrielattal,722194,Florence Provendier,flprovendier,twitter.com/flprovendier,LAREM,La République en Marche
1883755925976301911,Mon Jan 27 05:56:25 +0000 2025,"RT @benjaminhaddad: Une farce électorale sur le continent européen. 

Le peuple biélorusse mérite mieux.",flprovendier,benjaminhaddad,722194,Florence Provendier,flprovendier,twitter.com/flprovendier,LAREM,La République en Marche
1883577388229169476,Sun Jan 26 18:06:59 +0000 2025,"RT @GabrielAttal: Les opérations d’ingérence et de déstabilisation de l’Azerbaïdjan, qui souffle sur les braises et insulte notre pays, mér…",flprovendier,gabrielattal,722194,Florence Provendier,flprovendier,twitter.com/flprovendier,LAREM,La République en Marche
1883487882939433406,Sun Jan 26 12:11:19 +0000 2025,"RT @BernardLehut: 71 jours de détention pour Boualem Sansal, 71 jours de trop.
#avecboualemsansal https://t.co/FGVCcEEmDz",flprovendier,bernardlehut,722194,Florence Provendier,flprovendier,twitter.com/flprovendier,LAREM,La République en Marche
1883312707782488227,Sun Jan 26 00:35:14 +0000 2025,"RT @jnbarrot: Le « groupe de Bakou » a de nouveau cherché, en Nouvelle-Caledonie, à déstabiliser notre vie politique nationale. Ces tentati…",flprovendier,jnbarrot,722194,Florence Provendier,flprovendier,twitter.com/flprovendier,LAREM,La République en Marche
1882922058679751126,Fri Jan 24 22:42:56 +0000 2025,"RT @SophieRiottot: Efficacité et courage ! Voilà ce qu’une députée dédiée 100% à son mandat saura apporter aux boulonnais, à la ville, aux…",flprovendier,sophieriottot,722194,Florence Provendier,flprovendier,twitter.com/flprovendier,LAREM,La République en Marche
1882921007926976547,Fri Jan 24 22:38:45 +0000 2025,"""Je porte un soldat"" est le récit poignant d'une femme, d'une mère, d'une épouse confrontée à la brutalité de la guerre, transcendant ainsi les particularités pour toucher à l'universalité de tout conflit. Rdv ce week-end au théâtre de l’opprimé 🎭
https://t.co/fXFA8QLHUx",flprovendier,,722194,Florence Provendier,flprovendier,twitter.com/flprovendier,LAREM,La République en Marche
1882823522206339405,Fri Jan 24 16:11:23 +0000 2025,"RT @lauriannerossi: Une députée 100% dévouée à son mandat parlementaire et aux Boulonnais. 

De la proximité, du dialogue, du respect.

Vot…",flprovendier,lauriannerossi,722194,Florence Provendier,flprovendier,twitter.com/flprovendier,LAREM,La République en Marche
1882442057241026961,Thu Jan 23 14:55:35 +0000 2025,"RT @lauriannerossi: À l’Assemblée nationale comme à Boulogne, nous avons plus que jamais besoin de stabilité, de dialogue mais aussi de cou…",flprovendier,lauriannerossi,722194,Florence Provendier,flprovendier,twitter.com/flprovendier,LAREM,La République en Marche
1882359568325546284,Thu Jan 23 09:27:48 +0000 2025,"RT @lauriannerossi: Merci cher @GabrielAttal, à tes côtés. 

""La seule candidature qui incarne la stabilité, c’est celle de @lauriannerossi…",flprovendier,gabrielattal; lauriannerossi,722194,Florence Provendier,flprovendier,twitter.com/flprovendier,LAREM,La République en Marche
1882356653665944025,Thu Jan 23 09:16:13 +0000 2025,"RT @GrandeLibrairie: 🗣️""Pour ce type de régime, il est insupportable d'entendre une voix libre.""
👉Pour commencer l'émission, Leïla Slimani…",flprovendier,grandelibrairie,722194,Florence Provendier,flprovendier,twitter.com/flprovendier,LAREM,La République en Marche
1882136217984389347,Wed Jan 22 18:40:17 +0000 2025,RT @iacovellixavier: Aux côtés de notre candidate @lauriannerossi et sa suppléante @SophieRiottot pour la législative partielle de la 9e ci…,flprovendier,iacovellixavier; lauriannerossi; sophieriottot,722194,Florence Provendier,flprovendier,twitter.com/flprovendier,LAREM,La République en Marche
1881967050782044214,Wed Jan 22 07:28:04 +0000 2025,"RT @_Artaxias_: « Secrets des Manuscrits Arméniens du Matenadaran » - Chrétiens Orientaux - Dimanche 2 février sur France 2 - 9h30

Le Maté…",flprovendier,_artaxias_,722194,Florence Provendier,flprovendier,twitter.com/flprovendier,LAREM,La République en Marche
1881932455839682642,Wed Jan 22 05:10:36 +0000 2025,"RT @O_Decottignies: 🇫🇷🇦🇲 Coopération décentralisée, viticulture, francophonie, barrage et périmètre irrigué de Vedi financé par l'Agence fr…",flprovendier,o_decottignies,722194,Florence Provendier,flprovendier,twitter.com/flprovendier,LAREM,La République en Marche
1881829555855593494,Tue Jan 21 22:21:43 +0000 2025,"RT @YaelBRAUNPIVET: Les soins palliatifs et la fin de vie doivent avancer ensemble, dans un seul texte. Il est déjà prêt. Les Français sont…",flprovendier,yaelbraunpivet,722194,Florence Provendier,flprovendier,twitter.com/flprovendier,LAREM,La République en Marche
1781054773363425375,Thu Apr 18 20:18:43 +0000 2024,"RT @EmmanuelMacron: Une Europe souveraine, c’est une Europe qui décide pour elle-même et qui pèse dans le monde. https://t.co/sanLb8yBYa",alouismars,emmanuelmacron,718918,Alexandra Louis,ALouisMars,twitter.com/ALouisMars|twitter.com/ALouisDeputee13,LAREM,La République en Marche
1780957261327958522,Thu Apr 18 13:51:14 +0000 2024,Toutes mes pensées pour ces très jeunes victimes et leurs proches.  Merci aux services de secours et de police. Nous ferons tout pour aider les victimes et leurs familles.,alouismars,,718918,Alexandra Louis,ALouisMars,twitter.com/ALouisMars|twitter.com/ALouisDeputee13,LAREM,La République en Marche
1780917761624932455,Thu Apr 18 11:14:16 +0000 2024,"RT @libe: 🔴 EN DIRECT - «Je souhaite que les parents défaillants puissent faire l’objet de travaux d’intérêt général», déclare Gabriel Atta…",alouismars,libe,718918,Alexandra Louis,ALouisMars,twitter.com/ALouisMars|twitter.com/ALouisDeputee13,LAREM,La République en Marche
1780612436946813008,Wed Apr 17 15:01:01 +0000 2024,"RT @fabienne_keller: Vous cherchez le programme européen du RN? Regardez leurs votes.

Au Parlement européen, le RN, soutien constant des r…",alouismars,fabienne_keller,718918,Alexandra Louis,ALouisMars,twitter.com/ALouisMars|twitter.com/ALouisDeputee13,LAREM,La République en Marche
1780536523802198522,Wed Apr 17 09:59:22 +0000 2024,Démagogique et inefficace ! Beaucoup de mineurs délinquants se moquent bien des allocations familiales de leurs parents. Le petit trafiquant qui gagne des centaines d’euros par jour va trembler en entendant le RN !😂 il faut sanctionner uniquement les parents qui le méritent.,alouismars,,718918,Alexandra Louis,ALouisMars,twitter.com/ALouisMars|twitter.com/ALouisDeputee13,LAREM,La République en Marche
1779419963528208588,Sun Apr 14 08:02:33 +0000 2024,"RT @EmmanuelMacron: Je condamne avec la plus grande fermeté l'attaque sans précédent lancée par l'Iran contre Israël, qui menace de déstabi…",alouismars,emmanuelmacron,718918,Alexandra Louis,ALouisMars,twitter.com/ALouisMars|twitter.com/ALouisDeputee13,LAREM,La République en Marche
1779079235274977443,Sat Apr 13 09:28:38 +0000 2024,"RT @BFMTV: ""15 à 30 minutes chaque jour"": Emmanuel Macron invite les jeunes à ""systématiser"" la lecture https://t.co/q1RXHRVIO8",alouismars,bfmtv,718918,Alexandra Louis,ALouisMars,twitter.com/ALouisMars|twitter.com/ALouisDeputee13,LAREM,La République en Marche
1778782158292721837,Fri Apr 12 13:48:09 +0000 2024,"RT @GDarmanin: SIMPLIFICATION
Ouverture ce jour des procurations en ligne pour les élections européennes. Pour la première fois, il sera po…",alouismars,gdarmanin,718918,Alexandra Louis,ALouisMars,twitter.com/ALouisMars|twitter.com/ALouisDeputee13,LAREM,La République en Marche
1778103342033432919,Wed Apr 10 16:50:46 +0000 2024,"RT @olivierveran: J'ai regardé dans le détail les votes, les prises de position cachées des élus du RN, lieutenants de Marine Le Pen et Jor…",alouismars,olivierveran,718918,Alexandra Louis,ALouisMars,twitter.com/ALouisMars|twitter.com/ALouisDeputee13,LAREM,La République en Marche
1778086080308265343,Wed Apr 10 15:42:11 +0000 2024,Rappelons que le RN s’oppose régulièrement à la protection des mineurs en dénigrant les interventions en milieu scolaire qui concernent la vie sexuelle et affective. Or ces séquences permettent de détecter des violences sexuelles.,alouismars,,718918,Alexandra Louis,ALouisMars,twitter.com/ALouisMars|twitter.com/ALouisDeputee13,LAREM,La République en Marche
1778085227719504011,Wed Apr 10 15:38:48 +0000 2024,"Partout, nous nous battons pour l’égalité et la lutte contre les violences faites aux femmes. Échanges constructifs avec Madame Mamoni Goma, magistrate congolaise qui œuvre sur tous les fronts pour faire progresser l’égalité. https://t.co/tp3jRiFbVr",alouismars,,718918,Alexandra Louis,ALouisMars,twitter.com/ALouisMars|twitter.com/ALouisDeputee13,LAREM,La République en Marche
1778083260657987846,Wed Apr 10 15:30:59 +0000 2024,La liberté de la presse ne plait pas plus à Bardella qu’à Poutine.,alouismars,,718918,Alexandra Louis,ALouisMars,twitter.com/ALouisMars|twitter.com/ALouisDeputee13,LAREM,La République en Marche
1778082808214237331,Wed Apr 10 15:29:11 +0000 2024,"RT @LCP: ""Il y a toujours une forme d'ironie à entendre des députés du Rassemblement national donner la leçon en matière énergétique"", décl…",alouismars,lcp,718918,Alexandra Louis,ALouisMars,twitter.com/ALouisMars|twitter.com/ALouisDeputee13,LAREM,La République en Marche
1777948833810374967,Wed Apr 10 06:36:49 +0000 2024,"RT @Marion13_4ever: 🎯
Le téléfilm de Bourlem Guerdjou avec Julie Gayet et Valérie da Mota 
""Marion 13 ans pour toujours"" sera diffusé ce 1e…",alouismars,marion13_4ever,718918,Alexandra Louis,ALouisMars,twitter.com/ALouisMars|twitter.com/ALouisDeputee13,LAREM,La République en Marche
1777938426295153134,Wed Apr 10 05:55:27 +0000 2024,RT @NadiaHAI78: Monsieur @mvalet_officiel tout juste parachuté sur la liste de @J_Bardella a vite appris sa leçon pour ne pas dire du mal d…,alouismars,j_bardella; mvalet_officiel; nadiahai78,718918,Alexandra Louis,ALouisMars,twitter.com/ALouisMars|twitter.com/ALouisDeputee13,LAREM,La République en Marche
1777765904081674311,Tue Apr 09 18:29:55 +0000 2024,Des actions concrètes pour lutter contre les trafics bien plus efficaces que les slogans creux de l’extrême droite.,alouismars,,718918,Alexandra Louis,ALouisMars,twitter.com/ALouisMars|twitter.com/ALouisDeputee13,LAREM,La République en Marche
1777603183403028622,Tue Apr 09 07:43:19 +0000 2024,Pour ceux qui auraient encore des doutes : le RN se moque de la démocratie. L’extrême droite francaise marche avec Poutine et certainement ps pour la démocratie et la paix des peuples.,alouismars,,718918,Alexandra Louis,ALouisMars,twitter.com/ALouisMars|twitter.com/ALouisDeputee13,LAREM,La République en Marche
1776554357279883429,Sat Apr 06 10:15:40 +0000 2024,"RT @Marion13_4ever: 13 🖤
13 février ❤️
13 février 2013💜
Marion ma fille, mon aimée, mon aînée. 
Marion
13 ans pour toujours. 
Tu manques à…",alouismars,marion13_4ever,718918,Alexandra Louis,ALouisMars,twitter.com/ALouisMars|twitter.com/ALouisDeputee13,LAREM,La République en Marche
1776550815223668795,Sat Apr 06 10:01:35 +0000 2024,"RT @NBelloubet: Profondément bouleversée par le décès du jeune agressé à Viry-Châtillon. 

Mes pensées vont d’abord à sa famille. À la comm…",alouismars,nbelloubet,718918,Alexandra Louis,ALouisMars,twitter.com/ALouisMars|twitter.com/ALouisDeputee13,LAREM,La République en Marche
1775906841777553809,Thu Apr 04 15:22:40 +0000 2024,RT @CN2R_France: ✍️ Vous voulez en savoir plus sur nos actions ? Vous pouvez dès à présent consulter notre rapport d'activité 2023 : https:…,alouismars,cn2r_france,718918,Alexandra Louis,ALouisMars,twitter.com/ALouisMars|twitter.com/ALouisDeputee13,LAREM,La République en Marche
