id,full_name,twitter_name,twitter_web_urls,tweets_en_captura,top_mentions
718918,Alexandra Louis,ALouisMars,twitter.com/ALouisMars|twitter.com/ALouisDeputee13,1402,diavictimes:204; emmanuelmacron:190; gabrielattal:57; alouismars:39; franceinfo:27; e_dupondm:27; bfmtv:18; enthoven_r:18; gdarmanin:15; arthur_dvx:13; cn2r_france:13; blancgerard13:12; renaissance:12; rtlfrance:12; maxime_boudet:12; nathalieloiseau:12; elysee:10; justice_gouv:9; lcp:9; claudemalhuret:9; ambroise_mejean:9; nbelloubet:9; j_bardella:9; lci:9; brunolemaire:9; le_parisien:6; perrinegoulet:6; bfmmarseille:6; laprovence:6; afpfr:6
713448,Marine Brenier,marinebrenier,twitter.com/marinebrenier,1187,cestrosi:437; marinebrenier:69; villedenice:51; metropolenca:51; pcondomitti:36; estrosi2026:35; anthony_borre:30; jonathandenis:30; ephilippe_lh:27; admdfrance:24; assembleenat:21; avecbrenier:21; pierre_fiori:18; bailetmonique:18; magalialtounian:16; nicolassarkozy:15; eciotti:15; ppleonelli:15; p_pradal:15; efs_dondesang:15; prefet06:12; renaudmuselier:12; yaelbraunpivet:12; eluscontresida:12; emmanuelmacron:12; gdarmanin:12; jeanlucromero:12; stetienne_auron:12; avec_estrosi:10; lesrepublicains:9
441,Huguette Bello,HuguetteBello,twitter.com/HuguetteBello,1174,huguettebello:124; region_reunion:40; assembleenat:30; ipreunion:24; younousomarjee:22; ebareigts:18; la1ere:16; deputespcf:14; lcp:12; jlmelenchon:10; zinfoslive:10; linfore:10; manonaubryfr:8; deputeratenon:8; clicanoore:8; youtube:8; deputesfdg:8; outremers360:6; lequotidien:6; andrechassaigne:6; regionsdefrance:4; franceinsoumise:4; sitouzeceline:4; sebguyon:4; villesaintpaul:4; lequotidienrun:4; mainasage:4; nathaliebassire:4; emman:2; rostane_mehdi:2
774956,Yves Hemedinger,YvesHemedinger,twitter.com/YvesHemedinger,1162,dnatweets:96; roquejeoffre:46; lalsace:38; eciotti:38; olivierclaudon:34; gwgoldnadel:32; julienaubert84:30; bfm_alsace:30; xavierbertrand:24; cnews:20; phdumont:18; villecolmar:18; europe1:16; valeriehayer:14; laurentwauquiez:12; pascalpraud:12; valeurs:10; phdevilliers:10; fxbellamy:10; slerudulier:10; bfmtv:10; bernardcarayon:10; aurelienpradie:10; brunoretailleau:8; guilhemcarayon:8; e2villiers:8; afpfr:8; emmanuelmacron:8; guillaume_bigot:8; renaissance:8
719480,Olivier Gaillard,OliveGaillard30,twitter.com/OliveGaillard30,1160,midilibre:212; gouvernementfr:52; assembleenat:40; olivegaillard30:26; agnesbuzyn:26; gard:24; objectifgard:24; totem_radio:22; brunolemaire:22; bleugardlozere:20; min_ecologie:20; an_finances:20; minsolisante:20; occitanie:18; dguillaume26:18; florence_parly:18; prefet30:18; min_agriculture:14; defense_gouv:14; vidalthomasgard:12; benoitsimian:12; elisabeth_borne:10; economie_gouv:10; midilibreales:10; fderugy:10; ephilippepm:10; an_collterr:8; min_territoires:8; le_figaro:6; alesagglo:6
718838,Fabrice Brun,FabriceBrun,twitter.com/FabriceBrun,1150,auvergnerhalpes:72; assembleenat:54; fabricebrun:8; francealzheimer:6; lcp:6; yannickneuder:6; mathdarnaud:4; anemmontagne:4; ledauphine:4; pannekouckefabr:4; meunier_ph:4; renaudpfeffer:4; charlie_hebdo_:2; telethon_france:2; parcoursup_info:2; gendarmerie:2; francetv:2; lesechos:2; auvergne:2; michelbarnier:2; prefet07:2; yaelbraunpivet:2; ffpjp_officiel:2; brlgroupe:2; tcfia:2; jf_rousset2:2; v_riotton:2; sdispompiers07:2; pont:2; claudeaurias:2
721474,Stéphane Viry,ViryStephane,twitter.com/ViryStephane,1138,stephaneviry:28; groupeliot_an:26; virystephane:16; assembleenat:10; christophe_p:6; michelbarnier:6; astridpanosyan:6; sports_gouv:4; f_gernigon:4; rmcinfo:4; bfmtv:4; sillon_lorrain:4; lcp:4; letelegramme:2; auroreberge:2; viryst:2; mariebarsacq:2; groupesncf:2; philippetabarot:2; deputeeestelle:2; naimamoutchou:2; brunoretailleau:2; cavautrin:2; pompiersfr:2; lemondefr:2; an_afsoc:2; fredvalletoux:2; latribune:2; aurelienpradie:2; heinrichepinal:2
719718,Laurence Maillart-Méhaignerie,LMaillart,twitter.com/LMaillart,1120,emmanuelmacron:106; lcp:48; renaissance_35:40; lmaillart:40; valeriehayer:32; gabrielattal:32; assembleenat:30; equipefra:30; yaelbraunpivet:26; besoindeurope:24; afpfr:20; jy_ledrian:20; jeunesmacron35:16; admdfrance:14; jonathandenis:14; olivierfalorni:14; lesechos:12; renaissance:12; elysee:12; lemondefr:12; france3bretagne:12; ouestfrance:10; zelenskyyua:10; bleuarmorique:10; cessonsevigne:10; deputesre:10; elisabeth_borne:8; ambroise_mejean:8; gerardaraud:8; bfmtv:8
719960,Valéria Faure-Muntian,V_Faure_Muntian,twitter.com/V_Faure_Muntian,1034,larem_an:76; v_faure_muntian:66; assnacofin:36; brunolemaire:34; jeunesmacron42:30; assembleenat:26; brunobonnelloff:26; emmanuelmacron:24; agnesrunacher:22; w4c_france:20; cedric_o:20; an_finances:18; jeancastex:18; verkhovna_rada:16; economie_gouv:16; ffa_assurance:16; bfmtv:14; qbataillon:14; edeponcins:14; prefecture42:14; rmarche42:14; anssi_fr:12; campuscyberfr:12; franceenukraine:12; lcp:12; gouvernementfr:12; b_smart_tv:12; oliviagregoire:12; ambroise_mejean:10; 24hpujadas:10
720968,Justine Benin,Justine_BENIN,twitter.com/Justine_BENIN,1030,justine_benin:58; seblecornu:50; emmanuelmacron:36; outremers360:30; guadeloupela1e:30; pg_basseterre:24; rci_gp:24; olivierveran:22; assembleenat:20; gouvernementfr:18; patrickmignola:18; la1ere:16; stimpflingeric:16; senateurdtheoph:16; ephilippepm:16; departement_971:12; ns_lhebdo:12; annickgirardin:12; prefet971:10; jborellincertin:10; lesoutremer:10; nsemaine:10; deputesdem:10; maeldisav:10; patbraflantrobo:8; procureur_pap:8; mergouv:8; lcp:8; modem:8; olivier_serva:6
610775,Philippe Gomès,PhilippeGomesCE,twitter.com/PhilippeGomesCE,1000,caledoniee:926; ncla1ere:16; la1ere:10; philippegomesce:8; congresnc:8; franceculture:4; annickgirardin:2; erichelard:2; assembleenat:2; le_figaro:2; yvesthreard:2; udi_off:2; laurentwauquiez:2; la_fedom:2; lacroix:2; lepoint:2; seblecornu:2; lncnc:2
330240,Éric Ciotti,ECiotti,twitter.com/ECiotti,999,bernardchaix:26; eciotti:26; lejdd:22; bfmtv:18; groupeudr:14; c_dintorni:12; prlcastillo:8; a_masson06:8; nice_matin:8; valentin_antoi:8; nissarugby:6; ca_ginesy:6; bfmcotedazur:6; cestrosi:6; a_dupalais:4; hanane_mnsr:4; f3cotedazur:4; challoncle:4; challenges:4; rafaelquessada2:4; le_parisien:4; cnews:4; le_figaro:4; chris_gomart:4; bfmtv_inside:2; juliettechesnel:2; mchantrait:2; j_bardella:2; nicepresse:2; maxime_michelet:2
720598,Marguerite Deprez-Audebert,MDeprezAudebert,twitter.com/MDeprezAudebert,998,modem:126; agnesrunacher:124; emmanuelmacron:120; elisabeth_borne:104; enmarchefr:46; bayrou:38; bethunemajorite:34; lcp:28; mfesneau:24; jnbarrot:22; brunolemaire:18; valeriehayer:18; brigbourguignon:14; deputesdem:12; j_democrates:12; assembleenat:12; sarahelhairy:10; bfmtv:10; avecvous:10; franceinter:8; philippemichelk:8; renaissance_ue:8; pde_edp:8; jmblanquer:8; grudlerch:6; renaissance:6; renaissance_62:6; e_dupondm:6; patrickmignola:6; europe1:6
720568,Agnès Thill,ThillAgnes,twitter.com/ThillAgnes,996,plumedaliocha:46; contribuables:36; olivierbabeau:32; le_figaro:30; justice_gouv:24; vtremolet:18; fabienbougle:18; cheocheduval:18; bayrou:18; dominiquereynie:16; alexandrejardin:16; europe1:14; montbrialavocat:14; seblecornu:14; emmanuelmacron:14; davidlisnard:12; h2brgrd:12; michelf29015597:12; paulsugy:12; partisocialiste:12; gouvernementfr:12; interieur_gouv:10; gabriellecluzel:10; charlesprats:10; denispayre:10; femmeazadi:10; cnews:10; alexdevecchio:8; 7559pr:8; agri_gouv:8
720402,Xavier Paluszkiewicz,XavierPalu2022,twitter.com/XavierPalu2022|twitter.com/XavierPalu2017,994,emmanuelmacron:66; ter_metz_lux:20; bryanxryan:16; larem_54:15; xavierpalu2017:15; lesfrontaliers:14; alliance_metz:12; gdarmanin:12; cbeaune:12; klinkertbrigitt:12; sdis54:10; assembleenat:10; alliancepn54:8; ccastaner:8; olivierveran:8; wort_fr:7; jeunesmacronge:6; villedebriey:6; lremlux:6; longwytourisme:6; prefet54:6; olivierdussopt:6; steven_dacosta:6; avecvous:6; omelchenkovadym:6; rtl5minutes:5; mfesneau:4; actufr:4; frontaliersch:4; pierrickbgs:4
721226,Sabine Rubin,SabineRubinFI93,twitter.com/SabineRubinFI93,992,sabinerubinfi93:30; clem_autain:26; ericcoquerel:18; jlmelenchon:16; franceinsoumise:14; jmblanquer:14; deputee_obono:14; trouveaurelie:12; arenasfcpe:12; vpecresse:12; alexiscorbiere:10; olivierveran:8; jeancastex:8; aquatennens:8; snetapfsu:8; vidalfrederique:8; mathildepanot:8; simonnet2:8; francois_ruffin:6; michel_larive:6; ugobernalicis:6; deputeratenon:6; gdarmanin:6; afpsofficiel:6; brunolemaire:4; lacgtcommunique:4; colinchampion_:4; luce_melanie:4; fsunationale:4; mmendiharat:4
720326,Brahim Hammouche,BHammouche5708,twitter.com/BHammouche5708,992,deputesdem:270; emmanuelmacron:110; bhammouche5708:42; jeancastex:38; olivierveran:38; lcp:36; gouvernementfr:34; lerl_thionville:32; cantonhayange21:30; prefet57:24; lci:22; lerl_metz:22; radioorient:20; gdarmanin:20; mosellecd57:20; f3lorraine:18; modem:18; bfmtv:18; hebdo_lasemaine:18; equipedefrance:16; assembleenat:16; bhammouche2022:14; fblorrainenord:14; brunolemaire:12; lacroix:12; lemondefr:12; bayrou:12; jmblanquer:12; enmarche57:10; cbeaune:10
721194,Frédérique Dumas,dumasfrederique,twitter.com/dumasfrederique,988,lepoint:84; lemondefr:70; emmanuelmacron:52; arminarefi:30; ipacglobal:28; groupelibterran:26; dumasfrederique:24; denismukwege:12; le_figaro:12; changefrance:10; goetzingerg:8; uyghurcongress:8; jy_ledrian:8; organcoalition:8; robiolle:6; cnews:6; lopinion_fr:6; gabrielattal:6; uyghurinstitute:6; mounirsatouri:6; _alairlibre:6; libe:4; colossusdiplo:4; youtube:4; g_garrigos:4; lcp:4; villanicedric:4; josepborrellf:4; robertametsola:4; jdetemmerman:4
720046,Audrey Dufeu,audreydufeu,twitter.com/audreydufeu,984,audreydufeu:78; emmanuelmacron:62; olivierveran:30; neifarbassem:26; charlottecaubel:24; auroreberge:22; oliviagregoire:20; jeunesmacron44:18; elisabeth_borne:16; jlmelenchon:16; assembleenat:16; enthoven_r:14; guerin_serge:14; qofficiel:14; steph_sejourne:12; brunolemaire:12; snazairenews:12; avecvous:12; avecvous44:12; ccastaner:12; berrutgilles:12; editionsducerf:12; gabrielattal:10; f3paysdelaloire:10; valeriehayer:10; sophiaaram:10; presseocean:10; fnadepa:10; mahedavian:10; jeancastex:10
267306,André Chassaigne,AndreChassaigne,twitter.com/AndreChassaigne,966,fabien_roussel:229; deputespcf:155; andrechassaigne:154; jubrugerolles:107; lcp:85; deputesgdr:44; pcf:42; l_deffontaines:38; yannickmonnet3:30; pcf_63:26; humanite_fr:25; assembleenat:16; bfmtv:14; montagnethiers:12; pcfagriculture:10; senateurscrce:10; sommetelevage:10; cyrilcineux:9; l_amf:9; maires_ruraux:9; cecilecukierman:8; franceinfo:8; fetedelhumanite:8; sebastienjumel:8; sante_gouv:8; lamontagne_fr:8; elisabeth_borne:8; qofficiel:8; lci:7; ianbrossat:7
718884,Valérie Bazin-Malgras,vbazinmalgras,twitter.com/vbazinmalgras,956,villedetroyes:222; vbazinmalgras:144; lesrepublicains:110; francoisbaroin:100; republicains_an:74; chjacob77:46; assembleenat:34; aurelienpradie:30; 5edragons:30; vpecresse:22; estac_officiel:20; constancelegrip:18; lcp:16; eciotti:14; emmanuelmacron:14; an_afcult:14; prefet_10:12; martingabriel_3:12; tgassilloud:10; maillotjaunelcl:10; receysurource:10; ligue1ubereats:10; brigitte_kuster:10; damienabad:10; odassault:10; juliendive:10; maximeminot:10; iheliotcouronne:10; fnsea:8; agnesevren:8
722244,Marie-Ange Magne,MarieAngeMagne,twitter.com/MarieAngeMagne,946,emmanuelmacron:206; ephilippepm:46; prefet87:40; marieangemagne:36; gdarmanin:36; an_finances:28; gouvernementfr:28; assembleenat:26; brunolemaire:22; jeancastex:20; franckriester:20; lepopulaire_fr:18; r_bachelot:14; gdarrieussecq:14; elysee:12; ministerecc:12; olivierdussopt:12; olivierveran:12; jmblanquer:12; franceinfo:10; transpod_inc:10; gabrielattal:10; alexiholroyd:10; agnesrunacher:10; hyperloop87:10; ademontchalin:10; gdarrieussecq21:8; larem_an:8; villelimoges87:8; 1elisamoreno:8
720298,Émilie Cariou,EmilieCariou,twitter.com/EmilieCariou,940,lemondefr:68; faureolivier:38; partisocialiste:26; franceinter:20; libe:18; lcp:10; bricegaillard:10; bfmtv:10; franceculture:10; ens_ulm:10; emiliecariou:10; albanegaillot:10; noustoutesorg:10; gc_mardis:8; francediplo:8; artefr:8; lobs:8; unesco_fr:6; edwyplenel:6; rglucks1:6; theolaubry:6; socialistesan:6; mincolonna:6; franceintheuk:6; pcanfin:6; emmarafowicz:4; chloeridel:4; prefet55:4; fc_actu:4; evajoly:4
721568,Pierre Person,pierr_person,twitter.com/pierr_person,932,usualmoney:200; pierr_person:68; rglucks1:30; emmanuelmacron:28; raph_bloch:26; fedorovmykhailo:24; nathalieloiseau:18; ericlagadec:18; paddi_hansen:18; thebigwhale_:16; ukrainestand:16; adlitb:12; curvefinance:12; pendle_fi:12; bfmcrypto:12; adan_asso:12; iaponomarenko:12; edwardmayor:10; zelenskyyua:10; momir_amidzic:8; stutireal:8; iosgvc:8; femeninna:8; stachalex:8; fpetitan:8; defi_dad:6; edge_pod:6; ether_fi:6; mevcapital:6; sachahoulie:6
719822,Sabine Thillaye,SabineThillaye,twitter.com/SabineThillaye,924,deputesdem:80; mfesneau:70; emmanuelmacron:48; jnbarrot:42; seblecornu:26; modem:20; sabinethillaye:14; ifri_:12; j_m_jacques:12; amb_delattre:12; pl_maurice:10; opexnews:10; benjaminhaddad:10; assembleenat:10; klinkertbrigitt:10; fpetitan:10; bayrou:10; dga:8; francediplo:8; an_defense:8; elysee:8; cerfaifri:6; ambdeenfr:6; senat:6; bfmtv:4; franceinfo:4; armeedeterre:4; cemat_fr:4; lcp:4; sesu_ua:4
720704,Laurence Vichnievsky,Lvichnievsky,twitter.com/Lvichnievsky,920,lvichnievsky:40; lcp:34; emmanuelmacron:28; yaelbraunpivet:22; modem:20; gdarmanin:20; bayrou:16; assembleenat:16; phgosselin:16; jmblanquer:14; an_comlois:12; bfmtv:12; jnbarrot:10; gabrielattal:10; youtube:10; deputesdem:10; f3auvergne:10; groupemodem:10; ffb_63:8; avecvous:8; olivierfourot:6; cbeaune:6; limagrain:6; an_afetr:6; franceculture:6; lci:6; fbauvergne:6; figaro_live:6; asmofficiel:6; cpiresbeaune:6
719396,Jean-Charles Larsonneur,JCLarsonneur,twitter.com/JCLarsonneur,914,audrands:92; brunotertrais:48; olivier1schmitt:34; grirejacques:26; mikaa_bm:24; emmanuelmacron:20; grand_continent:16; nathalieloiseau:14; vincentlamigeon:14; carlbildt:14; ntenzer:12; michel_goya:12; hfayet:12; kajakallas:12; kasparov63:12; annakubista:10; alexjubelin:10; rglucks1:8; francediplo:8; josephhenrotin:8; ojoelsen:8; danishmfa:8; marionvanr:8; mylovanov:6; elietenenbaum:6; sophiaaram:6; cavautrin:6; anitaanandmp:6; mcfaul:6; anders_aslund:6
719830,Nicolas Démoulin,demoulinem,twitter.com/demoulinem,912,emmanuelmacron:92; emmwargon:60; dihal_gouv:46; assembleenat:36; larem_an:34; demoulinem:30; brnomorel:20; auroreberge:18; 1elisamoreno:16; rolandlescure:16; gabrielattal:16; j_denormandie:16; jeancastex:16; franceaumali:14; prefet34:12; yaelbraunpivet:12; elysee:12; enmarchefr:12; sylv1mathieu:10; sdis34:10; emmausolidarite:10; ccastaner:10; deputecausse:10; ademontchalin:10; abbe_pierre:8; christopheeuzet:8; jfeliaou:8; cbeaune:8; croixrouge34:8; gouvernementfr:8
721458,Xavier Roseren,XavierRoseren,twitter.com/XavierRoseren|twitter.com/https:,898,brunolemaire:56; deputesre:34; rolandlescure:32; antoine_armand:30; emmanuelmacron:28; deputeshorizons:24; agnesrunacher:24; gdarmanin:22; anemmontagne:18; xavierroseren:18; auroreberge:18; ephilippe_lh:16; gabrielattal:16; renaissance:14; lcp:14; elisabeth_borne:14; horizonsleparti:12; anniegenevard:12; michelbarnier:12; assembleenat:10; seblecornu:8; bayrou:8; ferraccimarc:8; v_riotton:8; yaelbraunpivet:8; cbeaune:8; gendarmerie_074:8; oliviagregoire:8; t_cazenave:8; stanguerini:8
722194,Florence Provendier,flprovendier,twitter.com/flprovendier,894,bernardlehut:183; jnbarrot:63; francediplo:36; o_decottignies:36; ogamashiyo:30; pybournazel:24; femmeazadi:24; fdevedjian:24; nikolpashinyan:24; gabrielattal:21; sifaoui:21; emmanuelmacron:18; alinejadmasih:18; freececile_:18; araratmirzoyan:18; nathalieloiseau:15; yaelbraunpivet:15; jchribuisson:15; armenpressfr:12; benjaminhaddad:12; am_crossroads:12; lauriannerossi:12; datirachida:9; limportant_fr:9; tolmajian:9; armkhach:9; csoutienbs:9; sachahoulie:9; sophieriottot:9; paroles_la:6
1809,Jérôme Lambert,jeromelambert16,twitter.com/jeromelambert16,892,amisazerbaidjan:92; gordontesos:84; jeromelambert16:62; guillaume20100:58; faureolivier:34; labdullayevamfa:32; socialistesan:26; lcp:24; azambassadefr:20; guilhemb12:20; cedric_temple:18; assembleenat:12; borisvallaud:12; pbeyssac:12; imilnb:12; moro_cedric:8; dorcel:8; bcazeneuve:6; lesrepublicains:6; valerie_rabault:6; nicolasmayernmr:6; brunoretailleau:6; emmanuelmacron:6; cphre2020:6; mathildepanot:6; samuelchurin:6; desarnez:6; senat:4; nasimiaghayev:4; caucasef:4
720644,Jérôme Nury,jeromenury,twitter.com/jeromenury,888,jeromenury:164; ornedepartement:54; senateur61:50; verolouwagie:38; prefet61:38; assembleenat:26; republicains_an:24; lcp:20; guillaumegarot:18; herve_morin:14; segouinv:14; nicolasloque:14; ornecombattante:10; ancterritoires:10; chantaljourdan:8; fbleubnormandie:8; f3normandie:8; orangenormandie:8; lbeauvaisbn:8; constancelegrip:6; fftelecoms:6; oliviermarleix:6; lesrepublicains:6; banquedesterr:6; energiematin:4; ffequitation:4; ebothorel:4; anniegenevard:4; lesburalistes:4; cdebalorre:4
721792,Émilie Guerel,eguerelLREM,twitter.com/eguerelLREM,878,sarahelhairy:94; emmanuelmacron:60; yaelbraunpivet:44; an_comlois:28; snujemengage:22; laseynesurmer:22; ephilippepm:14; assembleenat:12; eguerellrem:12; ccastaner:10; larem_an:10; auroreberge:10; lcp:8; renaudmuselier:8; guy_lvt:6; jmblanquer:6; eduscol:6; elisabeth_borne:6; lesjam83:6; jblemoyne:6; brunolemaire:6; bquestel:6; maregionsud:6; jeancastex:6; conv_citoyenne:6; oliviagregoire:6; olivierveran:6; ambroise_mejean:4; priscathevenot:4; gabrielattal:4
718868,Michel Larive,Michel_Larive,twitter.com/Michel_Larive,876,benedicttaurine:20; michel_larive:16; jlmelenchon:8; mbompard:8; l_insoumission:8; christophebex:6; mathildehignet:6; tremasuri:6; deputee_obono:6; clem_autain:6; franceinsoumise:6; manonmeunier_up:4; sylv20carriere:4; mathildepanot:4; nathalieoziol:4; leilachaibi:4; poncetraymonde:4; aleaument:4; clemence_guette:2; icioccitanie:2; confpaysanne:2; gabrielattal:2; mic:2; younousomarjee:2; sebrome:2; anne_stambach:2; leowalter04:2; leboucher_elise:2; ruralites_lfi:2; dominiquesubra:2
608416,Patrick Hetzel,patrickhetzel,twitter.com/patrickhetzel,876,patrickhetzel:234; genethique:170; lcp:46; droiterep_an:26; lesrepublicains:24; thibault_bazin:24; republicains_an:24; brunoretailleau:22; bentzchristophe:18; fxbellamy:18; cavautrin:18; republicains67:16; asso_sfap:16; philippejuvin:16; michelbarnier:16; pdharreville:16; deputecvautrin:14; potierdominique:12; h2brgrd:12; speytavie:12; anniegenevard:12; le_figaro:10; sandrousseau:10; laurentwauquiez:10; mdehennezel:10; sandrine_dogor:10; astridpanosyan:10; pilatorene:10; cecile_rilhac:10; olivierfalorni:8
720468,Sébastien Chenu,sebchenu,twitter.com/sebchenu,874,mlp_officiel:110; bfmtv:80; j_bardella:78; rnational_off:54; franceinfo:48; groupern_off:38; cnews:30; lci:28; tf1:28; sebchenu:22; franceinter:18; alexandredfss:16; julienodoul:16; publicsenat:16; helenelaportern:14; rtlfrance:14; europe1:12; joshuahochart:12; sudradio:12; partisocialiste:8; jphtanguy:8; rn_hdf:8; falconfrederic:8; emmanuelmacron:6; lesrepublicains:6; valentin_antoi:6; challoncle:6; assembleenat:6; apollinewakeup:6; lcp:6
267336,Joël Giraud,JoelGiraud05,twitter.com/JoelGiraud05,872,partiradical:86; elisabeth_borne:34; assembleenat:24; emmanuelmacron:24; joelgiraud05:18; mfesneau:18; lcp:16; fauredominique:16; deputesre:16; n_delattre:14; hautesalpes:12; prefet05:12; renaudmuselier:10; maregionsud:10; oliviagregoire:10; jmarie_bernard:8; arnaudmurgia:8; sarahelhairy:8; david_valence:8; ceymeoud:8; p_vergriete:6; assoardsl:6; villebriancon:6; gabrielattal:6; cbeaune:6; ferrarimarina73:6; pascaleboyerem:6; olivierdussopt:6; pace_news:6; cecile_rilhac:4
721070,Nadia Ramassamy,NadiaRamassamy,twitter.com/NadiaRamassamy,872,nadiaramassamy:88; lcp:22; republicains_an:14; assembleenat:14; jmblanquer:14; la1ere:10; reunionla1ere:6; emmanuelmacron:6; renaissance:6; seblecornu:6; marcdelatte:6; antennereunion:6; lesrepublicains:6; lejdd:6; outremers360:4; an_afsoc:4; le_figaro:4; reuniontourisme:4; lamanifpourtous:4; obergervdn:4; causeur:4; mafoikprajan:4; wef:2; defimediainfo:2; morisinfo:2; rajpalsinghall1:2; lesoutremer:2; zinfoslive:2; brajonmuriel:2; lememento:2
267378,Geneviève Levy,genevievelevy83,twitter.com/genevievelevy83,858,hubertfalco:120; republicains_an:54; genevievelevy83:38; lesrepublicains:34; villedetoulon:30; renaudmuselier:20; republicains83:20; assembleenat:14; fxbellamy:14; cmuschotti:14; massonjeanlouis:12; laurentwauquiez:12; lcp:10; chjacob77:10; philippevitel:10; nbelloubet:8; chenevard2022:6; prefet83:6; vpecresse:6; jeancastex:6; doorjean:6; francoisbaroin:6; var_matin:6; vmtoulon:6; justice_gouv:6; mltoulon:4; aauteuil:4; fdecanson:4; jeunesrep83:4; patrickhetzel:4
721372,Damien Pichereau,DamienPichereau,twitter.com/DamienPichereau,844,emmanuelmacron:44; marleneschiappa:30; damienpichereau:24; djebbari_jb:24; larem_an:24; enmarchesarthe:16; an_devdur:16; cbeaune:14; jeancastex:14; ccastaner:14; olivierveran:12; f_personne:12; elisabeth_borne:10; juliedelpech72:10; mkaramanli72:10; lmaillart:10; jmzulesi:8; brunolemaire:8; gouvernementfr:8; an_afeur:8; valeriehayer:6; fderugy:6; christophebechu:6; sergedanilo:6; gabrielattal:6; jean_lucfugit:6; joelgiraud05:6; j_denormandie:6; vpecresse:6; oconesteban:4
721734,Philippe Michel-Kleisbauer,PhilippeMichelK,twitter.com/PhilippeMichelK,842,emmanuelmacron:252; bayrou:58; jnbarrot:56; philippemichelk:36; modem:30; francediplo_en:28; franceonu:24; francediplo:22; elysee:22; lcp:22; pde_edp:18; gouvernementfr:16; zelenskyyua:16; unmissmedia:14; amb_delattre:12; narendramodi:12; mfesneau:12; keir_starmer:12; franceintheus:8; lacroix_un:8; unreliefchief:8; frenchresponse:8; franceintheuk:8; democrats_eu:8; youngdemseu:8; modemvar:8; franceenukraine:6; armees_gouv:6; iomsouthsudan:6; afpfr:6
720790,Romain Grau,RomainGrau,twitter.com/RomainGrau,840,guillemgervilla:112; peruchopierre:110; isamdenoell:100; issouf_niang:84; frigolaisa:54; comitepr66:36; e_dupondm:34; romaingrau:28; gdarmanin:22; seblecornu:20; emmanuelmacron:18; estevevalls:14; krls:12; philenglebert:12; ambroise_mejean:12; usap_officiel:10; murielpenicaud:10; nbrousse19:10; michel66000:8; jeunesmacronpo:8; lindependant:8; jam66:6; gouvernementfr:6; assembleenat:6; jcpentreprise:6; jfportarrieu:4; adia66:4; bfmbusiness:4; guitardyvon:4; top14rugby:4
2492,Didier Quentin,didierquentin,twitter.com/didierquentin,838,vpecresse:118; didierquentin:52; an_afetr:50; avecvalerie:26; lesrepublicains:22; desarnez:22; lejdd:14; assembleenat:14; smarcilly:10; republicains_an:10; labiche_david:10; julienduressay:8; republicains_17:8; ripostepecresse:6; maudgatel:6; f3vilain:6; franceaumali:6; mickaelvallet:4; laurence:4; tf1:4; nicolassarkozy:4; karampatrick:4; alexisdutertre:4; laurentwauquiez:4; dbussereau:4; franceinfo:4; ademontchalin:4; agenetet:4; an_outremers:4; sebastien_nadot:4
607395,Stéphane Travert,StTRAVERT,twitter.com/StTRAVERT,834,emmanuelmacron:70; deputesensemble:44; assembleenat:40; sttravert:40; an_afeco:32; sophiaaram:26; auroreberge:26; seblecornu:24; dp_leparti:18; elysee:16; anniegenevard:16; prefecture50:14; icicotentin:12; elisabeth_borne:12; juliettemeadel:12; lcp:10; yaelbraunpivet:10; les_citadelles:10; ebothorel:10; sauveteursenmer:10; ferraccimarc:8; lacoopagricole:8; cbeaune:8; renaissance:8; gabrielattal:6; renaudpila:6; schnockrevue:6; mathieumlefevre:6; emma_ducros:6; csnumpost:6
718944,Cathy Racon-Bouzon,RaconCathy,twitter.com/RaconCathy,830,emmanuelmacron:94; maxime_boudet:74; raconcathy:72; avecvous:34; saidahamada:24; celinecalvez:18; clementdeidda:14; laprovence:12; bfmmarseille:12; 1elisamoreno:12; elisabeth_borne:10; 1pieceofrubbish:10; gabrielattal:8; france3provence:8; matteopvne:8; najat_akodad:8; cecile_rilhac:6; j_jaures:6; benoitpayan:6; marseille:6; pascleclercq:6; assembleenat:6; jeancastex:6; prefet13:6; rixainmp:6; franceculture:6; mlp_officiel:6; nadiahai78:6; adrientaquet:6; jeunesmacron_13:4
642788,Olivier Véran,olivierveran,twitter.com/olivierveran,828,olivierveran:86; elysee:78; emmanuelmacron:48; elisabeth_borne:16; laurenceboone:8; charlottecaubel:6; fauredominique:6; rolandlescure:4; fadila_khattabi:4; b_belhaddad:4; ljacobelli:4; francedk:4; audreyaronica:2; corinnevignon:2; sarahourahmoune:2; gabrielattal:2; rimaabdulmalak:2; agnesfirmin:2; libe:2; latribune:2; lopinion_fr:2; ledauphine:2; handicap_fr:2; franceinter:2; t_cazenave:2; rtlfrance:2; agnesrunacher:2; gouvernementfr:2; christophebechu:2; olivie:2
719922,Lionel Causse,DeputeCausse,twitter.com/DeputeCausse,828,assembleenat:62; michelbarnier:52; valerieletard:46; bcazeneuve:38; deputecausse:30; deputesensemble:28; terresdeprogres:28; lcp:24; gabrielattal:20; emmanuelmacron:20; mc_garin:14; habitatffb:14; emmacosse:12; souvenirsfmdax:12; barriere_dr:10; bayrou:10; bleu_gascogne:10; federationoph:10; ecologie_gouv:8; agnesrunacher:8; caracol_colocs:8; inakiechaniz:8; plateauurbain:8; jamaissanstoit:8; borisvallaud:6; actionlogement:6; agenetet:6; leslandes40:6; prefecture40:6; gestiasolidaire:6
719230,Yannick Kerlogot,Kerlogot22,twitter.com/Kerlogot22,824,kerlogot22:54; christopheeuzet:40; emmanuelmacron:38; enmarche22:36; jeancastex:28; avecvous:26; larem_an:26; ebothorel:22; ericpllaurent:16; sarahelhairy:16; jeunesmacron:14; assembleenat:14; olivierveran:14; jeunesmacron22:12; celinecalvez:12; cecile_rilhac:12; jmblanquer:12; nouslabzh:10; stollsteph:10; erwanbalanant:10; annebrugnera:10; r_bachelot:10; graziemelchior:10; herveberville:8; france3bretagne:8; regionbretagne:8; richardferrand:8; an_afcult:8; elisabeth_borne:8; lcp:8
721036,Lénaïck Adam,LenaickADAM,twitter.com/LenaickADAM,824,guyla1ere:78; lenaickadam:72; franceguyane:72; radiopeyi:58; georgespatient:52; seblecornu:38; prefet973:32; emmanuelmacron:24; outremers360:24; olivierveran:22; ctdeguyane:22; lesoutremer:18; gabrielserville:16; annickgirardin:14; assembleenat:12; spotifyfrance:12; lcp:10; ccastaner:10; larem_an:10; guyaneactu:8; kalash972:8; mlphinerahorth:8; omr_officiel:8; emmanuelcohet:8; acguyane:6; la1ere:6; hitlokal:6; rphealexandre:6; olivier_serva:6; ephilippepm:6
605518,François-Michel Lambert,fm_lambert,twitter.com/fm_lambert,822,alp_aquaparis:40; bmoon_bee:20; franceinfo:18; embacubafrancia:16; humanite_fr:14; estherbenbassa:14; francoisedegois:10; sychazot:8; marinetondelier:8; mpbresson:8; patchampagnac:8; ardeslandes:8; martineaubry:8; elnecio_cuba:6; citizenmediafr:6; faureolivier:6; jpmignard:6; panettonepazzo:6; realmarcel1:6; karimzeribi:6; libertaire10:6; cerfiafr:6; mariebnard:6; moulinemmanuel3:4; rfi:4; yanisvaroufakis:4; gchampeau:4; nain_portekoi:4; lcp:4; sabrinasebaihi:4
721062,Jean-Hugues Ratenon,DeputeRatenon,twitter.com/DeputeRatenon,820,deputeratenon:238; franceinsoumise:146; jlmelenchon:58; ericcoquerel:46; michel_larive:38; lcp:32; lachaudb:30; nicolasframont:30; aquatennens:28; fiassemblee:28; deputee_obono:24; agnesbuzyn:24; younousomarjee:22; mathildepanot:20; clem_autain:16; assembleenat:14; ugobernalicis:14; mressiguier:12; reunionla1ere:8; la1ere:8; sarah_soilihi:8; clicanoore:8; ipreunion:8; fculture_pol:8; francois_ruffin:8; brigitte_bardot:6; huguettebello:6; julietteprados:6; hub_laferriere:6; olivierdussopt:6
720684,Pierre-Henri Dumont,phdumont,twitter.com/phdumont,812,brunoretailleau:136; lesrepublicains:84; bfmtv:28; phdumont:24; michelbarnier:22; xavierbertrand:20; radiojfrance:16; fxbellamy:16; rclens:16; mardipolitique:14; nicolassarkozy:12; rnational_off:10; le_figaro:10; sudradio:10; tf1info:10; juliendive:8; marckfootball:8; emmanuelmacron:8; forcerep_fr:8; ademe:8; jlmelenchon:6; franceinfo:6; conseil_constit:6; jonashaddad:6; jsferjou:6; rtlfrance:6; lci:6; paris2024:6; datirachida:4; cnews:4
336175,Sylvia Pinel,SylviaPinel,twitter.com/SylviaPinel,812,tarnetgaronne82:100; sylviapinel:100; groupelibterran:50; ladepeche82:44; occitanie:32; an_afeco:32; jeanluclagleize:30; prefet_82:26; lp_promotion:24; deprinceluc:22; hugueskenfack:20; marieca82:20; lcp:20; assembleenat:18; unionhlm:14; utcapitole:14; fac_droit_tlse:14; lomagnede:14; radicaux_oc:14; sdis82:14; udsp82:14; j_denormandie:14; occencommun:14; caroledelga:12; partiradicalg:12; thioyemoussa1:10; m_pmrd:8; agri_gouv:8; barbarapompili:8; jeancastex:8
722240,Pierre Venteau,PierreVenteau,twitter.com/PierreVenteau,802,fabricedandrea:162; juliengalpespom:80; gewoessner:72; emma_ducros:68; jeremyeldid:52; moreaujb23:44; aegrw:44; lacroix_prg:42; mfesneau:38; agnesrunacher:36; dc_morel:34; j_saintraymond:22; csfldefrance:22; pascalperri:22; pierreventeau:18; danielsauvaitre:18; benj_thi:18; emmanuelmacron:18; pr_f_vincent:16; fmbreon:16; bottrubuil:16; pasclavergne:14; rousseautrocy:14; barbarapompili:14; brunotdlb:12; j_:12; pat2816:12; sophiaaram:10; josette_marrant:10; warlopf:10
722336,Vincent Thiébaut,VincentThiebaut,twitter.com/VincentThiebaut,800,horizons_an:502; horizonsleparti:434; horizons_stras:418; horizons67:218; horizons68:34; assembleenat:28; vincentthiebaut:26; lmarcangeli:26; fredvalletoux:22; christophe_p:18; ephilippe_lh:14; c_goetschyb:12; lcp:12; grandirscancer:10; prefet67:10; an_devdur:8; yaelbraunpivet:8; cec_zev:8; gabrielattal:8; leseulg:8; deputeshorizons:6; evapourlavie:6; gouvernementfr:6; jpatrierleitus:6; annececilevio:6; agnesfirmin:6; horizonsjeunes:6; claudesturni:4; senat:4; acstrasbourg:4
719790,Philippe Chalumeau,Chalumeau_P,twitter.com/Chalumeau_P,800,emmanuelmacron:68; celine_oudry:66; steph_sejourne:34; chalumeau_p:30; jeunesmacron37:28; ambroise_mejean:18; avecvous:18; lcp:18; francehydrogene:16; loic_guilpain:16; renaissancet37:14; renaissance:14; enmarche37:14; assembleenat:12; mfesneau:12; gabrielattal:12; jmaireofficiel:12; olivierveran:12; elisabeth_borne:10; jeancastex:10; macron2022:10; stanguerini:8; agnesrunacher:8; brigbourguignon:8; jeunesmacron:8; yaelbraunpivet:6; mohammedbense:6; bertrandfougere:6; sante_gouv:6; auroreberge:6
721270,Stéphane Peu,stephane1peu,twitter.com/stephane1peu,800,lcp:152; stephane1peu:150; deputespcf:106; deputesgdr:68; pcf:42; emmanuelmacron:34; humanite_fr:30; bayrou:26; assembleenat:22; seblecornu:14; fabien_gay:10; franceinfo:10; cecilecukierman:8; fabien_roussel:8; halaabouhassira:6; gabriel_zucman:6; ademontchalin:4; senateurscrce:4; cyrielle_chtl:4; mathildepanot:4; sofiaboutrih:4; mardipolitique:4; nicolassansu:4; elysee:4; stepha:4; fetedelhumanite:4; binetsophie:4; yannickmonnet3:4; brunoretailleau:4; nupesnews:4
719258,Michel Delpon,DelponMichelEM,twitter.com/DelponMichelEM,800,francehydrogene:5; emmanuelmacron:3; agnesrunacher:2; delponmichelem:2; brunolemaire:2; elisabeth_borne:2; h2_mobile:1; rmcsport:1; ferraccimarc:1; ljacobel:1; editionsnombre7:1; elysee:1; lesjh2t:1; gillespecout:1; gouvernementfr:1; ccastaner:1; calameo:1; lmpositif:1; brunobonnell:1; jeanpierreriche:1; maudbregeon:1; equipedefrance:1; bfmtv:1; avecrenaissance:1; renaissanceue:1; youtube:1; emmanuel:1; steph_sejourne:1; barbarapompili:1; bpfc24:1
718990,Anne Blanc,AnneBlanc_12,twitter.com/AnneBlanc_12,798,anneblanc_12:62; assembleenat:62; ephilippepm:54; an_collterr:50; seblecornu:48; larem_an:46; agnesrunacher:44; emmanuelmacron:38; j_gourault:38; gouvernementfr:30; jrcazeneuve:24; olivierveran:20; an_afeco:20; rolandlescure:20; maireinfo2:16; dguillaume26:14; an_comlois:14; agnesbuzyn:14; mfesneau:14; verolouwagie:14; prefet12:12; baudu_stephane:12; jmblanquer:12; guillaumekasba:12; dept_aveyron:10; franceaubresil:10; joelgiraud05:10; brunolemaire:10; s_mazars:10; yaelbraunpivet:10
718930,Anne-Laurence Petel,al_petel,twitter.com/al_petel,796,emmanuelmacron:24; sophiaaram:22; emiliefreche:18; seblecornu:14; carolineyadan:14; cnews:10; bfmtv:10; quatremer:10; admdfrance:10; renaudpila:10; antonstruve:10; etiennecampion:8; srodan:8; equipefra:8; nous_vivrons:6; jlmelenchon:6; onu_fr:6; jnbarrot:6; jeromegodefroy:6; pbriday:6; mbompard:6; limportant_fr:6; rnational_off:6; frenchresponse:6; nunezlaurent:6; femmeazadi:6; franceinsoumise:6; soph_astro:4; benjaminhaddad:4; swordofsalomon:4
718810,Mireille Robert,MRobert_11,twitter.com/MRobert_11,795,emmanuelmacron:109; limouxhva:100; lrem_aude:47; cbarrely:43; jeunesmacron11:42; elisabeth_borne:33; auroreberge:32; olivierveran:30; steph_sejourne:27; jeunesmacron:24; brigbourguignon:24; gdarmanin:21; larem_an:21; prefet11:20; sdis11officiel:19; j_denormandie:19; verdierjouclas:17; jeancastex:16; joelgiraud05:14; gabrielattal:13; r_bachelot:13; comiteenmarche1:10; j_gourault:10; assembleenat:9; mrobert_11:9; enmarchefr:8; gouvernementfr:8; laliguecancer:8; florence_parly:8; avecvous:8
607595,Hervé Pellois,HervePellois,twitter.com/HervePellois,794,larem_an:88; j_denormandie:62; emmanuelmacron:27; assembleenat:22; moreaujb23:22; oliviagregoire:22; dguillaume26:22; brunolemaire:21; gdarmanin:16; emiliecariou:16; gouvernementfr:15; hervepellois:15; joelgiraud05:14; lcp:12; ccastaner:12; rolandlescure:11; jy_ledrian:10; olivierdussopt:10; prefet56:10; agnesrunacher:10; ephilippepm:10; murielpenicaud:10; elisabeth_borne:9; fchouat:9; j_m_jacques:9; terresdeprogres:8; enmarchefr:8; laustmartin:8; alexiholroyd:8; loigcg:8
718876,Grégory Besson-Moreau,GBessonMoreau,twitter.com/GBessonMoreau,794,j_denormandie:102; gbessonmoreau:66; michelbarnier:54; auroreberge:42; lesteclair:28; chlambert_fnsea:24; lcp:24; emmanuelmacron:22; cgb_fr:20; beaudouinso:20; rolandlescure:20; an_afeco:20; fnsea:16; salondelagri:14; agri_gouv:12; moreaujb23:12; schelcher:10; prefet_10:10; sttravert:10; lebetteravierfr:10; canal32:10; _missbetter:10; ilec_asso:8; carralain2:8; aube_avec_vous:8; ania_france:8; groupe_lactalis:8; barbarapompili:8; leguilleballoy:8; b_bessotballot:8
642764,Joël Aviragnet,JAviragnet,twitter.com/JAviragnet,792,socialistesan:140; borisvallaud:80; caroledelga:58; guillaumegarot:54; nicolasmayernmr:38; valerie_rabault:32; arthurdelaporte:30; refondations1:20; lcp:18; lamiaela:16; chantaljourdan:14; p_brun:12; isasantiago_94:12; cfdtberger:10; partisocialiste:10; ukrainestand:10; laurossignol:8; hsaulignac:8; kamelchibli:8; mpdelagontrie:6; 2022elections:6; jeromeguedj:6; occitanie:6; senateursps:6; malopedia:6; lejdd:6; dassouline:4; jlmelenchon:4; assembleenat:4; festivalluchon:4
606212,Gilbert Collard,GilbertCollard,twitter.com/GilbertCollard,788,europe1:22; cnews:10; michel_viot:8; gilbertcollard:6; wassim_boughnim:4; roimartinxiv:2; cordieralice2:2; franceinter:2; deputeshorizons:2; ephilippe_lh:2; horizoneu:2; francesouvunie:2; challoncle:2; erwanbaladant:2; sergyl_lafont:2; f_desouche:2; gregorydoucet:2; charlesprats:2; tvlofficiel:2; gendarmerie:2; leasalame:2
718910,Claire Pitollat,clairepitollat,twitter.com/clairepitollat,784,clairepitollat:40; yaelbraunpivet:30; atmosud:28; emmanuelmacron:26; assembleenat:20; elisabeth_borne:20; renaissance__13:18; bfmmarseille:18; deputesre:16; christophebechu:14; aoc1978:14; atmofrance:14; prefpolice13:14; marseille:12; maregionsud:12; staillepolian:12; renaissance:10; herveberville:10; laprovence:10; agnesfirmin:10; an_devdur:10; lamarsweb:8; gabrielattal:8; b_masfraissinet:8; renaudmuselier:8; sabrinaroubache:8; auroreberge:8; valeriehayer:8; jimmypahun:8; anses_fr:8
719146,Jean-Félix Acquaviva,JF_Acquaviva,twitter.com/JF_Acquaviva,778,isulacorsica:106; fapopuluac:72; massifcorse:60; jf_acquaviva:56; partitu_femuac:54; assembleecorse:38; groupeliot_an:30; gilles_simeoni:18; maupertuis_n:16; pauluparigi:14; castellani_:14; univcorse:12; pacolombani:12; lmarcangeli:10; corsenetinfos:10; sis_2b:10; ftviastella:10; assembleenat:10; icircfm:8; cracorsica20:8; annaiglemeur_29:8; inakiechaniz:8; prefet2b:8; edfcorse:8; villecorti:8; pghionga:6; ccicorse:6; corse_matin:6; oehc_:6; francebleurcfm:6
719286,Paul-André Colombani,pacolombani,twitter.com/pacolombani,776,groupeliot_an:82; pacolombani:36; pnazionecorsa:18; lcp:14; ftviastella:14; lmarcangeli:12; jc_angelini:10; corsenetinfos:10; corse_matin:10; c_decourson:8; cavautrin:8; castellani_:6; fxceccoli:6; pauluparigi:6; yannickneuder:6; avanzemu:6; carburantcorse:6; naegelenchris:6; anniegenevard:6; deputeeestelle:6; gilles_simeoni:6; francebleurcfm:6; an_afsoc:6; stphanelenorma1:6; capeb_fr:4; asromagny:4; jf_acquaviva:4; univcorse:4; maxmathiasin:4; assembleenat:4
721908,Yaël Braun-Pivet,YaelBRAUNPIVET,twitter.com/YaelBRAUNPIVET,773,assembleenat:22; laure_miller:10; rtlfrance:8; perrinegoulet:6; jrcazeneuve:6; speakerjohnson:4; r_stefanchuk:4; phgosselin:4; glarcher:4; bruno_fuchs:4; rmcinfo:4; libe:4; franceinter:4; franceinfo:4; tf1:4; juliakloeckner:4; seblecornu:4; aguiarbranco:4; gerard_larcher:4; maires_ruraux:4; lcp:4; isasantiago_94:4; speakerpelosi:2; m_k_blonska:2; wlodekczarzasty:2; nikopeleshi:2; tf1info:2; le_figaro:2; europe1:2; hecdebats:2
334149,Daniel Fasquelle,DFasquelle,twitter.com/DFasquelle,764,brunoretailleau:66; lesrepublicains:64; hautsdefrance:58; xavierbertrand:54; le_figaro:34; michelbarnier:26; enduropaleoffic:22; laurentwauquiez:18; fxbellamy:14; glarrive:12; othmannasrou:10; anniegenevard:10; dfasquelle:8; philippefait22:8; bfmtv:6; nicolassarkozy:6; celineimart:6; mennarawlings:6; ukinfrance:6; ppe_fr:6; anel_asso:4; droiterep_an:4; faustine_maliar:4; f3nord:4; prefet62:4; ilecallennec:4; phdumont:4; epp:4; yvettecoopermp:4; emaistre:4
721584,Jean Terlier,JeanTerlier,twitter.com/JeanTerlier,760,gabrielattal:68; assembleenat:52; deputesensemble:52; lcp:48; jeanterlier:36; yaelbraunpivet:24; castresrugby:22; prefet81:22; renaissance:22; 8erpimaofficiel:18; sdis81:16; priscathevenot:12; raphbernardin:12; olivierfabremzt:12; laurentsmartin:12; philippetabarot:10; villedemazamet:10; saintsul81info:10; michelbarnier:10; seblecornu:8; nicolasmetzdorf:8; an_comlois:8; gdarmanin:8; cnews:8; stephanie_rist:6; croixrouge:6; francetv:6; dimpolitique:6; renaissancetarn:6; nunezlaurent:4
719728,Gaël Le Bohec,GaelLeBohec,twitter.com/GaelLeBohec,760,epabretagne:226; melanie_epabret:160; apatault:34; gaellebohec:32; celinecalvez:32; yaelbraunpivet:32; romeisabelle:28; emmanuelmacron:22; papndiaye:22; cgrandjean_:18; assembleenat:18; ademontchalin:16; vgb83:16; lmaillart:14; acrennes:12; francoistaddei:12; f_alphaomega:10; cgrandjean54:10; francoisegatel:8; regionbretagne:8; v_riotton:8; an_droitsfemmes:8; lorient_congres:8; diptychander:8; _domicordeiro:8; cessonsevigne:6; glaz_arena:6; pinonanne22:6; villepontivy:6; spacerennes:6
720924,Nathalie Elimas,avyelimas,twitter.com/avyelimas,758,emmanuelmacron:52; auroreberge:16; bayrou:16; avyelimas:12; elisabeth_borne:12; deputesdem:12; avecvous:12; idf_mp:10; bfmtv:10; assembleenat:10; yaelbraunpivet:8; brunomillienne:8; modem:8; lci:6; vpecresse:6; jeancastex:6; 1elisamoreno:6; jugedurand:4; olivierbabeau:4; ataquillain:4; iledefrance:4; nunezlaurent:4; cavautrin:4; gdarmanin:4; davidperrotin:4; facealinceste:4; franceinfo:4; mariecharrel:4; nicolasberrod:4; senat_fr:4
718850,Pierre Cordier,CORDIERPierre08,twitter.com/CORDIERPierre08,758,ardennescd08:96; fxbellamy:94; droiterep_an:74; elsejoseph:58; republicains_an:50; cordierpierre08:36; laurentwauquiez:36; lesrepublicains:32; lcp:26; lesrep_senat:26; fabiendifilippo:24; brunoretailleau:24; michelbarnier:24; celineimart:24; maximeminot:24; oliviermarleix:22; directan:20; emmanuelmacron:18; anniegenevard:16; brunolemaire:16; assembleenat:14; sf_siege:14; kevingengoux:14; mfesneau:14; labaronnedaniel:12; le_figaro:12; fnsea:12; prefet08:12; marechalgui:12; bricefauvarque:12
719798,Daniel Labaronne,LabaronneDaniel,twitter.com/LabaronneDaniel,756,deputesensemble:76; assembleenat:54; lcp:18; seblecornu:18; an_finances:16; gabrielattal:12; brunolemaire:10; mathieumlefevre:10; jphtanguy:10; icitouraine:10; lecese:10; emmanuelmacron:8; chasseursfrance:8; banquedefrance:8; labaronnedaniel:8; groupern_off:8; lafnpf:8; franceinsoumise:6; ofbiodiversite:6; fiassemblee:6; clemence_guette:6; eric_r_lombard:6; renaissance:6; valerieletard:6; ericcoquerel:6; onf_officiel:4; benjaminhaddad:4; vincentjeanbrun:4; rnational_off:4; franceinter:4
268019,Jean-Christophe Lagarde,jclagarde,twitter.com/jclagarde,754,udi_off:170; emmanuelmacron:46; vpecresse:40; jclagarde:28; pascalbrindeau:24; audelagarde:22; bfmtv:22; charlesprats:16; eschahl:14; jpdugoinclement:14; villededrancy:12; franceinfo:12; zemmoureric:12; laurent_sceaux:12; le_parisien:10; ohenno:10; jeancastex:10; lcp:10; sudradio:8; hervemarseille:8; tf1:8; deputesudi_ind:8; le_figaro:8; france2tv:6; avecvalerie:6; jamescheron:6; udijeunes:6; bruce_toussaint:6; erichelard:6; raquelgarridofr:4
722292,Thomas Rudigoz,trudigoz,twitter.com/trudigoz,754,jm_aulas:334; coeur_lyonnais_:102; gabrielattal:46; allanbouamrane:42; trudigoz:30; ambroise_mejean:26; generationaulas:26; poliver69:24; sarahpeillon:24; prefetrhone:20; actufr_lyon:18; gregorydoucet:18; renaissance:16; renaissance_69:16; ycucherat:12; brunobernard_fr:12; lyoncap:10; leprogreslyon:10; grandlyon:10; lucas_ciampi:8; virginievi35975:8; belouassaanais:6; gcoeurlyonnais:6; ol:6; bfmlyon:6; v_sarselli:6; leasalame:6; quelleepoqueoff:6; tribunedelyon:6; nicolaszaugra:4
722284,Bruno Fuchs,bruno_fuchs,twitter.com/bruno_fuchs,752,jnbarrot:56; r_stefanchuk:18; yaelbraunpivet:16; bruno_fuchs:16; assembleenat:14; modem:14; emmanuelmacron:12; radiojfrance:10; rfi:8; christianfbach:8; delphineminoui:8; pahlavireza:8; fpetitan:8; goldbergkevin:6; nath_broadhurst:6; bayrou:6; bfmtv:6; franceinfo:6; europe1:4; nunezlaurent:4; an_afetr:4; markomihkelson:4; ygoosz:4; jmgsiroen:4; deputesdem:4; emmanumacron:4; apffrancophonie:4; brunoretailleau:4; tebbouneamadjid:4; oifrancophonie:4
722190,Gabriel Attal,GabrielAttal,twitter.com/GabrielAttal,751,renaissance:72; gabrielattal:36; deputesensemble:32; oliviagregoire:10; laure_miller:10; pybournazel:8; robjetten:6; klinkertbrigitt:6; stephanie_rist:6; valeriehayer:6; antoine_armand:6; jeunesmacron:6; kristenmichalpm:5; pa_anglade:4; jean_lucfugit:4; salondelagri:4; agnesrunacher:4; faire_face_:4; nathcogg:4; ambroise_mejean:4; nicolasmetzdorf:4; midy_paul:4; kmitsotakis:2; npouzyreff78:2; jdecerle:2; soph_astro:2; gab:2; leclerc_mel:2; ladepechedumidi:2; ensemble_ue:2
722038,Damien Adam,damienadam76,twitter.com/damienadam76,750,assembleenat:32; gabrielattal:30; emmanuelmacron:24; damienadam76:22; valeriehayer:22; deputesre:20; dominiqugambier:16; seinemaritime:14; f3normandie:14; renaissance:14; marine_caron76:12; an_devdur:12; ephilippe_lh:10; rouen:10; sdis76:8; yaelbraunpivet:8; rolandlescure:8; besoindeurope:8; cnpaesrlorenzo:8; emilie_leconte:8; f3regions:8; france3presse:8; jeunesmacron76:8; renaissance_76:8; fxbellamy:6; metropolerouenn:6; neomabs:6; jlmelenchon:6; _f_sanchez:6; lcp:6
721896,Elsa Faucillon,elsafaucillon,twitter.com/elsafaucillon,744,elsafaucillon:26; deputesgdr:24; humanite_fr:20; lcp:16; stephane1peu:16; deputespcf:14; pcf:8; nicolassansu:8; s_bourouaha:8; sabrinasebaihi:8; brunoretailleau:6; marcellinnadeau:6; assembleenat:4; dimpolitique:4; franceinfo:4; jnbarrot:4; fabien_gay:4; bayrou:4; celine_hervieu:4; clemence_guette:4; davyrimane:4; frdric_maillot:4; alterncom:4; lyeslouffok:4; pchamoiseau:4; andrechassaigne:4; gabrielattal:4; michelbarnier:4; utopia_56:4; mariannemaximi:4
720014,Huguette Tiegna,Huguette_Tiegna,twitter.com/Huguette_Tiegna,737,emmanuelmacron:209; elysee:82; gabrielattal:34; assembleenat:24; yaelbraunpivet:22; mfesneau:22; seblecornu:18; valeriehayer:18; prefet46:14; actulot:12; f3occitanie:12; laurentsmartin:10; nbelloubet:10; pompiersdulot:8; elisabeth_borne:8; gregoryallione:8; besoindeurope:8; dimpolitique:8; gouvernementfr:6; medialot46:6; ladepeche46:6; michelbarnier:6; huguette_tiegna:6; ladepechedumidi:6; renaissance:6; v_riotton:4; pompiersfr:4; gdarmanin:4; mistralai:4; mathildepanot:4
721142,Paula Forteza,PaulaForteza,twitter.com/PaulaForteza,734,paulaforteza:144; csagaspe:50; m_orphelin:42; demouverte:38; albanegaillot:36; mau_mejiag:22; j_jaures:18; yjadot:18; paulineveron:16; assembleenat:14; bsolist:12; institrousseau:12; charlotteclavr1:10; colineaualex:10; fondspresslibre:10; mathildemaulat:10; fortezaeugenia:10; unboutdesmedias:10; bureauouvert:10; jmf60:8; laure_paradis3:8; ls_boileau:8; emiliecariou:8; causettelemag:8; journeesdete:8; mc_garin:6; sorianotech:6; axellelemaire:6; quitt3rie:6; franceculture:6
267204,Jean-Marie Sermier,jmsermier,twitter.com/jmsermier,724,jmsermier:90; lesrepublicains:40; republicains_an:36; francoisfillon:24; gillesplatret:20; fedepl:20; lcp:12; assembleenat:12; vpecresse:10; chjacob77:10; anniegenevard:10; emmanuelmacron:10; arnauddanjean:10; barbarapompili:10; f3franchecomte:10; jeremychevreuil:10; damienabad:8; n_hulot:8; tgv_lyria:6; letalkbfc:6; bonneviemaxime:6; julienaubert84:4; jgrosperrin:4; gouvernementfr:4; cperrin90:4; olivierveran:4; bleubesancon:4; glarrive:4; jmblanquer:4; fxbellamy:4
608011,Joaquim Pueyo,Joaquim_PUEYO,twitter.com/Joaquim_PUEYO,722,frebsamen:28; france_urbaine:22; cualencon:22; villesdefrance:20; joaquim_pueyo:18; prefet61:14; emmanuelmacron:12; rtlfrance:10; usbda61:8; bfmtv:8; quakenbrueck:8; l_amf:6; valeriehayer:6; tendanceouest:4; gilaverous:4; afccre:4; bfm_normandie:4; ancterritoires:4; jep:4; croixrouge:4; joebiden:4; philippehuppe:4; fedprogressiste:4; elisabeth_borne:4; tendanceouest61:2; policenationale:2; cai:2; nicolasmayernmr:2; yaelbraunpivet:2; bcazeneuve:2
610667,Gabriel Serville,GabrielServille,twitter.com/GabrielServille,722,gabrielserville:54; thibsvega:28; ctdeguyane:24; gkpa2021:22; assembleenat:20; prefet973:18; seblecornu:16; guyla1ere:14; outremers360:14; franceguyane:14; gouvernementfr:14; la1ere:12; tlechatvega:12; lenaickadam:12; deputespcf:10; laurencevanceu:8; radiopeyi:6; younousomarjee:6; jlmelenchon:6; cnes:6; parlementerfr:6; guyane_insoumis:6; florence_parly:6; parispasrose:6; merapharmacy:4; the_redbreast:4; eric_gernez:4; fabien_roussel:4; univguyane:4; skerbarh:4
643175,Stella Dupont,stelladupont,twitter.com/stelladupont,722,encommun_parti:106; bcazeneuve:76; assembleenat:42; cecile_rilhac:28; stelladupont:24; barbarapompili:14; lcp:12; bayrou:10; bfmtv:8; volt_france:8; seblecornu:8; brunoretailleau:8; lopinion_fr:6; sosmedfrance:6; ph_aghion:6; rglucks1:6; maine_et_loire:6; emmanuelmacron:6; clapotmireille:6; cfdt:6; audreylive14:6; sachahoulie:6; francoisegatel:6; laconventionbc:4; clotildevalter:4; ccfd_tsolidaire:4; mathiasulmann:4; franceinfo:4; caroledelga:4; fhollande:4
719616,Christophe Euzet,ChristopheEuzet,twitter.com/ChristopheEuzet,720,emmanuelmacron:152; agirensemble_an:44; jfeliaou:28; e_dupondm:24; christopheeuzet:16; eric_laude:16; elisabeth_borne:16; jeancastex:16; demoulinem:16; midilibresete:14; becht_olivier:14; jerometoulza:12; kerlogot22:12; deputesdem:12; an_comlois:12; gmail:10; assembleenat:10; midilibre:8; f3occitanielr:6; ccastaner:6; lesinguliersete:6; codubost:6; univ:4; upvd1:4; yvanauguet:4; heraulttribune:4; radioaviva88fm:4; thauinfos:4; gabrielblasco34:4; lopezliguori:4
331582,Philippe Vigier,VigierPhilippe,twitter.com/VigierPhilippe,720,vigierphilippe:158; lcp:156; deputesdem:88; europe1:60; radiojfrance:30; bfmtv:24; mfesneau:22; publicsenat:20; assembleenat:18; modem:16; bayrou:12; guillaumegarot:12; seblecornu:8; apoussart:8; kathiagilder:8; lecho_fr:8; jpfarandou:6; christoblanchet:6; ferraccimarc:6; yaelbraunpivet:4; lecocqcharlotte:4; citescozola28:4; michelbarnier:4; cnews:4; admdfrance:4; fiassemblee:4; veilleactsante:4; sudradio:4; c_barbier:4; nicolasmetzdorf:4
720630,Maxime Minot,MaximeMinot,twitter.com/MaximeMinot,720,cd_oise:28; lesrepublicains:26; nadegelefebvre_:16; paris2024:16; maximeminot:12; fxbellamy:10; republicains_an:10; tonyestanguet:8; assembleenat:8; laurentwauquiez:6; oiseaction:6; xavierbertrand:6; lcp:6; sdis60:4; juliendive:4; paralympics:4; fabiendifilippo:4; diasteresa60:4; cordierpierre08:4; bfmtv:4; vpecresse:2; arcom_fr:2; lafrancerepart:2; jeromebascher:2; pierrevatinoff:2; emmaus_france:2; daoud_kamel:2; michelbarnier:2; cassandrebeaugrand:2; ericpauget1:2
721024,Anne Genetet,AGenetet,twitter.com/AGenetet,720,gabrielattal:144; renaissance:88; deputesensemble:86; emmanuelmacron:36; agenetet:22; yaelbraunpivet:14; laurentsmartin:10; jnbarrot:8; seblecornu:8; priscathevenot:8; laure_miller:6; sudradio:6; nathcogg:6; sylvainmaillard:6; assembleenat:6; simonincatheryn:6; benjaminhaddad:6; bfmtv:6; ksfopenukraine:6; francediplo:4; n_forissier:4; magaliberdah:4; lci:4; le_figaro:4; lepoint:4; jeunesenmarche:4; valeriehayer:4; elisabeth_borne:4; tmohamedsoilihi:4; vincent_caure:2
998,Olivier Dassault,ODassault,twitter.com/ODassault,720,republicains_an:76; ndainville:68; odassault:66; assembleenat:40; jmfourgous:40; dassault_onair:28; lesrepublicains:24; franceculture:22; lcp:18; courrierpicard:16; sqy:16; emmanuelmacron:14; industriefrance:14; dassaultfalcon:14; leparisien_60:14; g2_ea:12; vbazinmalgras:10; xavierbertrand:10; geoffroyrdb:10; youtube:8; le_figaro:8; carolinecayeux:8; seccivilefrance:8; ephilippepm:8; europe1:8; revuepol:6; parnasse:6; le:6; olivierpaccaud:6; chjacob77:6
267673,Philippe Folliot,philippefolliot,twitter.com/philippefolliot,720,alliancec:72; senat:64; jcfromantin:54; lecentre2024:50; philippefolliot:48; pbonnecarrere81:44; uc_senat:26; assembleenat:16; publicsenat:14; jeanterlier:14; natopa:14; juliecapoortega:14; philippetabarot:12; prefet81:10; sudradio:10; sebastienpla:10; lejdd:8; latribune:8; gilles_mentre:8; gerard_larcher:6; franceotan:6; bayrou:6; georgesnaturel:6; franceinfo:6; laurence_beau:6; brunolemaire:6; tf1:6; patrice_anato:6; floriangrill:4; francerugby:4
719640,Sophie Mette,SophieMette1,twitter.com/SophieMette1,718,deputesdem:78; mfesneau:66; elisabeth_borne:46; modem:36; sophiemette1:32; modemgironde:28; assembleenat:26; rimaabdulmalak:20; lcp:18; gdarmanin:18; jpatrierleitus:14; emmanuelmacron:14; auroreberge:14; fz_cestas:14; laurentesquenet:14; jnbarrot:12; gdarrieussecq:12; yaelbraunpivet:10; t_cazenave:8; education_gouv:8; f_caussetissier:8; pbertagard:8; perrinegoulet:6; ipuparliament:6; bayrou:6; sabinethillaye:6; salondelagri:6; maudgatel:6; celinecalvez:6; brosseanthony:6
719740,Jean-Charles Colas-Roy,JCColasRoy,twitter.com/JCColasRoy,718,coenove:168; emmanuelmacron:98; agnesrunacher:30; grdf:26; gabrielattal:20; jccolasroy:18; assembleenat:18; unionhlm:14; galliardm:14; ademe:12; hyvolution:12; elisabeth_borne:12; avecvous:12; energiematin:10; enerjmeeting:10; jmzulesi:10; pcanfin:10; gwenguers:10; yaelbraunpivet:8; ffbatiment:8; interclima:8; enerpresse:8; echirolles38:8; planbatiment:6; ferraccimarc:6; salondelagri:6; cegibat:6; sylvainwaserman:6; renaissance_38:6; cre_energie:6
722000,Stéphane Buchou,StephaneBuchou,twitter.com/StephaneBuchou,716,deputesre:72; renaissance:30; gabrielattal:28; emmanuelmacron:26; deputesensemble:24; assembleenat:24; elisabeth_borne:24; yaelbraunpivet:16; gouvernementfr:16; equipefra:14; herveberville:14; stephanebuchou:12; an_devdur:12; prefetvendee:8; christophebechu:8; an_afeur:8; ouestfrance85:6; economie_gouv:6; valeriehayer:6; auroreberge:6; t_cazenave:6; agnesfirmin:6; sante_gouv:6; bcouillard33:6; antoine_armand:4; seblecornu:4; agnesrunacher:4; ouestfrance:4; franceinsoumise:4; steph_sejourne:4
719600,Éric Poulliat,EPoulliat,twitter.com/EPoulliat,712,assembleenat:28; deputesre:22; yaelbraunpivet:20; bcouillard33:12; gabrielattal:12; carolinefourest:10; enthoven_r:10; gdarmanin:10; lcp:10; prefaquitaine33:10; charlottecaubel:10; e_dupondm:8; soniabackes:8; epoulliat:8; sophiaaram:6; sabrinaroubache:6; gendarmerie:6; jeffdesport:6; sudradio:6; francerugby:6; 24hpujadas:4; khannrachel:4; ubbrugby:4; erazavi3:4; xaviergorce:4; daoud_kamel:4; sifaoui:4; seblecornu:4; franceinter:4; bleu_gironde:4
722090,Bénédicte Pételle,DeputeeBPetelle,twitter.com/DeputeeBPetelle,712,asnieresem:54; emmanuelmacron:50; adrientaquet:44; assembleenat:34; deputeebpetelle:26; an_afsoc:24; lremcolombes:20; olivierveran:14; sante_gouv:14; jeancastex:12; bai_achidi:10; 92enmarche:10; lcp:10; ciivise_contact:8; encommun_parti:8; barbarapompili:8; ccastaner:8; caritasfrance:6; villecolombes:6; richardferrand:6; iacovellixavier:6; erwanbalanant:6; 3807limon:6; nadiahai78:6; jmblanquer:6; marieabita:4; stanguerini:4; flprovendier:4; gabrielattal:4; jugedurand:4
605069,Jean-Louis Bricout,jlbricout,twitter.com/jlbricout,708,bcazeneuve:198; jlbricout:108; clotildevalter:66; groupeliot_an:54; laconventionbc:34; couturiercathy:30; assembleenat:26; lcp:24; lopinion_fr:22; laernoes:20; m_meynierm:20; hubertottalsace:18; cavousf5:10; p_brun:10; caroledelga:10; bfmtv:10; fabien_roussel:10; fhollande:8; gouvernementfr:8; hadrienclouet:8; lacroix_prg:8; arnaudbattefort:8; idelunis:8; an_devdur:8; lotcharlot:8; yfavennec:8; bsainthuile:8; davidtaupiac:8; franceinter:6; arthurdelaporte:6
719186,Fadila Khattabi,fadila_khattabi,twitter.com/KhattabiF|twitter.com/fadila_khattabi,704,fadila_khattabi:64; gabrielattal:56; emmanuelmacron:52; renaissance:36; aoc1978:36; solidarite_gouv:24; elisabeth_borne:20; equipefra:14; cavautrin:14; tonyestanguet:12; franceinfo:12; deputesensemble:10; nbelloubet:10; paris2024:10; elysee:8; sudradiofqcc:8; le_parisien:8; p_vergriete:8; gouvernementfr:8; valeriehayer:8; oliviagregoire:8; sabrinaroubache:8; modem:6; franckriester:6; bfmtv:6; gattalactu:6; sarahelhairy:6; terresdeprogres:6; philippecroizon:6; seblecornu:4
718744,Delphine Bagarry,DBagarry,twitter.com/DBagarry,700,albanegaillot:90; dbagarry:36; assembleenat:20; marinetondelier:18; emiliecariou:18; paulaforteza:16; yjadot:16; villanicedric:12; leplanning:10; malkamarcovich:10; joelgiraud05:10; edwardmayor:10; m_orphelin:10; faureolivier:8; nupes_2022_:8; fr_insoumise04:8; chapelierannie:8; alpes_1:8; rglucks1:8; partisocialiste:6; bfm_dici:6; julienbayou:6; lecese:6; blancfelix:4; delphinebatho:4; jeanlouisbianco:4; pdharreville:4; anesf_fr:4; eelv:4; nupes_2022:4
266797,Philippe Gosselin,phgosselin,twitter.com/phgosselin,680,lamanche50:70; brunoretailleau:46; droiterep_an:38; assembleenat:36; phgosselin:36; lesrepublicains:24; bayrou:20; lcp:18; an_comlois:18; conseil_constit:16; kamardine_m:16; yaelbraunpivet:10; michelbarnier:8; regionnormandie:8; anniegenevard:6; basphilippe:6; jeanmorin_cd50:6; gdarmanin:6; dmargueritte:6; prefecture50:4; juliendive:4; lapressemanche:4; julien_ham:4; adelehommet:4; jonashaddad:4; f3normandie:4; philippetabarot:2; davydelmotte:2; le_figaro:2; n_forissier:2
643192,Chantal Jourdan,ChantalJourdan,twitter.com/ChantalJourdan,678,socialistesan:208; borisvallaud:40; partisocialiste:30; guillaumegarot:30; kelouaf:20; sdelautrette:20; rglucks1:20; arthurdelaporte:18; potierdominique:16; clergeau:16; chantaljourdan:14; inakiechaniz:14; assembleenat:14; p_brun:14; faureolivier:12; lcp:10; marioncanales:8; javiragnet:8; canopee_asso:8; annapic2024:8; annapicdeputee:8; cpiresbeaune:6; unafam:6; castetslucie:6; mel_thomin:6; rita_maalouf_:6; jeromeguedj:6; j_jaures:6; gabrielattal:6; joelaviragnet:4
720960,Olivier Serva,olivier_serva,twitter.com/olivier_serva,678,olivier_serva:84; lcp:62; groupeliot_an:54; bertrandpancher:30; assembleenat:16; outremers360:14; assoutiles:14; publicsenat:10; hhuwart:8; sudradio:8; c_decourson:6; lepointevents:6; radiocourtoisie:4; ribodanslasauce:4; prefet971:4; yannickneuder:4; lpanifous:4; maxmathiasin:4; chrisbapt:4; williamjiovanny:4; bfmtv:4; maudpetit_an94:4; stimpflingeric:4; michelbarnier:4; accdom_asso:4; scienceso:4; olnic1974:4; mireilledumasof:4; afpfr:4; ass:4
720022,Michel Lauzzana,lauzzanamichel,twitter.com/lauzzanamichel,676,weillclaude:48; lafotaki:34; emmanuelmacron:18; deputesensemble:18; jzefka:16; lauzzanamichel:16; medias_citoyens:16; eddysardou:14; seblecornu:10; pbriday:10; fderugy:10; tcabarrus:10; carolinefourest:10; emma_ducros:10; jrcazeneuve:10; gabrielattal:10; surmulotsnews:10; yaelbraunpivet:8; briceculturier:8; franctireurmag:8; juliendray:8; vlautard:8; alexiskarklins:6; barriere_dr:6; pascalperri:6; assembleenat:6; huberthuertas:6; sophiaaram:6; jboovii:6; midy_paul:6
719578,Loïc Prud'homme,PrudhommeLoic,twitter.com/PrudhommeLoic,676,fiassemblee:102; manonaubryfr:50; ericcoquerel:34; manonmeunier_up:14; trouveaurelie:14; mathildefeld:12; mathildepanot:8; castetslucie:8; clemence_guette:8; canopee_asso:8; mbompard:8; sudouest:6; franceinsoumise:6; bfmtv:6; nthierry:6; matthiastavel:6; franck_rinchet:6; walydia:6; sebastiendelogu:6; ileraud:4; mediapart:4; franceinter:4; alma_dufour:4; delpeyrat:4; luciecastets:4; genefutures:4; damienmaudt:4; amisdelaterre:4; l_insoumission:4; fi_gironde:4
643157,Philippe Naillet,PNaillet,twitter.com/PNaillet,674,socialistesan:104; lcp:22; pnaillet:18; saintdenis974:18; audreybelim974:16; borisvallaud:10; ebareigts:10; faureolivier:6; assembleenat:6; partisocialiste:6; chrisbapt:4; gdarmanin:4; williamjiovanny:4; beatricebellay:4; lemondefr:2; nouveaupop:2; isasantiago_94:2; unesco:2; mel_thomin:2; reunionla1ere:2; auroreberge:2; philippetabarot:2; prefet974:2; ferraccimarc:2; emmanuelmacron:2; unrwa:2; elisabeth_borne:2; senateursps:2; romaineskenazi:2; bayrou:2
856,Gérard Cherpion,GerardCherpion,twitter.com/GerardCherpion,674,xavierbertrand:98; fxbellamy:44; patrickhetzel:20; brunoretailleau:20; nousfrance_fr:16; republicains_an:16; michelbarnier:14; julienaubert84:14; emmanuelmacron:14; lesrepublicains:14; aurelienpradie:14; le_figaro:12; philippejuvin:12; emma_ducros:12; jeanrottner:12; vpecresse:12; pierremanenti:10; montbrialavocat:10; gerardcherpion:10; publicsenat:10; eciotti:10; cnews:10; davidlisnard:10; adeguigne:8; eugeniebastie:8; arnauddanjean:8; chrissaintetien:8; nbouzou:8; gerard_larcher:8; thibault_bazin:8
720546,Alain Bruneel,Alain_Bruneel,twitter.com/Alain_Bruneel,668,alain_bruneel:48; deputespcf:46; lcp:26; assembleenat:20; pcf:20; cblocs:16; andrechassaigne:16; olivierveran:16; emmanuelmacron:10; vdndouai:10; bfmgrandlille:8; fabien_rssl:8; vidalfrederique:8; fabien_roussel:6; oxfamfrance:6; lariviere_fr:6; libhebdo:6; franceinfo:4; sebastienjumel:4; humanite_fr:4; rtenfrancais:4; elsafaucillon:4; lillefrance:4; apourceau:4; gdarmanin:4; fbleunord:4; jeancastex:4; ianbrossat:2; _mjcf:2; prefet59:2
717167,Mounir Mahjoubi,mounir,twitter.com/mounir,664,emmanuelmacron:64; enmarchefr:36; cedric_o:30; mounir:28; gdarmanin:20; francenumfr:18; laremparis19:14; yanisbacha:12; cbeaune:12; prefpolice:12; ccastaner:12; elisabeth_borne:10; paris:10; fparrainages:10; olivierveran:10; marleneschiappa:10; jeancastex:10; laustmartin:10; gouvernementfr:8; assembleenat:8; chokolia:8; brunolemaire:8; guillaumerozier:8; rolandlescure:8; 3807limon:6; adrientaquet:6; cybervictimes:6; brigitte_liso:6; elysee:6; anne_hidalgo:6
2960,Éric Woerth,ericwoerth,twitter.com/ericwoerth,662,ericwoerth:94; bfmtv:56; lci:48; europe1:44; ajparlement:42; rtlfrance:38; publicsenat:14; cnews:12; bayrou:12; tf1info:12; dariusrochebin:10; lcp:10; franceinfo:8; natopa:8; assembleenat:6; renaissance:6; seblecornu:6; franceinter:6; ben_duhamel:6; omelchenkovadym:4; deputesensemble:4; ju_arnaud:4; francegalop:4; emmanuelmacron:4; gdarmanin:4; pierredevilno:4; courdescomptes:4; margothaddad:4; sergepapin_rf:2; gabrielattal:2
719910,Mounir Belhamiti,MounirBelhamiti,twitter.com/MounirBelhamiti,660,emmanuelmacron:96; mounirbelhamiti:62; hucheterwan:40; seblecornu:40; gabrielattal:28; julienbainvel:24; elus_dp_nantes:22; johanna_rolland:18; vaug_cast_frede:12; presseocean:12; valeriehayer:12; ludovic_pouille:12; telenantesinfo:10; c_morancais:10; sarahelhairy:10; valerie_oppelt:8; renaissance_44:8; sncfnumerique:8; renaissance:8; oliviermeu50097:6; sebarrouet:6; fderugy:6; deputesre:6; jeunesmacron44:6; bfmtv:6; lcp:6; jean_ardouin:6; groupesncf:4; bayrou:4; eric_fallourd:4
718978,Mohamed Laqhila,laqhila,twitter.com/laqhila,656,bayrou:66; modem:48; jnbarrot:34; emmanuelmacron:34; mfesneau:22; deputesdem:18; modembdr:10; renaudmuselier:8; gmail:8; laprovenceaix:8; michelbarnier:8; gabrielattal:8; youtube:6; croec_paca:6; lci:6; laqhila:6; francoisecauwel:6; eurosport_fr:6; destimed:4; gometmedia:4; laprovence:4; elisabeth_borne:4; tribunedimanche:4; franceinfo:4; infofrance2:4; tonyestanguet:4; aixmaville:4; amapola_ventron:4; ge_panagiotou:4; horizonsleparti:4
719472,Jean-René Cazeneuve,jrcazeneuve,twitter.com/jrcazeneuve,642,lcp:32; jrcazeneuve:30; seblecornu:30; deputesensemble:22; emmanuelmacron:20; yaelbraunpivet:12; gabrielattal:10; europe1:10; davidlisnard:8; bfmtv:6; amiel_david_:6; ladepeche_32:6; anniegenevard:6; franceinter:6; caissedesdepots:6; dupont9a:4; franceinfo:4; l_amf:4; dseux:4; carolinefourest:4; franctireurmag:4; ademontchalin:4; lesechos:4; rtlfrance:4; philippejuvin:4; assembleenat:4; sophiaaram:4; courdescomptes:4; jeunesagri:4; frebsamen:4
719372,Guillaume Kasbarian,guillaumekasba,twitter.com/guillaumekasba,642,emmanuelmacron:72; gabrielattal:54; seblecornu:28; guillaumekasba:16; deputesensemble:16; stephanevojetta:14; valeurs:10; bfmtv:10; lci:10; lcp:10; renaissance:10; jmilei:8; lepoint:6; cnews:6; midy_paul:6; francerugby:6; elysee:4; nikolpashinyan:4; franceinsoumise:4; maudbregeon:4; castetslucie:2; stephanie_rist:2; gabriel:2; mariacorinaya:2; pjverzelen:2; oliviagregoire:2; europe1:2; somabrouk:2; guillaumekasbarian:2; feliciegerard:2
719388,Annaïg Le Meur,AnnaigLeMeur_29,twitter.com/AnnaigLeMeur_29|twitter.com/AnnaigLeMeur_AN,642,deputesensemble:54; annaiglemeur_29:42; gabrielattal:32; lcp:18; michelcanevet:16; valerieletard:16; letelegramme:14; inakiechaniz:14; assembleenat:12; renaissance:12; yaelbraunpivet:12; oliviagregoire:8; tlgquimper:8; didierlegac:6; seblecornu:6; prefet29:6; radioimmo:6; tebeotv_tebesud:6; michelbarnier:6; guillaumekasba:6; jeunesmacronbzh:6; lopinion_fr:4; amf_29:4; emmanuelmacron:4; senat:4; franceinter:4; stephanie_rist:4; rtlfrance:4; beliersdekemper:4; dimpolitique:4
672,Jean-Jacques Bridey,jjbridey94260,twitter.com/jjbridey94260,640,emmanuelmacron:188; richardferrand:70; laustmartin:62; assembleenat:42; jeancastex:40; florence_parly:30; marchederungis:26; ccastaner:24; emmwargon:24; gdarrieussecq:20; cema_fr:20; slayani:16; envie_idf:16; larem_an:14; ggomez_chef:12; maisonneuvemart:12; g_gouffiercha:12; cemat_fr:12; j_denormandie:10; mlp_officiel:8; repensemble:8; s_cluzel:8; cbeaune:8; tf1:6; sttravert:6; mikoalain:6; fdescrozaille:6; jeunesmacron94:6; pavillonviandes:6; elisabeth_borne:6
605694,Olivier Falorni,OlivierFalorni,twitter.com/OlivierFalorni,638,lcp:114; olivierfalorni:78; bcazeneuve:26; franceinfo:26; assembleenat:24; emmanuelmacron:12; yaelbraunpivet:12; cavousf5:10; bfmtv:10; europe1:10; sudradio:10; publicsenat:10; staderochelais:10; lemondefr:8; gabrielattal:8; lecese:8; charlesbietry:6; linerenaud:6; franceinter:6; tribunedimanche:6; iborrasophie1:6; lci:6; ol:6; admdfrance:6; telematin:4; seblecornu:4; oliv:4; le_parisien:4; gdarmanin:4; olivi:4
720268,Olivier Damaisin,olivierdam1,twitter.com/olivierdam1,638,emmanuelmacron:94; mfesneau:52; msa_actu:48; lemoinearnaud:44; salondelagri:42; yaelbraunpivet:30; anniegenevard:28; agri_gouv:24; gabrielattal:24; elisabeth_borne:18; fnsea:14; jeromedespey:12; confpaysanne:12; coordinationrur:12; philippefolliot:12; auroreberge:10; avocatdeschamps:10; gdarmanin:10; bruno_pomart:10; micheltaube:10; 11_fabre:8; jffruttero:8; karinelmoff:8; rousseautrocy:8; bayrou:8; olivierdam1:8; e_dupondm:8; alliancec:8; smessaertluc:6; michelbarnier:6
721750,Céline Calvez,celinecalvez,twitter.com/celinecalvez,636,emmanuelmacron:110; assembleenat:60; yaelbraunpivet:42; gabrielattal:32; celinecalvez:26; lcp:26; deputesensemble:24; pa_anglade:20; bayrou:20; elisabeth_borne:16; seblecornu:14; renaissance:14; arcom_fr:12; jnbarrot:10; bfmtv:10; v_riotton:8; sachahalphen:8; elysee:8; laurentsmartin:6; an_afeur:6; vincent92110:6; valeriehayer:6; michelbarnier:6; rmcinfo:4; re_levallois:4; midy_paul:4; zelenskyyua:4; brunoretailleau:4; lesrepublicains:4; ensemble_ue:4
721678,Robin Reda,robinreda,twitter.com/robinreda,636,gabrielattal:62; vpecresse:46; jmvilain:42; iledefrance:36; idf_rassemblee:24; gdarmanin:20; agenetet:18; viryofficiel:16; stanguerini:14; renaissance:12; vincentjeanbrun:12; charlesrodwell_:10; bfmtv:10; alexiskarklins:10; deputesensemble:10; robinreda:10; valeriehayer:10; yaelbraunpivet:8; montbrialavocat:8; datirachida:8; brunolemaire:8; nbelloubet:8; le_figaro:6; nicolassarkozy:6; savigny_off_91:6; franceinfo:6; brunoretailleau:6; emma_ducros:6; durovray:6; alexisteillet:6
720996,M'jid El Guerrab,mjidelguerrab,twitter.com/mjidelguerrab,630,slaatiriss:12; emmanuelmacron:10; atlasinfo:6; jafkech:6; royalairmaroc:4; ambafrancemaroc:4; mjidelguerrab:4; ccmeofficiel:4; tropheesmdm:4; morocconews:4; millenairemaroc:4; ambamarocfrance:4; ouadihdada2m:4; realmarcel1:4; renaudpila:2; ohleshistoires:2; pr_diomaye:2; feizabm:2; koala80:2; usembalo:2; cantalauvergne:2; prefet_15:2; almadawar:2; amaledaoud:2; aminesa807:2; royalsegolene:2; akhenatoniam:2; jlmelenchon:2; marinetondelier:2; seraphinemoreau:2
720976,Max Mathiasin,MaxMathiasin,twitter.com/MaxMathiasin,629,maxmathiasin:2; groupeliot_an:1; jlmelenchon:1; audreypulvar:1; idf_encommun:1; guadeloupela1e:1; lcp:1
721880,Marie Guévenoux,mguevenoux,twitter.com/mguevenoux,624,gdarmanin:104; emmanuelmacron:82; mguevenoux:42; gabrielattal:40; cnews:26; paris2024:22; bfmtv:22; elysee:20; sudradio:18; telematin:16; europe1:14; franceinfo:14; valeriehayer:12; lcp:12; sylvainmaillard:12; gouvernementfr:10; outremers360:8; besoindeurope:8; seblecornu:8; rnational_off:8; mayottela1ere:8; le_figaro:6; policenationale:6; mlp_officiel:6; hc98800:4; equipefra:4; le_parisien:4; ncla1ere:4; gendarmerie:4; leparisien_91:4
2086,Franck Marlin,franckmarlin,twitter.com/franckmarlin,618,franckmarlin:18; teddyvaury:18; cdessonne:10; leparisien_91:10; mairieetampes:8; caidf:8; durovray:6; fdseaidf:5; vpecresse:4; lerep91:4; jpdugoinclement:4; lcp:4; m_hillaire:3; ffmcessonne:3; ja_idf:3; contribuables:3; greffindamien:3; didierractmadou:3; jlmelenchon:2; prefet91:2; iledefrance:2; eudes_baufreton:2; alliancepolice:2; ffmcnat:2; guycrosnier:2; unispouretampes:2; policenationale:2; franceinfo:2; pnationale:2; lecolonelactus:2
722320,Christophe Lejeune,lejeune_ch,twitter.com/lejeune_ch,610,emmanuelmacron:44; renaissance:30; brunolemaire:29; steph_sejourne:23; mlp_officiel:17; deputesre:16; gabrielattal:14; lejeune_ch:14; gdarmanin:13; larem_an:13; j_denormandie:12; florence_parly:12; ccastaner:11; moca_francois:10; fdumasdeputee:9; lcp:8; elysee:7; olivierveran:7; b_bessotballot:7; an_defense:7; rnational_off:6; auroreberge:6; jlmelenchon:6; alainchretien:5; ericalauzet:5; elisabeth_borne:5; lrem70:5; emma_ducros:4; valeriehayer:4; avecrenaissance:4
702054,Stéphane Claireaux,sclaireaux,twitter.com/sclaireaux,606,annickgirardin:53; sclaireaux:46; rrdpdep:25; manuelvalls:25; spm1ere:21; mainasage:18; fdotte:13; outremers360:12; franceqc:12; emmanuelmacron:10; assembleenat:10; connectbycnes:8; clairepitollat:7; drapeauxsfv:7; annaiglemeur_an:7; la1ere:6; jmblanquer:6; mergouv:5; jclarsonneur:5; la_fedom:5; lemondefr:5; ebareigts:5; herveberville:4; yaelbraunpivet:4; assisesdelamer:4; olivierveran:4; larem_an:4; lilianetanguyan:4; philly_789:4; an_outremers:4
609520,Barbara Pompili,barbarapompili,twitter.com/barbarapompili,602,barbarapompili:106; oneplanetsummit:100; encommun_parti:96; stelladupont:52; ingriddordain:32; clapotmireille:24; wwaterforum10:22; cecile_rilhac:18; emmanuelmacron:16; mumbamusondam:14; ramsarconv:12; francediplo_en:12; ecologie_gouv:12; paulbbarets:12; watercommongood:10; zulfiyasuleimen:10; dwaterprocess:10; un:10; francejakartafr:10; eu_env:8; worldbank:8; christophebechu:8; assembleenat:8; rolandlescure:8; unece_water:6; epa:6; usaid:6; unesco:6; wmo:6; pascal_gentil:6
721158,Pieyre-Alexandre Anglade,PA_Anglade,twitter.com/PA_Anglade,602,emmanuelmacron:104; gabrielattal:58; jnbarrot:42; deputesensemble:32; renaissance:28; rnational_off:24; bfmtv:20; seblecornu:20; pa_anglade:18; franceinsoumise:14; vincent_caure:12; j_bardella:10; franceinfo:10; zelenskyyua:10; assembleenat:8; steph_sejourne:8; cema_fr:8; lci:6; r_stefanchuk:6; lcp:4; nathcogg:4; elysee:4; taraskachka:4; robjetten:2; igorzhovkva:2; npouzyreff78:2; senat:2; valeriehayer:2; parismatch:2; pg_citizen:2
719218,Hervé Berville,HerveBerville,twitter.com/HerveBerville,600,emmanuelmacron:190; herveberville:72; gabrielattal:56; mergouv:26; elysee:18; besoindeurope:18; renaissance:12; equipefra:12; deepseaconserve:12; valeriehayer:12; deputesensemble:8; gouvernementfr:8; seblecornu:8; christophebechu:8; ensemble2024:8; franceinkenya:8; renaissance_d22:6; jeuxolympiques:6; france3bretagne:6; sauveteursenmer:6; orsuccijc:6; mfesneau:6; rpfranceue:6; ouestfrance:4; bayrou:4; michelbarnier:4; ecologie_gouv:4; guillaumekasba:4; paris2024:4; j_bardella:4
719652,Véronique Hammerer,V_Hammerer,twitter.com/V_Hammerer,600,emmanuelmacron:48; t_cazenave:18; assembleenat:18; avecvous:18; v_hammerer:16; prefaquitaine33:16; 33renaissance:14; renaissance:14; bcouillard33:14; nvelleaquitaine:14; lrem_naquitaine:12; elisabeth_borne:12; msa_actu:12; enmarchegironde:12; diaz_edwige:10; azizskalli:10; gabrielattal:8; gouvernementfr:8; rnational_off:8; edfblayais:8; tv7_sudouest:8; mlp_officiel:8; rimaabdulmalak:6; senat:6; franceinsoumise:6; pauljouffreau:6; yaelbraunpivet:6; auroreberge:6; ccastaner:6; oliviagregoire:4
267260,Bérengère Poletti,poletti_b,twitter.com/poletti_b,600,poletti_b:24; julienaubert84:20; cordierpierre08:16; lesrepublicains:14; jeanrottner:14; emmanuelmacron:10; republicains_an:10; regiongrandest:10; assembleenat:10; michelbarnier:8; brunoretailleau:8; villedecmz:8; vpecresse:8; le_figaro:6; oliviermarleix:6; elsejoseph:6; bertrandpancher:6; phdumont:4; patrick_fostier:4; damienabad:4; avecvalerie08:4; davidlisnard:4; l_amf:4; fabiendifilippo:4; lesrep_senat:4; odassault:4; concours:4; villederethel:4; boris_cm2014:4; agnesevren:4
1008,Alain David,AlainDavid_AN,twitter.com/AlainDavid_AN,600,faureolivier:230; borisvallaud:120; socialistesan:84; partisocialiste:66; bfmtv:10; aouizille:10; lcp:8; inakiechaniz:8; gabriel_zucman:8; chloeridel:8; lesjeunessoc:6; pierrickcourbon:6; cpiresbeaune:6; bayrou:6; luccarvounas:6; egregoire:4; aydahadi:4; franceinter:4; emmarafowicz:4; sebvincini:4; clauderaynal:2; letrombinoscope:2; nouveaupop:2; lyeslouffok:2; leseulg:2; so:2; binetsophie:2; ezekiel_lcs:2; mbompard:2; potierdominique:2
720870,Jean François Mbaye,JFMBAYE,twitter.com/JFMBAYE,600,ghafrance:26; psg_inside:20; assoaides:16; eluscontrepalu:14; emmanuelmacron:12; rnational_off:10; mlp_officiel:10; lions_teranga:10; gaindeyi:8; senat:8; unite_mpnetwork:8; michelbarnier:8; footballsenegal:8; fsfofficielle:8; pr_diomaye:6; franceinfo:6; coordinationsud:6; assembleenat:6; rbaptistaleite:6; bernardjomier:6; g_gouffierval:6; omarsy:4; globalfund:4; horizonsleparti:4; blablacar_fr:4; jnbarrot:4; florencethune:4; centlivreg:4; rfi:4; friendseurope:4
722162,Nicolas Turquois,TurquoisNicolas,twitter.com/TurquoisNicolas,598,turquoisnicolas:134; daugevalerie:126; lcp:76; deputesdem:62; jacqueminhager:36; modem:30; brunobelin:30; bleu_poitou:22; alainpichon86:18; assembleenat:16; departement86:16; davidsimon86:16; mfesneau:14; chatellerault86:12; bayrou:12; jpabelin:12; cyrilcibert:12; maudgatel:12; jlbourlanges:10; lvichnievsky:10; annebergantz:10; prefet86:8; f3poitouchtes:8; flaviencartier:8; benjaminbaudry:8; turquoisnico:8; theocaubel:6; jnbarrot:6; tur:4; t:4
720100,Aurélien Pradié,AurelienPradie,twitter.com/AurelienPradie,598,rscactu:30; guillaumelepers:22; lepoint:10; hhuwart:8; virystephane:8; durovray:8; bfmtv:6; cpelichy:6; lopinion_fr:6; aurelienpradie:6; b_ouisal:6; davidlisnard:6; cbernardins:6; juliendive:6; naimamoutchou:6; npolony:6; mariannelemag:6; c_barbier:4; valeurs:4; tribunedimanche:4; ahmadmassoud:4; cmoulenat:4; phdumont:4; sy_berrios:4; lesentretiens:2; ladepeche46:2; iep_upec:2; davidytier:2; ig_pompidou:2; pompiersdulot:2
342935,Marianne Dubois,DuboisMarianne,twitter.com/DuboisMarianne,598,republicains_an:33; an_defense:33; michelbarnier:24; damienabad:18; duboismarianne:17; lesrepublicains:17; assembleenat:12; n_forissier:12; etatmajorfr:10; chjacob77:10; santearmees:7; lcp:6; gendarmerie:5; leloiret:5; fxbellamy:5; 45republicains:4; tf1lejt:4; armeedeterre:4; armees_gouv:4; florence_parly:4; maximebuizard:3; guilhemcarayon:3; avecbarnier2022:3; emmanuelmacron:3; j_denormandie:3; cema_fr:3; marinenationale:3; jeancastex:3; sergegrouard:3; gdarrieussecq:3
718706,Emmanuelle Fontaine-Domeizel,FontainDomeizel,twitter.com/FontainDomeizel,597,manosque:28; s_cluzel:16; assembleenat:13; larem_an:10; emmanuelmacron:9; volx:8; elysee:7; handicap_gouv:7; murielpenicaud:7; an_afsoc:6; fontaindomeizel:6; olivierveran:6; gouvernementfr:6; digne:6; educationfrance:6; make_org:6; clairepitollat:6; laurencevanceu:5; ephilippepm:5; ccastaner:5; jmblanquer:5; minist_travail:5; marseille:4; adrientaquet:4; mrobert_11:4; thierrymichels:4; prefet04:4; agnesbuzyn:4; sisteron:4; chabal_n:4
609332,Olivier Faure,faureolivier,twitter.com/faureolivier,594,partisocialiste:14; socialistesan:12; arminarefi:12; alinejadmasih:8; jrolland_nantes:6; chloeridel:6; egregoire:6; faureolivier:6; benoitpayan:6; lesjeunessoc:6; gsiryhouari:4; isabelle_rocca:4; franceinfo:4; ianbrossat:4; clauderaynal:4; bfmtv:4; berniesanders:4; pjouvet:4; pour_marseille:4; printempsmrs:4; amnestyfrance:4; pierrelepel:2; tribunedimanche:2; cejour_histoire:2; 3asseh:2; thiebaultceline:2; malbrunot:2; loeilmedias1:2; david_belliard:2; l_thinktank:2
722252,Marie-Pierre Rixain,RixainMP,twitter.com/RixainMP,594,gabrielattal:52; emmanuelmacron:50; rixainmp:36; yaelbraunpivet:26; assembleenat:22; lcp:14; elysee:12; franceinter:10; plantu:10; catladousse:10; igortvillejust:10; franceculture:8; deputesensemble:8; zineb__mekouar:8; steph_sejourne:8; valeriehayer:8; elisabeth_borne:6; bfmtv:6; antogriezmann:6; libe:6; soph_astro:6; le_parisien:6; joinjfd:6; mljr75112:4; franceinfo:4; florencesandis:4; prefet91:4; brigittegresy:4; visible_media:4; lemondefr:4
721852,Marie Lebec,marielebec78,twitter.com/marielebec78,592,emmanuelmacron:94; gabrielattal:90; deputesensemble:76; renaissance:34; seblecornu:14; lcp:12; elysee:10; bfmtv:8; jeunesenmarche:8; marielebec78:6; businessfrance:4; laure_miller:4; valeriehayer:4; radiojfrance:4; jrcazeneuve:4; ccifrance:4; bpifrance:4; soph_astro:2; stephanie_rist:2; steph_sejourne:2; gabriel:2; groupe_lactalis:2; sandfallgames:2; a2linefrancois:2; michelbarnier:2; rnational_off:2; guillaumekasba:2; xavierbertrand:2; datirachida:2; mlp_officiel:2
719154,Didier Martin,dmartindijon,twitter.com/dmartindijon,588,emmanuelmacron:76; dmartindijon:62; gabrielattal:56; deputesre:52; fadila_khattabi:36; lcp:30; assembleenat:24; agnesfirmin:22; yaelbraunpivet:20; _didierparis:16; cavautrin:16; f_patriat:12; valeriehayer:12; elysee:10; gdarmanin:10; re_cotedor:8; renaissance:8; laurencecristol:8; rolandlescure:8; lecocqcharlotte:8; elisabeth_borne:8; frebsamen:6; sylvainmaillard:6; jf_rousset2:6; jeunesmacronbfc:6; olivierfalorni:4; ferraccimarc:4; f3bourgogne:4; genethique:4; franceculture:4
720202,Sonia Krimi,Sonia_Krimi,twitter.com/Sonia_Krimi,588,emmanuelmacron:48; avecvous:42; sonia_krimi:40; odesquesnes:32; jeunesmacron50:18; victorienlachas:14; lapressemanche:12; alex_madhouse:12; avecvous50:12; olivierveran:12; sttravert:10; jamnormandie:10; villecherbourg:8; mlp_officiel:8; annebashamdc:6; enmarchecec:6; madecnathalie:6; lamanchelibre:6; larsonneurmorel:6; libe:6; renaissance:4; gabrielattal:4; stelladupont:4; france24_ar:4; fepemfr:4; assembleenat:4; j_anger:4; enmarchefr:4; brigbourguignon:4; rodolphegeisler:4
721674,Stéphanie Atger,StephanieAtger,twitter.com/StephanieAtger,586,emmanuelmacron:82; ademontchalin:30; assembleenat:28; chilly_mazarin:18; elisabeth_borne:12; gouvernementfr:12; villedemassy:12; larem_an:12; efapo3:10; mehb_officiel:10; avecvous:10; femmes_dem:8; rentreprendre91:8; jeancastex:8; palaiseau91:8; orpea_:8; villemorangis:6; amelieavecvous:6; ccastaner:6; sophiaaram:6; romeiro1l:6; stephanieatger:4; estherscolors:4; fchouat:4; jlmelenchon:4; rcme91:4; franceinter:4; pole_emploi:4; enmarchefr:4; francois_cherix:4
331835,Monique Iborra,MoniqueIborra,twitter.com/MoniqueIborra,584,emmanuelmacron:54; bfmtv:22; tcabarrus:16; yaelbraunpivet:16; lcp:16; bonuscr:14; actu_em:14; moniqueiborra:12; mauricemartin01:12; seblecornu:12; gdarmanin:10; lci:10; afpfr:8; le_figaro:8; weillclaude:8; renaudpila:8; jboovii:8; anniegenevard:8; jrcazeneuve:8; ferraccimarc:6; pbriday:6; sirafuera:6; pierrecazeneuve:6; prefetoccitanie:6; mlp_officiel:6; medias_citoyens:6; tribunedimanche:6; macronardsfm:6; oliviagregoire:6; jlmelenchon:4
720908,Naïma Moutchou,NaimaMoutchou,twitter.com/NaimaMoutchou,582,seblecornu:32; assembleenat:30; horizonsleparti:28; outremer_gouv:18; ephilippe_lh:18; naimamoutchou:16; senat:16; emmanuelmacron:12; nunezlaurent:8; sudradio:8; bfmtv:8; elysee:6; gdarmanin:6; franceinfo:6; deputeshorizons:6; telematin:6; salondelagri:4; francetravail:4; gouvernementfr:4; gendarmerie:4; prefet974:4; taafofficiel:4; ademontchalin:4; gerard_larcher:4; prefet95:4; lcp:4; horizonsjeunes:4; alexandrajac13:4; brunoretailleau:4; fxbellamy:2
719914,Geneviève Darrieussecq,gdarrieussecq,twitter.com/gdarrieussecq,582,emmanuelmacron:72; deputesdem:38; mfesneau:34; lcp:24; michelbarnier:16; bayrou:16; gdarrieussecq:14; modem:12; jnbarrot:10; seblecornu:8; elysee:6; bfmtv:6; sante_gouv:6; armee_de_lair:4; cema_fr:4; cavautrin:4; christoblanchet:4; yannickneuder:4; olivierdussopt:4; assembleenat:4; brunoretailleau:4; franceinfo:4; le_parisien:4; rtlfrance:4; drtedros:4; who:4; arsdemayotte:4; agenetet:4; perrinegoulet:2; jlmoudenc:2
721984,Philippe Latombe,platombe,twitter.com/platombe,578,platombe:86; souverainetech:44; thd_it:23; ebothorel:20; reesmarc:17; gchampeau:17; cnil:15; lilaphasia:14; maxschrems:13; pbeyssac:12; clarachappaz:10; assembleenat:9; anssi_fr:9; mfesneau:9; eurojedi:9; _saxx_:8; tariqkrim:8; deputesdem:8; epelboin:7; sudradio:7; alexarchambault:6; c_zorn:6; noybeu:6; bitcoinpolicyfr:6; eu_commission:6; seblecornu:6; fbrahimi:6; modem:6; mara:5; andrepietri:5
720446,Brigitte Liso,brigitte_liso,twitter.com/brigitte_liso,566,assembleenat:34; brigitte_liso:18; olivierfalorni:14; deputesensemble:10; admdfrance:8; ph_pf59:8; an_afsoc:8; admd_59:6; acaffes:6; jeanlucromero:6; lecocqcharlotte:6; eluscontresida:6; yaelbraunpivet:6; lcp:6; departement59:4; patrickkanner:4; bfmgrandlille:4; lerefuge:4; lillefives1942:4; renaissancenord:4; gdarmanin:4; cavautrin:4; miviludes_gouv:4; brigi:2; bri:2; pasdecalais62:2; aclille:2; sophiebejean:2; karim:2; midy_paul:2
721344,Bruno Bonnell,BrunoBonnellOff,twitter.com/BrunoBonnellOff,560,sgpi_avenir:146; brunobonnelloff:144; emmanuelmacron:44; bpifrance:20; ericlagadec:14; christophebechu:14; rolandlescure:14; agencerecherche:14; sretailleau:14; cgrandjean_:12; agnesrunacher:12; economie_gouv:12; cnrs:12; francoisgeff:10; elisabeth_borne:10; dgentreprises:10; prefet67:10; elysee:8; gouvernementfr:8; cbeaune:8; lafrenchtech:8; radioclassique:8; nicolasdufourcq:6; businessfrance:6; jnbarrot:6; prefetrhone:6; rimaabdulmalak:6; ecologie_gouv:6; regiongrandest:6; parisvisites:6
608826,Virginie Duby-Muller,DubyMuller,twitter.com/DubyMuller,560,dubymuller:22; brunoretailleau:18; droiterep_an:14; prefet74:14; lcp:12; ghafrance:10; lesrepublicains:8; gendarmerie_074:6; gendarmerie:6; milanocortina2026:4; romane_miradoli:4; an_droitsfemmes:4; fournier_c74:4; sbastien_martin:4; auroreberge:4; atmbinfo:4; gdarmanin:4; boslandjp:4; seblecornu:4; jpatrierleitus:4; juliendive:4; l_lafon:4; samoens_officiel:2; lejdd:2; boucherbrigit:2; fredvalletoux:2; jpfarandou:2; ovial:2; laure:2; grandirscancer:2
748954,Antoine Savignat,antoine7595,twitter.com/antoine7595,555,antoine7595:65; republicains_an:29; lcp:24; cnbarreaux:11; lesrepublicains:11; aurelienpradie:10; an_comlois:10; ianboucard:9; romaingrau:8; assembleenat:7; constancelegrip:6; prefet95:5; jfeliaou:5; laurentwauquiez:5; jf_parigi:4; europe1:4; eciotti:4; e_dupondm:4; priscilles:4; vpecresse:4; feral_schuhl:4; le_figaro:4; anniegenevard:4; ugobernalicis:3; gerard_larcher:3; jjferrarafb:3; groupe_uvo:3; politiquemedia:3; mc_cavecchi:3; nbelloubet:3
746,Gilles Carrez,GillesCarrez,twitter.com/GillesCarrez,555,gillescarrez:234; paulbazin:53; pourdemain2015:48; d_munzer:44; laurentwauquiez:21; ump:21; vpecresse:17; jacquesjpmartin:17; didschreib:16; christopheip:16; cprocaccia:15; notairesdeparis:15; europe1:14; jbroblin94:13; 94citoyens:13; alexis_ardoin:13; sudradio:13; aleda_m:11; fcornutgentille:10; francoisfillon:9; woertheric:9; hervemariton:9; bordetsudradio:8; lesrepublicains:7; lcp:6; nk_m:6; option_finance:6; convergences94:6; ericwoerth:5; bfmbusiness:5
721768,Marie Silin,Mariesilin,twitter.com/Mariesilin,552,emmanuelmacron:40; plantu:32; rolandlescure:32; coherence_e:30; gabrielattal:18; yaelbraunpivet:16; bfmtv:12; olivierfalorni:10; astridpanosyan:10; agnesrunacher:10; paroles_auteurs:8; elysee:8; gouvernementfr:8; lauriannerossi:8; lcp:8; ferraccimarc:8; renaudpila:8; interieur_gouv:6; pybournazel:6; lesguignols:6; rglucks1:6; francetv:6; alextaylornews:6; michelbarnier:6; cocoboer:6; libe:6; jnbarrot:6; le_parisien:6; enthoven_r:6; halpern_g:6
267289,Jean-Pierre Door,doorjean,twitter.com/doorjean,552,xavierbertrand:198; doorjean:36; republicains_an:30; nbouzou:22; lesrepublicains:20; vpecresse:14; pascaltebibel:12; lcp:12; nousfrance_fr:10; juliendive:8; brunoretailleau:6; nicolassarkozy:6; francoisfillon:6; bfmtv:6; eciotti:6; assembleenat:6; jeanleonetti:4; michelbarnier:4; dfasquelle:4; nousbeauvais:4; jlmelenchon:4; bdeflesselles:4; antoine_sillani:4; philippejuvin:4; cham45200:4; agathelambret:2; frhaz:2; j_bardella:2; dg_armement:2; a_saint_quentin:2
609726,Julien Aubert,JulienAubert84,twitter.com/JulienAubert84,550,oserlafrance:126; institutvalmy:47; lesrepublicains:45; julienaubert84:42; brunoretailleau:36; le_figaro:22; lediplomateoff:14; sudradio:13; celineimart:13; seblecornu:9; jlmelenchon:7; emmanuelmacron:7; fxbellamy:7; bfmtv:6; nicolassarkozy:6; franceinfo:6; arnaultraphael:4; rimahas:4; paulsugy:4; npolony:4; aegrw:4; europe1:4; institut:4; benjaminmorel63:3; faureolivier:3; lepoint:3; cnews:3; zemmoureric:3; henrilevrero:3; smeurantl:3
718756,Aude Bono-Vandorme,AudeBono,twitter.com/AudeBono,548,audebono:56; an_afeur:18; emmanuelmacron:15; mapiduval:11; fjolivet36:10; assembleenat:10; an_finances:10; mariesoller:9; sabinethillaye:8; manessaterrien:8; elisabeth_borne:7; sawsenclemjeb:6; brunolemaire:6; gdarmanin:6; unionardennais:6; univ_lille:6; florence_parly:6; llefebvre02000:6; c_decourson:6; ccastaner:5; jkrabal:5; marcdelatte:5; lcp:4; courrierpicard:4; jmblanquer:4; olivierdussopt:4; oscepa:4; uefrance:4; laon:4; s_cluzel:4
774962,Karine Lebon,KarineLebon,twitter.com/KarineLebon,544,paul_denton:18; younousomarjee:18; assembleenat:16; huguettebello:14; lcp:14; deputesgdr:14; allanbarte:8; mc_garin:8; ianbrossat:8; emmanuelmacron:8; sandrousseau:6; speytavie:6; an_droitsfemmes:6; fetedelhumanite:6; walydia:6; deputespcf:6; christophebechu:6; humanite_fr:4; bayrou:4; benjam1lucas:4; elsafaucillon:4; ouzouliasp:4; nicolasframont:4; frdric_maillot:4; le_gorafi:4; giedrelalala:4; ericcoquerel:4; nicoleferronize:4; mguevenoux:4; villesaintpaul:4
719318,Emmanuelle Anthoine,eanthoine26,twitter.com/eanthoine26,544,republicains_an:222; lesrepublicains:98; vpecresse:20; assembleenat:18; constancelegrip:18; philipbenassaya:18; damienabad:18; emmanuelmacron:14; aurelienpradie:14; mtabarot:12; julienaubert84:12; oliviermarleix:10; brigitte_kuster:10; chjacob77:10; dubymuller:8; anniegenevard:6; philippejuvin:6; richardferrand:6; maximeminot:6; eciotti:6; vbazinmalgras:6; elisabeth_borne:4; eanthoine26:4; jeromenury:4; patrickhetzel:4; michelbarnier:4; nadiaramassamy:4; rscactu:4; virystephane:4; verolouwagie:4
720438,Christophe Di Pompeo,DipompeoChrist,twitter.com/DipompeoChrist,541,vspillebout:72; larem_an:70; emmanuelmacron:59; laremnord:42; ccastaner:38; dei_muteba:37; assembleenat:34; stanguerini:27; dipompeochrist:26; enmarchefr:22; brunolemaire:18; italyinfrance:16; edoardosecchi_:13; j_gourault:13; c_italiefrance:12; pietraszewski_l:11; xavierbertrand:11; ephilippepm:10; gouvernementfr:9; sawsenclemjeb:9; an_afetr:9; e_dupondm:8; gdarmanin:8; olivierveran:8; marleneschiappa:8; fairelille:8; pierofassino:7; elisabeth_borne:7; jeancastex:7; toutespol_nord:7
721844,Béatrice Piron,beatricepiron,twitter.com/beatricepiron,536,deputeshorizons:51; horizonsleparti:50; ephilippe_lh:24; assembleenat:22; beatricepiron:21; jbhamonic:17; prefet78:13; villeduchesnayr:9; lcp:8; agnesrunacher:8; yaelbraunpivet:8; villepreux78:8; horizons_an:8; edouardgeffray:6; lecocqcharlotte:6; christophe_p:6; ghafrance:6; jnbarrot:6; lmarcangeli:5; franceinfo:5; clayessousbois:5; francediplo:5; danielcornalba:5; horizons_78:5; ridelepierre:4; auroreberge:4; celloisinfos:4; odelaporte:4; ademontchalin:3; annebergantz:3
642868,Paul Christophe,christophe_p,twitter.com/christophe_p,528,deputeshorizons:112; horizonsleparti:80; ephilippe_lh:38; lcp:34; christophe_p:22; europe1:20; mc_garin:18; assembleenat:18; horizonsjeunes:16; xavieralbertini:14; christianpoiret:12; emmanuelmacron:12; p_vergriete:12; xavierbertrand:12; loickervran18:12; yannickneuder:12; bfmtv:10; franceinfo:10; annececilevio:10; departement59:8; jeanmoulliere:8; alehenanff:8; naimamoutchou:8; xavierroseren:8; beabellamy85:8; lise_magnier:8; seblecornu:6; fdhersin:6; rolandlescure:6; sbastien_martin:6
721514,Stéphanie Kerbarh,SKerbarh,twitter.com/SKerbarh,526,partiradical:26; medef:26; dcarlach:22; connectingpro_:20; emmanuelmacron:20; ppelouzet:18; liberteprospect:16; loiklfp:16; obsar_asso:14; lesechos:12; montebourg:10; fredericpieruc1:10; ecolearnfrance:10; francoispaquin:10; leonidas_kalo:10; jeanmariecavada:8; medentreprises:8; regionnormandie:8; fm_lambert:8; groupelibterran:8; mderdevet:6; ceser_normandie:6; jeunesradicaux:6; cmafrance_:6; bfmtv:6; publicsenat:6; lehavremetro:6; fauredominique:4; fnsea:4; edfofficiel:4
429893,Luc Carvounas,luccarvounas,twitter.com/luccarvounas,524,alfortville_94:268; unccas:56; luccarvounas:32; philippecar:24; faureolivier:22; egregoire:16; etienne_fillol:14; royalsegolene:12; publicsenat:10; partisocialiste:8; olivierrichefou:8; patrickkanner:6; francoisegatel:6; restosducoeur:4; logial_coop:4; prefet94:4; ianbrossat:4; collectifalerte:4; drouilleault:4; l_amf:4; lesechos:4; stephaneexposit:4; pierrelepel:2; tribunedimanche:2; rglucks1:2; groupe_vyv:2; a_oberdorff:2; jlmelenchon:2; ouzouliasp:2; anne_sinclair:2
720054,Yannick Haury,YHaury44,twitter.com/YHaury44,520,deputesre:32; an_devdur:22; assembleenat:16; valeriehayer:10; christophebechu:10; gabrielattal:8; deputesdem:8; horizons_an:8; rolandlescure:8; yhaury44:8; vincentdescoeur:8; aoc1978:6; sarahelhairy:6; villedepornic:6; fannypacreau:6; jmzulesi:6; paysdelaloire:6; cbeaune:6; anel_asso:6; sandrinejossoan:6; dpartementloir1:6; corinnevignon:6; prefet44:6; jeuxolympiques:4; ceremacom:4; lauzzanamichel:4; ademe:4; huguette_tiegna:4; annececilevio:4; l_amf:4
721800,Fabien Matras,famatras,twitter.com/famatras,519,boslandjp:125; renaudmuselier:91; pompiersfr:81; gregoryallione:67; renaissancevar:31; ebrocardi:17; gdarmanin:15; emmanuelmacron:13; sdis83:12; brunoretailleau:9; famatras:9; seccivilefrance:9; renaissance:8; maregionsud:7; elisabeth_borne:6; lesjam83:6; magalialtounian:6; udspvar:5; olivierrichefou:5; gabrielattal:5; valeriehayer:5; ambroise_mejean:5; b_masfraissinet:5; ccastaner:5; odppompiers:4; philippemichelk:4; michelbarnier:4; ychenevard83:4; seblecornu:4; steph_sejourne:4
721110,Nicole Sanquer,nicole_sanquer,twitter.com/nicole_sanquer,519,jclagarde:26; outremers360:25; christophe_p:24; mainasage:21; polynesiela1ere:13; olivier_serva:13; nicole_sanquer:11; lanatetuanui:11; annickgirardin:10; udi_off:9; an_afsoc:9; agnesfirmin:9; deputesudiagir:9; assembleenat:7; tahiti_infos:6; bouras8:6; seblecornu:5; sma_outremer:5; s_cluzel:5; beadescamps:4; lcp:4; juridiquepoly:4; la_fedom:3; stephanieatger:3; benoitsimian:3; tahitinuitv:3; lenaickadam:3; agnesbuzyn:3; ephilippepm:3; ultramarins:3
774958,Gérard Leseul,LeseulG,twitter.com/LeseulG,518,borisvallaud:18; socialistesan:14; rglucks1:14; nicolasmayernmr:10; assembleenat:6; opecst_:4; mdelafosse:4; partisocialiste:4; potierdominique:4; jlmalys:4; jlmelenchon:4; faureolivier:4; p_brun:4; fleautey:4; leseulg:4; jeromeguedj:4; chris_bouillon:4; valeriehayer:4; alma_dufour:4; senateursps:4; jeanmariefievet:2; najibbym:2; malopedia:2; ericcoquerel:2; pcf_2027:2; bayrou:2; lepoint:2; banquesalim:2; ess_france:2; letrombinoscope:2
608083,Brigitte Bourguignon,BrigBourguignon,twitter.com/BrigBourguignon,517,gabrielattal:51; emmanuelmacron:38; renaissance:34; uc_senat:20; gattalactu:18; tcabarrus:17; marcgral:12; jeunesmacron62:12; bfmtv:11; lcp:11; yaelbraunpivet:10; deputesensemble:10; mlp_officiel:9; elisabeth_borne:8; olivierdussopt:8; sophiaaram:8; hervemarseille:7; brigbourguignon:7; franceinfo:7; villearras:7; renaissance_62:6; priscathevenot:6; ambroise_mejean:6; maxime_boudet:6; alexquiec:6; senat:5; publicsenat:5; lecocqcharlotte:5; lci:5; fleturque:5
720928,David Corceiro,CorceiroDavid,twitter.com/CorceiroDavid,517,emmanuelmacron:43; assembleenat:33; sarahelhairy:24; cnews:15; auroreberge:13; avecvous95:13; deputesdem:12; avecvous:11; vpecresse:10; richardlioger:9; iflorennes92:9; lcp:8; valdoise:8; enghienlesbains:8; patrickmignola:7; olivierfalorni:7; gdarmanin:6; jeancastex:6; enmarchefr:6; bayrou:5; elisabeth_borne:5; sudradio:5; modem:5; ville_dlb:4; corceirodavid:4; mairie_soisy:4; jnbarrot:4; lci:4; idfm98fm:4; an_afeco:4
720278,Matthieu Orphelin,M_Orphelin,twitter.com/M_Orphelin,517,lpofrance:100; bfmtv:19; hugoclement:16; m_orphelin:16; marc_hay_meteo:15; arielbrunner:15; fneasso:13; paulaforteza:12; cassouman40:10; marc_hay_bfmtv:10; lpo_paca:9; magalireghezza:8; lafederationei:8; christophebechu:8; birdlifeeurope:8; laurencetubiana:7; seashepherdfran:6; maryliseleon:6; annebringault:5; tonyrenucci:5; ftommaso:4; franceinter:4; conseil_etat:4; pquirion1:4; ed_hawkins:4; groupelaposte:4; lpo_54:4; herveberville:4; cecileduflot:3; assembleenat:3
334843,Patrice Verchère,PatriceVerchere,twitter.com/PatriceVerchere,517,laurentwauquiez:99; julienaubert84:98; oserlafrance:57; auvergnerhalpes:38; patriceverchere:33; emmanuelmacron:31; elus_lr_dvd_sc:30; lesrepublicains:19; ouestrhodanien:18; bernardcarayon:15; valerieboyer13:14; fxbellamy:14; republicains_an:10; phgosselin:9; ephilippepm:9; ccastaner:9; oliviermarleix:7; arnauddanjean:7; wauquiezteam:6; guilhemcarayon:6; gdarmanin:6; thibault_bazin:5; valeurs:5; meunier_ph:5; jeunesaubert:5; olivierveran:5; enmarchefr:5; fnb_officiel:4; gouvernementfr:4; fabiendifilippo:4
610681,Ericka Bareigts,ebareigts,twitter.com/ebareigts,516,socialistesan:64; ebareigts:48; saintdenis974:12; outremers360:8; luccarvounas:8; valerie_rabault:8; borisvallaud:8; faureolivier:6; chantalmanes:6; chris_bouillon:6; vigierphilippe:4; region_reunion:4; apajh:4; caroledelga:4; regionsdefrance:4; romeisabelle:4; frcsbraun:4; cbeaune:4; lesoutremer:4; gdarmanin:4; seblecornu:4; aclareunion:4; prefet974:4; a_forestier:4; ramlatiali:4; stephanieatger:4; huguettebello:4; guillaumegarot:4; jlbricout:4; an_afsoc:4
721600,Laurianne Rossi,lauriannerossi,twitter.com/lauriannerossi,516,gabrielattal:92; lauriannerossi:68; emmanuelmacron:60; renaissance:40; re_hautsdeseine:34; sophieriottot:22; benjaminhaddad:20; yaelbraunpivet:18; re_boulogne:18; auroreberge:14; prefet92:12; gattalactu:12; amiel_david_:10; celinecalvez:10; elysee:8; institut_terram:8; bai_achidi:8; pierrecazeneuve:6; deputesensemble:6; jnbarrot:6; assembleenat:6; ambroise_mejean:6; iacovellixavier:6; priscathevenot:6; jeunesmacron92:6; pcbaguet:4; carolinefourest:4; gdarmanin:4; cema_fr:4; armeedeterre:4
717379,Sylvain Maillard,sylvainmaillard,twitter.com/sylvainmaillard,515,datirachida:293; pourdati2026:48; lecuyercatherin:20; egregoire:20; sylvainmaillard:16; gregorycanal:12; emmanuelmacron:12; benjhaddadparis:12; geoffroyboulard:10; dburkli:8; inesderaguenel:8; eschahl:8; maudgatel:6; leclercerwan:6; fmdidier:6; gdarmanin:6; agnesevren:6; michelbarnier:6; knafo_sarah:6; nellygarnier:6; pybournazel:6; vmontandon:6; psg_inside:4; birabenanne:4; jb_olivier:4; vpecresse:4; aminelkhatmi:4; lsailliet:4; sandrogozi:4; valentineserino:4
1206,Nicolas Dupont-Aignan,dupontaignan,twitter.com/dupontaignan,511,dlf_officiel:28; bfmtv:10; franceinfo:10; dupontaignan:10; cnews:9; europe1:8; beatrice_rosen:6; nicolasputsch:5; somabrouk:3; bfmgrandsoir:3; gg_rmc:3; challoncle:2; lejdd:2; salondelagri:2; gmail:2; alainmarschall:2; dariusrochebin:2; lci:2; julie_hammett:2; pierremarieseve:1; incorrectibles:1; maximeswitek:1; annesicard1:1; jon_delorraine:1; abouilhaguet:1; toc:1; nda2026:1; oclodong:1; ce_beaufort:1; na_devers:1
720146,Denis Masséglia,denis_Masseglia,twitter.com/denis_Masseglia,509,gabrielattal:26; deputesensemble:17; seblecornu:12; emmanuelmacron:11; lcp:9; denis_masseglia:6; renaissance:5; nicoledubre17:5; ademontchalin:4; nathcogg:3; arcom_fr:3; karminecorp:3; priscathevenot:3; teamvitality:2; agenetet:2; yaelbraunpivet:2; samueletienne:2; auroreberge:2; clarachappaz:2; jeunesenmarche:2; louis_rqbrt:2; partisocialiste:2; snjv_fr:2; ferraccimarc:2; lecnc:2; midy_paul:2; assembleenat:1; astramcs:1; croissantstrike:1; vitality_apex:1
719266,Jean-Pierre Cubertafon,dep_cubertafon,twitter.com/dep_cubertafon,507,emmanuelmacron:42; prefet24:29; an_defense:26; joelgiraud05:26; assembleenat:25; deputesdem:24; modem:23; dep_cubertafon:19; mfesneau:16; patrickmignola:13; tgassilloud:10; bleu_perigord:10; gendarmerie:9; ars_naquit:8; bayrou:8; seblecornu:7; gdarmanin:7; armees_gouv:6; pompiers24:6; ancterritoires:6; florence_parly:6; avyelimas:6; elisabeth_borne:5; jp_mattei:5; maires_ruraux:5; so_dordogne:5; gdarrieussecq:4; sarahelhairy:4; chassaingph:4; clement_tonon:4
1960,Maurice Leroy,MauriceLeroy,twitter.com/MauriceLeroy,499,nrblois:57; chateaucheverny:31; udi_off:30; domainechambord:25; equidet:24; gdparisexpress:23; arnauddubien:21; nicolassarkozy:20; hervemarseille:13; jlborloo:12; udijeunes:12; ktourmente:12; ccifrancerussie:12; pierrecharon:11; lgiscardestaing:9; zoobeauval:8; bfmtv:7; le_figaro:7; mauriceleroy:7; publicsenat:7; uc_senat:6; pierremanenti:6; fondation_vge:6; ambrusfrance:6; lci:5; gtabard:5; coherence_e:5; vpecresse:5; adabloisbasket:5; lanouvellerep_:5
608641,Yves Blein,yves_blein,twitter.com/yves_blein,499,yves_blein:45; davidkimelfeld:23; ccastaner:17; emmanuelmacron:14; assembleenat:14; larem_an:13; leolagrange:12; grandlyon:11; gabrielattal:10; bfmlyon:9; lcp:9; fderugy:8; boostheat:7; itierch:6; emanuel01031421:5; brunolemaire:5; lyonmag:5; annebrugnera:5; libe:5; lemondefr:5; n_hulot:5; acteursdeleco:5; le_progres:5; jlmelenchon:4; bruno_attal_:4; assoamaris:4; noghetto2:4; jean_lucfugit:4; rolandlescure:4; prefetrhone:4
718720,Jean-Paul Dufrègne,JP_Dufregne,twitter.com/JP_Dufregne,499,nperchat:231; emmanuelmacron:24; emilieagnoux:15; cpiresbeaune:11; brunolemaire:10; gabrielattal:8; ianbrossat:5; bas_scordia:5; michelbarnier:5; socialistesan:4; n_hervieu:4; remi_branco:4; lemondefr:4; fabien_roussel:4; elisabeth_borne:4; bayrou:3; conseil_constit:3; afpfr:3; projet_arcadie:3; j_jaures:3; borisvallaud:3; bfmtv:3; gabriel_zucman:2; pcf:2; humanite_fr:2; olivierfalorni:2; sens_public:2; francois_ruffin:2; jp_dufregne:2; franceinfo:2
605963,Éric Alauzet,ericalauzet,twitter.com/ericalauzet,498,emmanuelmacron:24; ericalauzet:17; croizierlaurent:11; gabrielattal:10; deputesre:9; f3franchecomte:9; cnews:9; renaissance:8; besoindeurope:6; jlmelenchon:5; elisabeth_borne:5; re_doubs:5; sylvainmaillard:5; vuilleminbenoit:4; valeriehayer:4; dimpolitique:4; morandini_live:4; grudlerch:3; shannonseban:3; brunolemaire:3; assembleenat:3; jeremychevreuil:3; ens_bisontins:3; jeunesmacron25:3; terresdeprogres:3; bfmtv:3; lcp:3; jjbourdin_off:3; sudradio:3; an_afsoc:3
720030,Alexandre Freschi,AVFreschi,twitter.com/AVFreschi,497,emmanuelmacron:18; jmblanquer:12; etienneklein:10; olivennes:9; le_figaro:8; labrepublique:8; daviddjaiz:6; lci:6; gabrielattal:6; francerugby:5; yonathan_arfi:4; gendarmerie:4; briceculturier:4; chloemorin2:4; carolinefourest:3; claudemalhuret:3; dariusrochebin:3; olivierdussopt:3; cestrosi:3; benedetti65:3; franceinter:3; le_crif:3; jeromeguedj:3; lepoint:3; fcbdeputeducher:3; lcp:3; agenetet:3; bfmtv:3; avfreschi:3; brunolemaire:3
721004,Amélia Lakrafi,amelia_lkf,twitter.com/amelia_lkf,492,apffrancophonie:118; assembleenat:40; amelia_lkf:38; jnbarrot:34; emmanuelmacron:24; an_afetr:22; francediplo:20; oifrancophonie:20; francaispresse:18; plantu:18; caroiteleonore:16; aefeinfo:12; seblecornu:12; yaelbraunpivet:10; afd_france:8; auf_org:8; lesguerrieres:8; laurentsmartin:8; aurelientache:8; rtlfrance:6; senat:6; tmohamedsoilihi:6; modgovae:4; nehad___m:4; renaissance:4; mwlorg_fr:4; frenchresponse:4; aurelierg:4; elysee:4; jeremymichl:4
588884,Clémentine Autain,Clem_Autain,twitter.com/Clem_Autain,488,alexiscorbiere:22; apres_fr:20; simonnetdeputee:14; clem_autain:10; apresjeunes:6; franceinfo:5; tf1info:4; gpe_ecolosocial:4; bfmtv:4; gabriel_zucman:4; _evasas:4; bosettilaurent:3; fabien_gay:3; boris_tavernier:3; lcp:3; lapres_fr:2; aurelientache:2; benoitbiteau:2; emmduplessy:2; gregorydoucet:2; humanite_fr:2; raquelgarridofr:2; le_nouvelobs:2; cfourniereelv:2; generationsmvt:2; castetslucie:2; francois_ruffin:2; amlamelielaurin:1; damiengirard56:1; lapres_guyane:1
330788,Bernard Reynès,bernardreynes,twitter.com/bernardreynes,487,cnews:155; eciotti:64; ivanrioufol:29; davidlisnard:28; nadine__morano:17; gillesplatret:14; renaudmuselier:13; cestrosi:13; lesrepublicains:10; zemmoureric:9; gdarmanin:9; le_figaro:7; cema_fr:6; lemondefr:6; maregionsud:6; pierre_gtil:5; julienaubert84:4; g_peltier:4; jfpoisson78:4; jeancastex:4; anniegenevard:4; emmanuelmacron:4; bfmtv:3; fxbellamy:3; pascalpraud:3; virginiecalmels:3; rtlfrance:3; thierrymariani:3; chdornellas:2; libe:2
720738,Thierry Michels,ThierryMichels,twitter.com/ThierryMichels,487,emmanuelmacron:47; cbeaune:17; sante_gouv:13; klinkertbrigitt:12; an_afsoc:11; assembleenat:9; jeancastex:9; brunostuder67:7; fabienne_keller:7; prefet67:6; sylvainwaserman:6; larem_an:6; enmarchefr:5; macron2022:5; chrustrasbourg:5; olivierveran:5; handicap_gouv:5; jlmelenchon:4; elisabeth_borne:4; pestrasbourg:4; elysee:4; an_afeur:4; ccastaner:4; mkaramanli72:4; agnesrunacher:4; vincentthiebaut:3; gouvernementfr:3; christophearend:3; avecvous:3; sabinethillaye:3
720614,Marine Le Pen,MLP_officiel,twitter.com/MLP_officiel,485,j_bardella:25; mlp_officiel:18; rnational_off:17; groupern_off:14; franckallisio:11; laurelavalette:8; jphtanguy:7; steevebriois:6; brunoretailleau:4; louis_aliot:3; alexandreloubet:3; argento_julien:2; eciotti:2; bfmtv:2; arnoklarsfeld:2; valentin_antoi:2; ch_gallois:2; arnaudderigne:2; figarovox:1; a_masson06:1; giorgiameloni:1; mchantrait:1; sophiedupont_:1; anniegenevard:1; seblecornu:1; patrioteseurope:1; cerveauxavier:1; rnmoselle:1; marionmarechal:1; mvalet_officiel:1
718780,Laurence Trastour-Isnart,TrastourIsnart,twitter.com/TrastourIsnart,482,lesrepublicains:51; eciotti:42; trastourisnart:40; republicains_an:35; lionnelluca06:31; vpecresse:30; louisnegrecsm:20; villedecagnes:18; carinepapy:15; mtabarot:10; alexndraborchio:9; lesrep06:9; jeuneslrdu06:6; chjacob77:6; marinebrenier:6; bfmtv:5; an_droitsfemmes:5; lcp:5; nice_matin:4; dominiq_estrosi:4; fxbellamy:4; prlcastillo:4; avecvalerie:4; emmanuelmacron:4; marleneschiappa:4; florent__rossi:4; brunoretailleau:3; lesbreguieres:3; cordierpierre08:3; davidlisnard:3
721946,Jacques Marilossian,jmarilossian,twitter.com/jmarilossian,481,an_defense:64; emmanuelmacron:42; larem_an:30; villederueil:18; valeriecordon:14; assembleenat:13; florence_parly:13; jonathanlacote:12; ccastaner:10; 92enmarche:9; jmarilossian:9; lci:9; jeancastex:8; rueillrem:8; laremsaintcloud:8; villedegarches:8; prefet92:8; elisabeth_borne:7; lauriannerossi:6; enmarchefr:6; gabrielattal:6; gendarmerie:6; laustmartin:6; avecvous:5; delaverpilliere:5; gdarrieussecq:5; an_afeur:5; fdumasdeputee:4; adrientaquet:4; iacovellixavier:4
605131,Christophe Castaner,CCastaner,twitter.com/CCastaner,480,emmanuelmacron:75; jlmelenchon:30; ccastaner:28; mlp_officiel:21; elisabeth_borne:12; spagnou:8; camillegaltier:8; e_barreille:8; renaudmuselier:7; atmbinfo:6; avecvous:6; prefet74:4; nbelloubet:4; destimed:4; gregoryallione:4; valeriehayer:4; renaissance:4; najat_akodad:4; sdis_74:4; b_masfraissinet:4; rnational_off:4; alpesprovence04:4; franceinfo:4; franceinter:4; hpinfo:3; laprovence:3; ledauphine:3; marcfauvelle:3; salhiabrakhlia:3; bfmtv:3
719032,Bertrand Bouyx,BertrandBouyx,twitter.com/BertrandBouyx,480,horizonsleparti:40; bertrandbouyx:31; lmarcangeli:31; prefet14:27; seblecornu:22; ephilippe_lh:19; horizons_an:18; horizoncalvados:16; deputeshorizons:14; fcbdeputeducher:14; emmanuelmacron:14; pace_news:12; gabrielattal:12; agnesfirmin:11; christophe_p:11; jpatrierleitus:11; gdarmanin:11; elisabeth_borne:10; assembleenat:9; repfrancecde:9; coe:9; guillaumekasba:8; rolandlescure:8; labrepublique:7; bayeuxofficiel:7; lcp:6; steph_sejourne:6; s_yoncourtin:6; naimamoutchou:5; lecocqcharlotte:5
2792,Jean-Charles Taugourdeau,jctaugourdeau,twitter.com/jctaugourdeau,480,lalandechasles:71; jctaugourdeau:44; annelaureblin:26; xavierbertrand:25; c_morancais:24; republicains_an:21; laurentwauquiez:21; ephilippepm:16; lesrepublicains:14; emmanuelmacron:13; assembleenat:11; publicsenat:11; prefet49:8; stephpiednoir:8; virginiecalmels:7; edwyplenel:7; valerieboyer13:6; cderoche_senat:6; dominiq_estrosi:5; juliendive:5; courrierouest:5; brunoretailleau:5; republicains_49:5; villedebeaufort:4; dubymuller:4; eciotti:4; aurelienpradie:4; maine_et_loire:4; anniegenevard:4; gerard_larcher:4
720772,Vincent Bru,bru_vincent,twitter.com/bru_vincent,478,an_defense:61; assembleenat:59; modem:48; seblecornu:29; bru_vincent:15; deputesdem:15; emmanuelmacron:15; armees_gouv:13; tgassilloud:9; elisabeth_borne:9; olivierdussopt:9; gabrielattal:8; prefet64:8; yaelbraunpivet:8; brunolemaire:7; j_rancoule:7; gendarmerie:6; ville2biarritz:6; mediabaskinfo:5; gouvernementfr:5; so_paysbasque:5; douane_france:5; papndiaye:5; max_brisson:4; marinenationale:4; josypoueyto:4; bleu_basque:4; sdis64:4; btzmaider:4; departement64:4
607619,Paul Molac,paul_molac,twitter.com/paul_molac,478,groupeliot_an:121; paul_molac:72; lcp:46; regionbretagne:27; loigcg:23; regionalistes:21; opab_oplb:21; retps:16; assembleenat:14; c_decourson:10; bertrandpancher:9; denis_baupin:9; bsainthuile:9; f_alfonsi:7; jf_acquaviva:7; inakiechaniz:5; diwan:5; udb__:5; michaelquernez:5; letelegramme:5; gilles_simeoni:4; feltin64:4; paulpaboeuf:4; guillaumegarot:4; elisabeth_borne:4; alabretonne:3; france3bretagne:3; lpanifous:3; emmanuelmacron:3; cfdt:3
720124,Aude Amadou,AudeAmadou,twitter.com/AudeAmadou,478,emmanuelmacron:54; ensemble2024:14; jeancastex:14; equipefra:14; prefet44:14; frahandball:14; ylouarn:12; jy_ledrian:12; agnesrunacher:12; an_afetr:12; assembleenat:12; sarahelhairy:10; fcnantes:8; roxamaracineanu:8; gdarmanin:8; audeamadou:6; elisabeth_borne:6; maudpetit_an94:6; gnougnou25:6; franceolympique:6; s_cluzel:6; 1elisamoreno:6; paris2024:4; rolandlescure:4; steph_sejourne:4; fabacademypdl:4; villereze:4; sandraimperiale:4; mounirbelhamiti:4; lequipe:4
334654,Éric Straumann,ericstraumann,twitter.com/ericstraumann,478,ericstraumann:40; villecolmar:26; dnatweets:22; prefet68:16; thierrymichels:14; an_afeur:12; bleualsace:10; afpfr:10; villes2fr:10; emmanuelmacron:10; fhollande:10; klinkertbrigitt:8; assembleenat:8; afpstrasbourg:8; tf1:6; lalsace:6; bfmtv:6; f3alsace:6; fdumasdeputee:6; toutelalsace:4; gouvernementfr:4; jeancastex:4; ristori20:4; nathstey:4; bgriveaux:4; marisoltouraine:4; francetvsport:2; e_dupondm:2; europe1:2; presidentamf:2
719866,Caroline Abadie,AbadieCaroline,twitter.com/AbadieCaroline,477,deputesre:33; gabrielattal:30; valeriehayer:28; lcp:18; bfmtv:15; macronardsfm:15; auroreberge:15; renaissance_38:14; sophiaaram:13; emmanuelmacron:13; renaissance:10; abadiecaroline:10; j_bardella:8; galliardm:7; e_dupondm:7; ferraccimarc:6; elisabeth_borne:6; ambroise_mejean:5; tf1info:5; cavousf5:5; 24hpujadas:4; fabienne_keller:4; frenchresponse:4; nathalieloiseau:4; seblecornu:4; enmodemacron:4; yaelbraunpivet:4; franceinfo:4; gdarmanin:4; olivierdussopt:4
721564,Élise Fajgeles,EliseFajgeles,twitter.com/EliseFajgeles,477,dilcrah:110; sophiaaram:26; ottmathias1:23; auroreberge:23; yaelbraunpivet:18; yonathan_arfi:18; gabrielattal:16; _licra_:11; carolinefourest:8; uejf:7; charlie_hebdo_:7; nathalieloiseau:7; gillesclavreul:6; othmannasrou:6; emiliefreche:5; daoud_kamel:5; carolineyadan:5; franceinfo:5; les_derniers:4; julienbahloul:4; shoah_memorial:4; xaviergorce:4; mathiasulmann:4; arosencher:4; sylvainmaillard:4; lequipe:4; tonyestanguet:4; nunezlaurent:3; elisabeth_borne:3; pklugman:3
719456,Sandrine Mörch,SandrineMorch,twitter.com/SandrineMorch,477,emmanuelmacron:39; assembleenat:29; jmblanquer:18; larem_an:18; sandrinemorch:14; jeancastex:13; gouvernementfr:13; an_afcult:13; sarahelhairy:11; adrientaquet:10; pam_int:9; education_gouv:9; jlmelenchon:8; elisabeth_borne:6; r_bachelot:6; cnes:5; avyelimas:5; nadiahai78:5; lcp:5; dunaljonnhy:4; roxamaracineanu:4; prefetoccitanie:4; ecoleproduction:4; ecolepourtous:4; amicbedel:4; actoulouse:4; charrighi:3; jlmoudenc:3; e_dupondm:3; emmanuellemorch:3
720560,Perrine Goulet,perrinegoulet,twitter.com/perrinegoulet,476,modem:71; deputesdem:68; mfesneau:36; perrinegoulet:32; assembleenat:23; lcp:21; an_ddenfants:20; charlottecaubel:20; yaelbraunpivet:16; bayrou:13; gabrielattal:13; sarahelhairy:12; emmanuelmacron:10; erwanbalanant:9; e_dupondm:9; marina_ferrari:7; valeriehayer:7; an_finances:7; auroreberge:6; an_comlois:6; gendarmerie:5; unicef_france:5; olivierfalorni:4; christoblanchet:4; jnbarrot:4; cavautrin:4; denisthuriot:4; sauvadet:4; florencedabin:4; ferrarimarina73:4
643127,Bruno Questel,BQuestel,twitter.com/BQuestel,476,festivaldocpo:16; e_dupondm:14; yaelbraunpivet:10; lepoint:8; assembleenat:8; lcp:8; sophiaaram:8; sandrousseau:8; seblecornu:6; franceinsoumise:6; rnational_off:6; assopapillons:6; weillclaude:6; mbompard:6; richardferrand:6; jlmelenchon:6; jc_angelini:4; soanma:4; _licra_:4; lonclefrancois:4; gilles_simeoni:4; pacolombani:4; emmanuelmacron:4; a_saintoul:4; olivierdussopt:4; bfmtv:4; terlez:4; fadila_khattabi:4; qofficiel:4; lsailliet:4
720342,Nicole Le Peih,NicoleLePeih,twitter.com/NicoleLePeih,474,nicolelepeih:52; assembleenat:24; mfesneau:24; an_afeco:22; guillaumekasba:22; e_dupondm:18; lacoopagricole:12; auroreberge:12; prefet56:12; an_afeur:12; lcp:10; gabrielattal:10; emmanuelmacron:10; girardineric:10; w_d_r_2023:10; deputesensemble:8; pa_anglade:8; deputesre:8; brunolemaire:8; salondelagri:8; alexis_izard:8; cniel:8; lauzzanamichel:6; pasclavergne:6; sttravert:6; lysiane_metayer:6; sebastien_abis:6; stephanie_rist:6; mariepierrev:6; chambagrifrance:4
721644,Rodrigue Kokouendo,RKokouendoJ,twitter.com/RKokouendoJ,472,medias_citoyens:40; laurentsegnis:36; emmanuelmacron:33; francois_cherix:31; tcabarrus:19; gabrielattal:19; psg_inside:11; equipefra:11; frenchresponse:10; macronardsfm:8; gerardaraud:8; albaneblt:6; emma_ducros:6; j_bardella:6; rtlfrance:5; antogriezmann:5; seblecornu:4; dp_leparti:4; fderugy:4; elysee:4; mlp_officiel:4; sophiaaram:4; jeuxolympiques:4; armees_gouv:4; mauricemartin01:4; olivierdussopt:4; jboovii:3; briceculturier:3; cejour_histoire:3; lci:3
719842,Mustapha Laabid,mustapha_laabid,twitter.com/mustapha_laabid,472,emmanuelmacron:34; ebothorel:33; j_denormandie:25; gouvernementfr:15; francediplo:14; olivierveran:14; jy_ledrian:12; ambafrancemaroc:9; assembleenat:9; ncadene:8; larem_an:7; adrientaquet:7; agnesrunacher:7; observlaicite:6; naimamoutchou:6; hindsaoud:5; fionalazaar:5; sante_gouv:5; elysee:5; lcp:5; gdarmanin:5; oliviagregoire:5; nadiahai78:5; mustapha_laabid:5; murielpenicaud:5; rolandlescure:4; herveberville:4; ouestfrance:4; jeanlouisbianco:4; ephilippepm:4
722236,Jean-Baptiste Djebbari,Djebbari_JB,twitter.com/Djebbari_JB,470,djebbari_jb:26; emmanuelmacron:22; airfranceklm:12; groupeadp:10; atraircraft:10; airbus:8; dassault_onair:8; safran:8; thalesgroup:8; lrem87:6; hopiumofficial:4; lesechos:4; elonmusk:4; elisabeth_borne:4; cavousf5:4; jlmelenchon:4; xvparlementaire:4; wissing:4; ecologie_gouv:4; cercledegiverny:2; lecrayonmedia:2; rtlfrance:2; brutofficiel:2; mehdighezzar:2; gg_rmc:2; lauriannerossi:2; lepopulaire_fr:2; claire_martin87:2; enmarchefr:2; nbrousse19:2
718802,Alain Perea,pereaalain,twitter.com/pereaalain,470,pereaalain:36; gdarmanin:18; prefet11:18; jeancastex:16; emmanuelmacron:12; larem_an:12; marsaudsandra:12; assembleenat:12; an_devdur:10; b_abba:10; nadiahai78:8; j_denormandie:8; verdierjouclas:8; christopheeuzet:8; jeunesmacron11:6; caroledelga:6; sdis11officiel:6; olivierdam1:6; lindependant:6; joelgiraud05:6; fm_lambert:4; daniele_herin:4; villedenarbonne:4; leguilleballoy:4; elysee:4; fdumasdeputee:4; tdp_occitanie:4; ancterritoires:4; unam_amenageurs:4; occitanie:4
721872,Brune Poirson,brunepoirson,twitter.com/brunepoirson,466,emmanuelmacron:86; brunepoirson:70; gouvernementfr:18; ecologie_gouv:14; christophebechu:10; accor:10; larem_an:10; elysee:8; pcanfin:8; lejdd:8; elisabeth_borne:8; renaissance_ue:8; jeancastex:8; barbarapompili:6; lepoint:4; actuenviro:4; assembleenat:4; cavousf5:4; fondationfemmes:4; fondationmer:4; ecologienmarche:4; cdion:4; googleenfrance:4; nato_o:4; s_cluzel:4; lmaillart:4; enmarchemonde:4; jmblanquer:4; joebiden:4; enmarchefr:4
719980,Julien Borowczyk,JulienBorowczyk,twitter.com/JulienBorowczyk,464,jeunesmacron42:211; rmarche42:193; larem_an:97; bleustetienne:63; emmanuelmacron:56; leprogresloire:54; tl7loire:41; julienborowczyk:41; horizonsleparti:39; lepays4269:23; assembleenat:21; olivierveran:21; ephilippe_lh:16; enmarchefr:14; leprogres_forez:11; 42agir:11; jeancastex:10; brunobonnelloff:10; st_etienne_42:9; brigbourguignon:9; lesrepublicains:7; julienpain:7; gcoqatar:7; audreylyonnet:6; bfmtv:6; georgesziegler:6; laurentwauquiez:5; lcp:5; richardferrand:5; auvergnerhalpes:4
340343,Hervé Saulignac,hsaulignac,twitter.com/hsaulignac,462,socialistesan:48; borisvallaud:27; lcp:13; p_brun:10; faureolivier:8; hsaulignac:8; emmanuelmacron:8; cpiresbeaune:6; assembleenat:4; rglucks1:4; inakiechaniz:4; prefet07:4; c_goetschyb:4; jnbarrot:3; guillaumegarot:3; bfmtv:3; gabrielattal:3; isasantiago_94:3; famatras:3; jeromeguedj:2; najatvb:2; kelouaf:2; gdarmanin:2; potierdominique:2; brunoretailleau:2; valerie_rabault:2; amnestyfrance:2; csnumpost:2; datirachida:1; romaineskenazi:1
267042,Yannick Favennec-Bécot,yfavennec,twitter.com/yfavennec,460,assembleenat:78; groupeliot_an:55; guillaumegarot:21; yfavennec:18; yaelbraunpivet:16; gouvernementfr:15; sdis53:14; bayrou:14; seblecornu:13; andjibouti:13; jplescornet:8; fdsea53:6; senat:6; paysdelaloire:6; lcp:5; cavousf5:5; franceadjibouti:4; ouestfrance:4; prefet53:4; accdmasso:4; 53audace53:4; an_defense:4; bfmtv:4; matignon:4; efs_sante:3; fondation_vge:3; olivierrichefou:3; jeunesagri:3; interieur_gouv:3; yannickneuder:3
719440,Anthony Cellier,anthonycellier,twitter.com/anthonycellier,460,cre_energie:82; rte_france:14; anthonycellier:12; agnesrunacher:11; emmanuelmacron:11; emmwargon:9; cleantechvallee:8; prefete30:8; enedis:7; ufelectricite:7; brunolemaire:7; 24hclimat:7; cea_officiel:5; xpiechaczyk:5; avecvous:5; assembleenat:4; goldbergnic:4; med_energie:4; ecologie_gouv:4; pontdugard:4; gouvernementfr:3; mlp_officiel:3; barbarapompili:3; cnr_officiel:3; famatras:3; edfofficiel:3; jccolasroy:2; cdenquete:2; lesechos:2; oranogroup:2
718962,Jean-Marc Zulesi,jmzulesi,twitter.com/jmzulesi,459,horizonsleparti:41; renaudmuselier:35; sophiaaram:17; ephilippe_lh:15; christophebechu:15; bfmtv:12; plantu:12; carolinefourest:11; om_officiel:8; emmanuelmacron:8; laprovence:8; enthoven_r:8; mathieumlefevre:7; cbeaune:7; jmzulesi:7; lci:7; maxime_boudet:7; yaelbraunpivet:7; martinevassal:7; gdarmanin:7; horizonsjeunes:6; franceinfo:6; maregionsud:6; tribunedimanche:5; afpfr:5; objectifrerm:4; vincent_1393:4; renaissance:4; alainkrakovitch:4; leparisien_pol:3
721860,Jean-François Cesarini,JFCesarini,twitter.com/JFCesarini,459,jfcesarini:57; martinewonner:30; dbagarry:30; clairepitollat:28; m_orphelin:19; assembleenat:17; emmanuelmacron:16; jmzulesi:16; sclaireaux:15; stelladupont:14; sonia_krimi:12; albanegaillot:11; barbarapompili:11; christopheeuzet:10; lcp:10; avignonleoff:10; larem_an:9; monicamichel_of:9; an_devdur:9; lgrandguillaume:8; clapotmireille:8; jfmbaye:8; sereineenmarche:8; ephilippepm:7; frtierslieux:6; iingwen:6; ydaniel_depute:6; patrickrogere:6; sudradio:6; fcbdeputeducher:6
720854,Stéphane Testé,stephane_teste,twitter.com/stephane_teste,457,emmanuelmacron:74; clichy_93:54; livrygargan93:31; olivierklein93:29; assembleenat:16; an_afcult:11; renaissance:9; villedevaujours:8; montfermeil_off:7; laremlivry:7; baillydominique:7; jeancastex:7; avecvous:7; tonyestanguet:7; valeriehayer:6; elisabeth_borne:6; vpecresse:6; larem_an:6; prefet93:6; renaissance_ssd:5; martinpierreyv4:5; stephane_teste:5; le_raincy:5; ccastaner:5; gabrielattal:4; cbeaune:4; capo_canellas:4; pereira__david:4; gdarmanin:4; loicletemplier:4
720138,Laetitia Saint-Paul,l_saintpaul,twitter.com/l_saintpaul,455,emmanuelmacron:38; l_saintpaul:25; cbeaune:17; hervegrandjean:15; mlp_officiel:13; deputeshorizons:12; sabinethillaye:12; yaelbraunpivet:11; christophebechu:9; stelladupont:8; auroreberge:8; assembleenat:7; florence_parly:7; europe2022fr:6; valeriehayer:6; horizonsleparti:5; ephilippe_lh:5; franceenrim:5; elisabeth_borne:5; enmarchefr:5; parlue2022:5; charlesrodwell_:4; seblecornu:4; vonderleyen:4; prefet49:4; v_riotton:4; lemondefr:4; carolineyadan:4; mfesneau:4; larem_an:4
721410,Émilie Bonnivard,BonnivardE,twitter.com/BonnivardE,455,laurentwauquiez:59; republicains_an:36; michelbarnier:32; oliviermarleix:29; bonnivarde:24; droiterep_an:22; fxbellamy:22; lcp:21; lesrepublicains:21; vpecresse:17; auvergnerhalpes:11; eciotti:11; avecvalerie:10; le_figaro:8; yannickneuder:8; emmanuelmacron:7; bfmtv:6; cnews:6; brigitte_kuster:6; publicsenat:5; avecbarnier2022:5; dfasquelle:5; lci:4; vincentjeanbrun:4; israelenfrance:4; assembleenat:4; frbackbone:3; odoxasondages:3; valdiguie:3; laurentsmartin:3
721134,Roland Lescure,rolandlescure,twitter.com/rolandlescure,455,emmanuelmacron:27; gabrielattal:22; rolandlescure:17; cjweissberg:10; lci:9; assembleenat:8; rtlfrance:7; franceinfo:7; renaissance:6; yaelbraunpivet:6; antoine_armand:6; deputesensemble:5; dimpolitique:5; le_figaro:5; jlmelenchon:4; amiel_david_:4; ferraccimarc:4; lemondefr:4; brunolemaire:4; rnational_off:4; cavousf5:3; laurentsmartin:3; galliardm:3; justintrudeau:3; bfmtv:3; priscathevenot:3; le_parisien:3; ephilippe_lh:3; lesechos:3; stephanevojetta:3
719242,Jean-Baptiste Moreau,moreaujb23,twitter.com/moreaujb23,454,emmanuelmacron:66; sudradio:18; seblecornu:18; moreaujb23:14; eu_commission:12; emma_ducros:12; assembleenat:8; sophiaaram:8; franceinfo:8; auroreberge:6; mfesneau:6; gewoessner:6; potus:6; labrepublique:6; parlementue:4; elysee:4; realdonaldtrump:4; agri_gouv:4; europe1:4; anniegenevard:4; ademontchalin:4; rtlfrance:4; drtoudou:4; sandrousseau:4; agroparistech:4; eureennormandie:4; renaissance:4; jmblanquer:4; vonderleyen:2; j_denormandie:2
721784,Valérie Gomez-Bassac,VGB83,twitter.com/VGB83,454,emmanuelmacron:119; avecvous:35; jeancastex:14; lci:11; bfmtv:10; ccastaner:9; gabrielattal:8; didierbremond:8; gdarmanin:8; brunolemaire:8; elisabeth_borne:6; assembleenat:6; larem_an:6; cbeaune:5; elysee:5; lesjam83:3; ville2brignoles:3; enmarchefr:3; cnews:3; europe1:3; mlp_officiel:3; cestrosi:3; richardferrand:3; lcp:3; vpecresse:3; olivierveran:3; steph_sejourne:3; renaudmuselier:2; tv83info:2; hubertfalco:2
721202,Éric Coquerel,ericcoquerel,twitter.com/ericcoquerel,449,ericcoquerel:48; fiassemblee:29; l_insoumission:22; lcp:22; franceinsoumise:17; franceinfo:13; bfmtv:10; jlmelenchon:9; mathildepanot:9; tf1info:8; mbompard:8; sudradio:8; lfisaintouen:7; ballybagayoko:6; ademontchalin:6; ugobernalicis:5; confpaysanne:4; rtlfrance:4; aurelientache:4; seblecornu:4; manonaubryfr:4; daisyyaich:3; jnbarrot:3; emmanuelmacron:3; nunezlaurent:3; franceinter:3; lci:3; emmanfernandes:2; realmarcel1:2; maudbregeon:2
337483,Serge Letchimy,SergeLetchimy,twitter.com/SergeLetchimy,448,ctm_martinique:21; jawedashraf5:5; famartinique:3; gdarmanin:3; univantilles:3; mfesneau:3; caricomorg:2; michelbarnier:2; sergeletchimy:2; emmanuelmacron:2; meteofrance_ag:2; rlicausi:2; bayrou:1; younousomarjee:1; fnb_officiel:1; indiaembfrance:1; paris2024:1; t_cazenave:1; fauredominique:1; mguevenoux:1; achalus971:1; assembleenat:1; luccarvounas:1; ephilippe_lh:1; agnesfirmin:1; nicolasmaduro:1; vigierphilippe:1; justine_benin:1; sandracasanova:1
720516,Florence Morlighem,FMorlighem,twitter.com/FMorlighem,448,delemerlouis:28; fmorlighem:21; bfmtv:15; olivier1schmitt:13; projet_arcadie:12; franceinfo:12; prefet59:12; gerardaraud:11; emmanuelmacron:10; lilleaucoeur:9; maitre_eolas:9; losclive:7; mariebnard:7; avecdelemer:6; le_parisien:6; vspillebout:6; armeedeterre:6; rfour59:6; virgowhallala:5; cemat_fr:5; fairelille:4; paroles_la:4; lesechos:4; villepin:4; jlcuyer:4; rtlfrance:4; palais_au:4; lactetue:4; bettercallmedhi:4; pascaljouary:4
722218,Cécile Delpirou,c_delpirou,twitter.com/c_delpirou,440,encommun_parti:111; barbarapompili:76; ingriddordain:72; stelladupont:67; cecile_rilhac:55; clapotmireille:16; fhommeril:13; gabfd:11; assembleenat:10; pascal_gentil:10; avecvous:7; audreylive14:6; jaimemonirsn:5; cfecgc:5; augustinrogy:4; pcanfin:4; courrierpicard:4; p_vergriete:4; dominique_meda:4; brunoretailleau:3; chuamiens:3; elisabeth_borne:3; albaneblt:3; franceinfo:3; lemondefr:3; jmaireofficiel:3; franceinter:3; auroreberge:3; agircarrco:3; irsnfrance:3
720006,Luc Geismar,GeismarLuc,twitter.com/GeismarLuc,440,sandrinejossoan:29; assembleenat:27; deputesdem:27; geismarluc:11; modem:11; gouvernementfr:10; yaelbraunpivet:9; gabrielattal:9; sarahelhairy:8; an_finances:8; brunolemaire:7; elisabeth_borne:7; alainthomasoff:6; gdarmanin:6; prefet44:6; mfesneau:5; oliviagregoire:5; gendarmerie:4; agnesrunacher:4; snujemengage:4; t_cazenave:4; directan:4; suce_sur_erdre:4; emmanuelmacron:4; interieur_gouv:4; bayrou:3; f_personne:3; lessimones_:3; mounirbelhamiti:3; lcp:3
719692,Jean-François Eliaou,JFEliaou,twitter.com/JFEliaou,440,yaelbraunpivet:62; gdarmanin:28; horizonsleparti:24; ephilippe_lh:18; equipefra:12; rtlfrance:8; assembleenat:8; bfmtv:8; horizonsjeunes:8; lci:6; elisabeth_borne:6; michelbarnier:6; edouardphilippelh:6; horizonsoccitanie:6; husseinbourgi:4; mirallesmp:4; le_parisien:4; jf_audrin:4; mdelafosse:4; estrada_lysiane:4; franceinfo:4; francetvsport:4; emmanuelmacron:4; franceinter:4; jeanpierregrand:4; f3occitanielr:4; anniegenevard:2; armees_gouv:2; christophebechu:2; dariusrochebin:2
719942,Stéphane Baudu,baudu_stephane,twitter.com/baudu_stephane,440,assembleenat:90; deputesdem:60; j_gourault:32; baudu_stephane:24; groupemodem:22; mfesneau:20; prefet41:16; an_defense:14; rcvaldeloire:12; brunolemaire:12; an_collterr:12; jeancastex:10; gouvernementfr:10; territoire_gouv:10; florence_parly:8; villedeblois:8; cdegru:8; nrblois:8; ancterritoires:8; jeanlassalle:6; departement41:6; emmanuelmacron:6; nadiahai78:6; an_finances:6; lgrandguillaume:6; jrcazeneuve:6; dmartindijon:6; yodecourson:6; fdumasdeputee:4; larem_an:4
267324,Jean-Jacques Gaultier,JJ_Gaultier,twitter.com/JJ_Gaultier,440,republicains_an:62; jj_gaultier:60; lesrepublicains:50; vosgesmatin:28; lcp:24; vpecresse:20; fxbellamy:16; oliviermarleix:16; patrickhetzel:14; assembleenat:14; avecvalerie:14; bleusudlorraine:12; f3lorraine:12; damienabad:10; phdumont:8; anniegenevard:8; emmanuelmacron:8; eciotti:8; achopinez:8; michelbarnier:6; l_lafon:6; julienaubert84:6; xavierbertrand:6; mdemeaux:6; republicains88:6; jeanrottner:6; le_figaro:4; max_brisson:4; celineimart:4; datirachida:4
718794,Danièle Hérin,Daniele_herin,twitter.com/Daniele_herin,439,emmanuelmacron:75; gabrielattal:20; steph_sejourne:15; renaissance:13; assembleenat:13; larem_an:10; avecvous:10; an_afcult:8; elysee:7; richardferrand:7; jeancastex:7; deputesre:6; gouvernementfr:6; maudbregeon:6; klinkertbrigitt:6; jmblanquer:5; j_denormandie:5; enmarchefr:5; yaelbraunpivet:4; elisabeth_borne:4; carcassonneen:4; 3rpima:4; prefet11:4; j_gourault:4; renaissancecarc:3; gdarmanin:3; gendarmerie:3; lrem_aude:3; jeunesmacron11:3; r_bachelot:3
342601,Pascal Brindeau,pascalbrindeau,twitter.com/pascalbrindeau,438,udi_off:76; vpecresse:62; xavierbertrand:48; emmanuelmacron:44; michelzumkeller:38; charlesprats:33; jclagarde:27; terretrep:21; deputesudi_ind:21; avecvalerie:19; nousfrance_fr:18; eschahl:18; lesrepublicains:12; pascalbrindeau:10; zemmoureric:9; hervemarseille:8; assembleenat:6; pascaltebibel:6; gabrielattal:6; udijeunes:6; conseil_constit:5; rnational_off:5; fnsea:5; patrickhetzel:5; senateur61:5; jeancastex:5; marie_bresse:4; psg_inside:4; apollinewakeup:4; mlp_officiel:4
719350,Marie Tamarelle-Verhaeghe,marietamarelle,twitter.com/marietamarelle,438,emmanuelmacron:38; eureennormandie:30; sante_gouv:24; marietamarelle:21; lauraetalice:18; assembleenat:13; s_bonenfant:12; maivahamadouche:10; education_gouv:9; juanico:9; e_dupondm:9; brunolemaire:8; vidalarnaud_clb:8; seblecornu:8; enmarchefr:8; sports_gouv:7; gabrielattal:6; prefet27:6; justice_gouv:6; alexisdarmois:6; an_afsoc:6; aernstvi:5; charlottecaubel:5; elisabeth_borne:5; brunosolo:5; severine_gipson:5; ccastaner:5; adrientaquet:5; isasantiago_94:4; nicoledubre17:4
718736,Bénédicte Peyrol,B_Peyrol,twitter.com/B_Peyrol,438,emmanuelmacron:29; christophebechu:18; valeriehayer:15; brunolemaire:13; gabrielattal:12; lesechos:11; gdarmanin:11; franceinter:11; oliviagregoire:10; montagne_vichy:10; horizonsleparti:8; pcanfin:8; rtlfrance:7; jeuxolympiques:7; pascalperri:6; yaelbraunpivet:6; mvignaud:6; ephilippe_lh:6; carolinefourest:6; lemondefr:6; bfmtv:5; lamontagne_fr:5; lcp:5; steph_sejourne:5; publicsenat:4; equipefra:4; michelbarnier:4; cavousf5:4; gattalactu:4; franceinfo:4
720178,Laurent Garcia,GarciaLaxou,twitter.com/GarciaLaxou,438,assembleenat:116; grand_nancy:92; deputesdem:75; groupemodem:55; de_laxou:28; patrickmignola:27; garcialaxou:24; villedenancy:23; prefet54:19; lestrepnancy:18; mdemeaux:11; dubymuller:9; grtgaz:8; sarahelhairy:8; jeanluclagleize:7; villerslesnancy:7; modem:6; daniele_noel:6; an_afcult:6; departement54:6; alinesoph_maire:6; anruofficiel:5; geismarluc:5; culture_presse:5; e_lacresse:4; les_nanceiens:4; udc54:4; vandoeuvre:4; lcp:4; jeancastex:4
718954,Saïd Ahamada,saidahamada,twitter.com/saidahamada,438,ladomofficiel:172; saidahamada:100; terresdeprogres:56; olivierdussopt:22; maxime_boudet:20; emmanuelmacron:16; iacovellixavier:12; tdpmarseille:10; dp_leparti:8; renaissance:8; outremers360:8; joffrinlaurent:8; lilalokmane:6; marsactu:6; rnational_off:6; gabrielattal:6; cconconne:6; maeldisav:6; laurentlhardit:6; bcazeneuve:6; gometmedia:4; juliettemeadel:4; gillesrof:4; gomet:4; elysee:4; martiniquela1e:4; rci_mq:4; tdp_bdr:4; unccas:4; faridyattoumane:4
719550,Liliana Tanguy,lilianatanguy,twitter.com/lilianatanguy|twitter.com/LilianeTanguyAN,438,gabrielattal:92; deputesensemble:38; jnbarrot:32; emmanuelmacron:32; renaissance:30; assembleenat:20; elysee:12; benjaminhaddad:12; agnesrunacher:8; lilianatanguy:8; amiel_david_:8; seblecornu:8; paysbigoudensud:6; priscathevenot:6; zelenskyyua:6; france_espagne:4; pa_anglade:4; valeriehayer:4; michelcanevet:4; gouvernementfr:4; deputeeestelle:4; fabriceloher:4; pompiersfr:4; michelbarnier:4; ferraccimarc:2; vincent_caure:2; droiterep_an:2; guillaumegarot:2; socialistesan:2; yannickneuder:2
721888,Pierre-Alain Raphan,p_a_raphan,twitter.com/p_a_raphan,438,emmanuelmacron:30; celinecalvez:18; p_a_raphan:18; roxamaracineanu:18; cedric_o:12; economie_gouv:10; ebothorel:8; laetitiaavia:6; ccastaner:6; xxii_group:6; elisabeth_borne:6; europe2022fr:6; lemondefr:6; pluriel_mvt:6; rfi:6; 1elisamoreno:6; cedricroussel06:6; paris2024:6; eenfance:4; villanicedric:4; lafrenchtech:4; larem_an:4; renaissance_ue:4; mlp_officiel:4; navalny:4; joinstationf:4; loopsidernews:4; mi_numeco_gouv:4; villesgdb91:4; villesmso91:4
721690,Buon Tan,BuonTAN,twitter.com/BuonTAN,437,emmanuelmacron:32; assembleenat:14; an_afetr:11; buontan:10; jeancastex:10; brunolemaire:8; larem_paris13:7; larem_an:7; 1elisamoreno:7; ccastaner:7; fatimahachem75:5; mlp_officiel:5; elisabeth_borne:4; richardferrand:4; joinstationf:4; agnesrunacher:4; jy_ledrian:3; modem75013:3; parisvolley75:3; poletti_b:3; laustmartin:3; cbeaune:3; e_dupondm:3; businessfrance:3; prefpolice:3; gouvernementfr:3; gilleslegendre:2; pierr_person:2; leo_allaireue:2; parisfc:2
719002,Julien Ravier,JuRavier,twitter.com/JuRavier,437,republicains_an:131; juravier:48; valerieboyer13:28; assembleenat:27; anniegenevard:25; lcp:23; annelaureblin:23; constancelegrip:19; damienabad:17; bretonxavier:17; eciotti:15; martinevassal:13; uvpmarseille:13; patrickhetzel:13; lesrepublicains:11; genethique:10; philipbenassaya:10; julienaubert84:9; souvestre13:9; diarderic:9; guyteissier:8; liberteducation:8; lesrep_senat:7; phgosselin:7; thibault_bazin:7; marclefur:7; marseille1112:6; franceinfo:6; brigitte_kuster:6; france3provence:6
720780,Jean-Bernard Sempastous,Sempastoushp,twitter.com/Sempastoushp,434,victorduruy65:21; sempastoushp:18; fxbrunet:16; mostafafourar:15; fcbdeputeducher:15; emmanuelmacron:15; olivierdussopt:15; gabrielattal:14; lautreamont65:14; prefet65:13; rolandlescure:12; jblemoyne:12; jeunesagri:11; annem_v:10; xvparlementaire:10; dsden65:9; poleemploi_oc:8; catguilbaudeau:7; lesthermalies:7; mairietarbes:6; caf_france:6; klinkertbrigitt:6; ccitarbeshp:6; j_denormandie:6; yaelbraunpivet:5; nrpyrenees:5; jlmelenchon:5; assembleenat:5; floriangrill:5; fp_champagne:5
719778,François Jolivet,FJolivet36,twitter.com/FJolivet36,433,horizons_an:55; lcp:42; horizonsleparti:32; gdarmanin:25; ffbatiment:24; bfmtv:23; fnaim:23; nrchateauroux:22; fjolivet36:21; assembleenat:21; bayrou:21; brunoretailleau:21; lmarcangeli:21; ephilippe_lh:20; lanouvellerep_:19; unionhlm:19; prefet36:18; fpi_fr:17; aef_urbanisme:17; francebleuberry:17; valerieletard:16; t_cazenave:15; deputeshorizons:14; franceinfo:14; eric_r_lombard:13; gabrielattal:13; cnews:12; actionlogement:12; michelbarnier:12; ici_berry:11
720512,Laurent Pietraszewski,pietraszewski_l,twitter.com/pietraszewski_l,432,olivierdussopt:44; emmanuelmacron:38; gouvernementfr:28; elisabeth_borne:26; bfmbusiness:24; cnews:24; europe1:24; laurenceferrari:18; pietraszewski_l:16; armentieresvill:14; gdarmanin:12; assembleenat:10; ephilippe_lh:10; human_day:8; linkedinfrance:8; jeancastex:8; audreytcherkoff:6; lavoixdunord:6; senat:6; cpmenationale:6; medef:6; u2p_france:6; cor_retraites:6; guillaumpaul:4; cfecgc:4; f3nord:4; fbleunord:4; rmcinfo:4; gefluc:4; enmarchefr:4
721656,Cécile Muschotti,CMUSCHOTTI,twitter.com/CMUSCHOTTI,432,cmadrolle:30; emmanuelmacron:27; cmuschotti:15; villedetoulon:11; assembleenat:9; an_droitsfemmes:8; elisabeth_borne:7; sophiaaram:7; larem_an:7; rnational_off:6; tv83info:6; cbeaune:6; gdarmanin:5; barbarapompili:5; songsa93:4; gabrielattal:4; olivierveran:4; nousmetropole:4; uce_fr:4; prefet83:4; sophiegoy_:3; var_matin:3; toulon2026:3; hubertfalco:3; laurelavalette:3; metropoletpm:3; frontrep:3; auroreberge:3; arretsurimages:3; lcp:3
719608,Emmanuelle Ménard,emenard34,twitter.com/emenard34,432,bfmtv:8; lcp:5; emenard34:4; villedebeziers:4; cnews:4; yaelbraunpivet:2; europe1:2; gabrielattal:2; mlp_officiel:2; israelenfrance:1; yzarka:1; patrickrogere:1; sudradio:1; le_figaro:1; deputeeestelle:1; ambafr_armenie:1; fbblackler:1; tolmajian:1; rnational_off:1; lemondefr:1; elisabeth_borne:1; assembleenat:1; asbeziersfoot:1; lehuffpost:1; laurossignol:1; jmblanquer:1; croixrouge34:1; robertmenardfr:1; tsihanouskaya:1
405480,François Pupponi,fpupponi,twitter.com/fpupponi,430,cnews:34; assembleenat:12; europe1:8; jchribuisson:6; changefrance:2; ftapiro:2; rimahas:2; jfachilli:2; hautsdefrance:2; xavierbertrand:2; cerclefa:2; bilongocarlos:2; elisabeth_borne:2; gouvernementfr:2; armembfrance:2; villesarcelles:2; jclagarde:2; latifaibnz:2; meyer_habib:2
720576,Pascal Bois,PascalBoisLaREM,twitter.com/PascalBoisLaREM,427,emmanuelmacron:35; gabrielattal:17; renaissance:12; elisabeth_borne:11; enmarchefr:10; pascalboislarem:9; ccastaner:9; jmblanquer:8; larem_an:8; enmarchecreil:7; priscathevenot:6; ericwoerth:6; gouvernementfr:6; celinecalvez:6; jeancastex:6; agnesrunacher:5; franckriester:5; gdarmanin:5; oiseem2022:5; prefet60:5; radiofrance:4; festivalavignon:4; le_cnm:4; valeriehayer:4; elysee:4; assembleenat:4; ambroise_mejean:4; r_bachelot:4; adami_artistes:3; klinkertbrigitt:3
721418,Patrick Mignola,PatrickMignola,twitter.com/PatrickMignola,424,bayrou:80; patrickmignola:40; lcp:32; emmanuelmacron:30; modem:22; dimpolitique:16; tf1info:14; mfesneau:12; assembleenat:12; lejdd:10; letellier_ftv:10; franceinfo:8; elysee:8; gouvernementfr:8; radiojfrance:6; franceinter:6; yaelbraunpivet:6; gabrielattal:6; elisabeth_borne:6; telematin:6; ajparlement:6; deputesdem:4; dep_74:4; julespasquier18:4; deputesensemble:4; jeanterlier:4; ballardphilippe:4; laprovence:4; agindre:4; ademontchalin:4
2952,Jean-Luc Warsmann,warsmann,twitter.com/warsmann,424,warsmann:58; regiongrandest:26; jeanrottner:15; prefet08:13; cnrichet:11; candideblomme:10; chambreagri08:7; majoritege:7; lcp:7; groupemajoacal:7; assembleenat:6; aitrene1:6; laustmartin:6; gaillot_p:6; nbelloubet:5; seblecornu:5; alexducruet_:4; aitrene:4; nvillenet:3; cci_ardennes:3; bdt_grandest:3; j_gourault:3; unionardennais:3; radio8ardennes:3; grdf:3; 08bazeilles:3; simplon08:2; boris_ravignon:2; villedecmz:2; patrick_fostier:2
722150,Sacha Houlié,SachaHoulie,twitter.com/SachaHoulie,421,sachahoulie:28; rglucks1:17; lcp:11; e_dupondm:10; placepublique_:9; emmanuelmacron:8; assembleenat:6; franceinfo:6; nbelloubet:6; valeriehayer:6; socialistesan:5; aur_rousseau:5; sudradio:5; franceinter:5; om_officiel:5; constancelegrip:5; tgassilloud:5; elodiejala:4; lci:3; bfmtv:3; lopinion_fr:3; besoindeurope:3; radiojfrance:2; brunoretailleau:2; yaelbraunpivet:2; earvinngapeth:2; stelladupont:2; steph_sejourne:2; cyrilcibert:2; senat:2
721632,Patricia Lemoine,P_Lemoine,twitter.com/P_Lemoine,421,franckriester:102; p_lemoine:47; agir_officiel:47; agirensemble_an:45; emmanuelmacron:20; assembleenat:13; brunolemaire:13; deputesre:13; becht_olivier:10; an_defense:9; larem_an:9; gdarmanin:8; mel_thomin:7; gouvernementfr:7; auroreberge:7; gabrielattal:6; louisvogel:6; laustmartin:6; lcp:5; elisabeth_borne:5; pybournazel:5; jrcazeneuve:4; lise_magnier:4; agnesfirmin:4; lesrepublicains:4; an_collterr:4; ainakuric:4; brunomaestracci:4; sdis77:4; tgassilloud:3
336316,Jean-Claude Bouchet,JCBOUCHET,twitter.com/JCBOUCHET,420,nicolassarkozy:2; dfasquelle:2; marclefur:1; anniegenevard:1; gdarmanin:1; bleuvaucluse:1; nrondepierre:1; brunoretailleau:1; valerieboyer13:1; gerard_larcher:1; sputnik_fr:1; youtube:1; aurelienpradie:1; sebastienhuyghe:1; ericwoerth:1
774952,Philippe Benassaya,PhilipBenassaya,twitter.com/PhilipBenassaya,420,franceinsoumise:20; rimahas:5; portes_thomas:5; juliendray:4; manonaubryfr:4; franceinfo:4; faureolivier:4; arcom_fr:4; gwgoldnadel:3; onu_fr:3; jlmelenchon:3; mathildepanot:3; humanite_fr:3; thierrylentz:3; soeurfoune:3; plantu:3; eyakoby:2; surmulotsnews:2; afpfr:2; david_belliard:2; charocher:2; jeremo12:2; francetv:2; eddysardou:2; caronaymericoff:2; pcf:2; aleaument:2; le_figaro:1; partiepy78:1; philipbenassaya:1
720362,Belkhir Belhaddad,b_belhaddad,twitter.com/b_belhaddad,420,deputesre:39; socialistesan:20; assembleenat:16; paris2024:11; aoc1978:11; gabrielattal:8; an_afcult:7; gouvernementfr:4; b_belhaddad:4; franck_leroy_:4; emmanuelmacron:4; p_brun:3; prefet57:3; fraparalympique:3; fff:3; rnational_off:3; fblorrainenord:3; equipedefrance:3; jeuxolympiques:3; yaelbraunpivet:3; economie_gouv:2; sbastien_martin:2; partisocialiste:2; bfmtv:2; marcpena_:2; lcp:2; benjaminhaddad:2; mariealefur:2; cosmosportif:2; philippediallo:2
720354,Jean-Michel Jacques,J_M_Jacques,twitter.com/J_M_Jacques,420,armees_gouv:52; cavautrin:44; assembleenat:40; rufoalice:34; an_defense:28; cema_fr:26; marinenationale:18; seblecornu:18; deputesensemble:18; armee_de_lair:16; armeedeterre:16; franceinfo:12; francediplo:12; gouvernementfr:12; yaelbraunpivet:10; economie_gouv:8; jnbarrot:8; dga:6; etatmajorfr:6; tebeotv_tebesud:6; cemat_fr:6; franceculture:4; sbastien_martin:4; dgris_fr:4; cem_aae:4; rolandlescure:4; liudmylabuimis:4; r_stefanchuk:4; didierlegac:4; emmanuelmacron:4
1838,Jean Lassalle,jeanlassalle,twitter.com/jeanlassalle,418,alliancerurale:22; resistonsfrance:20; resistons:8; sudradio:8; jeanlassalle:8; willyschraen:6; francetele:4; andrebercoff:4; salondesmaires:2; boreal:2; alliance:2; jeanlas:2; legrouxvincent:2; jeanlassal:2; deniseleiboff:2; infofran:2; parispremiere:2; conseil_constit:2; omerta_officiel:2; ladepechedumidi:2; tarnlibre:2; gerardlenfant7:2; lindependant:2; jeunesavecjl:2; clichesdejigme:2; inakiechaniz:2; le_parisien:2; le_figaro:2; romainissart:2; tf1:2
2150,Jean-Luc Mélenchon,jlmelenchon,twitter.com/jlmelenchon,414,franceinsoumise:20; i_laboetie:18; l_insoumission:14; fiassemblee:14; jlmelenchon:10; mbompard:10; belouassaanais:6; aurelien_le_coq:4; manonaubryfr:4; p_proisy:2; trouveaurelie:2; mathildepanot:2; rimahas:2; floriankobryn:2; paulvannierfi:2; blast_france:2; mickael_idr:2; cerveauxnon:2; marinamesure:2; juliamignacca:2; nathalieoziol:2; clemence_guette:2
719540,Élisabeth Toutut-Picard,etoututpicard,twitter.com/etoututpicard,414,emmanuelmacron:35; anthonycellier:24; avecvous:21; barbarapompili:13; ladepechedumidi:10; mlp_officiel:9; julienpain:9; audreylive14:9; etoututpicard:7; encommun_parti:7; elisabeth_borne:6; jlmelenchon:6; rixainmp:5; macron2022:5; ptiterepublique:4; christophearend:3; reneweurope:3; steph_sejourne:3; assembleenat:3; ars_oc:3; fabien_roussel:3; zelenskyyua:3; vonderleyen:2; bleuoccitanie:2; deciderensemble:2; agnespop1:2; brunolemaire:2; sachahoulie:2; renaissance_ue:2; enmarchefr:2
331481,Bruno Le Maire,BrunoLeMaire,twitter.com/BrunoLeMaire,410,emmanuelmacron:37; brunolemaire:33; gabrielattal:29; valeriehayer:25; economie_gouv:17; rolandlescure:16; equipefra:14; oliviagregoire:13; marina_ferrari:6; t_cazenave:5; equipedefrance:4; dgccrf:4; elysee:4; paris2024:3; esa:3; benjaminhaddad:3; stanguerini:3; lci:3; mathieumlefevre:3; stephanie_rist:3; fauredominique:3; europe1:3; tonyestanguet:2; arianegroup:2; cnes:2; priscathevenot:2; charlesrodwell_:2; j_bardella:2; pa_anglade:2; xavierroseren:2
677483,Stéphane Mazars,s_mazars,twitter.com/s_mazars,409,s_mazars:26; assembleenat:21; yaelbraunpivet:21; paris2024:17; aoc1978:16; emmanuelmacron:13; lcp:11; sophiaaram:10; avokayon:10; e_dupondm:9; claudemalhuret:7; gabrielattal:7; officielraf:7; bas_scordia:6; dominiquereynie:6; stephane1peu:6; an_afcult:6; astridpanosyan:5; villederodez:5; deputesre:5; mfesneau:5; fcbdeputeducher:4; leabalage:4; carolinefourest:4; enthoven_r:4; macronardsfm:4; cbeaune:4; jdecerle:4; gdarmanin:4; ferraccimarc:4
605084,Jacques Krabal,JKrabal,twitter.com/JKrabal,406,carcthierry:48; apffrancophonie:39; emmanuelmacron:26; jeanneroussel2:24; jkrabal:22; chateau_thierry:21; domoyse:21; prefet02:20; citelanguefr:17; assembleenat:12; villers_c:11; benjamin_boutin:10; mb_levaux:10; r_bachelot:6; lecmn:6; jeancastex:6; stanguerini:5; enmarchefr:5; afalassociation:4; oifrancophonie:4; librairiedesfab:4; sawsenclemjeb:4; francophoniesf:4; ml02400:4; languesfr:3; tv5mondeinfo:3; elisabeth_borne:3; franckriester:3; arnaudbattefort:3; francediplo:3
719436,Nicolas Meizonnet,NMeizonnet,twitter.com/NMeizonnet,402,mlp_officiel:85; j_bardella:67; groupern_off:55; rnational_off:25; jphtanguy:15; meurin_p:10; h2lepinau:7; nmeizonnet:7; falconfrederic:7; laurelavalette:6; helenelaportern:5; matthiasrn:5; bentzchristophe:4; sebchenu:4; alexandreloubet:4; guillaume_bigot:4; louis_aliot:4; brunoretailleau:4; yoanngillet30:3; fabienbougle:3; maximeamblard5:3; cathrimbert84:2; lci:2; rn_gard:2; mvalet_officiel:2; objectifgard:2; lebourgeois7610:2; galzystephanie:2; manon_bouquin:2; gdefournas:2
722082,Françoise Ballet-Blu,fballetblu,twitter.com/fballetblu,402,emmanuelmacron:24; florence_parly:8; elisabeth_borne:4; tiktok_france:4; gdarrieussecq:4; sachahoulie:4; an_defense:4; gendarmerie_086:2; c_decourson:2; mathildepanot:2; mlp_officiel:2; jpraffarin:2; emorinchartier:2; brunolemaire:2; yaelbraunpivet:2; ccastaner:2; franckriester:2; hervegrandjean:2; mfesneau:2; salondelagri:2; zelenskyyua:2; mirallesmp:2; olivierdam1:2; jl_thieriot:2; rixainmp:2; ba_vienne86:2; fballetblu:2; larem_an:2; jeancastex:2; jy_ledrian:2
722300,Anissa Khedher,Anissa_Khedher,twitter.com/Anissa_Khedher,402,emmanuelmacron:90; avecvous:24; prefetrhone:16; anissa_khedher:12; santearmees:10; gdarmanin:8; cema_fr:6; oman_paris:6; francediplo:6; gabrielattal:6; s_cluzel:6; bfmlyon:6; vtrillet_lenoir:6; bron_esa:4; sirhafood:4; charlottecaubel:4; olivierdussopt:4; solidarite_gouv:4; elisabeth_borne:4; assembleenat:4; cbeaune:4; chudelyon:4; faireensembleem:4; lyoncap:4; gouvernementfr:4; brunolemaire:4; olivierveran:4; economie_gouv:2; laurentsmartin:2; armee_de_lair:2
719946,Guillaume Peltier,G_Peltier,twitter.com/G_Peltier,400,marionmarechal:193; nicolasbay_:37; id_libertes:36; ecrgroup:25; frontieresmedia:22; laurencetrochu:19; fr_ecr:11; g_peltier:10; giorgiameloni:9; mlp_officiel:7; lejdd:7; damienrieu:7; j_bardella:6; annesicard1:6; valeurs:5; eddycasterman:5; phdevilliers:4; eciotti:4; monnierthibaut:4; marinetondelier:3; grisetcatherine:3; georgesimion:3; jordanflrtn:3; ligne__droite:2; editionsfayard:2; stephane_ravier:2; fxbellamy:2; maudpk:2; jrochedy:2; ecrparty:2
721328,Anne Brugnera,AnneBrugnera,twitter.com/AnneBrugnera,400,gabrielattal:46; ensemble2024:46; valeriehayer:24; emmanuelmacron:16; besoindeurope:10; assembleenat:8; ol:8; sretailleau:6; lyoncap:6; deputesre:6; notredameparis:4; renaissance:4; lyonmag:4; bfmlyon:4; lcp:4; i4ce_:4; rnational_off:4; j_bardella:4; raphaelgerard17:4; olfeminin:4; auroreberge:2; olivierfalorni:2; sandrinerunel:2; ambroise_mejean:2; emmanuelhamelin:2; horizonsleparti:2; lterrenes:2; trudigoz:2; elodierouxdebez:2; samuel_soulier:2
721824,Hugues Renson,huguesrenson,twitter.com/huguesrenson,399,psg_inside:26; paris:19; assembleenat:13; paris2024:12; anne_hidalgo:10; zemmoureric:7; joebiden:5; co_ultras_paris:5; mairie15:4; tonyestanguet:4; kmbappe:3; 13onze15:3; lifeforparis:3; conseil_constit:3; fhollande:3; jeanlucromero:3; thegff:3; encommun_parti:3; lamiaela:3; villepin:2; emmanuelmacron:2; fff:2; lulaoficial:2; yaelbraunpivet:2; manuelvalls:2; vpecresse:2; pompiersparis:2; franceinfo:2; l_amf:2; nicolassarkozy:2
722374,Cyrille Isaac-Sibille,Cisaacsibille,twitter.com/Cisaacsibille,399,jm_aulas:33; modem:27; deputesdem:26; coeur_lyonnais_:17; v_sarselli:16; cisaacsibille:16; gcoeurlyonnais:13; bayrou:13; hercbergs:12; gregorydoucet:11; lcp:11; assembleenat:9; seblecornu:9; franceinsoumise:8; leprogreslyon:6; mfesneau:6; villedelyon:5; grandlyon:4; generationaulas:3; brunobernard_fr:3; tmohamedsoilihi:3; assemblee:3; eelv:2; actufr_lyon:2; tribunedelyon:2; lyonmag:2; bfmlyon:2; jnbarrot:2; prefetrhone:2; anses_fr:2
722126,Guillaume Chiche,GuillaumeChiche,twitter.com/GuillaumeChiche,399,guillaumechiche:13; radiogatine:11; assembleenat:10; prefet79:9; e_niort:8; albanegaillot:8; coulongesautize:7; villedechauray:7; prahecqmairie:6; mairie_niort:6; emmanuelmacron:5; bleu_poitou:5; niortagglo:5; vonderleyen:5; asniortbasket:4; oliviagregoire:4; clg_pmc79:4; ffbtp_79:3; fcpe79:3; acclameur:3; guerinvalrie8:3; niortrugbyclub:3; cnniort:3; villaperochon:3; christelabatut:3; zelenskyyua:3; camif_:3; dusevres:3; louismerle79:3; cnam_nouv_aquit:3
267200,Sébastien Huyghe,SebastienHuyghe,twitter.com/SebastienHuyghe,399,xavierbertrand:119; paroles_la:39; nicolassarkozy:20; hautsdefrance:16; michelbarnier:9; gdarmanin:7; enthoven_r:7; constancelegrip:7; charlesrodwell_:7; bfmtv:7; datirachida:6; m2ri_hdf:6; debordvalerie:6; sebastienhuyghe:5; anniegenevard:5; yaelbraunpivet:5; assembleenat:5; seblecornu:4; rtlfrance:4; nousfrance_fr:4; catherine_dumas:4; carolineyadan:3; sylvainmaillard:3; lcp:3; gewoessner:3; auroreberge:3; deputesensemble:3; mlp_officiel:3; vincentjeanbrun:3; mapicos:3
563,Jacques Bompard,JacquesBompard,twitter.com/JacquesBompard,398,zemmoureric:39; stanislasrig:17; francelorho:10; divizio1:9; laurentozon:9; yannbompard:8; pierre_gtil:6; f_desouche:6; f_philippot:6; marionmarechal:5; reconquete_off:5; jacquesbompard:5; chdornellas:5; r_decastelnau:5; mariannelemag:4; institutjustice:3; villedorange:3; jylgallou:3; raoult_didier:3; christine_kelly:3; lionnelluca06:3; gabirobfrance:3; emmanuelmacron:2; valeurs:2; charlesprats:2; damienrieu:2; liguedusud:2; elonmusk:2; assembleenat:2; le_figaro:2
719338,Graziella Melchior,GrazieMelchior,twitter.com/GrazieMelchior,398,assembleenat:27; education_gouv:11; romeisabelle:11; didierlegac:10; emmanuelmacron:10; gabrielattal:9; finistere_29:9; fmpasquini:8; elisabeth_borne:8; sante_gouv:8; graziemelchior:7; yaelbraunpivet:5; rimaabdulmalak:5; aoc1978:5; j_denormandie:5; brestfr:4; gouvernementfr:4; v_riotton:4; an_droitsfemmes:4; ministerecc:4; fdsea_finistere:4; 1elisamoreno:4; an_afeco:4; lcp:3; lbb_hn:3; interieur_gouv:3; l_amf:3; sports_gouv:3; frcsbraun:3; celinecalvez:3
643134,Isabelle Valentin,isavalentin43,twitter.com/isavalentin43,398,republicains_an:80; isavalentin43:32; laurentwauquiez:29; lesrepublicains:23; damienabad:20; julienaubert84:14; fxbellamy:13; lcp:12; assembleenat:11; emmanuelmacron:10; brigitte_kuster:9; gdarmanin:9; gilleslurton:9; an_afsoc:9; j_pvigier:8; juliendive:7; sandrinechaix:7; anniegenevard:7; delahaye_europe:6; dubymuller:6; n_forissier:5; auvergnerhalpes:5; agnesbuzyn:5; directan:5; ericpauget1:4; eciotti:4; bonnivarde:4; ericwoerth:4; constancelegrip:4; youtube:4
721726,Sereine Mauborgne,sereineenmarche,twitter.com/sereineenmarche,396,mfesneau:30; fcbdeputeducher:20; renaudmuselier:15; emmanuelmacron:8; auroreberge:7; sereineenmarche:6; renaissancevar:5; rnational_off:5; gabrielattal:5; renaissance:5; brunolemaire:5; trudigoz:5; tcabarrus:5; seblecornu:5; defense137:5; deputesdem:4; sophiaaram:4; gdarmanin:4; var83000:4; elisabeth_borne:4; assembleenat:4; franceinsoumise:4; steph_sejourne:4; mirallesmp:3; phlottiaux:3; oliviagregoire:3; bertrandbouyx:3; franceinter:3; stephanie_rist:3; deputesre:3
608695,Cécile Untermaier,ceciluntermaier,twitter.com/ceciluntermaier,396,ceciluntermaier:20; cpiresbeaune:14; cnbarreaux:12; justice_gouv:12; bfmtv:10; montebourg:10; yaelbraunpivet:10; socialistesan:10; borisvallaud:8; p_brun:8; glthinktank:8; faureolivier:6; c_decourson:6; emmanuelmacron:6; franceinfo:6; ti_france:6; cnews:6; lehuffpost:6; lcp:6; humanite_fr:6; hatvp:6; bcazeneuve:6; gdarmanin:4; bayrou:4; rglucks1:4; syndicatavocats:4; mariannelemag:4; publicsenat:4; le_figaro:4; assembleenat:4
719770,Florian Bachelier,F_BACHELIER,twitter.com/F_BACHELIER,396,f_bachelier:14; vtremolet:12; emmanuelmacron:10; franceinter:10; sophiaaram:8; dominiquereynie:8; carolinefourest:8; bfmtv:8; seblecornu:8; lejdd:8; elysee:8; radiojfrance:8; grandelibrairie:6; faureolivier:6; arosencher:6; jlmelenchon:6; cavousf5:6; le_figaro:4; europe1:4; cemat_fr:4; jl7508:4; franctireurmag:4; etienneklein:4; mitrahejazipour:2; avecbachelier:2; france3bretagne:2; mariemesmeur:2; nathalieappere:2; lboichot:2; figarovox:2
721968,Michel Vialay,MichelVialay,twitter.com/MichelVialay,396,michelvialay:42; manteslajolie_:24; noplasticfrance:16; assembleenat:16; lesrepublicains:16; raphaelcognet:16; eciotti:16; republicains_an:14; pierre_bedier:14; les_yvelines:14; lcp:10; gerard_larcher:8; sophieprimas:8; cugpseo:8; aurelienpradie:6; prefet78:6; pjl_ppl_bot:6; chjacob77:6; letour:6; vpecresse:6; clairepitollat:6; lauriannerossi:6; ericwoerth:6; fxbellamy:6; wwffrance:4; mathildepanot:4; zerowastefr:4; parisnice:4; uae_france:4; max_brisson:4
719052,Loïc Kervran,LoicKervran18,twitter.com/LoicKervran18,396,deputeshorizons:38; seblecornu:24; ephilippe_lh:14; horizonsleparti:13; nunezlaurent:7; assembleenat:7; loickervran18:6; gdarmanin:5; sudradio:5; fnsea:5; lcp:5; an_defense:4; sdis_18:4; gewoessner:4; jeunesagri:4; bayrou:4; vonderleyen:3; udsp18:3; yaelbraunpivet:3; christophe_p:3; auroreberge:3; c_morancais:3; le_parisien:3; fnsea18:3; fnseacvl:3; ja18230:3; jlmelenchon:3; jl_thieriot:2; ini_invalides:2; jeanmoulliere:2
267233,Christophe Bouillon,Chris_Bouillon,twitter.com/Chris_Bouillon,394,petitesvilles:114; chris_bouillon:96; ancterritoires:82; f3normandie:16; fauredominique:16; leseulg:14; lafhfnormandie:10; villebarentin:10; prefet27:10; francebleu:8; prefet76:8; austreberthe:8; rouen2028:8; francoisegatel:6; thegoodfr:6; l_amf:6; transcite:6; agnesfirmin:6; christophebechu:6; cnews:6; rtlfrance:4; lcp:4; le_parisien:4; herve_morin:4; coriton_bastien:4; luccarvounas:4; unccas:4; croixrouge:4; prefet24:4; sabrinaroubache:4
719024,Christophe Blanchet,christoblanchet,twitter.com/christoblanchet,394,christoblanchet:62; lcp:58; assembleenat:52; deputesdem:38; unifab:34; modem:28; yaelbraunpivet:16; mfesneau:12; cnac_inpi:12; xvparlementaire:10; emmanuelmacron:10; sudradio:8; prefet14:8; bayrou:8; inpifrance:6; seblecornu:6; snujemengage:6; pybournazel:6; adumourier:4; christ:4; paz_olivier:4; gabrielattal:4; deauvillefr:4; elisabeth_borne:4; sarahelhairy:4; metafrance:4; brunomillienne:4; ygoosz:2; christobla:2; frontrep:2
720162,Philippe Bolo,phbolo,twitter.com/phbolo,393,phbolo:31; icepplastic:19; avrille49:17; opecst_:16; assembleenat:12; christophebechu:12; battistelmarie:9; deputesdem:9; lcp:8; patmaussion:8; valeriehayer:8; segrefr:7; leliondangers:7; modem:6; angers:6; an_afeco:5; oxygene_radio:5; maudgatel:5; rcfanjou:4; franceinter:4; prefet49:4; beconlesgranits:4; cathchabaud:4; besoindeurope:4; ouestfrance:3; mfesneau:3; uefrance:3; estebanpaulon:3; kateparminter:3; ciel_tweets:3
722312,Barbara Bessot Ballot,B_BessotBallot,twitter.com/B_BessotBallot,392,emmanuelmacron:29; oliviagregoire:27; rolandlescure:24; gabrielattal:18; yaelbraunpivet:15; renaissance:12; brunolemaire:12; stephanepini:12; avecvous:11; elisabeth_borne:10; b_bessotballot:9; an_afeco:8; la_cancoillotte:8; j_denormandie:8; gattalactu:7; lemoinearnaud:7; lrem70:7; f_patriat:6; alainchretien:6; jdecerle:6; mfesneau:6; sttravert:6; enmarchefr:6; valeriehayer:5; salondelagri:5; larem_an:5; destination70:5; e_dupondm:4; assembleenat:4; renaissance_70:4
346054,Emmanuel Maquet,emmanuel_maquet,twitter.com/emmanuel_maquet,391,emmanuel_maquet:70; xavierbertrand:53; patriciapoupart:33; republicains_an:16; fbleupicardie:13; assembleenat:12; lcp:12; lesrepublicains:10; sdecayeux:6; courrierpicard:5; f3picardie:5; merslesbains:5; hautsdefrance:5; beauvais2017:5; fdsea80:4; tbalesdent:4; shaussoulier:4; contribuables:4; dfasquelle:4; jeromebignon:4; bernstephane:3; chcoulon:3; barbarapompili:3; somme_fr:3; danieldubois80:3; lopinion_fr:2; cbeaune:2; gdarmanin:2; emmanuelmacron:2; prefet80:2
722366,Jean-Luc Fugit,Jean_LucFUGIT,twitter.com/Jean_LucFUGIT,391,gabrielattal:72; seblecornu:38; deputesensemble:33; assembleenat:26; anniegenevard:22; emmanuelmacron:15; gazdaujourdhui:10; prefetrhone:10; midy_paul:7; trudigoz:5; lcp:5; priscathevenot:5; jean_lucfugit:5; gouvernementfr:5; energiematin:5; renaissance:4; gdarmanin:4; elysee:3; med_energie:3; opecst_:3; jdecerle:3; amiel_david_:3; ufelectricite:3; an_afeco:3; cre_energie:3; stephanie_rist:2; agenda2030fr:2; bfmtv:2; bfmlyon:2; rnational_off:2
340357,Michèle Victory,victory_michele,twitter.com/victory_michele,390,socialistesan:97; victory_michele:23; cpiresbeaune:15; assembleenat:13; borisvallaud:13; lcp:12; valerie_rabault:11; najatvb:10; isasantiago_94:8; francebleuda:7; cafepedagogique:7; senateursps:7; conseil_constit:7; laurentughetto:7; hsaulignac:5; pnaillet:5; ceciluntermaier:5; confpaysanne07:5; prefet07:4; ledauphine:4; jmblanquer:4; albanegaillot:4; chantaljourdan:4; potierdominique:4; lejdd:3; hebdoardeche:3; emmanuelmacron:3; lamiaela:3; an_afcult:3; faureolivier:3
718860,Bénédicte Taurine,BenedictTaurine,twitter.com/BenedictTaurine,390,franceinsoumise:34; jlmelenchon:21; fiassemblee:11; ugobernalicis:11; ericcoquerel:10; benedicttaurine:8; brunolemaire:7; gouvernementfr:6; libe:5; confpaysanne:4; emmanuelmacron:4; clem_autain:4; portes_thomas:4; francois_ruffin:4; couturiercathy:3; carolinefiat54:3; gdarmanin:3; elisabeth_borne:3; simonnet2:3; sabinerubinfi93:3; canardenchaine:2; bilongocarlos:2; mfesneau:2; caroledelga:2; gabrielamard:2; mouvementdunid:2; prudhommeloic:2; lemondefr:2; juliegarnierfi:2; socialistesan:2
721560,Benjamin Griveaux,BGriveaux,twitter.com/BGriveaux,388,emmanuelmacron:38; jlmelenchon:36; assembleenat:14; franceinsoumise:10; partisocialiste:10; sandrousseau:9; elonmusk:8; faureolivier:7; mlp_officiel:7; rimahas:7; mathildepanot:7; guiraudind:7; charlie_hebdo_:6; carolinefourest:6; caronaymericoff:6; libe:6; realdonaldtrump:5; rnational_off:5; portes_thomas:5; aleaument:5; avecvous:5; sophiaaram:4; zelenskyyua:4; jeancastex:4; jl_thieriot:4; humanite_fr:3; marinetondelier:3; lepoint:3; cnews:3; modem:3
722382,Benjamin Dirx,BenjaminDirx,twitter.com/BenjaminDirx,388,villedemacon:24; paris2024:20; saoneetloire:17; aoc1978:13; prefet71:11; assembleenat:9; gabrielattal:7; laurentsmartin:6; emmanuelmacron:6; jeuxolympiques:6; valeriehayer:5; lejsl:4; gdarmanin:4; cbbs_basket:4; michelbarnier:4; tonyestanguet:4; f3bourgogne:3; courtois_jp:3; renaissance:3; lcp:2; lemondefr:2; schneiderelec:2; mariebarsacq:2; basketlfb:2; salondelagri:2; sports_gouv:2; accaryandre:2; equipefra:2; franceolympique:2; l_margueritte:2
642935,Olivier Becht,becht_olivier,twitter.com/becht_olivier,388,emmanuelmacron:28; francediplo:22; mincolonna:21; becht_olivier:14; lcp:6; businessfrance:6; czacharopoulou:4; elisabeth_borne:4; parisaeroport:4; charlesrodwell_:3; elysee:3; gouvernementfr:3; rolandlescure:3; gabrielattal:2; francediplo_en:2; rnational_off:2; jnbarrot:2; lafrenchtech:2; region_reunion:2; vigierphilippe:2; laurentsmartin:2; rpfranceue:2; seblecornu:2; challenges:2; france24_fr:2; olgagivernet:1; constancelegrip:1; fcbdeputeducher:1; deuxsevres:1; al_rousset:1
720814,Sébastien Cazenove,SebCazenove,twitter.com/SebCazenove,387,emmanuelmacron:43; rolandlescure:7; weillclaude:7; olivierveran:7; maudbregeon:5; jeancastex:5; larem66:5; enmarchefr:5; bfmtv:5; fderugy:4; cavousf5:4; xaviergorce:4; olivierdussopt:4; romaingrau:4; emma_ducros:3; _lepetitcaporal:3; thuiravenir:3; gdarmanin:3; elisabeth_borne:3; jeunesmacron:3; francerugby:3; e_dupondm:3; larem_an:3; publicsenat:3; fflose:3; ccastaner:3; laustmartin:3; charlotte_34mtp:3; elanoccitan:3; ericlagadec:2
720242,Bérangère Abba,b_abba,twitter.com/b_abba,386,ephilippe_lh:80; horizonsleparti:56; besoindeurope:30; pybournazel:24; valeriehayer:18; b_abba:16; horizonsjeunes:14; gillesboyer:10; franck_leroy_:10; jhm_fr:8; cestrosi:6; deputeshorizons:6; france3ca:6; marielebec78:6; nathalieloiseau:4; rtlfrance:4; leparisien_pol:4; franceinfo:4; gabrielattal:4; christophe_p:4; christophebechu:4; franceinter:4; fredvalletoux:4; bfmtv:4; libe:4; regiongrandest:4; gouvernementfr:2; rachelflore:2; knafo_sarah:2; bournazel2026:2
721956,Delphine O,odelphine,twitter.com/odelphine,385,francediplo:100; odelphine:33; mincolonna:26; aranchaglezlaya:19; ed_tallandier:19; emmanuelmacron:15; lyricthompson:15; jnbarrot:14; aclairelegendre:13; psiasciencespo:12; delphborione:11; bcouillard33:10; theffpcollab:10; sciencespo:10; amdescotes:9; franceonu:9; steph_sejourne:8; francediplo_en:7; un_women:7; afd_france:7; parispeaceforum:7; bjc_agua:6; yaelbraunpivet:6; franceonugeneve:6; presagegenre:6; femnetprog:6; hcefh:5; annebouverot:5; romeisabelle:5; berthonjeanmarc:5
719748,Émilie Chalas,EmilieCChalas,twitter.com/EmilieCChalas,382,terresdeprogres:22; carbonmodules:17; renaissance:14; renaissance_38:14; ericpiolle:14; olivierdussopt:12; valeriehayer:12; jeunesmacron38:8; pec2026:6; emiliecchalas:6; emmanuelmacron:6; ici_isere:5; ledl_grenoble:5; gdarmanin:5; agnesrunacher:5; steph_sejourne:5; carbon_pv:4; elisabeth_borne:4; elisamartingre:4; villedefos:4; galliardm:3; chloemorin2:3; gabrielattal:3; egajvpr:3; cavousf5:3; olivierveran:2; franceinfo:2; telegrenoble:2; canardenchaine:2; benjamindjiane:2
724827,Ramlati Ali,RamlatiAli,twitter.com/RamlatiAli,382,emmanuelmacron:20; ramlatiali:15; assembleenat:11; gouvernementfr:9; vidalfrederique:7; larem_an:5; seblecornu:5; tmohamedsoilihi:4; prefet976:4; modem976:3; macron2022:3; la1ere:3; ccastaner:3; lcp:3; an_afetr:3; lesoutremer:3; philippemichelk:3; e_dupondm:2; ambroise_mejean:2; avecvous:2; cclejdepamandzi:2; linfokwezi:2; chnfkassandrah:2; kamardine_m:2; parcoursup_info:2; 1elisamoreno:2; ainakuric:2; nassufdjailani:2; sebastiencron:2; thierrycron:2
695100,Meyer Habib,Meyer_Habib,twitter.com/Meyer_Habib,381,meyer_habib:47; i24news_fr:46; netanyahu:35; emmanuelmacron:28; auschwitzmuseum:17; cnews:16; gwgoldnadel:13; realdonaldtrump:11; jcoupable:7; 21newsbe:7; maitrepardo:6; cweillraynal:4; paroles_la:3; guiraudind:3; potus:3; brunoretailleau:2; challoncle:2; fhollande:2; phdumont:2; mossadil:2; gidonsaar:2; jnbarrot:2; oceanbreeze473:1; neta:1; bruno_attal_:1; meyer_h:1; gilbertcollard:1; egregoire:1; arnoklarsfeld:1; tsahal:1
606712,Gilles Lurton,gilleslurton,twitter.com/gilleslurton,380,villesaintmalo:79; saintmaloagglo:18; gilleslurton:16; regionsdefrance:8; laecum35:6; saintmaloville:5; xvcorsairerugby:5; nouv_energie:3; francoisegatel:3; sauveteursenmer:3; regionbretagne:3; laroutedurock:2; pascallegoff27:2; vendeeglobe:2; yannickmoreau:2; louisburtonoff:2; ensm:2; snbsm:2; snbsmtourvoile:2; telethon_france:2; quaidesbulles:2; theseacleaners:2; grdf:2; le_poool:2; sy_robert:1; festivalev:1; francealzheimer:1; yoannrichomme:1; a_leboeuf:1; charliedalin:1
719326,Séverine Gipson,severine_gipson,twitter.com/severine_gipson,380,seblecornu:38; prefet27:22; emmanuelmacron:16; gabrielattal:14; brunolemaire:14; coherence_e:11; armees_gouv:10; justintrudeau:8; assembleenat:8; yaelbraunpivet:7; gregoryallione:7; plantu:6; opexnews:6; sttravert:6; paris2024:5; rtlfrance:5; doziermarc:4; franceinfo:4; interieur_gouv:4; leparisien_pol:4; gendarmerie_027:4; lcp:4; agri_zoom:4; auroreberge:4; sdis27:4; elysee:3; gendarmerie:3; lemondefr:3; francetv:3; emmanuelchaunu:3
722358,Thomas Gassilloud,tgassilloud,twitter.com/tgassilloud,380,seblecornu:46; tgassilloud:32; emmanuelmacron:28; damiengirard56:14; gouvernementfr:10; opexnews:10; armees_gouv:8; dga:8; gendarmerie:8; elysee:8; an_defense:8; lcp:6; franceinfo:6; franckentheo:6; valdoise:6; franceencoree:6; pascalbtr:4; peuravion:4; anthony_gislain:4; cema_fr:4; renaulttrucksco:4; assembleenat:4; defense137:4; echiva:4; bfmtv:4; safran:4; armeedeterre:4; rmcinfo:4; romainmielcarek:4; gassilloud:4
720500,Valérie Petit,ValeriePetit_AN,twitter.com/ValeriePetit_AN,380,alexiskarklins:16; emmanuelmacron:16; rglucks1:14; mxsba:12; cidff_:10; rafael_eyth:10; gablattanzio:8; n_hervieu:8; erwanlenoan:8; cobra_fx_:6; sc_cath:6; lemondefr:6; democrats_eu:6; glthinktank:6; gillesgressani:4; zelenskyyua:4; lci:4; xavierbertrand:4; sachahoulie:4; ugobernalicis:4; le_figaro:4; nbouzou:4; bfmtv:4; diavictimes:4; chdelporte:4; raulmagniberton:4; seltzer_c:4; schelcher:4; davidcormand:2; barriere_dr:2
642724,Frédéric Barbier,Fred_Barbier,twitter.com/Fred_Barbier,380,gdarmanin:4; emmanuelmacron:2; lesburalistes:2; lcp:2; isavalentin43:2; assembleenat:2; fred_barbier:2; agnesbuzyn:2; linkedin:1; lesechos:1; jeancastex:1; catherineziri:1; f:1; f3franchecomte:1; jeremychevreuil:1; ccastaner:1; itolleret:1; europe2022fr:1; philippecoy:1; fjolivet36:1; jlmelenchon:1; e_dupondm:1; policenat25:1; modem:1; lestrepublicain:1; fnw_fr:1; chevenement:1; youtube:1; olivierdussopt:1; gillesavary:1
1874,Marc Le Fur,marclefur,twitter.com/marclefur,380,eciotti:20; marclefur:17; assembleenat:13; lefurcorentin:11; republicains_an:10; fxbellamy:9; youtube:9; laurentwauquiez:8; brunoretailleau:8; michelbarnier:8; oliviermarleix:8; julienaubert84:7; lesrepublicains:7; letelegramme:7; hissonshautbzh:7; ouestfrance:7; sdesallier:6; lcp:5; patrickhetzel:4; ilecallennec:4; ianboucard:3; jl_thieriot:3; loigcg:3; regionbretagne:3; emmanuelmacron:3; actufr:3; jeanlassalle:3; davidgaudu:3; anniegenevard:2; francetv:2
721314,Raphaël Schellenberger,RSCactu,twitter.com/RSCactu,380,rscactu:81; aurelienpradie:56; lcp:42; phdumont:17; lepoint:10; antoine_armand:10; juliendive:9; assembleenat:8; republicains_an:8; gewoessner:7; le_figaro:6; schelcher:6; f_bierry:5; kamardine_m:5; latribune:4; patrickhetzel:4; toutelalsace:4; bguyot1982:4; elisabeth_borne:4; bfm_alsace:3; maximeminot:3; lesrepublicains:3; zart_b:3; valeriefaudon:3; ufelectricite:2; lexpress:2; arosencher:2; outofcontext_an:2; tankenergies:2; gg_guerin:2
588886,Stéphane Le Foll,SLeFoll,twitter.com/SLeFoll,380,ofcourselemans:53; slefoll:34; lemansfc:27; publicsenat:22; partisocialiste:21; prefet72:16; afpfr:12; rtlfrance:12; jlmelenchon:11; msb_officiel:11; bayrou:11; ouestfrance:9; franceinfo:8; placepublique_:7; lemainelibre:7; pssarthe:6; icimaine:6; smmarvingt_off:6; fhollande:5; 24hoursoflemans:5; brunoretailleau:4; caroledelga:4; emmanuelmacron:4; 4per1000:4; lepoint:4; th_cozic:4; realdonaldtrump:4; faureolivier:4; michelbarnier:4; vibrationradio:4
722202,Sébastien Jumel,sebastienjumel,twitter.com/sebastienjumel,378,francois_ruffin:53; deputespcf:27; lcp:22; sebastienjumel:16; gabrielattal:12; fabien_gay:9; emmanuelmacron:8; lacgtcommunique:5; ouzouliasp:5; humanite_fr:5; brunolemaire:5; gilles_perret:4; binetsophie:4; andrechassaigne:4; nlanglois76:4; lemondefr:4; vspillebout:4; rolandlescure:3; deputesgdr:3; picardiedebout:3; asn:3; irsnfrance:3; 28minutes:3; gabriel_zucman:2; debout_fr:2; lci:2; mrlmateo:2; nicolassansu:2; brunodemande:2; p_vergriete:2
722398,Rémy Rebeyrotte,RRebeyrotte,twitter.com/RRebeyrotte,378,ccgam71:84; vincentchauvet:46; rrebeyrotte:38; autunville:38; ccdelautunois:30; lejsl:16; jslautun:14; cathyvalacci:12; f3bourgogne:8; obsterritoria:6; nf1987:6; awabot:4; lecese:4; cultureroutes:4; roxanabulmez:4; interconnectes:4; c_bonvalot:4; autun_infos:4; enzoni71:4; gipeaux:4; ecole_numerique:2; jeunesmacron71:2; laurentbacquart:2; sndgct:2; franiclode65:2; normandesvideos:2; inte:2; petitschanteurs:2; nrjchalon:2; lal:2
721916,Natalia Pouzyreff,npouzyreff78,twitter.com/npouzyreff78,378,npouzyreff78:45; colon_david:29; gabrielattal:26; emmanuelmacron:24; ihedn:17; viginum_gouv:17; deputesensemble:16; insp_fr:16; seblecornu:14; f_descartes:13; lcp:12; sander_vdlinden:12; leclemi:11; reseau_canope:11; cnews:8; jnbarrot:8; natopa:7; prefet78:6; assembleenat:6; an_defense:6; opexnews:5; costeslioneler:5; tkouilou:5; macronardsfm:5; leparis:5; thibautbruttin:5; etatmajorfr:4; renaissance:4; frenchresponse:4; franceinfo:4
721522,Xavier Batut,XavierBatut,twitter.com/XavierBatut,378,csnumpost:49; horizonsleparti:22; xavierbatut:21; horizons_an:14; ephilippe_lh:13; assembleenat:13; jnbarrot:12; gdarmanin:5; seinemaritime:5; mapoussier:5; stanguerini:5; an_defense:5; christophebechu:4; agnesfirmin:4; arcep:4; lmarcangeli:4; orange_france:4; prefet76:4; fftelecoms:4; infosdieppoises:4; bcouillard33:4; emmanuelmacron:3; christophe_p:3; seblecornu:3; lauredlr:3; valeriehayer:3; sdis76:3; dmichallet:3; clapotmireille:3; mfesneau:3
720002,Sarah El Haïry,sarahelhairy,twitter.com/sarahelhairy,377,sarahelhairy:20; solidarite_gouv:11; foulques44:10; sudradio:10; emmanuelmacron:9; stephanie_rist:8; bfmtv:7; reusmuriel1:7; franceinfo:7; rtlfrance:7; le_parisien:5; arcom_fr:5; presseocean:4; valerie_oppelt:4; lepointevents:4; lepoint:4; rmcinfo:4; laprovence:4; le_figaro:4; brutofficiel:3; eenfance:3; cavousf5:3; ent_de_creches:3; democrats_eu:3; dimpolitique:3; johanna_rolland:2; guillaumerichar:2; lsaconsommation:2; policenationale:2; jpatrierleitus:2
1327,Nicolas Forissier,N_Forissier,twitter.com/N_Forissier,376,emmanuelmacron:50; jnbarrot:42; seblecornu:36; n_forissier:22; francediplo:10; businessfrance:8; salondelagri:8; elysee:8; les_cce:6; publicsenat:6; anniegenevard:6; medef_i:4; omerbolattr:4; ekonomimcom:4; rcvaldeloire:4; malkassabi:4; wef:4; ademontchalin:4; francediplo_ar:4; francediplo_en:4; francekoweit:4; gauvinolivier:4; andrejplenkovic:4; maregionsud:4; noiweala:4; parmeling:4; khalid_alfalih:4; cnrs:2; triumflab:2; ubc:2
722070,Pierre Henriet,HenrietPierre,twitter.com/HenrietPierre,376,henrietpierre:42; assembleenat:21; emmanuelmacron:18; prefetvendee:18; opecst_:14; villefontenay:11; fdseavendee:10; villedelucon:9; stephanebuchou:9; sudvendee_em:9; depvendee:6; ephilippepm:6; senat:5; javendee:5; j_denormandie:5; villeaiguillon:5; cpme_85:4; elisabeth_borne:4; pmaraispoitevin:4; gdarmanin:4; an_afcult:4; an_opecst:4; renaissanceflc:4; brunolemaire:4; villanicedric:4; pgallerneau:4; deputeshorizons:3; ephilippe_lh:3; gouvernementfr:3; yvesauvinet:3
720378,Richard Lioger,RichardLioger,twitter.com/RichardLioger,375,emmanuelmacron:65; sretailleau:33; elisabeth_borne:18; fcbdeputeducher:17; rolandlescure:14; sophiaaram:13; richardlioger:13; jeremysebbane:12; enmarche57:11; steph_sejourne:9; ludovicmds:7; assembleenat:6; ephilippe_lh:6; bfmtv:6; christophearend:5; frcsbraun:5; a_villeneuve:5; magazinecapital:5; hebdo_lasemaine:5; lcp:4; gabrielattal:4; moreaujb23:4; gdarmanin:4; jlmelenchon:4; renaissance:4; bayrou:4; richardferrand:4; lerepu:4; sgetto:4; avecvous:4
606639,Patrick Vignal,PatrickVignal,twitter.com/PatrickVignal,375,gabrielattal:46; bfmtv:29; sudradio:24; patrickvignal:20; renaissance:18; cnews:13; alucedelage:9; lci:8; drjeromemarty:8; albaneblt:7; jad_zahab:6; nathalieoziol:5; francoisedegois:5; zohrabitan:5; assembleenat:5; wargonm:4; sophiaaram:4; jeromeguedj:4; macronardsfm:4; lilibrinderbe:3; priscathevenot:3; laurossignol:3; karlolive:3; emmanuelmacron:3; jpatrierleitus:3; husseinbourgi:3; virgowhallala:3; prefet34:3; tf1info:2; bfmgrandsoir:2
718728,Laurence Vanceunebrock,LaurenceVanceu,twitter.com/LaurenceVanceu,372,raphaelgerard17:37; tcabarrus:35; laurencevanceu:33; progressistlgbt:16; blondeaualexis:15; emmanuelmacron:13; rienaguerir:11; modem:11; isabellerosu:11; deputesre:11; ilgaeurope:10; gdarmanin:9; eric_jallet:8; gabrielattal:7; mystic_cayman:7; albertoteyant:7; lecoindeslgbt:6; soshomophobie:6; priscathevenot:5; 1elisamoreno:5; oliviagregoire:5; elisabeth_borne:5; romeisabelle:5; jbmarteau:4; renaissance:4; auroreberge:4; dilcrah:4; erwanbalanant:4; jeanlucromero:4; grudlerch:4
721538,Muriel Roques-Etienne,MRoquesetienne,twitter.com/MRoquesetienne,372,emmanuelmacron:83; larem_an:40; jeancastex:13; enmarchefr:13; renaissanceue:11; richardferrand:11; avecvous:11; j_denormandie:11; valeriehayer:10; renaissanceue81:9; renaissance_ue:9; gouvernementfr:8; assembleenat:8; lesrepublicains:8; enmarche81:7; elisabeth_borne:7; brunolemaire:7; gdarmanin:7; vpecresse:7; mfesneau:6; steph_sejourne:5; yaelbraunpivet:5; jeanterlier:5; agnesrunacher:5; brigbourguignon:5; grudlerch:4; castresrugby:4; olivierveran:4; sttravert:4; verdierjouclas:3
720480,Charlotte Parmentier-Lecocq,lecocqcharlotte,twitter.com/lecocqcharlotte,370,emmanuelmacron:46; seblecornu:29; jeanmoulliere:14; stephanie_rist:13; assembleenat:10; gouvernementfr:9; marina_ferrari:9; v_riotton:9; jpfarandou:8; gdarmanin:7; solidarite_gouv:7; bfmtv:5; edouardgeffray:5; f_gernigon:5; agefiph_:5; f3nord:4; jnbarrot:4; senat:4; lcp:4; ars_hdf:4; cncph_fr:4; annececilevio:4; mariealefur:4; alehenanff:4; elysee:4; europe1:4; horizonsleparti:4; christianpoiret:3; bayrou:3; michelbarnier:3
719668,Patricia Mirallès,MIRALLESMP,twitter.com/MIRALLESMP,370,emmanuelmacron:58; seblecornu:46; bleuetfrance:34; armees_gouv:16; nunezlaurent:8; mirallesmp:8; midilibre:8; dp_leparti:6; armeedeterre:6; radionotredame:6; radiorcf:6; prefet06:4; yannmarecprod:4; macronardsfm:4; barbaraderathe:4; montpellierhsc:4; pompiersherault:4; le_figaro:4; franceinsoumise:4; libe:4; lucalbernhe:4; nathalieoziol:4; 1erspahis:4; fs_francaises_:4; dilcrah:4; elysee:4; le_parisien:4; cemat_fr:4; cemm_fr:4; onacvg:4
719060,Christophe Jerretie,chrisjerretie,twitter.com/chrisjerretie,368,labanquepostale:84; groupelaposte:72; limogeshandball:18; fftennis:18; regionsdefrance:16; frahandball:16; modem:12; i4ce_:12; emmanuelmacron:12; an_collterr:10; assembleenat:10; modemcorreze:10; lpnews_na:10; intercodefrance:8; wansquare:8; elisabeth_borne:8; l_amf:8; lagazettefr:6; reneweuropefra:6; nathqueencole:6; fedepl:4; acteurspublics:4; senat:4; cercle_eco:4; benoitleguet:4; celleisabelle:4; amalriccatheri1:4; renaissancecor2:4; montagnetulle:4; courdescomptes:4
721836,Jean-Noël Barrot,jnbarrot,twitter.com/jnbarrot,363,emmanuelmacron:58; jnbarrot:21; francediplo:16; seblecornu:14; lci:11; bfmtv:9; modem:4; elysee:4; benjaminhaddad:3; franceinter:3; le_parisien:2; gouvernementfr:2; zelenskyyua:2; andrii_sybiha:2; franceinfo:2; rtlfrance:2; caroiteleonore:2; pa_anglade:2; aussenminde:1; carole_guillerm:1; jd_berger:1; unreliefchief:1; valeriehayer:1; ladepechedumidi:1; libe:1; institutfrance:1; j_democrates:1; jeunesenmarche:1; levenementftv:1; ouestfrance:1
267901,Mansour Kamardine,Kamardine_M,twitter.com/Kamardine_M,362,phgosselin:116; droiterep_an:74; lesrepublicains:68; oliviermarleix:32; brunoretailleau:26; laurentwauquiez:24; assembleenat:16; kamardine_m:14; lcp:10; marinenationale:6; ligne__droite:6; emmanuelmacron:6; causeur:6; bayrou:6; gendarmerie:4; deputeeestelle:4; an_comlois:4; conseil_constit:4; destexhe:4; sudradio:4; fxbellamy:4; lesrep_senat:4; senat:4; censuregouv:2; vigierphilippe:2; mlp_officiel:2; sbastien_martin:2; ferraccimarc:2; labnf:2; mayottela1ere:2
332228,Thierry Benoit,ThierryBenoit35,twitter.com/ThierryBenoit35,360,assembleenat:36; thierrybenoit35:26; lcp:26; fougeresbasket:18; michelbarnier:12; horizons_an:12; lmarcangeli:10; gendarmerie:10; anniegenevard:8; francoisegatel:8; naimamoutchou:8; christophe_p:8; deputeshorizons:6; gdarmanin:6; lecocqcharlotte:6; fredvalletoux:6; emmanuelmacron:6; psimonof:6; fhollande:4; le20hfrancetele:4; boblecentriste:4; slefoll:4; jeunesagri35:4; emmanuelchaunu:4; brunomillienne:4; deputeeestelle:4; outremer_gouv:4; gouvernementfr:4; phgosselin:4; publicsenat:4
330357,Olivier Dussopt,olivierdussopt,twitter.com/olivierdussopt,360,emmanuelmacron:166; elysee:20; dp_leparti:16; jeunesenmarche:8; sophiaaram:6; carolinefourest:6; nbouzou:6; mvignaud:6; francediplo:4; lcp:4; nunezlaurent:4; xjaravel:4; emiliecchalas:4; lci:4; bfmtv:4; zelenskyyua:4; olivierdussopt:4; ensemble_ue:2; ambdeenfr:2; bundeskanzler:2; lebrac21:2; theeconomist:2; weillclaude:2; gablattanzio:2; a_bergeaud:2; lem:2; ph_aghion:2; arminarefi:2; renaissance:2; jlbourlanges:2
1498,Claude Goasguen,ClaudeGoasguen,twitter.com/ClaudeGoasguen,360,fszpiner:144; datirachida:118; claudegoasguen:44; juliengdj:26; samiabadat:22; lesrepublicains:20; verobucaille:18; datipourparis:16; jeremy_redler:14; b_lecouturier:14; ali_oubaali:10; bruliomar:8; lr75_16:8; sboelle:8; danielegiazzi:8; ariellevyparis:8; agnesbuzyn:6; lci:6; anne_hidalgo:6; cbe16:6; sophymallet:6; danlr26:6; hannasebbah:4; danlr16:4; jeanbouinparis:4; netanyahu:4; jeanheloujh:4; birabenanne:4; lrepublicains75:4; rtlfrance:4
722110,Hubert Wulfranc,HubertWulfranc,twitter.com/HubertWulfranc,360,hubertwulfranc:36; deputespcf:32; rouenpcf:26; fabien_roussel:18; lcp:14; sebastienjumel:14; andrechassaigne:10; pcf:8; deputesgdr:8; calameo:8; defenseaxessud1:6; senateurscrce:4; garessos:4; assembleenat:2; joelaviragnet:2; david_valence:2; f3normandie:2; hubertwulfran:2; fabien_gay:2; orvaultpcf:2; parlementscpo:2; sciencespo:2; l_deffontaines:2; larelevelapeste:2; manuel_domergue:2; cyrielle_chtl:2; mathildepanot:2; yannickmonnet3:2; humanite_fr:2; uvlu:2
721542,Marie-Christine Verdier-Jouclas,verdierjouclas,twitter.com/verdierjouclas,360,onacvg:160; mirallesmp:88; bleuetfrance:58; armees_gouv:50; emmanuelmacron:30; verdierjouclas:30; lfpfr:30; seblecornu:24; gouv_mili_paris:10; struthof_kl:6; armee_de_lair:6; montvalerienof:6; fauredominique:6; sallepleyel:4; jl_thieriot:4; francerugby:4; ginettept:4; ini_invalides:4; elisabeth_borne:4; prefet57:2; rsma_guadeloupe:2; prefet972:2; 11_fabre:2; dguillaume26:2; prefet67:2; imarabe:2; cema_fr:2; hc_polynesie987:2; outremers360:2; bestdefense_:2
720286,Caroline Fiat,CarolineFiat54,twitter.com/CarolineFiat54,360,prunebourbon:54; mbompard:44; jlmelenchon:40; franceinsoumise:38; gacciob:20; l_insoumission:20; clemence_guette:14; carolinefiat54:14; emma_frr:14; fiassemblee:12; hadrienclouet:10; lachaudb:10; ludodelaherche:10; mathildepanot:8; fabien_gay:6; libe:4; alma_dufour:4; emmanuelmacron:4; farida_amrani_:4; ludodelaher:4; frapiquemal:4; leoniehebert68:4; gabriellecthl:4; bayrou:4; ouzouliasp:2; glupatate:2; realmarcel1:2; actualitte:2; caronaymericoff:2; annetestuz:2
721932,Marie-France Lorho,FranceLorho,twitter.com/FranceLorho,360,mlp_officiel:72; groupern_off:68; rnational_off:24; j_bardella:20; h2lepinau:10; cathrimbert84:10; rnvaucluse:10; assembleenat:8; francelorho:4; phdebeauregard:4; cnews:4; jphtanguy:4; fnsea:2; vigneronindep:2; l_bouffard_off:2; fr:2; nadinelechonrn:2; thierrymariani:2; eu_commission:2; laurenceferrari:2; somabrouk:2; javaucluse:2; pascalmarkowsky:2; florelle84:2; marionmarechal:2; jeunesagri:2; sf_siege:2; louis_aliot:2; jphta:2; tavernemich:2
720230,Lise Magnier,lise_magnier,twitter.com/lise_magnier,360,equipefra:102; assembleenat:40; yaelbraunpivet:30; horizons_an:30; lise_magnier:16; chalonsagglo:16; chevaliersenat:12; horizonsleparti:10; prefet51:10; ephilippe_lh:10; seblecornu:10; franck_leroy_:10; christophe_p:8; cavautrin:8; jm_roze:8; villedereims:6; deputeshorizons:6; emmanuelmacron:6; jnbarrot:6; foiredechalons:6; arnaudrobinet:6; armees_gouv:4; benoistapparu:4; interieur_gouv:4; christianbruyen:4; christophedany1:4; michelbarnier:4; an_defense:4; lisemagnier:2; rcfcoeurdechamp:2
719700,Philippe Huppé,PhilippeHuppe,twitter.com/PhilippeHuppe,360,partiradical:54; fauredominique:53; delgenvma:30; partiradical34:23; emmanuelmacron:21; oliviagregoire:14; horizonsleparti:13; gabrielattal:12; laurenthenart:11; rimaabdulmalak:11; gendarmerie:9; philippehuppe:9; valeriehayer:8; ephilippe_lh:7; mfesneau:7; elisabeth_borne:7; ateliersdart:7; bfmtv:6; nbouzou:6; rolandlescure:5; renaissance:5; modem:5; publicsenat:5; modem34:5; elysee:5; olga_johnson:4; dominiquereynie:4; gendarmerie_034:4; vinetsociete:4; caroledelga:4
267429,Dino Cinieri,DinoCinieri,twitter.com/DinoCinieri,360,dcinieri2026:92; dinocinieri:41; saint_2026:30; jcinieri2026:29; jeuneslr42:26; laurentwauquiez:19; auvergnerhalpes:18; antoine_pomeon:17; elus_lr_dvd_sc:16; lrepublicains42:15; rkarulak:13; lesrepublicains:13; asseofficiel:11; lesjeunesavecdc:11; saint_etienne_:8; jeunesreps:7; prefecture42:7; figurespublique:6; icisaintetienne:5; brunoretailleau:5; ecomnews_agenda:5; theo_amsaadi:4; fredericprou:3; eluscontresida:3; publicsenat:3; leprogresloire:3; dep_loire42:3; plantu:3; activradio:2; radical_42:2
267440,Éric Diard,DiardEric,twitter.com/DiardEric,360,paroles_la:41; limportant_fr:20; le_figaro:13; policescsi:8; plantu:7; fs_francaises_:7; le_parisien:5; bfmmarseille:5; lmpositif:5; bfmtv:4; 36_qdo:3; jcbrisard:3; cdanslair:3; malbrunot:3; lci:3; latifaibnz:2; arminarefi:2; gabriele_corno:2; jlborloo:2; francetv:2; actufoot_:2; canardenchaine:2; franceinter:2; afpfr:2; virginie1landry:2; pierrelescure:2; lecontempiateur:2; amourskycyrille:2; lfc__fr:2; historyrock_:2
719210,Bruno Joncour,BJoncour,twitter.com/BJoncour,360,emmanuelmacron:61; assembleenat:43; jy_ledrian:28; afpfr:26; an_afetr:24; bayrou:14; bfmtv:14; franceinfo:11; letelegramme:10; prefet22:9; ouestfrance:8; villedestbrieuc:6; halaabouhassira:5; stadebriochin:5; fpetitan:5; modem:5; mfesneau:4; cbeaune:4; lepenthievre:3; jeancastex:3; richardferrand:3; le_parisien:3; deputesdem:3; patrickmignola:3; ouestfrance22:3; maudgatel:2; gdarrieussecq:2; mickaelcosson22:2; sarahelhairy:2; zelenskyyua:2
721718,Stéphanie Do,DoStephanie_77,twitter.com/DoStephanie_77,360,emmanuelmacron:68; prefet77:21; elisabeth_borne:19; francediplo:12; gouvernementfr:8; gabrielattal:8; steph_sejourne:5; renaissance:5; jlmelenchon:5; elysee:4; assembleenat:4; brunolemaire:4; mincolonna:4; efs_dondesang:4; osalleron:4; wpleadersorg:4; un:4; gdarmanin:3; agnesrunacher:3; jnbarrot:3; paris2024:3; valeriehayer:3; afpfr:3; france_unesco:3; yaelbraunpivet:3; europe1:3; antoine_armand:2; franceinter:2; thom_astro:2; nbelloubet:2
722390,Josiane Corneloup,J_Corneloup,twitter.com/J_Corneloup,359,republicains_an:19; lesrepublicains:11; j_corneloup:7; damienabad:4; julienaubert84:3; aurelienpradie:3; brigitte_kuster:3; gouvernementfr:2; assembleenat:2; lcp:2; davidlisnard:1; udsp71:1; outlook:1; chjacob77:1; enmarchefr:1; fabiendifilippo:1; lesrepublic:1; ericwoerth:1; lejdd:1; verolouwagie:1; phdumont:1; dfasquelle:1; g_peltier:1; valerieboyer13:1; cetudiantsante:1; droiteuniv:1; doorjean:1; nicolassarkozy:1; bfmtv:1
718902,Cédric Roussel,CedricRoussel06,twitter.com/CedricRoussel06,358,emmanuelmacron:84; aoc1978:36; brunolemaire:30; paris2024:28; xvparlementaire:28; economie_gouv:22; lequipe:16; rolandlescure:16; gabrielattal:10; yaelbraunpivet:10; salondes_sports:10; rmcsport:10; nice_matin:8; newstankfoot:8; francerugby:8; bpifrance:6; assembleenat:6; bfmcotedazur:6; cosmosportif:6; dgentreprises:6; senat:4; cedricroussel06:4; jeuxolympiques:4; gouvernementfr:4; obs_sport_biz:4; elysee:4; franceolympique:4; agence_du_sport:4; france2023:4; oliviagregoire:4
605036,Damien Abad,damienabad,twitter.com/damienabad,358,departement_ain:36; emmanuelmacron:16; oyonnaxrugby:14; letour:12; nantuamaville:8; gabrielattal:6; gdarmanin:4; karlolive:4; assembleenat:4; leprogresain:4; nicolassarkozy:4; francoisbelay:4; tourdelain:4; agnesrunacher:4; prefet01:4; brunoretailleau:2; jeuxolympiques:2; eciotti:2; jp_thomasset:2; memorializieu:2; jlbourgbasket:2; jmzulesi:2; handihardi21:2; loickervran18:2; kevinphalippon:2; frahandball:2; enfantain01:2; sectionpaloise:2; ffcyclisme:2; georgesblancoff:2
722178,Jacques Maire,JMaireofficiel,twitter.com/JMaireofficiel,358,encommun_parti:48; pace_news:46; aldeparty:28; vkaramurza:26; jmaireofficiel:24; navalny:22; franceosaka2025:20; emmanuelmacron:20; libe:12; coe_fr:12; ekaramurza:10; confront_europe:10; coe:10; assembleenat:10; cfdt:6; clapotmireille:6; becht_olivier:6; lcp:6; mariefontanel67:6; barbarapompili:6; pace_legalhr:6; iulibulai:6; ua_parliament:6; france3paris:6; maryliseleon:4; sophiaaram:4; olgaprokopieva:4; rus_lib:4; cecile_rilhac:4; mohamedbazoum:4
609590,Valérie Rabault,Valerie_Rabault,twitter.com/Valerie_Rabault,358,rglucks1:58; caroledelga:30; plantu:24; borisvallaud:20; socialistesan:20; valerie_rabault:14; aurorelalucq:12; mdelafosse:12; placepublique_:10; lequipe:8; p_brun:6; ladepeche82:6; zelenskyyua:6; partisocialiste:6; maliteo63:6; midilibre:4; sandumaiamd:4; senateursps:4; nicolasmayernmr:4; perladanan:4; pcf_82:4; sebvincini:4; cavousf5:4; telematin:4; brunolemaire:4; claire_fita:4; patrickkanner:4; mlmontpellier:4; mdelmestre:4; cpaveyron:2
719660,Christelle Dubos,duboschristelle,twitter.com/duboschristelle,358,emmanuelmacron:46; rolandlescure:12; duboschristelle:12; larem_an:12; ephilippe_lh:10; marleneschiappa:10; olivierveran:10; horizonsleparti:6; assembleenat:6; elisabeth_borne:6; beaudouinso:6; macron2022:6; enmarchegironde:6; publicsenat:6; brunolemaire:6; gendarmerie:4; cnaf_actus:4; azizskalli:4; patricebegay:4; avecvous:4; claudemalhuret:4; elisefajgeles:4; emmwargon:4; joelgiraud05:4; laustmartin:4; lcp:4; itolleret:4; al_rousset:4; bcouillard33:4; dbaichere:4
722046,Aurore Bergé,auroreberge,twitter.com/auroreberge,358,emmanuelmacron:34; franceinfo:22; auroreberge:22; cnews:22; europe1:20; frhaz:14; bfmtv:12; seblecornu:10; reunionla1ere:8; i24news_fr:6; sudradio:6; somabrouk:6; sandrinejossoan:6; lcp:6; lepoint:4; franceinsoumise:4; simonnetdeputee:4; benjaminhaddad:4; mariannelemag:4; lejdd:4; renaissance_78:4; v_riotton:4; egalite_gouv:4; auroreb:4; radiojfrance:4; monajafarian:2; carolineyadan:2; sylvainmaillard:2; le_parisien:2; laurentsorel:2
721576,Sylvie Bouchet Bellecourt,SBouchetB,twitter.com/SBouchetB,358,loic_rousselle:30; republicains_an:16; drjeromemarty:9; idelencolere:8; vpecresse:7; yannickneuder:6; ecologie_centre:6; femmesdeputees:5; vlacroute:5; lcp:5; gustaveroussy:4; loicdombreval:4; sdis77:4; an_devdur:4; damienabad:4; avecvalerie:4; lesrepublicains:4; cfontainebleau:4; r_bachelot:4; ghislainesicre:3; barriere_dr:3; philippejuvin:3; prefet77:3; leqdm:2; sante_gouv:2; fbb_officiel:2; mobilitereduit1:2; agribretagne:2; cblocs:2; lebars42317281:2
721808,Michèle Crouzet,michelecrouzet,twitter.com/michelecrouzet,357,an_afeco:36; deputesdem:28; emmanuelmacron:23; modem:20; assembleenat:14; j_denormandie:9; b_bessotballot:8; michelecrouzet:7; jblemoyne:6; denisthuriot:6; maudgatel:5; brunomillienne:5; brunolemaire:5; victor_albrecht:5; gdarmanin:5; agri_gouv:5; patrickmignola:5; bfc_region:5; jnbarrot:4; olivierdussopt:4; prefet89:4; jeancastex:4; jeunesmacron89:4; departement89:4; apcmafrance:4; mfesneau:3; grudlerch:3; bayrou:3; e_dupondm:3; elisabeth_borne:3
719488,Philippe Berta,PBertaGard,twitter.com/PBertaGard,356,assembleenat:24; an_afcult:24; pbertagard:22; sretailleau:20; cavautrin:18; objectifgard:14; opecst_:14; mfesneau:14; deputesdem:14; modem:12; rolandlescure:12; alliancemr:10; emmanuelmacron:10; telethon_france:8; gabrielattal:8; jnbarrot:6; midilibre:6; acadsciences:6; institutpasteur:6; acadmed:6; fredvalletoux:6; bayrou:4; gdarrieussecq:4; opecst:4; ericvivier1:4; innatepharma:4; acolson_:4; letrombinoscope:4; nbelloubet:4; besoindeurope:4
720846,Bastien Lachaud,lachaudb,twitter.com/lachaudb,356,mbompard:61; jlmelenchon:37; bardouxthomas:31; franceinsoumise:20; abomangoli:17; rimahas:16; mathildepanot:13; guillaumlescaut:9; l_insoumission:7; ericcoquerel:6; chikirouparis:5; sebastiendelogu:4; paulvannierfi:4; deputee_obono:4; mehmetozguner46:3; l_addouche:3; fiassemblee:3; alydiouara:2; ballybagayoko:2; aurelien_le_coq:2; manonaubryfr:2; juliamignacca:2; faureolivier:2; jeraeve:2; boucherbrigit:2; aleaument:2; lunionpopulaire:1; ol:1; azzedinetaibi:1; alladinesalim:1
722062,Florence Granjus,fgranjus,twitter.com/fgranjus,356,emmanuelmacron:43; larem_an:35; agri_gouv:24; sante_gouv:23; ecologie_gouv:23; elisabeth_borne:22; gouvernementfr:22; ministerecc:18; education_gouv:18; les_yvelines:13; francediplo:12; travail_gouv:12; europe2022fr:11; interieur_gouv:11; uefrance:10; elysee:8; prefet78:8; economie_gouv:8; enmarche78:7; gdarmanin:7; an_afcult:7; yaelbraunpivet:6; marielebec78:5; jmblanquer:5; avecvous:5; assembleenat:4; auroreberge:4; cbeaune:4; brunomillienne:4; karlolive:4
337633,Annick Girardin,AnnickGirardin,twitter.com/AnnickGirardin,354,mergouv:27; gouvernementfr:22; emmanuelmacron:21; annickgirardin:13; partiradical:4; eu_commission:4; rserraosantos:4; sauveteursenmer:4; cbeaune:4; ifremer_fr:4; outremers360:3; ensm:3; lcp:3; _lemarin:3; marinenationale:3; vsinkevicius:3; elysee:3; senat:3; bferriescorpo:3; publicsenat:2; rdse_senat:2; la1ere:2; rtlfrance:2; seblecornu:2; jeancastex:2; yannickbestaven:2; ceremacom:2; seashepherdfran:2; b_abba:2; francediplo:2
335532,George Pau-Langevin,Pau_Langevin,twitter.com/Pau_Langevin,354,socialistesan:41; pau_langevin:32; anne_hidalgo:18; lcp:16; assembleenat:16; ericpliez:15; fhollande:8; lamiaela:8; mairiedu20:8; tchevandier:7; partisocialiste:6; valerie_rabault:6; patrickkanner:6; ekoncarine:6; gouvernementfr:6; franceotv:6; ps20eme:5; paris20encommun:5; paris:4; potierdominique:4; frebsamen:4; hamidou_samak:4; bertranddelanoe:4; ccastaner:4; conseil_constit:3; mpdelagontrie:3; streetpress:3; emmanuelmacron:3; senateursps:3; lehuffpost:3
720746,Sylvain Waserman,SylvainWaserman,twitter.com/SylvainWaserman,354,sylvainwaserman:34; emmanuelmacron:33; mlalerte:15; ademe:13; modem:12; rebeccabreitman:11; modemalsace:9; cbeaune:9; assembleenat:8; elodiejala:6; deputesdem:6; sarahelhairy:5; fabienne_keller:5; bayrou:5; jeancastex:5; ti_france:5; lh_lehavre:3; ephilippe_lh:3; yaelbraunpivet:3; lemondefr:3; thibaudphilipps:3; purpoz_appli:3; lcp:3; klinkertbrigitt:3; gouvernementfr:2; lagazettefr:2; christophebechu:2; f3normandie:2; brunobonnelloff:2; unistra:2
335054,Marietta Karamanli,MKaramanli72,twitter.com/MKaramanli72,354,socialistesan:58; borisvallaud:17; mkaramanli72:15; valerie_rabault:11; lcp:9; cpiresbeaune:9; faureolivier:8; rglucks1:8; p_brun:8; partisocialiste:7; joel7215:7; assembleenat:7; prefet72:7; elusceslemans:6; ym_herve:6; lemainelibre:5; jeromeguedj:5; gillesleproust:4; an_afeur:4; pace_news:4; ouestfrance72:3; arthurdelaporte:3; ceciluntermaier:3; mickaelbouloux:3; emmanuelmacron:3; senateursps:3; libe:2; bfmtv:2; clergeau:2; leseulg:2
722008,Martine Leguille-Balloy,LeguilleBalloy,twitter.com/LeguilleBalloy,352,j_denormandie:54; agri_gouv:20; emmanuelmacron:19; brunolemaire:11; moreaujb23:10; leguilleballoy:9; ffequitation:7; fdseavendee:7; gbessonmoreau:7; lucbouard:6; pierreventeau:5; joelgiraud05:5; letrot:5; olivierdam1:5; valeriehayer:4; jeunesmacron_85:4; jeancastex:4; larem_an:4; depvendee:4; e_dupondm:4; larem_vendee:3; tvvendee:3; prefetvendee:3; baronadrien:3; chambagripdl:3; enmarchefr:3; ifce_officiel:3; jdecerle:3; assembleenat:3; salondelagri:3
719412,Sandrine Le Feur,SandrineLeFeur,twitter.com/SandrineLeFeur,351,sandrinelefeur:10; an_devdur:8; assembleenat:7; christophebechu:7; jmzulesi:6; lcp:5; emmanuelmacron:5; gabrielattal:4; ccesoir:4; brunolemaire:4; deputesensemble:3; cpelichy:3; letelegramme:3; mfesneau:3; priscathevenot:3; antoinevermorel:2; renaissance:2; agnesrunacher:2; jlmelenchon:2; le_nouvelobs:2; tlgmorlaix:2; michelbarnier:2; elisabeth_borne:2; renaissance_29:2; ouestfrance:2; deputesre:2; pcanfin:2; bcouillard33:2; bayer_fr:2; louisboyard:2
721742,Isabelle Florennes,iflorennes92,twitter.com/iflorennes92,351,uc_senat:54; iflorennes92:33; modem:25; modem92:24; publicsenat:20; senat:15; hervemarseille:14; jnbarrot:11; jlbourlanges:10; gabrielattal:10; isabelledecrecy:10; valeriehayer:9; besoindeurope:9; femmeazadi:7; orianemancini:7; carole_guillerm:6; mfesneau:6; laurent_sceaux:5; bfmtv:5; emmanuelmacron:5; maaroufi9:5; francoisegatel:5; auretrot1:5; seblecornu:4; villedesuresnes:4; paris2024:4; ephilippe_lh:4; pierrecazeneuve:4; gillesboyer:4; md_rouxlindtner:4
719108,Raphaël Gérard,RaphaelGerard17,twitter.com/RaphaelGerard17,350,gabrielattal:14; renaissance:13; macronardsfm:11; mauricemartin01:10; pybournazel:7; valeriehayer:6; emmanuelmacron:6; gattalactu:6; olivierfalorni:6; jlmelenchon:5; serfi85135960:5; weberfrancois1:5; j_bardella:5; frontrep:5; mlp_officiel:5; dumortieremily:5; surmulotsnews:4; amontezuma:4; nathalieloiseau:4; jboovii:4; wargonm:4; priscathevenot:4; sophiaaram:4; jeunesenmarche:3; franceinter:3; seblambda:3; teamrep2022:3; agnesrunacher:3; mathieumlefevre:3; bfmtv:3
2828,Alain Tourret,AlainTourret,twitter.com/AlainTourret,349,youtube:25; alaintourret:21; sudradio:9; rrdpdep:8; valerie_expert:7; georgesfenech:7; richardferrand:6; madamefromagefr:3; richezlerouge:3; drapeauxsfv:3; lepreaucdn:3; gerardcollomb:3; basphilippe:3; tourret2017:3; twitter:3; bfmbusiness:3; lci_cvc:3; lci:2; fhollande:1; moreauchevrolet:1; solere92:1; tatou752:1; ftviastella:1; bcazeneuve:1; najatvb:1; jl_nadal:1; florencebessy:1; pascalallizard:1; nelsonmandela:1; cecileduflot:1
722054,Nadia Hai,NadiaHai78,twitter.com/NadiaHai78,348,emmanuelmacron:158; jnbarrot:43; dimed_meae:21; gabrielattal:19; francediplo:17; renaissance:14; elysee:13; nadiahai78:6; frenchresponse:2; ambafrancemaroc:2; ambamarocfrance:2; tamaraelzein:2; bfmtv:2; franceonu:2; ambroise_mejean:2; psg_inside:2; priscathevenot:2; cavautrin:1; aclairelegendre:1; bariza_khiari:1; jmbor:1; mirallesmp:1; olivierdussopt:1; stanguerini:1; lafrenchtech:1; nawafsalam:1; enmaroc:1; thierrybreton:1; actufoot_:1; beinsports_fr:1
720318,Hélène Zannier,HeleneZannier,twitter.com/HeleneZannier,347,emmanuelmacron:24; brunolemaire:16; agnesrunacher:16; olivierveran:13; nadiahai78:12; avecvous:10; enmarche57:9; jeancastex:9; lisesimon14:8; franceinter:7; olivierdussopt:7; assembleenat:6; gouvernementfr:6; larem_an:5; sarahelhairy:5; prefet57:5; helenezannier:4; elisabeth_borne:4; fabienne_keller:4; richardlioger:4; nicoletrisse:4; lcp:4; 1elisamoreno:4; lerl_saintavold:3; gabrielattal:3; jlmelenchon:3; radio_melodie:3; pcanfin:3; steph_sejourne:3; auroreberge:3
721530,Aude Luquet,AudeLuquet77,twitter.com/AudeLuquet77,342,deputesdem:48; lcp:36; gabrielattal:24; modem:22; bayrou:20; audeluquet77:18; emmanuelmacron:18; gdarmanin:14; p_brun:10; bfmtv:10; gouvernementfr:10; auroreberge:8; jp_mattei:6; idfmobilites:6; vpecresse:6; franceinfo:6; mguevenoux:6; seblecornu:6; calvi3d:6; audel:6; 28minutes:6; connectgares:4; jpfarandou:4; ligner_sncf:4; arsaint_martin:4; sophiaaram:4; assembleenat:4; senat:4; j_bardella:4; gendarmerie:4
721398,Typhanie Degois,Typhanie_Degois,twitter.com/Typhanie_Degois,340,eciotti:30; assembleenat:22; rassbtdroites:15; aixlesbainsfr:11; partiudr:10; gouvernementfr:6; le_figaro:6; savoiedepart:5; alaingriset:5; policenationale:4; an_afeco:4; rnational_off:3; olivierbabeau:3; chrissaintetien:3; alexandreavril_:3; jcbrisard:3; abbegrosjean:3; patrickartus:3; cpmenationale:3; typhanie_degois:3; cci_savoie:3; uimmsavoie:3; brunolemaire:3; dominiquereynie:2; fondapol:2; valeurs:2; lisakamenhirsig:2; lesechos:2; maclesggy:2; charlesprats:2
722022,Laëtitia Romeiro Dias,Romeiro1L,twitter.com/Romeiro1L,340,emmanuelmacron:64; auroreberge:36; elisabeth_borne:26; ars_idf:24; bcouillard33:23; romeisabelle:12; gabrielattal:10; lecocqcharlotte:8; agnesrunacher:7; yaelbraunpivet:7; renaissance:7; lcp:7; valeriehayer:6; sachahoulie:5; frcsbraun:5; elysee:4; gouvernementfr:4; ademontchalin:4; aur_rousseau:3; gdarrieussecq:3; steph_sejourne:3; christophebechu:3; stanguerini:3; jlmelenchon:3; lmpositif:2; stephanie_rist:2; gdarmanin:2; assembleenat:2; jeuxolympiques:2; sophiaaram:2
643089,Jean-Louis Thiériot,JL_Thieriot,twitter.com/JL_Thieriot,340,jl_thieriot:34; europe1:22; sudradio:16; seblecornu:14; le_figaro:12; cavautrin:10; rufoalice:10; opexnews:10; ifri_:8; cema_fr:8; j_m_jacques:8; brunoretailleau:8; cemat_fr:6; bfmtv:6; plenfrance:6; armee_de_lair:4; an_defense:4; ychenevard83:4; loickervran18:4; lcp:4; vincentlamigeon:4; edeponcins:4; frdefensepoland:4; pawelblizniuk:4; theatrumbelli:4; thomasgomart:4; navalgroup:4; lexpress:4; sandumaiamd:4; jl_thierio:4
2377,Bernard Perrut,b_perrut,twitter.com/b_perrut,340,laurentwauquiez:78; republicains_an:43; lesrepublicains:42; auvergnerhalpes:41; assembleenat:15; b_perrut:14; republicains69:8; wauquiezteam:7; vpecresse:5; damienabad:5; chjacob77:4; hnordouest:3; wauquiez:3; lcp:3; aurelienpradie:3; pannekouckefabr:2; senat:2; fnb_officiel:2; prefetrhone:2; nchuzeville:2; allezpecresse:2; ambassadeurse:2; eciotti:2; michelbarnier:2; constancelegrip:2; actusnonstop:2; vinsbeaujolais:2; beaujolaissia:2; rdvjeunesselr:2; anniegenevard:2
774960,Isabelle Santiago,isasantiago_94,twitter.com/isasantiago_94,340,luccarvounas:74; alfortville_94:70; socialistesan:26; egregoire:18; borisvallaud:15; partisocialiste:13; faureolivier:12; laurossignol:10; fhollande:8; alfortville_ps:7; marinenationale:6; fedfranceski:6; aur_rousseau:5; cema_fr:5; cemat_fr:5; philippecar:5; rglucks1:4; armeedeterre:4; armees_gouv:4; o_decottignies:4; lcp:4; francoisedegois:3; arielweilt:3; cemm_fr:3; bfmtv:3; assembleenat:3; ambafr_armenie:3; rachidtemal:3; unccas:3; equipefra:3
719138,Michel Castellani,Castellani_,twitter.com/Castellani_,340,groupeliot_an:24; isulacorsica:17; castellani_:14; partitu_femuac:10; assembleenat:6; cita_bastia:6; francebleurcfm:6; agglobastia:5; mairiebiguglia:5; ponzeveraju:5; ftviastella:5; groupelibterran:5; scbastia:4; scolacorsa:4; marcucastellani:4; ccicorse:3; iradebastia:3; collectif5mai92:3; corse_matin:3; castellani2022:3; comlucciana:2; sante_gouv:2; sis_2b:2; bfmtv:2; lcp:2; l_pozzodiborgo:2; bastia_inseme:1; vinsdecorse:1; directassemblee:1; yannickneuder:1
720728,Jean-Paul Mattei,jp_mattei,twitter.com/jp_mattei,340,jp_mattei:94; deputesdem:91; modem:32; lcp:23; ajparlement:22; elisabeth_borne:18; laqhila:17; bayrou:10; maudgatel:8; emmanuelmacron:8; laurentesquenet:8; assembleenat:8; cisaacsibille:7; gdarrieussecq:7; mfesneau:7; auroreberge:7; lmarcangeli:7; perrinegoulet:6; gabrielattal:6; franckriester:6; josypoueyto:6; an_finances:6; geismarluc:5; larem_an:5; jc_rhaut:5; iflorennes92:5; fb_bearnbigorre:4; horizons_an:4; yaelbraunpivet:4; olivierdussopt:4
720246,Sylvain Templier,sylv1templier,twitter.com/sylv1templier,340,nathalieloiseau:12; volodimirzelen1:11; iamlouay:11; jeromegodefroy:9; tcabarrus:9; virginie1landry:9; gerardaraud:9; obsdelphi:8; francois_cherix:7; weillclaude:7; dumortieremily:7; laurentsegnis:6; mauricemartin01:5; cdanslair:5; hdomb56:5; emma_ducros:5; emmanuelmacron:4; francoiscame:4; sophiaaram:4; jmaphatie:4; lfi_forever:4; loicletemplier:4; franceinfo:4; pascaljouary:4; renaudpila:3; nain_portekoi:3; songsa93:3; e_dupondm:3; frontrep:3; williamreymond:3
719080,Sandra Marsaud,MARSAUDSandra,twitter.com/MARSAUDSandra,339,barriere_dr:18; hugoclement:18; sjowall69:13; vakitamedia:11; alexbaumann75:10; lucy___roche:9; aegrw:8; emmanuelmacron:7; sophiaaram:7; raphaelgerard17:7; drliz16:7; cobra_fx_:7; emma_ducros:7; sonic_urticant:7; gewoessner:6; fderugy:6; gablattanzio:5; lel_media:5; wargonm:5; dedieu_stephane:5; franceinfo:5; fmomboisse:4; terreterre13:4; chedon73:4; lcp:4; vlautard:3; hfayet:3; laurentsegnis:3; bad_pote:3; maclesggy:3
720806,Laurence Gayte,laurencegayte,twitter.com/laurencegayte,338,larem_an:21; emmanuelmacron:15; mlp_officiel:15; elisabeth_borne:12; ccastaner:12; battistelmarie:10; jeancastex:8; joelgiraud05:7; jblemoyne:6; assembleenat:6; an_afeco:6; jrcazeneuve:5; prefet66:4; deputesre:4; yaelbraunpivet:3; gouvernementfr:3; franckriester:3; mrobert_11:3; moniqueiborra:3; rolandlescure:3; salonagri:3; auroreberge:2; frederiquelis:2; lindependant:2; sebcazenove:2; 1elisamoreno:2; vigneronindep:2; b_bessotballot:2; ademontchalin:2; anmsm:2
721150,Alexandre Holroyd,alexIholroyd,twitter.com/alexIholroyd,337,caurevincent:58; alexiholroyd:15; emmanuelmacron:15; gabrielattal:13; valeriehayer:11; caissedesdepots:10; vearevoy:8; deputesre:8; cbeaune:8; scazebonne:7; consulfranceuk:7; peddersophie:7; besoindeurope:7; christophe4wc:6; benjaminhaddad:6; assembleenat:6; horizons_suede:5; fr_consulaire:5; franckriester:5; jrcazeneuve:5; sylvainmaillard:5; brunolemaire:5; ambassadeurse:5; oliviercadic:4; clementmonteil:4; renaissancefde3:4; renaissance:4; e_dupondm:4; gouvernementfr:4; cha_minvielle:3
721218,Sylvie Charrière,SylvieCharriere,twitter.com/SylvieCharriere,337,emmanuelmacron:34; elisabeth_borne:18; enmarchefr:13; jeancastex:9; olivierklein93:7; brunolemaire:7; papndiaye:6; celinecalvez:6; larem93:6; jeunesmacron93:5; gabrielattal:5; olivierdussopt:5; cecile_rilhac:5; larem_an:5; nadiahai78:5; avecvous:5; lremrosny:5; delegpauvrete:4; aoc1978:4; prefet93:4; education_gouv:4; agnesrunacher:4; ademontchalin:4; majopresident93:4; annebrugnera:4; ccastaner:4; an_afcult:4; prefet59:3; auroreberge:3; priscathevenot:3
340853,Sébastien Leclerc,SebLeclerc14,twitter.com/SebLeclerc14,337,assembleenat:15; sebleclerc14:10; nathdu12_porte:10; francoisfillon:9; republicains_an:8; actufr:7; dewaelekevin:7; pays_dauge:6; sophiegaugain:6; regionnormandie:6; herve_morin:6; aubrilbernard:6; clara_dewaele:5; joelbruneau:5; fillon2017_14:5; prefet14:4; ephilippepm:4; florian_caudron:4; jldupont14:4; prado19891994:3; emmanuelmacron:3; paz_olivier:3; soniadlpcaen:3; ccastaner:2; aubeyf:2; verolouwagie:2; adnormandie:2; bernardaubril:2; paysdefalaise:2; jean_lucfugit:2
760658,Francis Chouat,fchouat,twitter.com/fchouat,337,villedevrycourc:26; assembleenat:16; bcazeneuve:15; mzeghouf:15; chsf91:15; jlmelenchon:11; emmanuelmacron:10; partisocialiste:9; faureolivier:7; fabien_roussel:7; beaudetstephane:7; jmblanquer:7; prefet91:6; an_finances:6; fhollande:5; eelv:5; cfdtberger:5; gillesclavreul:5; le_figaro:4; cavousf5:4; yaelbraunpivet:4; farida_amrani_:4; olivierdussopt:4; corbeil91100:4; telethon_france:4; franceinfo:3; brunoretailleau:3; senat:3; grandparissud:3; ericcoquerel:3
721262,Guillaume Vuilletet,g_vuilletet,twitter.com/g_vuilletet,336,assembleenat:19; g_vuilletet:17; gdarmanin:15; yaelbraunpivet:13; emmanuelmacron:11; gabrielattal:10; lcp:8; prefet95:8; elisabeth_borne:7; an_comlois:6; emiliechandler:6; deputesre:5; guillaumekasba:5; stelladupont:5; royerperreaut:4; chevenement:4; bcouillard33:4; auroreberge:4; kamardine_m:3; senat:3; sylvainmaillard:3; elysee:3; sarahelhairy:3; bfmtv:3; cbeaune:3; romeisabelle:3; cecile_rilhac:3; sdis_95:3; steph_sejourne:3; tf1:2
721336,Blandine Brocard,BBrocard,twitter.com/BBrocard,335,emmanuelmacron:25; yaelbraunpivet:15; mfesneau:9; deputesdem:9; lcp:8; seblecornu:7; elysee:6; assembleenat:6; bbrocard:6; modem:6; francediplo:5; bcazeneuve:5; nunezlaurent:5; prefetrhone:5; gouvernementfr:5; gdarmanin:4; lecocqcharlotte:3; pompiersfr:3; jmblanquer:3; bfmtv:3; rufoalice:3; jnbarrot:3; fnb_officiel:3; bleuetfrance:3; leprogreslyon:2; plantu:2; l_amf:2; lyonmag:2; seccivilefrance:2; bayrou:2
721364,Raphaël Gauvain,Gauvain_Raphael,twitter.com/Gauvain_Raphael,325,gauvain_raphael:26; l_margueritte:19; emmanuelmacron:17; assembleenat:14; yaelbraunpivet:14; gdarmanin:12; samschmuel4:10; jblemoyne:9; e_dupondm:9; phildecroocq:8; brunolemaire:6; avocats_paris:6; kevinhamandia:6; jeanterlier:5; afjeafje:5; vincentchauvet:5; jeunesmacron:5; jeunesmacron71:5; pjanuel:4; vpecresse:4; jeunesmacronbfc:4; juristesaffaire:3; lopinion_fr:3; larem_an:3; latribunebdx:3; latribuneevents:3; frebsamen:3; jeancastex:3; lemondefr:3; _didierparis:2
721278,Patrice Anato,patrice_anato,twitter.com/patrice_anato,322,emmanuelmacron:40; patrice_anato:32; grandnumerique:28; sesametg:14; huaweifr:14; philippefolliot:12; larem93:10; 1elisamoreno:8; elisabeth_borne:8; lecentre2024:6; shannonseban:6; ensemble9303:6; dianelvy13:4; nddtogo:4; renaissance:4; a_favereau:4; sportypeppers:4; jean_delalandre:4; enmarchefr:4; brunolemaire:4; alliancec:4; prefet93:4; neuilly_marne:4; iacovellixavier:4; linkedinfrance:4; plombiersdunum:4; djebbari_jb:4; villenoisy:4; f_bachelier:2; realdonaldtrump:2
718926,Pierre Dharréville,pdharreville,twitter.com/pdharreville,321,deputespcf:38; lamarsweb:15; directan:15; lcp:15; humanite_fr:14; pdharreville:13; maritimamedias:10; lemondefr:9; libe:9; lp_martigues:6; france3provence:5; radiofrance:3; laprovence:3; justice_gouv:3; soutienvincenzo:3; l_deffontaines:2; bleuprovence:2; francetv:2; afpfr:2; lehuffpost:2; gouvernement:2; deputesgdr:2; gouvernementfr:1; emmanuelmacron:1; michelbarnier:1; ll_deffontaines:1; cpam13_bdr:1; pcf:1; franceculture:1; franceinfo:1
267780,Agnès Firmin Le Bodo,agnesfirmin,twitter.com/agnesfirmin,320,ephilippe_lh:38; horizonsleparti:22; transatcafelor:19; deputeshorizons:14; lcp:9; agnesfirmin:5; assembleenat:5; seblecornu:5; seinemaritime:4; liguehavraise:3; ensm:3; agnescarel76:3; ouichousaid:3; pateissere:3; rtlfrance:3; emmanuelmacron:2; stephanie_rist:2; an_droitsfemmes:2; cathchabaud:2; haropaport:2; unim_ports:2; bbellanger76:2; sauveteursenmer:2; charliedalin:2; marinecazard:2; fogielmarco:2; hac_foot:2; fiseworld:2; lh_lehavre:2; clinepoizat:2
330008,Xavier Breton,bretonxavier,twitter.com/bretonxavier,320,fxbellamy:36; auvergnerhalpes:21; juliendive:12; lcp:12; laurentwauquiez:12; assembleenat:10; bretonxavier:10; celineimart:6; lesrepublicains:6; republicains_an:6; benedetti65:5; rparlementaire:5; droiterep_an:4; csoutienbs:4; europe1:4; anniegenevard:4; michelbarnier:4; eugeniebastie:4; usbpa_rugby:3; le_figaro:3; noellelenoir:3; stephanerozes:3; valerieboyer13:3; bfmtv:3; ainterexpo01:3; guilhemcarayon:3; brunoretailleau:3; monasteredebrou:3; courdescomptes:3; lefurcorentin:2
720822,Bruno Bilde,BrunoBilde,twitter.com/BrunoBilde,320,mlp_officiel:134; j_bardella:102; rnational_off:8; caromeloni:6; brunoclavet:6; danypaiva__:6; c_szczurek:6; groupern_off:6; challoncle:6; steevebriois:4; marinetondelier:2; giorgiameloni:2; bfmtv:2; mchantrait:2; sophiedupont_:2; thom_morelle:2; laurenceferrari:2; arnoklarsfeld:2; lagarde:2; patrioteseurope:2
719952,Jean-Michel Mis,JeanMichelMIS,twitter.com/JeanMichelMIS,320,emmanuelmacron:10; brunolemaire:10; clarachappaz:10; seblecornu:8; grand_continent:8; assembleenat:6; bostondynamics:6; usembassyfrance:4; jnbarrot:4; fadouce:4; lcp:4; armee_de_lair:4; senat:4; soph_astro:4; esa_fr:4; anssi_fr:4; frenchresponse:4; alehenanff:4; lepoint:4; elonmusk:4; gouvernementfr:4; googledeepmind:4; realdonaldtrump:4; ajcceo:2; annesosebban:2; labrepublique:2; herve_pillaud:2; claudeposternak:2; whitehouse:2; anthropicai:2
722170,Sophie Beaudouin-Hubiere,BeaudouinSo,twitter.com/BeaudouinSo,320,guillaumekasba:40; deputesre:36; lrem87:30; emmanuelmacron:16; sylvainmaillard:16; gabrielattal:14; damienmaudt:12; valeriehayer:10; manonmeunier_up:8; ferraccimarc:8; auroreberge:8; renaissance:8; claudemalhuret:6; dc_morel:6; olivierdussopt:6; sophiaaram:6; rnational_off:6; besoindeurope:4; priscathevenot:4; steph_sejourne:4; groupesncf:4; guillaumedaret:4; gouvernementfr:4; cbeaune:4; agathehbs:4; veroniquedauve1:2; indep_senat:2; joffrinlaurent:2; bricehardelin:2; lcp:2
643205,Anne-Christine Lang,AChristine_Lang,twitter.com/AChristine_Lang,320,pybournazel:68; emmanuelmacron:60; datirachida:10; elysee:10; frenchresponse:10; bekouz:8; sudradio:8; tribunedimanche:8; pegah_maleka:8; bfmtv:8; marleneschiappa:6; apollinewakeup:6; gabrielattal:6; le_parisien:6; zelenskyyua:6; lefigarotv:4; egregoire:4; le_figaro:4; grand_continent:4; dariusrochebin:4; jnbarrot:4; leparisien_pol:4; pybteam:4; oliviagregoire:4; ephilippe_lh:4; frog_of_war:2; jacques:2; marionvanr:2; lamiaela:2; france3paris:2
721286,Alain Ramadier,alainramadier,twitter.com/alainramadier,320,aulnaysousbois:90; brunobeschizza:88; terresdenvol:30; ianboucard:16; vpecresse:6; alainramadier:6; juliendive:6; republicains_an:6; lesrepublicains:4; a2maulnay:4; patrickhetzel:4; rmcinfo:4; geoffreycarva:2; jeunesreps93:2; kristellniasme:2; soyonslibres:2; iledefrance:2; karampatrick:2; jeancastex:2; laur:2; mairesherve:2; philippedallier:2; eciotti:2; aurelienpradie:2; sudradio:2; fxbellamy:2; kamardine_m:2; paris2024:2; laliguecancer:2; gdparisexpress:2
721832,Sandra Boëlle,SBoelle,twitter.com/SBoelle,320,grpedemainparis:108; mairiedu16:70; fszpiner:54; verobucaille:36; jeremy_redler:30; brunoretailleau:26; sboelle:16; oeuvredorient:12; jackyvesbohbot:10; samiabadat:8; gabrielnegrotto:6; jrepsparis16:6; lesrepublicains:6; lr75_16:6; negrottog:6; prefpolice:4; sainteperine:4; vbaladi:4; le_crif:4; lejdd:4; jeunesreps:4; ali_oubaali:4; nunezlaurent:4; scarlettszpiner:4; bfmtv:4; _artaxias_:4; jeanmarcbideau:4; anne_hidalgo:4; cgirbe:4; villlede:4
722308,Nathalie Serre,NathalieSerre,twitter.com/NathalieSerre,320,celineimart:52; fxbellamy:34; annelaureblin:28; julienaubert84:28; kovitzmos:20; oserlafrance:18; anniegenevard:18; jl_thieriot:16; patrickhetzel:14; emma_ducros:14; droiterep_an:8; vtremolet:8; laurentwauquiez:8; eugeniebastie:6; fbblackler:6; gabrielmelaimi:6; assembleenat:4; le_figaro:4; valerieboyer13:4; philippejuvin:4; lcp:4; oliviermarleix:4; phgosselin:4; lesrepublicains:4; aude_leroy:4; brunoretailleau:4; jlmelenchon:4; aportier69:4; franceinfo:4; babgi:2
720116,Anne-France Brunet,AFBrunet_4403,twitter.com/AFBrunet_4403,320,republiqueem44:58; jeunesmacron44:50; tdp_44:47; emmanuelmacron:30; larem_an:19; loireatlantique:17; saintherblain:16; enmarchefr:14; mouvdemocrate44:14; assembleenat:14; sherblain:13; avecvous44:10; prefet44:10; elisabeth_borne:9; marleneschiappa:7; jeancastex:7; renaissanceue44:7; u2p44:7; gouvernementfr:6; nantesfr:6; sarahelhairy:6; agnesrunacher:5; diwan:5; alabretonne:5; florence_parly:5; gdarrieussecq:5; ccastaner:5; nantesmetropole:5; edfcordemais:4; brunolemaire:4
1029,Bernard Deflesselles,BDeflesselles,twitter.com/BDeflesselles,320,xavierbertrand:243; nousfrance_fr:54; bfmtv:14; bdeflesselles:13; lesrepublicains:9; jdberthault:8; hautsdefrance:7; lci:7; franceinfo:7; franceinter:6; rmcinfo:6; ampmetropole:6; vpecresse:6; rtlfrance:5; provencepromo:5; jlmelenchon:5; durovray:5; brunoretailleau:4; antoine_sillani:4; jeanpaulmulot:4; franceinsoumise:4; emmanuelmacron:4; tf1:3; assembleenat:3; laprovence:3; agindre:3; tf1info:3; legrouxvincent:3; europe1:3; somabrouk:3
721636,Jean-François Parigi,Jf_Parigi,twitter.com/Jf_Parigi,320,departement77:167; jf_parigi:103; majorite77:32; vpecresse:24; aurelienpradie:21; sdis77:16; radiooxygene:12; prefet77:10; iledefrance:10; vlacroute:10; jf_cope:8; garreauisoline:7; salondelagri:6; bfmparis:6; durovray:5; ianboucard:5; gilles_battail:5; yannduboscbussy:5; jamescheron:4; jpm_lagny:4; villedemeaux:4; fdsea77:4; anne_chain:4; avecpradie:4; isabelleperiga2:4; rezeg_hamida:4; caidf:3; jl_thieriot:3; gendarmerie_077:3; interbevidf:3
720310,Christophe Arend,christophearend,twitter.com/christophearend,319,amb_delattre:43; emmanuelmacron:25; ambdeenfr:18; cbeaune:13; allemagnediplo:10; thomaswieder:10; patrickhetzel:10; michaelawiegel:8; pl_maurice:8; franzbotschaft:8; klinkertbrigitt:7; ifri_:6; landry_charrier:6; benjaminhaddad:6; pthibaut:5; dokumentedoc:5; ademontchalin:5; seblecornu:5; j_2ross:5; yaelbraunpivet:5; fderugy:5; terresdeprogres:5; elisabeth_borne:5; pyleborgn:5; equipefra:5; arminlaschet:4; christophearend:4; valeriehayer:4; elysee:4; assembleenat:4
607553,Dominique Potier,potierdominique,twitter.com/potierdominique,319,socialistesan:151; assembleenat:31; partisocialiste:21; pouvoirdevivre:19; borisvallaud:18; espritcivique:15; etuc_ces:12; potierdominique:11; rglucks1:11; eccjorg:11; dsfeurope:10; emmanuelmacron:7; inrae_france:7; bayrou:7; lcp:7; ccfd_tsolidaire:7; gouvernementfr:6; contexte:5; francois_ruffin:5; j_jaures:5; libe:5; mouv_impactfr:5; asso_sfap:5; chambagrifrance:4; lesguerrieres:4; anses_fr:4; anses:4; coordinationsud:4; mel_thomin:3; aur_rousseau:3
720108,Valérie Oppelt,valerie_oppelt,twitter.com/valerie_oppelt,318,foulques44:158; sarahelhairy:58; guillaumerichar:46; valerie_oppelt:44; jrolland_nantes:16; auroreberge:16; gabrielattal:14; lgarnier44:12; mannereau:10; fderugy:10; c_morancais:8; jmdormoy:6; enzo_chiron:6; renaissance:6; johanna_rolland:4; telenantesinfo:4; btertrais44:4; rglucks1:4; presseocean:4; plonchampt:4; sandrinejossoan:4; luchiniofficiel:4; brunoretailleau:4; bfmtv:2; chombart2026:2; claudeseyse:2; iciloireocean:2; lepoint:2; caroledelga:2; afpfr:2
719072,Thomas Mesnier,TMesnier,twitter.com/TMesnier|twitter.com/MESNIERThomas,318,horizonsleparti:222; ephilippe_lh:32; horizonsjeunes:6; assur_maladie:6; deputeshorizons:6; christophebechu:5; sante_gouv:4; dreesantesocial:4; nathalieloiseau:3; santepubliquefr:3; lmarcangeli:3; salondesmaires:3; t_cazenave:3; seblecornu:2; pybournazel:2; c_morancais:2; indep_senat:2; lcp:2; claudemalhuret:2; ep:2; emmanuelmacron:2; sudradio:2; arnaud_pericard:2; chubordeaux:2; tmesnier:2; charlesrodwell_:1; francediplo:1; cestrosi:1; jnbarrot:1; j_bardella:1
702052,Maina Sage,MainaSage,twitter.com/MainaSage,316,outremers360:20; radio1tahiti:10; ecowarriorss:10; elisabeth_borne:8; emmanuelmacron:8; mcponamale:8; torreschaub:8; bfmtv:8; thom_astro:6; equipedefrance:6; afpfr:6; france2tv:6; outremernetwork:4; lemondefr:4; le_parisien:4; coral_gardeners:4; nasa:4; theeconomist:4; valeriehayer:4; seb6philippe:4; tomasstatius:4; polynesiela1ere:4; ajezeq:4; glispa_discuss:4; tf1info:4; ap:4; lci:4; cnn:4; larrouturou:2; christophebechu:2
720590,Benoit Potterie,benoitpotterie,twitter.com/benoitpotterie,316,agnesrunacher:32; brigbourguignon:24; agirensemble_an:16; emmanuelmacron:14; rolandlescure:13; larem62:13; alaingriset:13; pietraszewski_l:12; thibautguilluy:11; brunolemaire:9; gdarmanin:9; assembleenat:8; elisabeth_borne:8; benoitpotterie:8; fdecoster:6; e_dupondm:6; gouvernementfr:5; pybournazel:5; j_denormandie:5; pasdecalais62:4; jeunesmacron62:4; auroreberge:4; villesaintomer:4; agnesfirmin:4; jeancastex:4; becht_olivier:4; dhoubron1759:4; vidalfrederique:4; ambroise_mejean:3; steph_sejourne:3
720720,Josy Poueyto,josypoueyto,twitter.com/josypoueyto,314,bfmtv:20; jnbarrot:18; frabus3:14; cavautrin:14; seblecornu:14; bcazeneuve:14; j_m_jacques:12; armeedeterre:12; ville_pau:10; emmanuelmacron:10; rufoalice:10; edaycard:10; policenationale:8; nunezlaurent:8; delphlingemann:8; prefet64:8; cemat_fr:8; sarahelhairy:8; fs_francaises_:6; ecoledestap:6; patdeloups:6; lcp:6; etatmajorfr:6; bayrou:6; gendarmerie:6; lci:4; rmcinfo:4; stelladupont:4; armees_gouv:4; amiel_david_:4
721976,Bruno Millienne,BrunoMillienne,twitter.com/BrunoMillienne,312,pascalperri:16; emmanuelmacron:12; mfesneau:12; jlmelenchon:10; quatremer:8; sophiaaram:8; weillclaude:8; macronardsfm:8; emma_ducros:8; fderugy:8; franceinsoumise:6; gewoessner:6; jnbarrot:6; gablattanzio:6; ademontchalin:6; michelf29015597:4; huberthuertas:4; boucherbrigit:4; e_dupondm:4; namiasrobert:4; francoisedegois:4; seblecornu:4; bayrou:4; 24hpujadas:4; enthoven_r:4; fmomboisse:2; femmeazadi:2; partisocialiste:2; xaviergorce:2; jeromeguedj:2
721498,Stanislas Guerini,StanGuerini,twitter.com/StanGuerini,310,emmanuelmacron:44; gabrielattal:32; valeriehayer:29; besoindeurope:13; gdarmanin:11; stanguerini:10; guillaumekasba:9; elysee:8; insp_fr:6; amiel_david_:5; gouvernementfr:5; brunolemaire:4; olga_johnson:3; rachelflore:3; sylvainmaillard:3; ambroise_mejean:3; carolineyadan:3; armees_gouv:3; gendarmerie:3; renaissance:2; priscathevenot:2; publicsenat:2; agnesrunacher:2; sabrinaroubache:2; sretailleau:2; shannonseban:2; fredvalletoux:2; robinreda:2; dgafp:2; paolodecarvalh2:2
333421,Bertrand Pancher,BertrandPancher,twitter.com/BertrandPancher,309,bertrandpancher:56; utiles_leparti:22; groupeliot_an:21; c_decourson:20; hhuwart:17; lcp:17; nomerci_app:10; olivier_serva:8; xavierbertrand:5; mlaminesylla:5; deciderensemble:5; laurentmazaury:5; phil_saurel:4; pontifex_fr:4; lci:4; retps:4; palestine_un:3; le_parisien:3; radioorient:3; assembleenat:3; seblecornu:3; cemat_fr:2; bleuetfrance:2; vaticannews_fr:2; equipedefrance:2; etatmajorfr:2; franceinfo:2; lestrepbarleduc:2; a_oberdorff:2; france24_fr:2
335758,Franck Riester,franckriester,twitter.com/franckriester,306,gabrielattal:80; renaissance:44; deputesensemble:34; pybournazel:16; assembleenat:6; marleneschiappa:4; datirachida:4; oliviagregoire:4; stephanie_rist:4; guillaumekasba:4; jbmarteau:4; lcp:4; seblecornu:4; jeunesenmarche:4; cbeaune:2; gattalactu:2; radiojfrance:2; bfmtv:2; julieboillot:2; bruno_fuchs:2; uscongress:2; midy_paul:2; t_cazenave:2; theatrechatelet:2; agnesrunacher:2; marielebec78:2; vspillebout:2; achillehourde:2; arcelormittalf:2; egregoire:2
720430,Ugo Bernalicis,ugobernalicis,twitter.com/ugobernalicis,306,jlmelenchon:28; mbompard:26; fiassemblee:12; ugobernalicis:12; l_insoumission:10; franceinsoumise:8; aurelien_le_coq:8; l_addouche:8; aleaument:8; ericcoquerel:8; meseydiba:6; clemence_guette:6; mathildepanot:6; abomangoli:4; l_fournier_:4; belouassaanais:4; glupatate:4; sebastianjroche:4; bfmtv:4; gdarmanin:4; emmanuelmacron:4; portes_thomas:4; p_proisy:2; assoadap:2; humanite_fr:2; trouveaurelie:2; franceinfo:2; rimahas:2; nupesnews:2; pkolebacki:2
719558,Erwan Balanant,erwanbalanant,twitter.com/erwanbalanant,304,lcp:24; erwanbalanant:9; franceinfo:8; assembleenat:6; groupeaudiens:5; sandrousseau:4; deputesdem:4; sudradio:4; g_gouffierval:3; iordanoff:3; rfi:3; mfesneau:3; michelcanevet:3; bayrou:3; bfmtv:2; ldondes:2; francetv:2; a2linefrancois:2; notredameparis:2; sciencespo:2; prefet29:2; modem:2; france3bretagne:2; letelegramme:2; _soeursjumelles:2; reusmuriel1:2; perrinegoulet:2; lecnc:2; adevillaines:2; ouestfrance:2
718768,Alexandra Valetta Ardisson,A_Ardisson,twitter.com/A_Ardisson,304,davidlisnard:166; nouv_energie:102; a_ardisson:16; quentinhoster:14; cnews:12; jeunesenergies:10; yvesdamecourt:8; femmeazadi:6; martinalex06:6; sudouest:6; europe1:6; somabrouk:6; lopinion_fr:4; olivierbabeau:4; alexandreneigel:4; giorgiameloni:4; jl7508:4; lepoint:4; n_energie_64:4; sdementhon:4; gwgoldnadel:2; contrepoints:2; jsferjou:2; emmanuelmacron:2; nlle_energie_81:2; elysee:2; khannrachel:2; lo:2; zeclint:2; ephilippe_lh:2
721210,Alexis Corbière,alexiscorbiere,twitter.com/alexiscorbiere,301,lapres_fr:24; clem_autain:20; raquelgarridofr:17; bfmtv:14; simonnetdeputee:13; alexiscorbiere:10; apres_75:5; frontpopu2027:4; patricebessac:4; francois_ruffin:3; borisvallaud:3; valentingendrot:3; libe:3; benoitpayan:2; lpavignon:2; lcp:2; arnaudguvenatam:2; apresjeunes:2; castetslucie:2; maxskynetz:2; laurentsorel1:2; egregoire:2; apres_fr:2; bfmmarseille:1; ellibec:1; afpfr:1; clementmeric:1; cafepedagogique:1; anttonrouget:1; gdarmanin:1
718784,Éric Pauget,EricPAUGET1,twitter.com/EricPAUGET1,301,antibes_jlp:44; jeanleonetti:32; bfmcotedazur:25; droiterep_an:18; jpdermit:8; brunoretailleau:8; laurentwauquiez:8; nice_matin:7; sophiaantip0lis:6; villedebiot:6; philippetabarot:6; casaofficiel:6; ericpauget1:6; lesrepublicains:6; valbonnesa:5; davidsimplot:5; assembleenat:5; cnews:5; lejdd:5; interieur_gouv:5; lucianokevin21:4; alexndraborchio:4; lcp:4; hopitalantibes:4; policenationale:4; sdis_06:4; josephcesaro:3; nunezlaurent:3; marikaroman:3; europe1:3
722102,Annie Vidal,Vidal7602,twitter.com/Vidal7602,299,gabrielattal:19; deputesensemble:17; renaissance:17; assembleenat:9; deputesre:7; stephanie_rist:5; vidal7602:5; gdarmanin:5; michelbarnier:5; fsp76520:4; gournay_en_bray:4; midy_paul:3; bayrou:3; cavautrin:3; gouvernementfr:3; an_afsoc:3; lcp:3; emmanuelmacron:3; fbleuhnormandie:3; bfm_normandie:3; bihorelmaville:3; isneauville76:3; yannickneuder:2; cerclevs:2; antoine_armand:2; fadila_khattabi:2; c_morindesailly:2; an_cecontrole:2; acanayer:2; dafna_mouchenik:2
342415,Marie-Noëlle Battistel,BattistelMarie,twitter.com/BattistelMarie,298,socialistesan:38; cpiresbeaune:27; battistelmarie:18; najatvb:18; lcp:15; borisvallaud:13; faureolivier:11; assembleenat:10; partisocialiste:9; leplanning:7; valerie_rabault:7; potierdominique:6; admdfrance:6; anemmontagne:6; stephanegemmani:6; lamiaela:6; p_brun:5; rglucks1:5; sdelautrette:4; leseulg:4; nvb_alternative:4; pjouvet:3; evemoulinier:3; jeromeguedj:3; gabrielattal:3; inakiechaniz:3; rixainmp:3; anne_hidalgo:3; jeanlucromero:3; leprixdelamour:3
719404,Didier Le Gac,didierlegac,twitter.com/didierlegac,298,assembleenat:27; seblecornu:17; armateursfr:15; regionbretagne:14; didierlegac:13; yaelbraunpivet:13; jmrouebferries:13; l_amf:12; francoisegatel:11; finistere_29:11; agnesrunacher:10; gabrielattal:10; mergouv:10; brittanyferries:10; plantu:9; agriculteursbzh:9; xaviergorce:9; olivierfalorni:8; mereanareidarb:8; lepoint:8; emmanuelmacron:7; agrikol:7; amf_29:6; maires_ruraux:6; olivierdussopt:5; grainhedger:5; outremers360:5; emma_ducros:5; anniegenevard:5; lcp:5
721426,Véronique Riotton,V_Riotton,twitter.com/V_Riotton,298,deputesensemble:27; assembleenat:20; an_droitsfemmes:12; v_riotton:8; senat:7; gabrielattal:7; yaelbraunpivet:6; lcp:6; verienparent:5; auroreberge:5; mc_garin:5; agnesrunacher:5; g_gouffierval:3; midy_paul:3; antoine_armand:3; seblecornu:3; hcefh:3; leplanning:2; cidff_:2; lpanifous:2; jpfarandou:2; oliviagregoire:2; francediplo:2; christophe_p:2; amiel_david_:2; jf_rousset2:2; lecocqcharlotte:2; loichervepublic:2; franceinfo:2; elsaschalck:2
722260,Cédric Villani,VillaniCedric,twitter.com/VillaniCedric,297,stella_assange:27; villanicedric:20; marinetondelier:17; francois_ruffin:13; comiteassange:12; csagaspe:9; marietouss1:8; nsurete:8; larrouturou:6; smaurizi:5; bonpote:5; cassouman40:5; rigauxnature:4; edwyplenel:4; clairenouvian:4; libe:4; laernoes:4; brailthomas:4; wikileaks:3; rglucks1:3; ouzouliasp:3; emmanuelmacron:3; davidcormand:3; elisabeth_borne:3; mc_garin:3; l214:3; gnsa_arbres:3; caroledelga:3; castetslucie:2; anecdote_rapide:2
720932,Dominique Da Silva,DDaSilva95,twitter.com/DDaSilva95,297,gabrielattal:33; emmanuelmacron:29; assembleenat:15; brunolemaire:12; guillaumekasba:12; valeriehayer:10; renaissance:9; t_cazenave:7; besoindeurope:7; deputesre:6; sylvainmaillard:6; ddasilva95:6; piconmichel:5; jrcazeneuve:4; jeanmarctellier:4; yaelbraunpivet:4; u2p_france:4; gdarmanin:4; ensemble2024:2; constancelegrip:2; cavautrin:2; lcp:2; p_vergriete:2; elysee:2; gouvernementfr:2; elisabeth_borne:2; oliviagregoire:2; rolandlescure:2; olivierdussopt:2; prefet95:2
719938,Marc Fesneau,MFesneau,twitter.com/MFesneau,292,deputesdem:56; emmanuelmacron:27; bayrou:26; modem:20; mfesneau:19; sudradio:14; lcp:6; christoblanchet:5; bfmtv:4; perrinegoulet:4; radiojfrance:4; vigierphilippe:3; elisabeth_borne:3; jp_mattei:3; gouvernementfr:3; marina_ferrari:2; olivierfalorni:2; rtlfrance:2; seblecornu:2; michelbarnier:2; uc_senat:2; publicsenat:2; cem_oezdemir:2; jnbarrot:2; hervemarseille:2; jjbourdin_off:2; modem34:2; modem92:2; j_democrates:2; gdarrieussecq:1
719044,Nadia Essayan,nadiaessayan,twitter.com/nadiaessayan,291,jsoufi:8; arminarefi:6; ajplusfrancais:5; modem:5; franceinfo:5; lemondefr:5; pascalboniface:4; chronikfr:4; bayrou:4; lci:4; debunker_news:4; benachourmalik2:4; mediapart:4; cij_icj:4; portes_thomas:3; laqhila:3; lcp:3; halaabouhassira:3; unrwa:3; le_figaro:3; caronaymericoff:3; bfmtv:3; loeilmedias1:3; vroniquelvy2:3; youtube:2; emmanuelmacron:2; taoufiqtahani:2; malbrunot:2; mfesneau:2; jpmignard:2
719882,Marjolaine Meynier-Millefert,M_MeynierM,twitter.com/M_MeynierM,286,elisabeth_borne:19; olivierklein93:17; emmanuelmacron:15; christophebechu:12; deputesre:11; agnesrunacher:11; jmzulesi:8; an_devdur:7; antoine_armand:7; assembleenat:6; deputecausse:6; cbeaune:6; hqegbc:6; gabrielattal:5; stanguerini:5; gouvernementfr:4; p_vergriete:4; laernoes:4; m_meynierm:4; olivierdussopt:4; oliviagregoire:4; mathilde_dupre_:4; anah_officiel:3; ecologie_gouv:3; yaelbraunpivet:3; jlbricout:3; antoinepellion:3; clequere:3; hc_climat:3; an_afeco:3
722142,François Ruffin,Francois_Ruffin,twitter.com/Francois_Ruffin,282,debout_fr:20; francois_ruffin:5; staillepolian:3; grand_continent:2; gpe_ecolosocial:2; jeanclauderaux:2; hayat_matboua:2; rglucks1:1; laurenceruffin_:1; boris_tavernier:1; laurentnunez:1; stephanie_rist:1; boris:1; sebastienjumel:1; borisvallaud:1; bloom_fr:1; europe1:1; emmanuelmaurel:1; damiengirard56:1; cavautrin:1; fhollande:1; mc_garin:1; libe:1; tf1:1; le_nouvelobs:1; sbastien_martin:1; ruffin:1
719918,Fabien Lainé,fabien_laine,twitter.com/fabien_laine,281,gdarrieussecq:48; deputesdem:14; biscagrandslacs:9; seblecornu:7; modem:7; sophiaaram:4; jnbarrot:4; gabrielattal:4; fabien_laine:3; gcazcarra:3; petitesvilles:3; l_amf:3; armees_gouv:3; n_delattre:2; mirallesmp:2; groupeeovest:2; emmanuelmacron:2; bayrou:2; mfesneau:2; agenetet:2; renaissance:2; so_landes:2; les_landes:2; mutuellejust:2; olgagivernet:2; bfmtv:2; dga:2; horizonsleparti:2; ensemble2024:2; fauredominique:2
721816,Ian Boucard,IanBoucard,twitter.com/IanBoucard,281,laurentwauquiez:41; droiterep_an:26; lcp:22; ianboucard:21; lesrepublicains:11; sbastien_martin:5; juliendive:5; bfmtv:5; alexandrejardin:5; datirachida:4; naimamoutchou:4; europe1:4; fbb_officiel:3; agnesrunacher:3; assembleenat:3; cheocheduval:3; psg_inside:3; drakeoz_g:3; seblecornu:2; cnews:2; anniegenevard:2; emmanuelmacron:2; yannickneuder:2; gabrielattal:2; bayrou:2; nicolassarkozy:2; philippetabarot:2; ianb:2; michelbarnier:2; gdarmanin:2
719676,Muriel Ressiguier,mressiguier,twitter.com/mressiguier,280,delafosse2026:51; cotemontpel:27; ianbrossat:26; humanite_fr:22; mdelafosse:13; attac_fr:11; binetsophie:11; emmanuelmaurel:11; mymetropolitain:8; l_deffontaines:8; mdelafosse_mtp:5; realmarcel1:4; assaf_christian:4; fabien_roussel:4; clarelouhart:4; jeromeguedj:4; pcf:3; franceinfo:3; stephane1peu:3; faureolivier:3; alexiscorbiere:3; rtlfrance:3; husseinbourgi:2; pierre_plottu:2; midilibre:2; mlmontpellier:2; fadatcecile:2; isabelleperrein:2; iciherault:2; f_dombrecoste:2
721996,Patrick Loiseau,ploiseau85,twitter.com/ploiseau85,280,emmanuelmacron:18; salondelagri:16; an_finances:12; assembleenat:12; prefetvendee:10; sante_gouv:10; sarahelhairy:10; gdarrieussecq:8; ploiseau85:8; j_denormandie:8; olivierveran:8; deputesdem:8; bfmtv:6; modem:6; depvendee:6; armees_gouv:6; acnantes:6; nateduc:6; sdis85:4; gouvernementfr:4; freddy_roy:4; dila_officiel:4; economie_gouv:4; agri_gouv:4; uncsiege:4; francerugby:4; sandrinejossoan:4; paysdelaloire:4; bayrou:4; richardferrand:4
720492,Catherine Osson,Ossoncatherine,twitter.com/Ossoncatherine,280,terresdeprogres:104; dp_leparti:38; olivierdussopt:26; iacovellixavier:22; damiencastelain:16; metropolelille:14; gabrielattal:10; elisabeth_borne:8; jad_zahab:8; tdp_occitanie:8; renaissance:6; priscathevenot:6; mpc_mel:6; erguntoparslan:4; chamboncelben:4; ambroise_mejean:4; gregjoron_un1te:4; fadila_khattabi:4; patrickkanner:2; romanebouillez:2; mirallesm:2; clarachappaz:2; maximeperrin56:2; mirallesmp:2; maximeper:2; jmborello:2; tmohamedsoilihi:2; lacroix_prg:2; cbeaune:2; jeunesenmarche:2
722094,Christine Hennion,Ch_Hennion,twitter.com/Ch_Hennion,280,emmanuelmacron:37; mouveuropeen_fr:19; em_courbevoie:8; villecourbevoie:7; fabienne_keller:7; nathalieloiseau:7; europepourdebon:7; stanguerini:7; elisabeth_borne:7; jeuneseuropeens:6; ch_hennion:6; constancelegrip:5; jnbarrot:5; philippejuvin:5; b_monthubert:5; magalialtounian:5; steph_sejourne:5; enmarchefr:5; mlp_officiel:5; 92europeen:4; gabrielattal:4; hervmoritz:4; celinecalvez:4; yaelbraunpivet:4; agnesrunacher:4; brunolemaire:4; thierrybreton:3; eminternational:3; pa_anglade:3; femmesnumerique:3
719100,Jean-Philippe Ardouin,jean_ardouin,twitter.com/jean_ardouin,280,gabrielattal:45; gattalactu:38; seblecornu:31; gdarmanin:28; renaissance:16; pafofficiel:16; emmanuelmacron:15; cema_fr:10; cem_aae:8; equipefra:7; deputesensemble:7; mirallesmp:7; maudbregeon:7; elysee:6; tonyestanguet:6; armee_de_lair:6; mfesneau:5; jeuxolympiques:5; armees_gouv:5; j_m_jacques:4; mathieumlefevre:4; aveclecornu:4; priscathevenot:4; paris2024:4; gabrielatta:3; klinkertbrigitt:2; gouv_mili_paris:2; bleuetfrance:2; steph_sejourne:2; ericwoerth:2
642695,Éric Bothorel,ebothorel,twitter.com/ebothorel,280,emmanuelmacron:28; franceinfo:6; bfmtv:6; afpfr:5; seblecornu:5; canardenchaine:5; arthur_dvx:4; charlie_hebdo_:4; le_parisien:4; cathchabaud:3; le_figaro:3; bfmbusiness:3; sauveteursenmer:3; alexarchambault:3; jnbarrot:3; streetpress:2; charliebismuth:2; fhollande:2; anssi_fr:2; ebothorel:2; ferraccimarc:2; lepoint:2; rglucks1:2; gabrielattal:2; prefet22:2; lesnulsfr:2; guillaumerozier:2; devloc:2; nunezlaurent:2; urgentf24:2
607155,Yves Daniel,ydaniel_depute,twitter.com/ydaniel_depute,279,gaellebohec:21; moreaujb23:15; ydaniel_depute:12; assembleenat:12; emmanuelmacron:11; potierdominique:10; jordanesnault_:9; sev_lenoble:9; larem_an:9; sarahelhairy:8; redonagglo:8; audreydufeu:8; gouvernementfr:7; valerie_oppelt:6; hervepellois:5; paul_molac:5; sophieerrante:4; agnesbuzyn:4; republiqueem44:4; sttravert:4; mfesneau:3; eclaireurc:3; ouestfrance:3; tdp_44:3; ville_de_blain:3; stephanegachet:3; lcp:3; olivierdam1:3; lgrandguillaume:3; min_agriculture:3
720074,Caroline Janvier,CarolineJanvier,twitter.com/CarolineJanvier,278,carolinejanvier:35; vivonsorleans:20; deputesre:15; assembleenat:14; valeriehayer:14; lcp:11; bfmtv:9; ccesoir:9; charlottecaubel:9; rnational_off:7; 45_renaissance:7; auroreberge:6; radiojfrance:6; besoindeurope:5; f3centre:4; brosseanthony:4; olivierdussopt:4; vidal7602:4; fborleans:3; gabrielattal:3; franceinter:3; lci:3; francetv:3; letempsdudebat:3; c_barbier:3; cpolf5:3; ormediaofficiel:2; magcentrefr:2; aoc1978:2; nbertrand45:2
267801,Yves Jégo,yvesjego,twitter.com/yvesjego,278,lettremif:45; lci:35; yvesjego:16; bfmtv:10; mif_expo:10; jlborloo:5; daviddoukhan:4; pierredumazeau:4; ericbrunet:4; europe1:4; acarrouer:3; franceinfo:3; dariusrochebin:3; franceinfotvp:2; emiliebrouss:2; raquelgarridofr:2; ephilippe_lh:2; medef_i:2; caroiteleonore:1; oifrancophonie:1; anaisbouton:1; paroles_auteurs:1; sbastien_martin:1; legorafi:1; jpie:1; magali_lunel:1; anniegenevard:1; lmif:1; vonderleyen:1; le_figaro:1
721384,Pascale Fontenel-Personne,f_personne,twitter.com/f_personne,278,emmanuelmacron:77; gabrielattal:27; lessimones_:19; juliedelpech72:16; sergedanilo:13; enmarchesarthe:12; elisabeth_borne:11; cbeaune:11; courrierecho:10; yaelbraunpivet:10; jeancastex:9; marleneschiappa:9; mfesneau:8; joelgiraud05:8; ouestfrance:8; auroreberge:7; bleumaine:6; sandrinejossoan:6; gdarmanin:6; deputesdem:6; bayrou:6; lemainelibre:6; lmtvsarthe:6; renaissance:5; a_rezeduclos:5; priscathevenot:4; deputesensemble:4; modem:4; oliviagregoire:4; assembleenat:4
642847,Thibault Bazin,thibault_bazin,twitter.com/thibault_bazin,263,thibault_bazin:90; lcp:80; genethique:21; republicains_an:16; 53ert1:14; yannickneuder:10; fabiendifilippo:8; assembleenat:7; lesrepublicains:7; philippejuvin:6; droiterep_an:6; mdemeaux:6; stephanie_rist:5; anniegenevard:4; sdis54:4; laurentwauquiez:3; ffbatiment:3; fxbellamy:3; celineimart:3; juliendive:3; arnauddanjean:3; le_figaro:2; wallybordas:2; clairefourcade3:2; nicoledubre17:2; leducdidier6:2; msalorraine:2; fredvalletoux:2; armeedeterre:2; cemat_fr:2
330684,Valérie Boyer,valerieboyer13,twitter.com/valerieboyer13,261,martinevassal:47; marseillejtm26:31; romainsimmarano:13; sylvainsouvestr:13; benoitpayan:12; bendayanf:8; brunoretailleau:8; le_figaro:7; generationmrs:6; marinepustorino:6; valerieboyer13:6; bfmtv:6; renaudmuselier:5; robinmarseille:5; europe1:4; lkhozian:4; laprovence:3; bfmmarseille:3; vtremolet:3; maxime_boudet:3; ovial:2; lepoint:2; markarian_ma:2; cnews:2; dominiquereynie:2; marionbareille:2; gwgoldnadel:2; sandrablanchard:2; blancgerard13:2; sciencespo:2
720552,Isabelle Rauch,isabellerauch,twitter.com/isabellerauch,258,assembleenat:27; nbelloubet:26; horizons_an:24; horizonsleparti:21; gabrielattal:17; datirachida:17; franck_leroy_:11; emmanuelmacron:10; ephilippe_lh:9; prefet57:9; sretailleau:9; lmarcangeli:9; lcp:7; regiongrandest:6; tonyestanguet:6; isabellerauch:5; naimamoutchou:5; yaelbraunpivet:4; aoc1978:4; paris2024:4; cbeaune:4; annececilevio:4; jpatrierleitus:3; agnesfirmin:3; l_lafon:3; xavieralbertini:3; besoindeurope:3; alehenanff:3; michelbarnier:2; lisesimon14:2
709315,Arnaud Viala,arnaudviala,twitter.com/arnaudviala,254,dept_aveyron:18; arnaudviala:12; prefet12:12; cnews:8; yvesjego:7; morandiniblog:7; equipefra:7; morandini_live:7; agnesfirmin:5; cdc_13edble:4; sdis12:4; christophebechu:4; elisabeth_borne:4; thibautguilluy:4; france3tv:4; sudradio:3; paris2024:3; ramond_christ:3; franceinfo:3; frcsbraun:3; travail_gouv:3; carolinecayeux:3; lecocqcharlotte:2; fabriqueaveyron:2; gendarmerie:2; fabreolivier:2; museesoulages:2; ars_oc:2; stanguerini:2; gerard_larcher:2
607090,Jean-Pierre Vigier,j_pVigier,twitter.com/j_pVigier,251,j_pvigier:57; republicains_an:30; vpecresse:21; lesrepublicains:18; assembleenat:16; anemmontagne:13; laurentwauquiez:13; isavalentin43:12; lcp:11; auvergnerhalpes:10; rcfhauteloire:6; beauvais2017:5; jpierre_taite:5; zoomdici:5; lbouilhol:5; ludo_bergeron:5; pascaleboyerem:4; elus_lr_dvd_sc:4; bonnivarde:3; anniegenevard:3; e_ferrand_03:3; ephilippepm:3; leveil43:3; groupelaposte:2; prefet43:2; g_peltier:2; centrefrance:2; laruche43:2; lprhauteloire:2; mouleyre117:2
720190,Bertrand Sorre,BertrandSorre,twitter.com/sorre_depute|twitter.com/BertrandSorre,245,bertrandsorre:41; emmanuelmacron:12; ouestfrance:12; avranches_infos:11; sttravert:9; ph_debray:8; gregorygalbadon:7; emiliecariou:7; assembleenat:6; jmblanquer:5; enmarche50:5; enmarchefr:5; raconcathy:4; ephilippepm:4; ouestfrance50:4; tourisme_gtm:4; lamanchelibre:4; larem_an:3; ccastaner:3; soniakrimi50:3; stephanebuchou:2; be:2; zenbrn:2; brunolemaire:2; lilianetanguyan:2; auroreberge:2; bertrandbouyx:2; achristine_lang:2; jean_bizet:2; ja_manche:2
330909,Vincent Descoeur,VincentDescoeur,twitter.com/VincentDescoeur,244,vincentdescoeur:31; cantalauvergne:21; republicains15:9; laurentwauquiez:9; adepartementsf:9; bfaure15:8; etoilesdusport:8; dbussereau:6; republicains_an:5; lamontagne_15:5; chambon_louis:5; ephilippepm:4; lcp:4; pascalcoste:4; hgaymard:4; fxbellamy:3; lesrepublicains:3; saca_officiel:3; cantal_auvergne:3; emmanuelmacron:2; nicoletrisse:2; phdumont:2; le_figaro:2; mezardjacques:2; duboismarianne:2; maires_ruraux:2; lunionducantal:2; anemmontagne:2; maxpetitjean:2; bretonxavier:2
719520,Mickaël Nogal,mickaelnogal,twitter.com/mickaelnogal,240,eric_r_lombard:84; steph_sejourne:22; jlmoudenc:16; emmanuelmacron:14; valeriehayer:14; anah_officiel:10; rtlfrance:8; gabrielattal:8; svyrydenko_y:8; economie_gouv:6; jnbarrot:6; vonderleyen:6; sergezaka:6; henrydelaguerie:6; renaissance:4; lejdd:4; laurentsmartin:4; cnews:4; zelenskyyua:4; deputecausse:4; renaissance31hg:2; jeunesmacron31:2; carlos_cuerpo:2; jmirandsarmento:2; rothgilles:2; tf1:2; tf1info:2; sebastienlecornu:2; mic:2; v_terrailnoves:2
609245,Valérie Lacroute,VLacroute,twitter.com/VLacroute,240,laurentwauquiez:51; idf_rassemblee:20; vpecresse:15; celineimart:14; caidf:12; vlacroute:10; interbevidf:10; jaregionidf:9; iledefrance:8; lesrepublicains:8; emma_ducros:8; le_figaro:7; gewoessner:7; droiterep_an:7; salondelagri:6; csfldefrance:6; bfmtv:5; lemoinearnaud:5; jeunesagri77:5; maclesggy:4; interbev_fr:4; greffindamien:4; brunoretailleau:4; fxbellamy:3; regnault_jerome:3; sdis77:3; gerard_larcher:2; safer_idf:2; somabrouk:2; seblecornu:2
720154,Nicole Dubré-Chirat,NicoleDubre17,twitter.com/NicoleDubre17,240,deputesensemble:56; emmanuelmacron:23; yaelbraunpivet:12; stephanie_rist:12; gabrielattal:9; assembleenat:8; olivierfalorni:7; admdfrance:7; prefet49:6; marina_ferrari:6; jonathandenis:6; nunezlaurent:6; francoisegatel:5; agnesrunacher:4; perrinegoulet:4; seblecornu:4; edouardgeffray:4; vincent_caure:4; michelbarnier:4; an_afsoc:4; lecocqcharlotte:4; enthoven_r:3; stephpiednoir:3; angers:3; oliviagregoire:3; brigitte_liso:3; elisabeth_borne:3; cnbpf:3; yannbubien:3; lcp:3
719364,Claire O'Petit,claireopetit,twitter.com/claireopetit,240,gabrielattal:32; vincent_d27:26; renaissance:24; steph_sejourne:19; vincentdebas:16; gattalactu:14; progressistes27:8; bfmtv:8; s_yoncourtin:8; priscathevenot:4; emmanuelmacron:4; alexrassaert:4; gdarmanin:4; franceinter:4; claireopetit:3; canardenchaine:3; adia66:3; seblecornu:3; nathalieloiseau:3; ensemble_ue:3; afpfr:3; l_philippot:2; limpartial27:2; gg_rmc:2; ambroise_mejean:2; lcp:2; mlp_officiel:2; renaudpila:2; valeriehayer:2; auroreberge:2
1276,Michel Fanget,michelfanget,twitter.com/michelfanget,238,michelfanget:36; lamontagne_fr:16; prefet63:10; _infomagazine:10; f3auvergne:10; fbauvergne:10; groupemodem:8; assembleenat:8; desarnez:8; clermontfd:6; youtube:6; lcp:4; adrientaquet:4; an_afetr:4; obj_capitales:4; auvergnerhalpes:4; fehap_actu:4; yannwehrling:4; guillaumeben:2; bruno_fuchs:2; patrickmignol:2; departement63:2; brunomillienne:2; stepherman:2; nicolasturgeon:2; lrem_auvergne:2; gabrielattal:2; ephilippepm:2; sttravert:2; arnaudcoudry:2
721254,Isabelle Muller-Quoy,imullerquoy,twitter.com/imullerquoy,238,enmarchefr:18; prefet95:18; imullerquoy:14; fionalazaar:13; leparisien_95:12; ccastaner:11; recocnu:9; ephilippepm:7; jeunesmacronvo:7; letweetpol:6; emmanuelmacron:5; valdoise:5; naimamoutchou:4; enmarchevo:4; lagazette95:4; jmblanquer:4; assembleenat:4; gvth95:4; franceculture:3; pascalboislarem:3; larem_an:3; skerbarh:3; n_hulot:3; elisabeth_borne:3; fumeryd:3; gerardcollomb:3; gdarmanin:3; apamienois:2; jmzulesi:2; upjv_univ:2
719570,Catherine Fabre,cfabreAN,twitter.com/cfabreAN,237,t_cazenave:139; fairegagnerbx26:27; jmblanquer:9; annefahmy:8; emmanuelmacron:6; lepoint:5; sophiaaram:5; femmeazadi:4; alexmartin33000:4; n_delattre:4; ephilippe_lh:4; horizonsleparti:4; renouveaubdx:4; renaissance:3; 24hpujadas:3; gabrielattal:3; ici_gironde:3; carolinefourest:3; seblecornu:3; azizskalli:3; cfabrean:3; michelrevol:2; philippinerbt:2; macronardsfm:2; songsa93:2; shalmani_abby:2; b:2; jnbarrot:2; ffbnleaquitaine:2; placeco_media:2
923,François Cornut-Gentille,FCornutGentille,twitter.com/FCornutGentille,235,fcornutgentille:21; opexnews:20; vincentlamigeon:19; mcabirol:14; oliviermarleix:14; jdomerchet:13; arnauddanjean:8; europe1:8; michelbarnier:7; ajdpresse:7; lesrepublicains:6; armees_gouv:5; arosencher:5; cperrin90:5; elysee:5; dga:4; assembleenat:4; radiojfrance:4; republicains_an:4; tgassilloud:4; saintdizierfr:4; fmomboisse:4; afpfr:3; patrickhetzel:3; lcp:3; fondation_cdg:3; fabrefaber:3; lemondefr:3; zonemilitaire:3; seblecornu:3
721960,Danièle Obono,Deputee_Obono,twitter.com/Deputee_Obono,234,franceinsoumise:12; deputesdem:4; deputesensemble:4; socialistesan:4; fiassemblee:4; jnbarrot:4; education_gouv:4; mathildepanot:4; droiterep_an:2; srcontretemps:2; glupatate:2; l_insoumission:2; fbdlm:2; me_maati:2; arnaultraphael:2; portes_thomas:2; amnesty:2; btselem:2; hrw:2; abomangoli:2; franceinfo:2; deputesgdr:2; gpe_ecolosocial:2; deputeshorizons:2; groupeliot_an:2; ademontchalin:2; andreetaurinya:2; mdiplo:2; emilemeunier:2; justice_gouv:2
1592,David Habib,DavidDhabib,twitter.com/DavidDhabib,234,bcazeneuve:58; daviddhabib:19; larepdpyrenees:16; fb_bearnbigorre:15; laconventionbc:14; clotildevalter:14; so_pau:11; caroledelga:8; assembleenat:8; lemondefr:7; sudouest:6; libe:5; lopinion_fr:5; radiojfrance:5; josypoueyto:5; jp_mattei:5; afpfr:4; bfmtv:4; lcp:4; uvtf1:4; f3aquitaine:3; socialistesan:3; max_brisson:3; le_nouvelobs:2; bayrou:2; lci:2; cavousf5:2; faureolivier:2; franceinter:2; cnews:2
721182,Frédéric Petit,fpetitAN,twitter.com/fpetitAN,234,jnbarrot:16; deputesdem:12; volodimirzelen1:9; democrats_eu:8; fpetitan:8; assembleenat:7; sebagobert:4; scazebonne:4; aurelienduchene:4; kenigsbarthur:4; an_afetr:4; emmanuelmacron:3; michel_goya:3; moreauchevrolet:3; peuravion:3; guillaume_ancel:3; amourskycyrille:3; bruno_fuchs:3; caroiteleonore:3; mfesneau:3; edeponcins:2; pl_maurice:2; michaelawiegel:2; rfi:2; amb_delattre:2; allemagnediplo:2; davidfranckoff:2; francaispresse:2; lcp:2; radioorient:2
783468,Lamia El Aaraje,lamiaela,twitter.com/lamiaela,232,paris:30; egregoire:28; remiferaud:15; datirachida:11; lamiaela:10; ps_paris:10; ps20eme:4; bfmtv:4; francoisdagnaud:4; jmgermain:4; cbrossel:4; radiojfrance:3; partisocialiste:3; ericpliez:3; c_barbier:3; pbloche:3; chikirouparis:2; france3paris:2; arielweilt:2; aydahadi:2; le_parisien:2; knafo_sarah:2; pierricklvn:2; ianbrossat:2; groupepec:2; ericlejoindre:2; pkomites:2; anne_hidalgo:2; lepoint:2; pierrelepel:1
719624,Bérangère Couillard,BCouillard33,twitter.com/BCouillard33,221,hcefh:64; bcouillard33:14; sudradio:12; fz_cestas:8; emmanuelmacron:7; assembleenat:6; francediplo:6; reusmuriel1:4; auroreberge:4; senat:3; sudouest:3; elisabeth_borne:3; f3aquitaine:3; leplanning:3; gabrielattal:3; besoindeurope:3; le_parisien:2; an_droitsfemmes:2; romeisabelle:2; catladousse:2; aeroport_bod:2; bxmetro:2; ici_gironde:2; stop_piste_sec:2; intercodefrance:2; l_amf:2; maires_ruraux:2; publicsenat:2; francetv:2; agenetet:2
719930,Boris Vallaud,BorisVallaud,twitter.com/BorisVallaud,220,acadleonblum:48; socialistesan:31; nouveaupop:27; partisocialiste:25; aydahadi:9; gaucheunietlse:6; najatvb:5; thaimasamman:5; lcp:5; thiebaultceline:4; arnosimion:4; fbriancon:4; egregoire:4; mel_thomin:4; lemondefr:3; solidaritefemme:3; chloeridel:3; pierrickcourbon:3; romaineskenazi:3; arthurdelaporte:3; boullierdominic:3; aurorelalucq:3; benoithamon:3; meryemdeffairi:3; pascaldemurger:3; stephantroussel:3; caroledelga:2; leparisien_75:2; act_lgbt:2; lehuffpost:2
346876,Thierry Solère,solere92,twitter.com/solere92,220,emmanuelmacron:71; seblecornu:31; gdarmanin:28; brunolemaire:9; elysee:9; emmanuelpeller1:6; franceinter:5; ephilippe_lh:4; lcp:4; chloemorin2:3; tf1:3; brutofficiel:3; rtlfrance:3; lci:2; renaudpila:2; interieur_gouv:2; bfmtv:2; mounirbelhamiti:2; charlottecaubel:2; mohamedbouhafsi:2; christophebechu:2; jnbarrot:2; solere92:2; potus:2; ambafr_norge:2; ataquillain:2; benjaminhaddad:2; leparisien_pol:1; gouvernementfr:1; chupapresse:1
719162,Jacqueline Dubois,jacqlinedubois,twitter.com/jacqlinedubois,220,emmanuelmacron:10; elisabeth_borne:4; lessimones_:3; yaelbraunpivet:3; maudbregeon:3; j_denormandie:3; gabrielattal:2; rixainmp:2; philippefolliot:2; weinbergjoaqui1:2; franceinter:2; eu_commission:2; anthonycellier:2; cbeaune:2; mauricemartin:1; olivierbabeau:1; juliedelpech72:1; sandrinejossoan:1; f_personne:1; beaudouinso:1; auroreberge:1; raconcathy:1; alliancec:1; jacqlinedubois:1; ellensalvi:1; divebruno:1; ifopopinion:1; le_figaro:1; mfesneau:1; lejdd:1
266808,Vincent Rolland,VRolland73,twitter.com/VRolland73,217,vpecresse:18; vrolland73:11; savoiemontblanc:9; avecvalerie:7; republicains_an:6; lesrepublicains:5; hgaymard:4; albertville_fr:3; an_afeco:3; assembleenat:2; valdisere:2; rte_raa:2; rolandlescure:1; ericpauget1:1; ifrap:1; n_forissier:1; annaiglemeur_29:1; juliendive:1; albertville:1; savoiedepartement:1; letour:1; savoiedepart:1; letrombinoscope:1; bfmtv:1; franceinfo:1; bfmbusiness:1; aurelienpradie:1; fabiendifilippo:1; rtlfrance:1; battistelmar:1
719684,Coralie Dubost,CoDubost,twitter.com/CoDubost,216,emmanuelmacron:65; franceinter:23; bfmtv:7; enmarchefr:7; olivierdussopt:6; yaelbraunpivet:5; brunolemaire:5; cnews:5; steph_sejourne:5; faculte_dsp_um:4; coherence_e:4; mlp_officiel:4; jeanpierregrand:4; pompiersfr:3; gdarmanin:3; avecvous3403:3; codubost:3; gclamour:2; mdelafosse:2; lcp:2; sophiaaram:2; nunezlaurent:2; cedric_o:2; e_dupondm:2; kerianlaurier:2; le_fait_libre:2; itolleret:2; avecvous:2; mirallesmp:2; ensemble_ue:1
721992,Patricia Gallerneau,PGallerneau,twitter.com/PGallerneau,215,pgallerneau:17; groupemodem:11; yannwehrling:9; lucbouard:7; anticorrida:7; ephilippepm:6; modemvendee:6; larem_vendee:6; bayrou:5; gdarrieussecq:5; stephanebuchou:5; mfesneau:5; gerardcollomb:5; barbarapompili:4; gdarmanin:4; modem:4; j_gourault:4; ouestfrance:4; assembleenat:4; lrsy_ville:4; audeluquet2017:3; an_devdur:3; fderugy:3; emmanuelmacron:3; platombe:3; brunolemaire:3; alexandrehuvet:3; enmarchefr:2; tvvendee:2; jlbourlanges:2
721166,Samantha Cazebonne,scazebonne,twitter.com/scazebonne,214,senateursrdpi:16; scazebonne:10; reflexe_s:9; emmanuelmacron:5; arnaud_bazinvo:5; jnbarrot:4; aefeinfo:4; f_patriat:4; nicoleduranton:4; renaissance_fde:4; mlfmonde:3; jblemoyne:3; francaispresse:2; francediplo:2; reseau_canope:2; franceencoree:2; lyceexavier:2; bureaufrtaipei:2; bezierscolbac:2; cappolitique:2; agenetet:2; seblecornu:1; damiensteffan:1; cned:1; flacinfos:1; no_corrida:1; cafepedagogique:1; 30millionsdamis:1; senat:1; publicsenat:1
721434,Frédérique Lardet,F_Lardet,twitter.com/F_Lardet,213,prefet74:12; grandannecyoff:8; emmanuelmacron:8; assembleenat:6; francoisastorg:6; f_lardet:5; f3alpes:4; fpialpes:4; alain_thebault:4; inakiechaniz:3; lessorsavoyard:3; ugrenoblealpes:3; rcfhautesavoie:3; futuralps:3; fcannecy:3; bfmtv:3; v_riotton:3; bus_sibra:3; fedfranceski:2; bleusavoie:2; annaiglemeur_29:2; gendarmerie_074:2; annecyrespire:2; ledl737401:2; univ_savoie:2; 8montblanc:2; mobiliscase:2; segoguichard:2; elisabeth_borne:2; laurentwauquiez:2
720692,Fabien Roussel,Fabien_Roussel,twitter.com/Fabien_Roussel,201,pcf:36; fabien_roussel:18; jubrugerolles:4; stephane1peu:4; fabien_gay:4; patrickmartin_1:4; gladysgrelaud:3; assanlakehoul:3; elpce:2; enriquesantiago:2; europeanleft:2; pcp_pt:2; peter_mertens:2; ptbbelgique:2; walterbaierel:2; lacgtcommunique:2; vincent_boulet:1; senateurscrce:1; humanite_fr:1; _mjcf:1; assembleenat:1; lamarsweb:1; sncfvoyageurs:1; soph_astro:1; cecilecukierman:1; fnmecgt:1; fabien_rou:1; francetv:1; fa:1; ouzouliasp:1
719420,Denis Sommer,DenisSommer,twitter.com/DenisSommer,201,brunolemaire:13; emmanuelmacron:8; elisabeth_borne:4; oliviagregoire:4; gouvernementfr:4; chevenement:3; ccastaner:3; agnesrunacher:3; fred_barbier:3; denissommer:2; assembleenat:2; richardferrand:2; olivierveran:2; sarahelhairy:2; macron2022:1; christophe:1; nicolas_pacquot:1; paysmontbeliard:1; avecvous_pm25:1; msafranchecomte:1; stellantisfr:1; sante_gouv:1; libe:1; nadiahai78:1; gdarmanin:1; denisthuriot:1; labbercy:1; joebiden:1; bfc_region:1; economie_gouv:1
719806,Sophie Auconie,sophie_auconie,twitter.com/sophie_auconie,200,sophie_auconie:22; djebbari_jb:10; art_transports:8; sdis37:8; fnaut_fr:4; mfesneau:4; labaronnedaniel:4; allionefnspf:3; plouault:3; chalumeau_p:3; david_valence:2; udsp37:2; jpfarandou:2; nr_loches:2; mainasage:2; emmanuelmacron:2; pmarlier:2; senat:2; prefet37:2; alimomen_:2; mdevaucouleurs:2; poletti_b:2; thierrybenoit35:2; rtlfrance:1; rafaelnadal:1; conseilmondialdel:1; martinevassal:1; bbuffault:1; brunolemai:1; valeriehayer:1
722228,Jean-Claude Leclabart,JLeclabart,twitter.com/JLeclabart,200,emmanuelmacron:22; bquestel:18; jleclabart:15; sttravert:15; brunolemaire:12; pietraszewski_l:10; j_denormandie:9; larem_an:9; gdarmanin:9; lrem80:8; prefet80:6; shaussoulier:5; spouillaude:5; jjbridey94260:5; assembleenat:4; joelgiraud05:4; famatras:4; jeancastex:4; ephilippepm:4; gabrielattal:3; gbessonmoreau:3; olivierdussopt:3; ccastaner:3; ingriddordain:3; sdis80:3; courrierpicard:3; avecpietra:3; girardineric:3; gouvernementfr:3; p_rifflart:2
606098,Olivier Marleix,oliviermarleix,twitter.com/oliviermarleix,200,le_figaro:24; michelbarnier:14; celineimart:12; lcp:11; oliviermarleix:7; kamardine_m:5; philippejuvin:4; droiterep_an:4; ferraccimarc:4; plantu:3; lesrepublicains:3; laurentwauquiez:3; fxbellamy:3; mccg:3; bfmtv:3; brunoretailleau:3; louishausalter:3; cheocheduval:2; gewoessner:2; lefigarotv:2; naimamfaddel:2; juliendive:2; cnews:2; le_gorafi:2; nicolassarkozy:2; rnational_off:2; telematin:2; maximeminot:2; ericrevel1:1; franceinter:1
719528,Jean-François Portarrieu,jfportarrieu,twitter.com/jfportarrieu,200,elusduvin:11; bouloc31:6; saintalban31140:6; villefenouillet:4; castelginest31:3; vigneronindep:3; toulouse:3; maisongarcia:2; assembleenat:2; airbus:2; letour:2; lopinionindep:2; saintjory31:2; gendarmerie_031:2; gendarmerie:2; hautegaronne:2; jfportarrieu:2; ladepechedumidi:2; safranelectric:1; gdecazaux:1; lesabattoirs:1; meetttoulouse:1; l_amf:1; missionlocale31:1; cpme31:1; nordtoulousain:1; vanelprix:1; bleuetdefrance:1; jjbolzan:1; denismiotto31:1
718694,Marc Delatte,MarcDelatte,twitter.com/MarcDelatte,200,emmanuelmacron:8; festinaboy:4; jboovii:4; frcsbraun:4; gilleslegendre:2; marclandes40:2; mlp_officiel:2; franceinter:2; brunolemaire:2; gabrielattal:2; mfesneau:2; adia66:2; stoprockwool02:2; guetta_en:1; lci:1; francetv:1; paul_denton:1; mompontet:1; mediavenir:1; limportant_fr:1; so:1; marcdelatte:1; emmanu:1; frontrep:1; corleone040480:1; tcabarrus:1; claudemalhuret:1; re_hautsdeseine:1; benjaminhaddad:1; lexpress:1
719504,Jean-Luc Lagleize,jeanluclagleize,twitter.com/jeanluclagleize,199,ensemble2024:19; emmanuelmacron:14; bayrou:9; modem:8; jeanluclagleize:8; mouvementdem:4; cdricmaurel2:4; jlmoudenc:3; assembleenat:3; actutoulouse:3; vignon2022:3; baudis2022:3; laurenceleroyg:3; avecvous:3; gillesjoviado:2; patnoviello:2; pierre_baudis:2; jdem31:2; efs_dondesang:2; mobiliansfr:2; laurenceleroy:2; jnbarrot:1; mfesneau:1; costesnicolas1:1; salonimmotoulou:1; f3occitanie:1; benjamin_baudis:1; escudierjulie:1; toulouse:1; yaelbraunpivet:1
720802,Catherine Pujol,catherinepujol1,twitter.com/catherinepujol1,199,mairieperpignan:40; louis_aliot:15; frcsbraun:11; asso_sfap:6; bfmtv:5; actuperpignan:4; santepubliquefr:4; prefet66:3; lindependant:3; sante_gouv:3; philippejuvin:3; emmanuelmacron:3; institut_cancer:2; cnews:2; gdarrieussecq:2; hakajustdidit:2; policenationale:1; policia:1; efs_dondesang:1; efs_sante:1; kevinbossuet:1; iciroussillon:1; catherinepujol1:1; sos_mcs:1; assur_maladie:1; sphere_sante:1; solidarite_gouv:1; gironanoticies:1; lindep_perpi:1; eurosport_fr:1
721118,Moetai Brotherson,Moetai1,twitter.com/Moetai1,198,moetai1:42; outremers360:12; deputespcf:10; lcp:8; assembleenat:8; sergemassau:8; davidkoubbi:6; jfmbaye:6; gabrielserville:4; deputee_obono:4; an_comlois:4; change:4; fabien_rssl:4; presidencepf:2; deputesgdr:2; achabus:2; brunoblanque:2; nesaste:2; bymaddyness:2; brun:2; conf_batonniers:2; julietteprados:2; elsafaucillon:2; tematangi:2; pacblueline:2; teanau_tuiono:2; christophedilys:2; guyonvarchc:2; johanitowamytan:2; fm_lambert:2
721776,Didier Baichère,dbaichere,twitter.com/dbaichere,198,efs_sante:14; agnesfirmin:9; efs_dondesang:8; emmanuelmacron:7; frcsbraun:6; donsangbenevole:5; olivierdussopt:5; eubloodalliance:5; gabrielattal:4; terresdeprogres:4; agnesrunacher:4; aur_rousseau:4; actfrenchcare:4; sachahoulie:4; stanguerini:4; ambroise_mejean:3; stephanie_rist:3; steph_sejourne:3; ncolin_oesterle:3; laconventionbc:2; ph_aghion:2; bcazeneuve:2; renaissance:2; jnbarrot:2; dares_travail:2; lafhf:2; emerygreg:2; ferraccimarc:2; bcouillard33:2; jeunesmacron:2
718894,Loïc Dombreval,loicdombreval,twitter.com/loicdombreval,198,lecnpa:10; fbb_officiel:6; sos3677:5; agri_gouv:5; ecologie_gouv:4; 30millionsdamis:4; fondationlfda:4; peta_france:4; loicdombreval:4; lesecolos_parti:4; a_s_v_2:4; coherence_e:4; seashepherdfran:3; limportant_fr:3; ordrevet_france:3; lpofrance:3; willyschraen:3; lemondefr:3; policenationale:2; gouvernementfr:2; interieur_gouv:2; humabio:2; uicnfrance:2; corinnevignon:2; bdegranvilliers:2; partianimaliste:2; conseil_etat:2; christophebechu:2; l214:2; assembleenat:2
720944,Zivka Park,zivkapark,twitter.com/zivkapark,197,emmanuelmacron:18; laustmartin:9; zivkapark:8; assembleenat:6; weillclaude:6; agnesrunacher:6; prefet95:5; jeancastex:5; srbinfrance1:4; avecvous:4; cecile_rilhac:4; gabrielattal:3; groupeadp:3; romanet:3; djokernole:3; avecvous95:3; ddasilva95:3; fionalazaar:3; g_vuilletet:3; mlp_officiel:3; nbouzou:3; e_dupondm:3; djebbari_jb:3; brunolemaire:3; education_gouv:2; mohamedbouhafsi:2; ericwoerth:2; rolandgarros:2; bfmtv:2; bfmbusiness:2
722078,Jacques Savatier,JacquesSavatier,twitter.com/JacquesSavatier,196,jacquessavatier:33; emmanuelmacron:31; sach_he:22; enmarche86:17; balletblu:9; jeunesmacron86:8; enmarche86000:7; centre_presse:6; baptistebize:5; enmarche8604:5; bleu_poitou:5; nrpoitiers:4; bfourka:4; annebrouet:3; larepubliqueem:3; enmarchefr:3; lemondefr:3; assembleenat:2; f3poitouchtes:2; jmclement86:2; rcf_poitou:2; henrimcl:2; janfygautier:2; emmanuel_husson:2; ericduboc:2; jmblanquer:2; departement86:2; fnsea86:2; futuroscope:2; youtube:2
719890,Danielle Brulebois,dbrulebois,twitter.com/dbrulebois,196,emmanuelmacron:17; gabrielattal:12; tcabarrus:10; brunolemaire:10; gdarmanin:6; seblecornu:4; michelbarnier:3; demontvalon1:3; dbrulebois:3; franceinfo:2; le_parisien:2; mathieumlefevre:2; auroreberge:2; michelf29015597:2; lcp:2; juraprogres:2; charlesconsigny:2; renaissance:2; douane_france:2; quentinfillon:1; sebastienlecornu:1; francetvsport:1; monicalova13:1; afpfr:1; olisab1949115:1; obsdelphi:1; anniegenevard:1; gouvernementfr:1; alexxplore:1; assembleenat:1
267794,Michèle Tabarot,MTabarot,twitter.com/MTabarot,194,mtabarot:8; philippetabarot:8; prefet06:8; napsarkozy:4; dominiq_estrosi:4; ericpauget1:4; avectabarot:2; hornetslecannet:2; laurentwauquiez:2; seblecornu:2; louisnegrecsm:2; nunezlaurent:2; veroniqueborre:2; lesrepublicains:2; volerolecannet:2; annelaureblin:2; droiterep_an:2; jeromeviaud:2; an_afetr:2; yaelbraunpivet:2
720422,Adrien Quatennens,AQuatennens,twitter.com/AQuatennens,193,jlmelenchon:81; mbompard:24; paulvannierfi:14; fiassemblee:5; franceinsoumise:4; l_insoumission:3; clemence_guette:2; l_addouche:2; mathildepanot:2; akhenatoniam:1; s_legrain:1; ericcoquerel:1; nunezlaurent:1; prefet93:1; bayrou:1; arcom_fr:1; cnews:1; avecbompard:1; emma_frr:1; franceinfo:1; vspillebout:1; i_laboetie:1; rmcinfo:1; fi_lille:1; l_fournier_:1; badmulch:1; bfmpolitique:1; bfmtv:1; tribunedimanche:1; trouveaurelie:1
605991,Annie Genevard,AnnieGenevard,twitter.com/AnnieGenevard,191,seblecornu:14; salondelagri:9; anniegenevard:9; agri_gouv:5; emmanuelmacron:5; bfmtv:5; gouvernementfr:4; lcp:4; jeunesagri:3; sudradio:3; elysee:2; telematin:2; franceinter:2; sergepapin_rf:2; cnews:2; phbaptiste:2; cirad:2; cedricbole:1; maudbregeon:1; farmeurope:1; francescolollo1:1; stefankrajewski:1; agence_bio:1; chansen:1; chanseneu:1; dimpolitique:1; sebchenu:1; mathieumlefevre:1; vigneronscoop:1; manonmeunier_up:1
720066,Stéphanie Rist,stephanie_rist,twitter.com/stephanie_rist,185,stephanie_rist:22; lcp:21; seblecornu:13; franceinfo:9; bfmtv:9; publicsenat:8; emmanuelmacron:5; jpfarandou:5; gabrielattal:4; franceinter:4; telematin:4; lecocqcharlotte:3; gdarmanin:3; sarahelhairy:3; bfmlyon:3; icichampagne:3; europe1:3; alehenanff:2; assembleenat:2; nunezlaurent:2; gouvernementfr:2; laure_miller:2; phbaptiste:2; srlegis2026:2; cemat_fr:1; cema_fr:1; elysee:1; sandrinejossoan:1; galliardm:1; amiel_david_:1
720386,Fabien Di Filippo,FabienDiFilippo,twitter.com/FabienDiFilippo,181,fabiendifilippo:18; assembleenat:14; lcp:10; droiterep_an:8; laurentwauquiez:6; ffcyclisme:2; oliviermarleix:2; bfmtv:2; jonathanvaucher:1; smshandball:1; ussainteshb:1; anniegenevard:1; juliendive:1; le_figaro:1; wallybordas:1; thibault_bazin:1; carinem605:1; davidlisnard:1; assembleenationale:1; partisocialiste:1; lefurcorentin:1; famillesrurales:1; franceinfo:1; sdis57:1; usdkdunkerque:1; proligue:1; amaurysport:1; letour:1
720214,Aina Kuric,ainakuric,twitter.com/ainakuric,181,elus_forceterri:64; horizonsleparti:31; ephilippe_lh:15; horizons_marne:13; ainakuric:11; opendiplo:11; lise_magnier:9; cbeaune:7; franck_leroy_:7; horizons_reims:6; besoindeurope:6; oudindimitri_51:6; arnaudrobinet:5; xavieralbertini:5; christophedany1:4; regiongrandest:4; epernayhorizons:3; horizonschalons:3; horizons_an:3; b_abba:3; escp_bs:3; christophebechu:3; chalonsagglo:3; choserotc:3; horizons67:3; dariusrochebin:2; france3ca:2; assembleenat:2; guetta_en:2; ambroise_mejean:2
720520,Anne-Laure Cattelot,ALCattelot,twitter.com/ALCattelot,180,emmanuelmacron:25; nathalieloiseau:4; vonderleyen:4; zelenskyyua:4; cerfiafr:4; renaudpila:3; bfmtv:3; emma_ducros:3; le_parisien:3; watatsumilp:3; laurentsegnis:2; nicolasberrod:2; xavierbertrand:2; virginie1landry:2; dominiquereynie:2; jfachilli:2; benstiller:1; jl_thieriot:1; afnewsroom:1; cartesdumonde:1; pahlavireza:1; businessfrance:1; rnaudbertrand:1; frenchresponse:1; tcabarrus:1; touteleurope:1; microinteracti1:1; jlmoudenc:1; mfesneau:1; slerudulier:1
267527,Martial Saddier,MartialSaddier,twitter.com/MartialSaddier,180,martialsaddier:58; dep_74:55; sdis_74:51; htesavoiepresse:36; sauvonsleau:10; prefet74:9; nicolasmarillet:4; gendarmerie_074:3; uci_cycling:3; nicolasrubin:3; udsp74:3; chatel_officiel:3; evian_ville:2; adepartementsf:2; martialsadd:2; boslandjp:2; pompiersfr:2; atmbinfo:2; ccastaner:2; sm3a74:2; saint_gervais:2; valrie74:2; letour:2; emmanuelmacron:1; michelbarnier:1; mattboisseau:1; patrickmignola:1; cyclingworlds:1; bfmtv:1; croixrouge:1
720222,Éric Girardin,GirardinEric,twitter.com/GirardinEric,180,assembleenat:11; an_afeco:10; gabrielattal:8; emmanuelmacron:7; cavautrin:6; girardineric:6; sylvierouillere:6; franck_leroy_:6; mfesneau:3; youriphilip:3; gouvernementfr:2; valeriehayer:2; sgvchampagne:2; salondelagri:2; brunolemaire:2; prefet51:2; elisabeth_borne:2; ericquenard:1; trepobertrand:1; devilliersln:1; etatmajorfr:1; artechdrone:1; auroreberge:1; nicolelepeih:1; pascallavergne:1; porteparolepn:1; gendarmerie:1; sante_gouv:1; besoindeurope:1; cbeaune:1
608172,Christine Pires Beaune,cpiresbeaune,twitter.com/cpiresbeaune,180,socialistesan:33; borisvallaud:15; gabriel_zucman:13; assembleenat:12; faureolivier:8; gregvillafranca:6; partisocialiste:6; pspuydedome:5; lamontagne_fr:4; prefet63:4; yaelbraunpivet:4; olivierbianchi1:3; maires_ruraux:3; amf_63:3; yvesleonard27:3; borisbouchet:3; marioncanales:3; icipaysauvergne:2; grandirscancer:2; pecoulpierre:2; intercodefrance:2; l_amf:2; sdelautrette:2; odeuxg:2; an_finances:2; cpiresbeaune:2; lcp:2; jeremiehenrion:2; nicolasbonnet63:2; boyerj_m:2
774954,Anne-Laure Blin,AnneLaureBlin,twitter.com/AnneLaureBlin,180,droiterep_an:13; assembleenat:12; annelaureblin:8; brunoretailleau:4; laurentwauquiez:4; lcp:3; courrierouest:3; bfmtv:3; saumuraucoeur:2; brigadedugenie:2; edchanot:2; csoutienbs:2; seblecornu:2; lesrepublicains:2; realdonaldtrump:2; margueritestern:2; michelbarnier:2; europe1:2; cathervieu:1; riisc_1:1; prefet49:1; coordinationrur:1; sival_angers:1; ademe:1; contrepoints:1; cderoche_senat:1; pompiersfr:1; f3paysdelaloire:1; olivierbabeau:1; verolouwagie:1
721864,Souad Zitouni,ZITOUNISouad3,twitter.com/ZITOUNISouad3,180,zitounisouad3:17; avecvous:12; lpavignon:6; emmanuelmacron:6; renaissance_84:5; cg_al_marseille:5; caubelcharlotte:5; gdarmanin:4; bfmtv:4; auroreberge:3; renaissance:3; terresdeprogres:3; olivierdussopt:3; yaelbraunpivet:3; cerfiafr:2; le_parisien:2; olivierveran:2; nadiahai78:2; iacovellixavier:2; oliviagregoire:2; nicolasgoumare:2; brigbourguignon:2; lremarche2022:2; cbeaune:2; barackobama:1; kamalaharris:1; pcanfin:1; e_dupondm:1; macronardsfm:1; prefet84:1
345722,Constance Le Grip,ConstanceLeGrip,twitter.com/ConstanceLeGrip,180,auroreberge:9; europe1:7; erazavi3:6; seblecornu:6; jnbarrot:6; emmanuelmacron:4; francediplo:4; carolineyadan:4; zelenskyyua:3; hdaparis:3; elysee:3; cema_fr:2; constancelegrip:2; sudradio:2; radiojfrance:2; gabrielattal:2; femmeazadi:2; srodan:2; sylvainmaillard:2; laure_miller:2; villedeneuilly:1; knesseteng:1; mapirzadeh:1; datirachida:1; armeedeterre:1; fs_francaises_:1; jfachilli:1; sahandsaber75:1; monajafarian:1; vuparkianoush:1
608741,Sylvie Tolmont,SylvieTolmont,twitter.com/SylvieTolmont,180,bcazeneuve:58; laconventionbc:11; jeromeguedj:11; fhollande:10; lopinion_fr:9; rglucks1:8; cavousf5:7; lacroix_prg:6; sophiaaram:6; franceinter:5; bfmtv:4; frhaz:4; telematin:4; a_oberdorff:4; fadatcecile:4; nicolasmayernmr:4; clotildevalter:3; agindre:2; joffrinlaurent:2; mathiasulmann:2; lcp:2; lejournal_info:2; dlessocialistes:2; parismatch:2; rachidtemal:2; laurossignol:2; aurelienveil:2; lepoint:2; malopedia:2; carlosalcaraz:2
720798,Louis Aliot,louis_aliot,twitter.com/louis_aliot,180,mlp_officiel:27; rnational_off:16; louis_aliot:14; j_bardella:14; jphtanguy:13; frontieresmedia:8; jleonardelli_:7; bfmtv:7; cnews:5; franckallisio:4; frhaz:3; yoanngillet30:3; brunobilde:3; benedetti65:3; jsanchez_rn:3; charlesprats:3; frapiquemal:2; florianazema_81:2; bartheschristop:2; marc_vanguard:2; brunoretailleau:2; stephane_ravier:2; mpigasse:2; thomasbonnet:2; margauxtaillef2:2; 20minutes:2; steevebriois:2; gilbertcollard:2; sblanc66000:2; gwgoldnadel:2
712014,Vincent Ledoux,VincentLedoux59,twitter.com/VincentLedoux59,180,gdarmanin:89; seblecornu:8; cbeaune:5; fbb_officiel:4; vincentledoux59:4; bfmtv:4; an_afetr:4; lci:4; karlolive:3; emmanuelmacron:3; cnews:3; anniegenevard:2; nunezlaurent:2; dorianebecue:2; lcp:2; mathieumlefevre:2; strategieplan:2; metropolelille:2; neuvilleenf:2; populairesoff:2; vspillebout:2; lejdd:2; ars_hdf:2; lorenagiulian:1; franceintheus:1; brunoretailleau:1; dariusrochebin:1; brigitte_bardot:1; rmcinfo:1; aveclecornu:1
720606,Ludovic Pajot,ludovicpajot,twitter.com/ludovicpajot,180,j_bardella:43; mlp_officiel:27; rnational_off:18; jphtanguy:8; bfmtv:5; groupern_off:4; eciotti:3; arnoklarsfeld:3; ludovicpajot:2; brunoclavet:2; mvalet_officiel:2; thierry_frappe:2; steevebriois:2; cnews:2; rnj_off:2; lcp:2; frontieresmedia:2; anthonygarenaux:1; porquetceline:1; i24news_fr:1; gn_bleu_marine:1; fhollande:1; franceinter:1; g_dussausaye:1; le_parisien:1; fbb_officiel:1; laurelavalette:1; matteosalvinimi:1; lci:1; julienodoul:1
721486,Christophe Naegelen,naegelenchris,twitter.com/naegelenchris,179,naegelenchris:77; groupeliot_an:55; lcp:23; assembleenat:12; vosgesmatin:9; udi_off:5; bertrandpancher:5; sudradio:5; elisabeth_borne:4; idelencolere:3; cnews:3; jeanrottner:3; sarahelhairy:3; chronilyme:3; purpoz_appli:3; patrickmartin_1:2; ambstephanedion:2; seblecornu:2; pacolombani:2; yaelbraunpivet:2; qatarambfrance:2; theatredupeuple:2; larrouturou:2; radioorient:2; datanfr:2; jeanderb:2; jjbourdin_off:2; valerieletard:2; virystephane:2; majoritege:2
719592,Benoit Simian,BenoitSimian,twitter.com/BenoitSimian,178,seblecornu:11; emmanuelmacron:9; bayrou:9; sudouest:8; journaldumedoc:8; so_bordeaux:6; michelbarnier:6; realdonaldtrump:4; cplassard:3; pascalegruny02:3; jeancastex:3; philippetabarot:3; nvelleaquitaine:3; lusojornal:3; conseil_constit:3; jpfarandou:3; atcolloque:2; chabanelm:2; al_rousset:2; potus:2; caroiteleonore:2; alainjuppe:2; stephanevojetta:2; ofbiodiversite:2; groupeliot_an:2; ambafrancept:2; francediplo:2; sncfreseau:2; brunolemaire:2; economie_gouv:2
720038,Sandrine Josso,sandrinejossoan,twitter.com/sandrinejossoan,176,sandrinejossoan:26; auroreberge:18; vguillotin:10; lcp:8; yaelbraunpivet:5; deputesdem:5; sudradio:5; arnaud_gallais:4; lauzzanamichel:3; bfmtv:3; mfesneau:3; prefet44:3; assembleenat:3; laqhila:3; yannickneuder:3; gerard_larcher:2; valerie_oppelt:2; rabatel_marie:2; renaudmuselier:2; delphlingemann:2; bebravefrance:2; ciivise_contact:2; mc_garin:2; v_riotton:2; ghafrance:2; alainthomasoff:2; johanna_rolland:2; lafhf:2; franceinter:2; romeisabelle:2
719202,Didier Paris,_DidierParis,twitter.com/_DidierParis,176,assembleenat:19; rnational_off:12; dmartindijon:8; gabrielattal:8; emmanuelmacron:6; fadila_khattabi:4; f_patriat:4; besoindeurope:4; e_dupondm:4; jeunesagri:3; deputesre:3; elusduvin:3; an_comlois:3; medef:2; fdsea21:2; sauvadet:2; f3bourgogne:2; emiliechandler:2; guetta_en:2; jdecerle:2; valeriehayer:2; n_delattre:2; osce:2; senat:2; tcabarrus:2; assembleenatest:1; infobeaune:1; bfmtv:1; lesrepublicains:1; _didierparis:1
722030,Pierre-Yves Bournazel,pybournazel,twitter.com/pybournazel,173,pybournazel:20; bfmtv:15; europe1:14; egregoire:13; datirachida:11; cnews:5; catherineibled:4; pybteam:3; radiojfrance:3; cbeaune:3; tetumag:2; marleneschiappa:2; cerfiafr:2; emmanhoffman:2; rachelflore:2; dgoater:2; jjbourdin_off:2; sudradio:2; mohamadparis20:2; cl_chassaniol:2; batonnierparis:2; franceinfo:2; ntenzer:1; lepoint:1; franceinsoumise:1; bhl:1; collectifrivoli:1; figueroaparisc:1; tribuchretienne:1; agenetet:1
720952,Aurélien Taché,Aurelientache,twitter.com/Aurelientache,171,chikirouparis:25; jlmelenchon:16; paulvannierfi:6; aurelientache:6; rglucks1:5; nupesnews:4; gerardaraud:4; chronikfr:4; mbompard:4; daisyyaich:4; ballybagayoko:4; egregoire:4; frapiquemal:3; bfmtv:3; le_figaro:3; rtlfrance:3; franceinsoumise:2; le_parisien:2; rdcongo26:2; guiraudind:2; masquart_avocat:2; sebastiendelogu:2; damienmaudt:2; jeromeguedj:2; faureolivier:2; l_addouche:2; jeannebarsegh:1; ilangabet:1; lunionpopulaire:1; omaryaqoob:1
720892,Mathilde Panot,mathildepanot,twitter.com/mathildepanot,171,jlmelenchon:14; fiassemblee:11; franceinsoumise:8; mbompard:8; ballybagayoko:7; l_addouche:6; frapiquemal:5; floriankobryn:5; chikirouparis:3; sebastiendelogu:3; aurelien_le_coq:3; rim_yehya:2; azizanouioua:2; pycadalen:2; trouveaurelie:2; abdoulbar_d:2; p_proisy:2; emmanfernandes:2; mickael_idr:2; ugobernalicis:2; jp_nilor:2; guiraudind:1; nordine_r:1; bfmtv:1; mobensaada:1; bardouxthomas:1; djamelarrouche:1; a_saintoul:1; fnmecgt:1; portes_thomas:1
719736,Camille Galliard-Minier,GalliardM,twitter.com/GalliardM,162,deputesensemble:10; renaissance:9; modem:7; terresdeprogres:7; agir_officiel:6; gabrielattal:5; udi_off:5; assembleenat:4; horizonsleparti:4; galliardm:4; partiradical:4; renaissance_38:3; ici_isere:3; jpgiraud:3; horizons:3; yannickneuder:2; horizons_isere:2; rolandlescure:2; ledl_grenoble:2; placegrenet:2; marinegatineaud:1; portemonnom:1; iacovellixavier:1; an_afeco:1; francechimie:1; villedegrenoble:1; chu_grenoble:1; techandfest:1; prefet38:1; ferraccimarc:1
336439,Jean-Michel Clément,jmclement86,twitter.com/jmclement86,160,groupeliot_an:88; lcp:28; bertrandpancher:28; c_decourson:16; bfmtv:6; bsainthuile:6; yaelbraunpivet:6; publicsenat:4; changefrance:2; plantu:2; santelli841:2; corsenetinfos:2; elisabeth_borne:2; blick_fr:2; cnews:2; lopinion_fr:2; assoutiles:2; anouk1818:2; elabe_fr:2; bertrandpanch:2; galamiou:2; johannfourmond:2; c_rossignol:2; werlych:2; jrcazeneuve:2; canardenchaine:2; realmarcel1:2
606675,François André,FrancoisAndre35,twitter.com/FrancoisAndre35,160,emmanuelmacron:12; gouvernementfr:11; assembleenat:10; jy_ledrian:7; francoisandre35:5; an_finances:5; lmaillart:4; elisabeth_borne:4; dguillaume26:4; agnesrunacher:4; ccastaner:3; agnesbuzyn:3; min_agriculture:3; moreaujb23:3; duboschristelle:3; ecouet:2; ephilippepm:2; brunepoirson:2; lcp:2; gaellebohec:2; gdarmanin:2; larem_an:2; olivierveran:2; oliviagregoire:2; economie_gouv:2; paysderennes:2; florence_parly:2; delevoye:2; educationfrance:2; sandrinelefeur:2
720900,Cécile Rilhac,Cecile_Rilhac,twitter.com/Cecile_Rilhac,160,encommun_parti:54; stelladupont:42; bcazeneuve:19; olivierfalorni:8; barbarapompili:8; cecile_rilhac:7; audreylive14:6; clotildevalter:5; assembleenat:5; clapotmireille:4; laconventionbc:3; lacroix_prg:3; elisabeth_borne:3; yaelbraunpivet:3; sachahoulie:3; brunoretailleau:2; senat:2; franceinter:2; dominiquevoynet:2; admdfrance:2; dvthjkr:1; ph_aghion:1; h_brachet:1; lepoint:1; cergypontoise95:1; aros:1; angers:1; lopinion_fr:1; volt_france:1; peire83:1
719294,Mireille Clapot,clapotmireille,twitter.com/clapotmireille,160,fpetitan:25; stelladupont:18; francediplo:14; encommun_parti:13; _jwhittall:10; tsihanouskaya:5; unrwa:5; netanyahu:3; tfolwi:3; unlazzarini:3; pace_news:3; csnumpost:3; benjaminhaddad:2; romeisabelle:2; assembleenat:2; gerardaraud:2; pierrehaski:2; jnbarrot:2; amnestyiran:2; volt_france:2; onu_fr:2; michelbarnier:2; jlbourlanges:2; frecenonlap:1; babelio:1; clapotmireille:1; ernst_pontoise:1; barbarapompili:1; cecile_rilhac:1; anthonysamrani:1
722134,Jean-Marie Fiévet,JeanMarieFIEVET,twitter.com/JeanMarieFIEVET,160,emmanuelmacron:55; gabrielattal:34; renaissance:10; seblecornu:7; laurentsegnis:6; elysee:5; jboovii:5; lycrem3:5; mathieumlefevre:5; robjetten:3; renaudpila:3; gattalactu:3; tcabarrus:3; maudbregeon:3; macronardsfm:2; jeunesenmarche:2; jnbarrot:2; benjaminhaddad:2; enmodemacron:2; d:1; cavautrin:1; minpres:1; deputesensemble:1; kmitsotakis:1; thetoitoi:1; margotte57000:1; songsa93:1; barriere_dr:1; chaussade2401:1; allapoedie:1
719250,Philippe Chassaing,ChassaingPh,twitter.com/ChassaingPh,159,chassaingph:26; brunolemaire:19; larem_an:12; emmanuelmacron:11; dep_cubertafon:6; jacqlinedubois:6; klinkertbrigitt:5; an_finances:5; agnesrunacher:5; prefet24:4; alexiholroyd:4; jeancastex:4; joelgiraud05:4; so_dordogne:4; mlp_officiel:3; stelladupont:3; felixwatterlot:2; olivierdussopt:2; gouvernementfr:2; lucasguillemot:2; banquedefrance:2; cavousf5:2; delponmichelem:2; eduardsstiprais:2; imantsliegis:2; osalleron:2; olivierveran:2; b_peyrol:2; stanguerini:2; oliviagregoire:2
343493,Gwendal Rouillard,G_ROUILLARD,twitter.com/G_ROUILLARD,159,l_thinktank:52; alexxplore:9; arab_intel:7; cartesdumonde:6; opexnews:6; restitutorii:5; nikosdendias:4; tf1info:4; lbpresidency:4; bfmtv:3; emmanuelmacron:3; top_force:3; cema_fr:3; colon_david:3; barathinktank:2; renaudpila:2; dariusrochebin:2; cemm_fr:2; lci:2; cavautrin:2; jnbarrot:2; franceinfo:2; narendramodi:2; christodulides:1; arnaudpescheux:1; franceauqatar:1; mofaq:1; nexus_osint:1; defence_index:1; marinenationale:1
721506,Brigitte Kuster,Brigitte_Kuster,twitter.com/Brigitte_Kuster,159,datirachida:60; bfmtv:13; pourdati2026:11; jdberthault:8; geoffroyboulard:8; lrepublicains75:7; le_figaro:7; egregoire:6; agnesevren:4; rtlfrance:4; cnews:3; vtremolet:3; gb2026_:3; bgianeselli:2; lsailliet:2; inesderaguenel:2; europe1:2; sylvainmaillard:2; abdoulayek3:2; sirafuera:2; gewoessner:2; david_alphand:2; benjhaddadparis:2; ojim_france:1; francetele:1; julianbugier:1; thierry27200:1; thierryguerrier:1; elabe:1; guillaumedaret:1
719330,Fabien Gouttefarde,FGouttefarde,twitter.com/FGouttefarde,157,seblecornu:17; horizonsleparti:8; armees_gouv:6; emmanuelmacron:6; ephilippe_lh:6; dgris_fr:4; opexnews:3; francediplo:3; eureennormandie:3; ifri_:2; dirihedn:2; elysee:2; rufoalice:2; acad_em:2; lejdd:2; zelenskyyua:2; lepoint:2; xaviergorce:2; lcp:2; julien_cnn:2; mauricemartin01:1; armee_de_lair:1; midy_paul:1; guillaumeoll:1; markjcarney:1; egea_blog:1; cbeaune:1; cavautrin:1; skyrock_plm:1; amourskycyrille:1
2796,Guy Teissier,guyteissier,twitter.com/guyteissier,157,didierreault:24; lesrepublicains:12; valerieboyer13:12; guyteissier:9; eciotti:8; republicains_an:8; ccaf_france:8; julienaubert84:7; martinevassal:6; santellithierry:6; assembleenat:5; fpupponi:5; ccafsud:5; dep_cubertafon:4; laprovence:3; royerperreaut:3; laurentwauquiez:3; slerudulier:3; bretonxavier:3; armembfrance:3; tolmajian:3; patrickhetzel:3; jmarilossian:3; jeancastex:3; emmanuelmacron:3; gdarmanin:3; marseille:3; robinmarseille:2; alexndraborchio:2; nouv_energie:2
721246,Albane Gaillot,AlbaneGaillot,twitter.com/AlbaneGaillot,156,leplanning:37; sarah_durocher:9; marinetondelier:8; mc_garin:7; franceinfo:6; cidff_:6; clemsenechal:5; sidaction:5; lecoindeslgbt:5; jnbarrot:4; famillesdes:4; fondationfemmes:4; christophe_p:4; kamalaharris:4; najatvb:3; laurossignol:3; mathildepanot:3; solidaritefemme:3; collavortement:3; michelbarnier:3; emmanuelmacron:2; drsabrinaaurora:2; florencethune:2; sandrousseau:2; agenetet:2; le_nouvelobs:2; juliedelpech72:2; aportier69:2; kelouaf:2; limportante_fr:2
2529,Jean-Luc Reitzer,JL_Reitzer,twitter.com/JL_Reitzer,154,jl_reitzer:15; lesrepublicains:8; nicolasjander:7; regiongrandest:5; republicains_an:4; republicains68:4; bleualsace:4; an_afetr:3; saint_louis_fr:3; assembleenat:3; f3alsace:3; ericstraumann:3; jcattin2017:3; desarnez:2; odelphine:2; prefet68:2; bazin2017:2; elisabeth_borne:2; elsaschalck:2; villehuningue:2; c_troendle:2; baselairport:2; gouvernementfr:2; latfran_asso:2; pascaldrouhaud:2; ludovic_pouille:2; yvesjego:2; lalsace:2; dreyeckland:2; christophechebi:2
335999,Delphine Batho,delphinebatho,twitter.com/delphinebatho,145,gecologie:22; lemondefr:6; guillaumegarot:5; stephanemandard:4; gouvernementfr:4; delphinebatho:4; genefutures:4; franceinfo:4; ademe:4; franceinter:3; libe:3; nrniort:3; jaimemonirsn:3; grandelibrairie:2; deschuttero:2; bfmtv:2; prefet79:2; mdups:2; askolovitchc:2; laernoes:2; pascaleclark:2; laurossignol:2; melanie_vogel_:2; plantu:2; speytavie:2; ufcquechoisir:2; magalireghezza:2; christophebechu:2; rmcinfo:2; apesac1:2
643103,Jean-Jacques Ferrara,jjferrarafb,twitter.com/jjferrarafb,141,lmarcangeli:30; jjferrarafb:23; villedajaccio:12; pays_ajaccien:9; corse_matin:5; alta_frequenza:5; ftviastella:4; s_sbraggia:4; corsenetinfos:3; baccichristian:3; jeunesreps2a:3; lcp:2; nicolasbattesti:2; lesrepublicains:2; nk_m:2; palaisfesch:2; reps2a:2; chalalanne:1; lexpress:1; philippemichelk:1; ianboucard:1; aurelienpradie:1; aurelienpr:1; lourdes_france:1; florence_parly:1; cvoglimacci:1; laetitiacucchi:1; latribune:1; ctcorse:1; prefet2a:1
333285,Guillaume Garot,guillaumegarot,twitter.com/guillaumegarot,140,printempspdl:9; socialistesan:6; florianbercault:5; guillaumegarot:4; lavalavenir:3; stadelavallois:3; eaguingamp:2; yfavennec:2; finchelstein:2; radiojfrance:2; ligu2bkt:1; ps_49:1; rtlfrance:1; agnesrunacher:1; aur_rousseau:1; potierdominique:1; sttravert:1; yannickneuder:1; dsfeurope:1; yaelbraunpivet:1; jpfarandou:1; clergeau:1; cdreure:1; paysdelaloire:1; aydahadi:1; olivieray:1; banquesalim:1; davidrevdal:1; jlmelenchon:1; rglucks1:1
718710,Pascale Boyer,pascaleboyer05,twitter.com/pascaleboyer05,138,pascaleboyer05:16; baptistemenard:10; alpes1:10; carlab20:10; poyaurelie:6; lemedia05:4; alpes_1:4; chpierrel:4; nathalielanzi:4; le1hebdo:2; lafabriqueaviva:2; ledauphine:2; libe:2; changefrance:2; diciradio:2; laposte:2; paulgiacobetti:2
720830,Valérie Thomas,Vthomas_63,twitter.com/Vthomas_63,136,emmanuelmacron:13; renaissance:5; bfmtv:4; renaissance_ue:4; jeunesmacron63:3; jeromegodefroy:2; tcabarrus:2; valeriehayer:2; guy_lvt:2; juliengrignon:2; francediplo:2; admdfrance:2; brunolemaire:2; auroreberge:2; jlmelenchon:2; olivierveran:2; jeunesmacron:1; coordinationsud:1; senat:1; michelbarnier:1; paralympics:1; femmeazadi:1; e_dupondm:1; frontrep:1; fra:1; nicolasmayernmr:1; sophiaaram:1; anne_sinclair:1; elysee:1; franceinfo:1
608016,Véronique Louwagie,VeroLouwagie,twitter.com/VeroLouwagie,136,eric_r_lombard:15; dgccrf:14; economie_gouv:13; lesrepublicains:12; brunoretailleau:12; verolouwagie:12; labelepv:10; michelbarnier:8; ferraccimarc:8; sudradio:8; seblecornu:7; clarachappaz:6; bfmtv:6; ademontchalin:5; benjaminglaise:5; schelcher:4; dgentreprises:4; cpmenationale:4; n_delattre:4; fberthout:3; asselinfasselin:3; lgarnier44:3; jonashaddad:3; ccifrance:3; leloiret:3; medef:3; villedorleans:3; umih_france:3; angers:3; bayrou:3
720370,Ludovic Mendes,LudovicMDS,twitter.com/LudovicMDS,134,deputesensemble:14; gabrielattal:12; emmanuelmacron:9; ludovicmds:6; renaissance:6; pierrecazeneuve:5; bfmtv:4; seblecornu:3; rolandlescure:3; priscathevenot:3; mlp_officiel:3; lcp:3; stephanevojetta:3; macronardsfm:3; antoine_armand:3; vincent_caure:2; benjaminhaddad:2; pa_anglade:2; brunoretailleau:2; franceinter:2; bayrou:2; michelbarnier:2; ambroise_mejean:2; mathieumlefevre:2; jnbarrot:2; volodimirzelen1:1; lesrepublicains:1; gvtmonaco:1; olivierdussopt:1; frontrep:1
267337,Claire Bouchet,ClaireBouchet05,twitter.com/ClaireBouchet05,132,joelgiraud05:22; ccastaner:5; assembleenat:4; oliviagregoire:4; emmanuelmacron:4; j_denormandie:3; larem_an:3; zelenskyyua:2; richardferrand:2; jpfarandou:2; gouvernementfr:2; arnaud_jm:2; 1elisamoreno:2; alaingriset:2; jblemoyne:2; brunolemaire:2; clairebouchet05:2; assemblee:2; hautesalpes:1; salondelagri:1; an_devdur:1; cmuschotti:1; an_finances:1; sandrinelefeur:1; clubalpin:1; jfeliaou:1; lcp:1; cnrs:1; barbarapompili:1; federationbtp05:1
722086,Adrien Taquet,AdrienTaquet,twitter.com/AdrienTaquet,129,rabatel_marie:10; autismeinfo:9; emmanuelmacron:9; adrientaquet:7; unicef_france:6; fredvalletoux:5; gouvernementfr:5; frcsbraun:5; ciivise_contact:4; chubordeaux:4; aoc1978:4; sf_pediatrie:4; hoprobertdebre:4; telematin:3; fadila_khattabi:3; la_cnape:3; gdarrieussecq:3; yannbubien:3; plantu:2; sretailleau:2; gabrielattal:2; tbaubet:2; adelinehazan:2; agnesfirmin:2; jccombe:2; colosse_asso:2; sportandcitizen:2; marleneschiappa:1; speytavie:1; lecocqcharlotte:1
267785,Guillaume Larrivé,GLarrive,twitter.com/GLarrive,122,brunoretailleau:13; lesrepublicains:10; lopinion_fr:6; bfmtv:5; glarrive:5; lryonne:4; ateliersyonne:4; othmannasrou:3; yaelbraunpivet:2; arosencher:2; le_figaro:2; fondation_vge:2; dominiquereynie:2; erwanlenoan:2; jbblanc84:2; nicolassarkozy:2; blanc_etienne:2; departement89:2; f3bourgogne:2; patrickhetzel:1; lexpress:1; eric5555:1; eugeniebastie:1; nicolasdufourcq:1; grand_continent:1; lesrep_senat:1; clement_tonon:1; schnockrevue:1; europe1:1; cnews:1
767,Jacques Cattin,JCattin2017,twitter.com/JCattin2017,122,jcattin2017:44; virginiecalmels:14; republicains_an:6; ericstraumann:6; republicains68:6; droitelib:6; assembleenat:4; klinkertbrigitt:4; fabienne_keller:4; bleualsace:4; jl_reitzer:4; hubertott2017:4; benoitlupp:4; bachty68:2; christophechebi:2; dutterclaire:2; patoon68:2; remy67:2; lcp:2; dinocinieri:2; cordierpierre08:2; vbazinmalgras:2; sitetaiwaninfo:2; julienaubert84:2; leclerc2017:2; thibault_bazin:2; bernard_stalter:2; sylvainwaserman:2; guydokennel:2; bechtgroff2017:2
721234,Maud Petit,MaudPetit_AN94,twitter.com/MaudPetit_AN94,119,limportant_fr:6; jnbarrot:5; arnaud_gallais:4; autismeinfo:4; francediplo:3; gossiproomoff:3; emmanuelmacron:3; le_figaro:3; clairefourcade3:3; lepoint:3; philippejuvin:3; seblecornu:2; creoffm:2; publicsenat:2; impactmediafr:2; perrinegoulet:2; lecocqcharlotte:2; franceinfo:2; amourskycyrille:2; genethique:2; speytavie:2; mfesneau:2; etiennecampion:2; femmeazadi:2; creapills:1; luniquemisterx:1; wdiafghanistan1:1; brutafrique:1; lmpositif:1; bastiangct:1
421348,André Villiers,AVilliers2017,twitter.com/AVilliers2017,118,avilliers2017:2; jycaullet_2017:2; lyonne_fr:2
607193,Sophie Errante,SophieErrante,twitter.com/SophieErrante,116,sophieerrante:3; fedepl:3; seblecornu:2; prefet44:2; europadonnafr:2; tzcld:1; deputecausse:1; assembleenat:1; u2p44:1; institutfmes:1; an_afeco:1; michelin:1; udaf44:1; unaf_fr:1; ramailland:1; jessyrobertt:1; sop:1; laurentdejoie:1; audeamadou:1; davidremaud3:1; pompiersfr:1; thierrygautreau:1; udsp44:1; jeunesmacron44:1; renaissance_44:1; agnesrunacher:1; sarahelhairy:1; romain_atlante:1; jf_rousset2:1; sretailleau:1
783463,Sophie Métadier,SMetadier,twitter.com/SMetadier,114,smetadier:16; assembleenat:12; valeriepetit_an:6; fbtouraine:6; nr_tours:4; nr_loches:4; sophie_auconie:4; rbrutinaud:2; aauteuil_gouest:2; an_devdur:2; barbarapompili:2; lagazettefr:2; lmaillart:2; vincent_louault:2; meuniermatth:2; sarahelhairy:2; lanouvellerep_:2; ecologie_gouv:2; inrae_france:2; marsaudsandra:2; jclagarde:2; udi_an:2; udi_off:2; michel_lamy:2; ginersylvie:2; agnesrunacher:2; prefet37:2; a2largentaye:2; martinmalvy:2
720586,Pierre Vatin,PierreVatinOff,twitter.com/PierreVatinOff,110,republicains_an:18; xavierbertrand:13; lesrepublicains:8; pierrevatinoff:5; republicains60:3; assembleenat:2; fabiendifilippo:2; julienaubert84:2; beauvais2017:2; hautsdefrance:2; vatinpierre:2; guillaumperrier:1; patrickroc99529:1; juliendive:1; aurelienpradie:1; larem_an:1; eciotti:1; eciot:1; renaudmuselier:1; emmanuelmacron:1; maximeminot:1; olivierveran:1; valbeauvais:1; fxbellamy:1; an_devdur:1; be:1; jmsermier:1; menuelgerard:1; arnaudviala:1; ars_hdf:1
718674,Olga Givernet,OlgaGivernet,twitter.com/OlgaGivernet,100,lcp:9; emmanuelmacron:7; assembleenat:6; seblecornu:6; bfmtv:4; marina_ferrari:3; deputesensemble:3; olgagivernet:2; agnesrunacher:2; ferraccimarc:2; an_devdur:2; latribune:2; sbastien_martin:2; catherinepegard:1; galliardm:1; maudbregeon:1; sabrinaroubache:1; rolandlescure:1; ambnicolasroche:1; ifpen:1; l_aagaard:1; philippetabarot:1; senat:1; rnational_off:1; departement_ain:1; elisabeth_borne:1; elysee:1; ademontchalin:1; lopinion_fr:1; francediplo:1
720488,Valérie Six,six_valerie,twitter.com/six_valerie,100,udi_hdf:33; sixvalerie2022:29; six_valerie:14; hautsdefrance:5; udijeunes:4; nathalielebas:3; fabrethomas:2; emploi_valdm:1; arnoldfauquette:1; marcb:1; vspillebout:1; ecolemouvement:1; fbariseau:1; mvblyssois:1; cambierguislain:1; fdecoster:1; grzychguillaume:1; fdhersin:1; hautsdefra:1; terhdf:1; beauchampsphil2:1; mel_lille:1; amel_gacquerre:1; damiencastelain:1; lfoutry:1; jpflallaing:1; morelpierre:1; iotcluster:1; mel_:1; rigaud_laurent:1
755549,Sylvain Brial,SylvainBrial,twitter.com/SylvainBrial,100,assembleenat:22; gouvernementfr:20; sylvainbrial:12; groupelibterran:12; bertrandpancher:8; senat:6; nicole_sanquer:4; olivierveran:4; fm_lambert:2; bpifrance:2; seblecornu:2; jimmypahun:2; hervemariton:2; la_fedom:2; loigcg:2; paul_molac:2; dwfparis:2; wfla1ere:2; libertsterrito1:2; annickgirardin:2; caissedesdepots:2
1695,Christian Jacob,ChJacob77,twitter.com/ChJacob77,99,lesrepublicains:56; chjacob77:21; rscactu:5; phdumont:3; ppe:2; cgennarosaint:2; anniegenevard:1; aurelienpradie:1; brunoretailleau:1; gerardlarcher:1; oliviermarleix:1; an_finances:1; assembleenat:1; ericcoquerel:1; republic:1; verolouwagie:1; emmanuelmacron:1; brigitte_kuster:1; europe1:1; ariel_levy45:1; doorjean:1; valbeauvais:1; dfasquelle:1; willyschraen:1; julienmartinez:1; novapofficiel:1; alexportier69:1; b_perrut:1; asselinfasselin:1; ccrichez:1
719118,François Cormier-Bouligeon,FCBDeputeduCher,twitter.com/FCBDeputeduCher,99,seblecornu:11; deputesensemble:8; emmanuelmacron:7; lcp:5; assembleenat:3; renaudpila:3; gabrielattal:3; armeedeterre:2; navalnewscom:1; dga:1; navalgroup:1; bfmtv:1; boucherbrigit:1; carolineyadan:1; npouzyreff78:1; phbaptiste:1; safran:1; safranelecdef:1; sbastien_martin:1; n_forissier:1; rcvaldeloire:1; wilofrance:1; anniegeneva:1; mathieumlefevre:1; chikirouparis:1; etatmajorfr:1; wargonm:1; bilongocarlos:1; datirachida:1; franceinsoumise:1
721608,Jean-Louis Bourlanges,JLBourlanges,twitter.com/JLBourlanges,80,jlbourlanges:13; jnbarrot:9; assembleenat:8; lephilippemeyer:5; jd_berger:4; 75irmamathilde:2; franceinter:2; bfmbusiness:2; chcambon:2; modem:2; zelenskyyua:2; modem92:2; besoindeurope:2; dav:1; an_afetr:1; arnaudpontusrfi:1; invitematinrfi:1; paherve:1; revuefforum:1; mo_padis:1; nicolasbaverez:1; werlych:1; grand_continent:1; jeudybruno:1; laurencefarreng:1; alibaddou:1; inter_presse:1; lci:1; tolmajian:1; guillaumpaul:1
643145,Hélène Vainqueur-Christophe,HeleneVainqueur,twitter.com/HeleneVainqueur,69,victorinlurel:10; mimor961:9; sharethis:4; beafrederic:2; le_parisien:1; nee060811:1; ademys6bourjac:1; helenvainqueur:1; chtaubira:1
604,Bernard Bouley,BouleyBernard,twitter.com/BouleyBernard,67,guycrosnier:2; pietraszewski_l:1; beaudetstephane:1; grosaurelie:1; vpecresse:1; robinreda:1; gerardhebert91:1; j_mittelhausser:1; cc2v91:1; teddyvaury:1; bfmtv:1
721012,Manuéla Kéclard-Mondésir,KeclardManuela,twitter.com/KeclardManuela,62,martiniquela1e:4; outremers360:3; keclardmanuela:3; prefet972:3; assembleenat:2; sarahelhairy:2; gouvernementfr:2; lcp:1; plateforme_de:1; josette_manin:1; laguerre_d:1; atvweb:1; europe1:1; famartinique:1; la1ereradiomq:1; rci_mq:1; lci:1; an_defense:1; j_m_jacques:1; bordeaux:1; cpapinbdx:1; outremernews:1; le_crefom:1; gabrielserville:1; olivierveran:1; p:1; minsolisante:1; victorinlurel:1; ephilippepm:1; j_m_:1
721046,Nathalie Bassire,NathalieBassire,twitter.com/NathalieBassire,40,gecologie974:2; jllagourgue:2; nadiaramassamy:2; 974radiofreedom:2; annickgirardin:2; clicanoore:2; ipreunion:2; lequotidien:2; lesoutremer:2; zinfoslive:2; assembleenat:2; federationafd:2
712015,Julien Dive,juliendive,twitter.com/juliendive,40,xavierbertrand:8; aegrw:2; seblecornu:2; hautsdefrance:2; brunoretailleau:2; celineimart:2; juliendive:2; magaliberdah:2; sudradio:2; gg_rmc:2; vivrelhistoire:2
333818,Christian Hutin,ChristianHutin,twitter.com/ChristianHutin,10,christianhutin:2; jluc_laurent:2; mrc_france:2; lcp:2; changefrance:2
332614,Régis Juanico,juanico,twitter.com/juanico,7,googleplay:3
720256,Géraldine Bannier,Bannier_G,twitter.com/Bannier_G,1,
