scrutin_id,titulo_scrutin,fecha,dossier_uid,dossier_titre,match_score,code_loi,titre_loi_promulgation,nor_jo,url_legifrance,nor_jo_rectificatif,url_legifrance_rectificatif,texto_oficial
2,l'ensemble du projet de loi prorogeant l'application de la loi n? 55-385 du 3 avril 1955 relative a l'etat d'urgence (premiere lecture).,2017-07-06,DLR5L15N35829,Prorogation de l'application de la loi sur l'état d'urgence (2),0.630,2017-1154,prorogeant l'application de la loi n\u00b0 55-385 du 3 avril 1955 relative \u00e0 l'\u00e9tat d'urgence,INTX1716366L,http://www.legifrance.gouv.fr/WAspad/UnTexteDeJorf?numjo=INTX1716366L,,,
49,l'ensemble du projet de loi d'habilitation à prendre par ordonnances les mesures pour le renforcement du dialogue social (première lecture).,2017-07-13,DLR5L15N35836,Mesures pour le renforcement du dialogue social,0.820,2017-1340,d'habilitation \u00e0 prendre par ordonnances les mesures pour le renforcement du dialogue social,MTRX1717150L,http://www.legifrance.gouv.fr/WAspad/UnTexteDeJorf?numjo=MTRX1717150L,,,
103,l'ensemble du projet de loi pour la confiance dans la vie publique (première lecture).,2017-07-28,DLR5L15N35852,Propriété des personnes publiques,0.588,,,,,,,
104,l'ensemble du projet de loi organique pour la confiance dans la vie publique (première lecture).,2017-07-28,DLR5L15N44536,Évaluation de l’impact de la loi organique et de la loi du 15 septembre 2017 pour la confiance dans la vie politique,0.633,,,,,,,
106,l'ensemble du projet de loi d'habilitation à prendre par ordonnances les mesures pour le renforcement du dialogue social (texte de la commission mixte paritaire).,2017-08-01,DLR5L15N35836,Mesures pour le renforcement du dialogue social,0.820,2017-1340,d'habilitation \u00e0 prendre par ordonnances les mesures pour le renforcement du dialogue social,MTRX1717150L,http://www.legifrance.gouv.fr/WAspad/UnTexteDeJorf?numjo=MTRX1717150L,,,
107,l'ensemble du projet de loi pour la confiance dans la vie politique (texte de la commission mixte paritaire).,2017-08-03,DLR5L15N35908,Protection des lanceurs d'alerte auditionnés par une commission parlementaire,0.533,,,,,,,
117,l'ensemble du projet de loi organique pour la confiance dans la vie politique (nouvelle lecture).,2017-08-03,DLR5L15N44536,Évaluation de l’impact de la loi organique et de la loi du 15 septembre 2017 pour la confiance dans la vie politique,0.663,,,,,,,
119,l'ensemble du projet de loi organique pour la confiance dans la vie politique (lecture définitive).,2017-08-09,DLR5L15N44536,Évaluation de l’impact de la loi organique et de la loi du 15 septembre 2017 pour la confiance dans la vie politique,0.663,,,,,,,
138,l'ensemble du projet de loi renforçant la sécurité intérieure et la lutte contre le terrorisme (première lecture).,2017-10-03,DLR5L15N35927,Sécurité intérieure,0.820,,,,,,,
139,l'ensemble du projet de loi mettant fin à la recherche ainsi qu'à l'exploitation des hydrocarbures conventionnels et non conventionnels et portant diverses dispositions relatives à l'environnement (première lecture).,2017-10-10,DLR5L15N42412,"Projet de loi relatif à la différenciation, la décentralisation, la déconcentration et portant diverses mesures de simplification de l'action publique locale",0.534,2022-217,"relative \u00e0 la diff\u00e9renciation, la d\u00e9centralisation, la d\u00e9concentration et portant diverses mesures de simplification de l'action publique locale",TERB2105196L,http://www.legifrance.gouv.fr/WAspad/UnTexteDeJorf?numjo=TERB2105196L,,,
183,l'ensemble du projet de loi de programmation des finances publiques pour les années 2018 à 2022 (première lecture).,2017-10-24,DLR5L15N35984,Programmation des finances publiques 2018 - 2022,0.724,2018-32,de programmation des finances publiques pour les ann\u00e9es 2018 \u00e0 2022,CPAX1723907L,http://www.legifrance.gouv.fr/WAspad/UnTexteDeJorf?numjo=CPAX1723907L,CPAX1723907Z,http://www.legifrance.gouv.fr/WAspad/UnTexteDeJorf?numjo=CPAX1723907Z,
208,l'ensemble du projet de loi de financement de la sécurité sociale pour 2018 (première lecture).,2017-10-31,DLR5L15N40633,Projet de loi de financement de la sécurité sociale pour 2021,0.984,2020-1576,de financement de la s\u00e9curit\u00e9 sociale pour 2021,ECOX2023815L,http://www.legifrance.gouv.fr/WAspad/UnTexteDeJorf?numjo=ECOX2023815L,,,
227,l'ensemble du projet de loi de finances rectificative pour 2017 (première lecture).,2017-11-06,DLR5L15N44111,Projet de loi de finances rectificative pour 2021,0.980,2021-1549,de finances rectificative pour 2021,ECOX2131239L,http://www.legifrance.gouv.fr/WAspad/UnTexteDeJorf?numjo=ECOX2131239L,,,
246,l'ensemble du projet de loi de finances rectificative pour 2017 (lecture définitive).,2017-11-14,DLR5L15N44111,Projet de loi de finances rectificative pour 2021,0.980,2021-1549,de finances rectificative pour 2021,ECOX2131239L,http://www.legifrance.gouv.fr/WAspad/UnTexteDeJorf?numjo=ECOX2131239L,,,
272,l'ensemble du projet de loi de finances pour 2018 (première lecture).,2017-11-21,DLR5L15N40790,Projet de loi de finances pour 2021,0.971,,,,,,,
314,l'ensemble du projet de loi ratifiant diverses ordonnances prises sur le fondement de la loi n° 2017-1340 du 15 septembre 2017 d'habilitation à prendre les mesures pour le renforcement du dialogue social (première lecture).,2017-11-28,DLR5L15N35836,Mesures pour le renforcement du dialogue social,0.820,2017-1340,d'habilitation \u00e0 prendre par ordonnances les mesures pour le renforcement du dialogue social,MTRX1717150L,http://www.legifrance.gouv.fr/WAspad/UnTexteDeJorf?numjo=MTRX1717150L,,,
321,l'ensemble de la proposition de loi relative à l'exercice des compétences des collectivités territoriales dans le domaine de la gestion des milieux aquatiques et de la prévention des inondations (première lecture).,2017-11-30,DLR5L15N40689,Proposition de loi reportant la date de transfert de compétences entre les collectivités territoriales et leurs groupements à la suite de l'épidémie de Covid-19,0.593,,,,,,,
323,l'ensemble du projet de loi de financement de la sécurité sociale pour 2018 (lecture définitive).,2017-12-04,DLR5L15N40633,Projet de loi de financement de la sécurité sociale pour 2021,0.984,2020-1576,de financement de la s\u00e9curit\u00e9 sociale pour 2021,ECOX2023815L,http://www.legifrance.gouv.fr/WAspad/UnTexteDeJorf?numjo=ECOX2023815L,,,
338,l'ensemble de la proposition de loi visant à étendre le dispositif de dons de jours de repos non pris aux aidants familiaux (première lecture).,2017-12-07,DLR5L15N38060,Proposition de loi visant à rendre obligatoire la mise à disposition de bulletins de vote en braille,0.641,,,,,,,
341,l'ensemble de la proposition de loi permettant une bonne application du régime d'asile européen (première lecture).,2017-12-07,DLR5L15N36071,Bonne application du régime d’asile européen,0.711,2018-187,permettant une bonne application du r\u00e9gime d'asile europ\u00e9en,INTX1734902L,http://www.legifrance.gouv.fr/WAspad/UnTexteDeJorf?numjo=INTX1734902L,,,
345,l'ensemble du projet de loi de finances rectificative pour 2017 (première lecture).,2017-12-12,DLR5L15N44111,Projet de loi de finances rectificative pour 2021,0.980,2021-1549,de finances rectificative pour 2021,ECOX2131239L,http://www.legifrance.gouv.fr/WAspad/UnTexteDeJorf?numjo=ECOX2131239L,,,
351,l'ensemble du projet de loi relatif à l'orientation et à la réussite des étudiants (première lecture).,2017-12-19,DLR5L15N36143,Orientation et réussite des étudiants,0.705,2018-166,relative \u00e0 l'orientation et \u00e0 la r\u00e9ussite des \u00e9tudiants,ESRX1730554L,http://www.legifrance.gouv.fr/WAspad/UnTexteDeJorf?numjo=ESRX1730554L,,,
365,l'ensemble du projet de loi pour un État au service d'une société de confiance (première lecture).,2018-01-30,DLR5L15N36159,Etat au service d'une société de confiance (ESSOC),0.750,2018-727,pour un \u00c9tat au service d'une soci\u00e9t\u00e9 de confiance,CPAX1730519L,http://www.legifrance.gouv.fr/WAspad/UnTexteDeJorf?numjo=CPAX1730519L,,,
386,l'ensemble du projet de loi ratifiant diverses ordonnances prises sur le fondement de la loi n° 2017-1340 du 15 septembre 2017 d'habilitation à prendre par ordonnances les mesures pour le renforcement du dialogue social (texte de la commission mixte paritaire).,2018-02-06,DLR5L15N35836,Mesures pour le renforcement du dialogue social,0.820,2017-1340,d'habilitation \u00e0 prendre par ordonnances les mesures pour le renforcement du dialogue social,MTRX1717150L,http://www.legifrance.gouv.fr/WAspad/UnTexteDeJorf?numjo=MTRX1717150L,,,
389,l'ensemble du projet de loi relatif à la protection des données personnelles (première lecture).,2018-02-13,DLR5L15N36220,Protection des données personnelles,0.820,2018-493,relative \u00e0 la protection des donn\u00e9es personnelles,JUSC1732261L,http://www.legifrance.gouv.fr/WAspad/UnTexteDeJorf?numjo=JUSC1732261L,,,
402,l'ensemble du projet de loi relatif à l'orientation et à la réussite des étudiants (texte de la commission mixte paritaire).,2018-02-15,DLR5L15N42194,Projet de loi relatif à la régulation et à la protection de l’accès aux œuvres culturelles à l’ère numérique,0.594,2021-1382,relative \u00e0 la r\u00e9gulation et \u00e0 la protection de l\u2019acc\u00e8s aux \u0153uvres culturelles \u00e0 l\u2019\u00e8re num\u00e9rique,MICE2106504L,http://www.legifrance.gouv.fr/WAspad/UnTexteDeJorf?numjo=MICE2106504L,,,
403,l'ensemble du projet de loi ratifiant l'ordonnance n° 2017-48 du 19 janvier 2017 relative à la profession de physicien médical et l'ordonnance n° 2017-50 du 19 janvier 2017 relative à la reconnaissance des qualifications professionnelles dans le domaine de la santé (lecture définitive).,2018-02-15,DLR5L15N35846,Physicien médical,0.820,2018-132,ratifiant l'ordonnance n\u00b0 2017-48 du 19 janvier 2017 relative \u00e0 la profession de physicien m\u00e9dical et l'ordonnance n\u00b0 2017-50 du 19 janvier 2017 relative \u00e0 la reconnaissance des qualifications professionnelles dans le domaine de la sant\u00e9,SSAH1703310L,http://www.legifrance.gouv.fr/WAspad/UnTexteDeJorf?numjo=SSAH1703310L,,,
407,l'ensemble du projet de loi relatif à l'élection des représentants au Parlement européen (première lecture).,2018-02-20,DLR5L15N36254,Election des représentants au Parlement européen,0.820,2018-509,relative \u00e0 l'\u00e9lection des repr\u00e9sentants au Parlement europ\u00e9en,INTX1733825L,http://www.legifrance.gouv.fr/WAspad/UnTexteDeJorf?numjo=INTX1733825L,,,
410,"l'ensemble du projet de loi, adopté par le Sénat, autorisant la ratification de l'accord de transport aérien entre les États-Unis d'Amérique, premièrement, l'Union européenne et ses États membres, deuxièmement, l'Islande, troisièmement, et le Royaume de Norvège, quatrièmement (première lecture).",2018-03-06,DLR5L15N44962,Projet de loi autorisant l’approbation de l’accord portant révision de l’accord général de coopération entre les États membres de la Commission de l’océan Indien,0.483,,,,,,,
419,l'ensemble du projet de loi organique relatif à la consultation sur l'accession à la pleine souveraineté de la Nouvelle-Calédonie (première lecture).,2018-03-20,DLR5L15N40949,Projet de loi organique relatif aux délais d’organisation des élections législatives et sénatoriales,0.598,2020-1669,relative aux d\u00e9lais d\u2019organisation des \u00e9lections l\u00e9gislatives et s\u00e9natoriales partielles,INTA2030919L,http://www.legifrance.gouv.fr/WAspad/UnTexteDeJorf?numjo=INTA2030919L,,,
433,l'ensemble du projet de loi relatif à la programmation militaire pour les années 2019 à 2025 et portant diverses dispositions intéressant la défense (première lecture).,2018-03-27,DLR5L15N42412,"Projet de loi relatif à la différenciation, la décentralisation, la déconcentration et portant diverses mesures de simplification de l'action publique locale",0.526,2022-217,"relative \u00e0 la diff\u00e9renciation, la d\u00e9centralisation, la d\u00e9concentration et portant diverses mesures de simplification de l'action publique locale",TERB2105196L,http://www.legifrance.gouv.fr/WAspad/UnTexteDeJorf?numjo=TERB2105196L,,,
434,"l'ensemble de la proposition de loi portant transposition de la directive du Parlement européen et du Conseil sur la protection des savoir-faire et des informations commerciales non divulgués contre l'obtention, l'utlisation et la divulgation illicites (première lecture).",2018-03-28,DLR5L15N36261,Parlement,0.820,,,,,,,
477,l'ensemble du projet de loi pour un nouveau pacte ferroviaire (première lecture).,2018-04-17,DLR5L15N37409,Application de la loi pour un nouveau pacte ferroviaire,0.843,,,,,,,
578,"l'ensemble du projet de loi pour une immigration maîtrisée, un droit d'asile effectif et une intégration réussie (première lecture).",2018-04-22,DLR5L15N36233,Immigration,0.820,,,,,,,
579,l'ensemble du projet de loi relatif à l'élection des représentants au Parlement européen (texte de la commission mixte paritaire).,2018-05-14,DLR5L15N36254,Election des représentants au Parlement européen,0.820,2018-509,relative \u00e0 l'\u00e9lection des repr\u00e9sentants au Parlement europ\u00e9en,INTX1733825L,http://www.legifrance.gouv.fr/WAspad/UnTexteDeJorf?numjo=INTX1733825L,,,
619,l'ensemble du projet de loi renforçant la lutte contre les violences sexuelles et sexistes (première lecture).,2018-05-16,DLR5L15N36577,Renforcement de la lutte contre les violences sexuelles et sexistes,0.853,,,,,,,
622,l'ensemble de la proposition de loi en faveur de l'engagement associatif (première lecture).,2018-05-17,DLR5L15N36532,Engagement associatif,0.820,2021-874,en faveur de l\u2019engagement associatif,MENX1813830L,http://www.legifrance.gouv.fr/WAspad/UnTexteDeJorf?numjo=MENX1813830L,,,
729,l'ensemble du projet de loi pour l'équilibre des relations commerciales dans le secteur agricole et alimentaire et une alimentation saine et durable (première lecture).,2018-05-30,DLR5L15N36336,Equilibre des relations commerciales dans le secteur agro-alimentaire (EGALIM),0.714,2018-938,"pour l'\u00e9quilibre des relations commerciales dans le secteur agricole et alimentaire et une alimentation saine, durable et accessible \u00e0 tous",AGRX1736303L,http://www.legifrance.gouv.fr/WAspad/UnTexteDeJorf?numjo=AGRX1736303L,,,
928,"l'ensemble du projet de loi portant évolution du logement, de l'aménagement et du numérique (première lecture).",2018-06-12,DLR5L15N36537,"Evolution du logement, de l’aménagement et du numérique (ELAN)",0.791,2018-1021,"portant \u00e9volution du logement, de l'am\u00e9nagement et du num\u00e9rique",TERL1805474L,http://www.legifrance.gouv.fr/WAspad/UnTexteDeJorf?numjo=TERL1805474L,,,
942,l'ensemble du projet de loi pour un nouveau pacte ferroviaire (texte de la commission mixte paritaire).,2018-06-13,DLR5L15N36460,Nouveau pacte ferroviaire,0.820,2018-515,pour un nouveau pacte ferroviaire,TRAT1805471L,http://www.legifrance.gouv.fr/WAspad/UnTexteDeJorf?numjo=TRAT1805471L,,,
950,l'ensemble de la proposition de loi relative à la protection du secret des affaires (texte de la commission mixte paritaire).,2018-06-14,DLR5L15N36388,Protection du secret des affaires,0.820,2018-670,relative \u00e0 la protection du secret des affaires,JUSX1805103L,http://www.legifrance.gouv.fr/WAspad/UnTexteDeJorf?numjo=JUSX1805103L,,,
974,l'ensemble du projet de loi pour la liberté de choisir son avenir professionnel (première lecture).,2018-06-19,DLR5L15N37956,Ordonnances prévues par la loi pour la liberté de choisir son avenir professionnel,0.816,,,,,,,
989,l'ensemble de la proposition de loi relative à l'accueil des gens du voyage et à la lutte contre les installations illicites (première lecture).,2018-06-21,DLR5L15N36109,Accueil des gens du voyage et lutte contre les installations illicites,0.791,,,,,,,
995,l'ensemble du projet de loi renforçant l'efficacité de l'administration pour une relation de confiance avec le public (nouvelle lecture).,2018-06-26,DLR5L15N42086,Projet de loi favorisant l'égalité des chances pour l'accès à certaines écoles de service public,0.593,,,,,,,
998,l'ensemble de la proposition de loi relative à la lutte contre la manipulation de l'information (première lecture).,2018-07-03,DLR5L15N36488,Lutte contre la manipulation de l'information,0.820,2018-1202,relative \u00e0 la lutte contre la manipulation de l'information,MICX1808389L,http://www.legifrance.gouv.fr/WAspad/UnTexteDeJorf?numjo=MICX1808389L,,,
999,l'ensemble de la proposition de loi organique relative à la lutte contre la manipulation de l'information (première lecture).,2018-07-03,DLR5L15N44492,Proposition de loi organique relative au Département-Région de Mayotte,0.722,,,,,,,
1003,l'ensemble de la proposition de loi renforçant la lutte contre les rodéos motorisés (première lecture).,2018-07-04,DLR5L15N38216,Proposition de loi renforçant la lutte contre les rodéos motorisés,1.000,,,,,,,
1092,l'ensemble du projet de loi pour la liberté de choisir son avenir professionnel (nouvelle lecture).,2018-07-25,DLR5L15N37956,Ordonnances prévues par la loi pour la liberté de choisir son avenir professionnel,0.816,,,,,,,
1110,"l'ensemble du projet de loi pour une immigration maîtrisée, un droit d'asile effectif et une intégration réussie (nouvelle lecture).",2018-07-26,DLR5L15N36233,Immigration,0.820,,,,,,,
1111,l'ensemble de la proposition de loi relative à l'encadrement de l'utilisation du téléphone portable dans les établissements d'enseignement scolaire (texte de la commission mixte paritaire).,2018-07-30,DLR5L15N38186,Proposition de loi relative à l'amélioration du fonctionnement des établissements publics de coopération intercommunale à fiscalité propre,0.593,,,,,,,
1113,l'ensemble de la proposition de loi relative à l'harmonisation de l'utilisation des caméras mobiles par les autorités de sécurité publique (première lecture),2018-07-30,DLR5L15N36690,Utilisation des caméras mobiles par les autorités de sécurité publique,0.820,2018-697,relative \u00e0 l'harmonisation de l'utilisation des cam\u00e9ras mobiles par les autorit\u00e9s de s\u00e9curit\u00e9 publique,INTX1816692L,http://www.legifrance.gouv.fr/WAspad/UnTexteDeJorf?numjo=INTX1816692L,,,
1116,l'ensemble du projet de loi pour la liberté de choisir son avenir professionnel (lecture définitive).,2018-08-01,DLR5L15N37956,Ordonnances prévues par la loi pour la liberté de choisir son avenir professionnel,0.816,,,,,,,
1117,"l'ensemble du projet de loi pour une immigration maîtrisée, un droit d'asile effectif et une intégration réussie (lecture définitive).",2018-08-01,DLR5L15N36233,Immigration,0.820,,,,,,,
1118,l'ensemble du projet de loi d'orientation et de programmation renforçant la lutte contre les violences sexuelles et sexistes (texte de la commission mixte paritaire).,2018-08-01,DLR5L15N36496,Lutte contre les violences sexuelles et sexistes,0.820,2018-703,renfor\u00e7ant la lutte contre les violences sexuelles et sexistes,JUSD1805895L,http://www.legifrance.gouv.fr/WAspad/UnTexteDeJorf?numjo=JUSD1805895L,,,
1156,"l'ensemble du projet de loi pour l'équilibre des relations commerciales dans le secteur agricole et alimentaire et une alimentation saine, durable et accessible à tous (nouvelle lecture).",2018-09-14,DLR5L15N37242,"Mission de contrôle de l'application de la loi n° 2018-938 du 30 octobre 2018 pour l'équilibre des relations commerciales dans le secteur agricole et alimentaire et une alimentation saine, durable et accessible à tous",0.757,,,,,,,
1171,l'ensemble du projet de loi relatif à la lutte contre la fraude (première lecture).,2018-09-26,DLR5L15N36530,Lutte contre la fraude,0.820,2018-898,relative \u00e0 la lutte contre la fraude,CPAE1805937L,http://www.legifrance.gouv.fr/WAspad/UnTexteDeJorf?numjo=CPAE1805937L,,,
1181,"l'ensemble du projet de loi pour l'équilibre des relations commerciales dans le secteur agricole et alimentaire et une alimentation saine, durable et accessible à tous (lecture définitive).",2018-10-02,DLR5L15N37242,"Mission de contrôle de l'application de la loi n° 2018-938 du 30 octobre 2018 pour l'équilibre des relations commerciales dans le secteur agricole et alimentaire et une alimentation saine, durable et accessible à tous",0.757,,,,,,,
1184,"l'ensemble du projet de loi portant évolution du logement, de l'aménagement et du numérique (texte de la commission mixte paritaire).",2018-10-03,DLR5L15N36628,"Evolution du logement, de l’aménagement et du numérique (ELAN) (délégation aux collectivités territoriales)",0.676,,,,,,,
1209,l'ensemble du projet de loi relatif à la croissance et la transformation des entreprises (première lecture).,2018-10-09,DLR5L15N36728,Croissance et transformation des entreprises (PACTE),0.710,2019-486,relative \u00e0 la croissance et la transformation des entreprises,ECOT1810669L,http://www.legifrance.gouv.fr/WAspad/UnTexteDeJorf?numjo=ECOT1810669L,ECOT1810669Z,http://www.legifrance.gouv.fr/WAspad/UnTexteDeJorf?numjo=ECOT1810669Z,
1214,l'ensemble de la proposition de loi ordinaire relative à la lutte contre la manipulation de l'information (nouvelle lecture).,2018-10-09,DLR5L15N36488,Lutte contre la manipulation de l'information,0.820,2018-1202,relative \u00e0 la lutte contre la manipulation de l'information,MICX1808389L,http://www.legifrance.gouv.fr/WAspad/UnTexteDeJorf?numjo=MICX1808389L,,,
1215,l'ensemble du projet de loi relatif à la lutte contre la fraude (texte de la commission mixte paritaire).,2018-10-10,DLR5L15N36530,Lutte contre la fraude,0.820,2018-898,relative \u00e0 la lutte contre la fraude,CPAE1805937L,http://www.legifrance.gouv.fr/WAspad/UnTexteDeJorf?numjo=CPAE1805937L,,,
1330,l'ensemble du projet de loi de financement de la sécurité sociale pour 2019 (première lecture).,2018-10-30,DLR5L15N40633,Projet de loi de financement de la sécurité sociale pour 2021,0.984,2020-1576,de financement de la s\u00e9curit\u00e9 sociale pour 2021,ECOX2023815L,http://www.legifrance.gouv.fr/WAspad/UnTexteDeJorf?numjo=ECOX2023815L,,,
1389,l'ensemble du projet de loi de finances rectificative pour 2018 (première lecture).,2018-11-12,DLR5L15N44111,Projet de loi de finances rectificative pour 2021,0.980,2021-1549,de finances rectificative pour 2021,ECOX2131239L,http://www.legifrance.gouv.fr/WAspad/UnTexteDeJorf?numjo=ECOX2131239L,,,
1429,l'ensemble du projet de loi de finances pour 2019 (première lecture).,2018-11-20,DLR5L15N40790,Projet de loi de finances pour 2021,0.971,,,,,,,
1431,l'ensemble de la proposition de loi relative à la lutte contre la manipulation de l'information (lecture définitive).,2018-11-20,DLR5L15N36488,Lutte contre la manipulation de l'information,0.820,2018-1202,relative \u00e0 la lutte contre la manipulation de l'information,MICX1808389L,http://www.legifrance.gouv.fr/WAspad/UnTexteDeJorf?numjo=MICX1808389L,,,
1432,l'ensemble de la proposition de loi organique relative à la lutte contre la manipulation de l'information (lecture définitive).,2018-11-20,DLR5L15N44492,Proposition de loi organique relative au Département-Région de Mayotte,0.722,,,,,,,
1501,l'ensemble du projet de loi de finances rectificative pour 2018 (lecture définitive).,2018-11-28,DLR5L15N44111,Projet de loi de finances rectificative pour 2021,0.980,2021-1549,de finances rectificative pour 2021,ECOX2131239L,http://www.legifrance.gouv.fr/WAspad/UnTexteDeJorf?numjo=ECOX2131239L,,,
1507,l'ensemble du projet de loi de financement de la sécurité sociale pour 2019 (nouvelle lecture).,2018-11-28,DLR5L15N40633,Projet de loi de financement de la sécurité sociale pour 2021,0.984,2020-1576,de financement de la s\u00e9curit\u00e9 sociale pour 2021,ECOX2023815L,http://www.legifrance.gouv.fr/WAspad/UnTexteDeJorf?numjo=ECOX2023815L,,,
1514,"l'ensemble de la proposition de loi visant à renforcer la prise en charge des cancers pédiatriques par la recherche, le soutien aux aidants familiaux, la formation des professionnels et le droit à l'oubli (première lecture).",2018-11-29,DLR5L15N36927,Prise en charge des cancers pédiatriques,0.820,2019-180,"visant \u00e0 renforcer la prise en charge des cancers p\u00e9diatriques par la recherche, le soutien aux aidants familiaux, la formation des professionnels et le droit \u00e0 l'oubli",SSAX1832793L,http://www.legifrance.gouv.fr/WAspad/UnTexteDeJorf?numjo=SSAX1832793L,,,
1515,l'ensemble de la proposition de loi pour la protection des activités agricoles et des cultures marines en zones littorale et de montagne (première lecture).,2018-11-29,DLR5L15N36917,Activités agricoles et cultures marines en zones littorale et de montagne,0.760,2019-469,pour la protection fonci\u00e8re des activit\u00e9s agricoles et des cultures marines en zone littorale,AGRX1832937L,http://www.legifrance.gouv.fr/WAspad/UnTexteDeJorf?numjo=AGRX1832937L,,,
1516,l'ensemble de la proposition de loi relative à l'interdiction des violences éducatives ordinaires (première lecture).,2018-11-29,DLR5L15N36415,Viol,0.820,,,,,,,
1519,l'ensemble du projet de loi de financement de la sécurité sociale pour 2019 (lecture définitive).,2018-12-03,DLR5L15N40633,Projet de loi de financement de la sécurité sociale pour 2021,0.984,2020-1576,de financement de la s\u00e9curit\u00e9 sociale pour 2021,ECOX2023815L,http://www.legifrance.gouv.fr/WAspad/UnTexteDeJorf?numjo=ECOX2023815L,,,
1540,l'ensemble de la proposition de loi visant à encadrer le démarchage téléphonique et à lutter contre les appels frauduleux (première lecture).,2018-12-06,DLR5L15N38097,Proposition de loi visant à renforcer la lutte contre la cyber-fraude,0.682,,,,,,,
1549,l'ensemble de la proposition de loi visant à favoriser la reconnaissance des proches aidants (première lecture).,2018-12-06,DLR5L15N36913,Reconnaissance des proches aidants,0.820,2019-485,visant \u00e0 favoriser la reconnaissance des proches aidants,SSAX1830131L,http://www.legifrance.gouv.fr/WAspad/UnTexteDeJorf?numjo=SSAX1830131L,,,
1556,l'ensemble du projet de loi habilitant le Gouvernement à prendre par ordonnances les mesures de préparation au retrait du Royaume-Uni de l'Union européenne (première lecture).,2018-12-10,DLR5L15N36910,Mesures de préparation au retrait du Royaume-Uni de l'Union européenne,0.820,2019-30,habilitant le Gouvernement \u00e0 prendre par ordonnances les mesures de pr\u00e9paration au retrait du Royaume-Uni de l'Union europ\u00e9enne,EAEX1825542L,http://www.legifrance.gouv.fr/WAspad/UnTexteDeJorf?numjo=EAEX1825542L,,,
1568,l'ensemble du projet de loi de programmation 2018-2022 et de réforme pour la justice (première lecture).,2018-12-11,DLR5L15N36626,Loi de programmation de la justice 2018-2022,0.596,2019-222,de programmation 2018-2022 et de r\u00e9forme pour la justice,JUST1806695L,http://www.legifrance.gouv.fr/WAspad/UnTexteDeJorf?numjo=JUST1806695L,,,
1570,l'ensemble du projet de loi organique relatif au renforcement de l'organisation des juridictions (première lecture).,2018-12-11,DLR5L15N40949,Projet de loi organique relatif aux délais d’organisation des élections législatives et sénatoriales,0.674,2020-1669,relative aux d\u00e9lais d\u2019organisation des \u00e9lections l\u00e9gislatives et s\u00e9natoriales partielles,INTA2030919L,http://www.legifrance.gouv.fr/WAspad/UnTexteDeJorf?numjo=INTA2030919L,,,
1571,l'ensemble de la proposition de loi visant à faciliter la sortie de l'indivision successorale et à relancer la politique du logement en outre-mer (deuxième lecture).,2018-12-12,DLR5L15N36726,Outre-mer,0.820,,,,,,,
1572,l'ensemble de la proposition de loi visant à sécuriser l'exercice des praticiens diplômés hors Union européenne (première lecture).,2018-12-12,DLR5L15N36973,Exercice des praticiens diplômés hors Union européenne,0.820,2018-1245,visant \u00e0 s\u00e9curiser l'exercice des praticiens dipl\u00f4m\u00e9s hors Union europ\u00e9enne,SSAX1830590L,http://www.legifrance.gouv.fr/WAspad/UnTexteDeJorf?numjo=SSAX1830590L,,,
1595,l'ensemble du projet de loi de finances pour 2019 (nouvelle lecture).,2018-12-18,DLR5L15N40790,Projet de loi de finances pour 2021,0.971,,,,,,,
1596,l'ensemble du projet de loi de finances pour 2019 (lecture définitive).,2018-12-20,DLR5L15N40790,Projet de loi de finances pour 2021,0.971,,,,,,,
1613,l'ensemble du projet de loi portant mesures d'urgence économiques et sociales (première lecture).,2018-12-20,DLR5L15N37103,Mesures d’urgence économiques et sociales,0.777,2018-1213,portant mesures d'urgence \u00e9conomiques et sociales,MTRX1834337L,http://www.legifrance.gouv.fr/WAspad/UnTexteDeJorf?numjo=MTRX1834337L,,,
1620,l'ensemble du projet de loi habilitant le Gouvernement à prendre par ordonnances des mesures de préparation au retrait du Royaume-Uni de l'Union européenne (texte de la commission mixte paritaire).,2019-01-16,DLR5L15N36910,Mesures de préparation au retrait du Royaume-Uni de l'Union européenne,0.820,2019-30,habilitant le Gouvernement \u00e0 prendre par ordonnances les mesures de pr\u00e9paration au retrait du Royaume-Uni de l'Union europ\u00e9enne,EAEX1825542L,http://www.legifrance.gouv.fr/WAspad/UnTexteDeJorf?numjo=EAEX1825542L,,,
1633,l'ensemble du projet de loi de programmation 2018-2022 et de réforme pour la justice (nouvelle lecture).,2019-01-23,DLR5L15N36626,Loi de programmation de la justice 2018-2022,0.596,2019-222,de programmation 2018-2022 et de r\u00e9forme pour la justice,JUST1806695L,http://www.legifrance.gouv.fr/WAspad/UnTexteDeJorf?numjo=JUST1806695L,,,
1634,l'ensemble du projet de loi organique relatif au renforcement de l'organisation des juridictions (nouvelle lecture).,2019-01-23,DLR5L15N40949,Projet de loi organique relatif aux délais d’organisation des élections législatives et sénatoriales,0.674,2020-1669,relative aux d\u00e9lais d\u2019organisation des \u00e9lections l\u00e9gislatives et s\u00e9natoriales partielles,INTA2030919L,http://www.legifrance.gouv.fr/WAspad/UnTexteDeJorf?numjo=INTA2030919L,,,
1639,"l'ensemble du projet de loi portant création de l'Office français de la biodiversité, modifiant les missions des fédérations des chasseurs et renforçant la police de l'environnement (première lecture).",2019-01-24,DLR5L15N36997,Office français de la biodiversité,0.820,2019-773,"portant cr\u00e9ation de l'Office fran\u00e7ais de la biodiversit\u00e9 et de la chasse, modifiant les missions des f\u00e9d\u00e9rations des chasseurs et renfor\u00e7ant la police de l'environnement",TREL1827740L,http://www.legifrance.gouv.fr/WAspad/UnTexteDeJorf?numjo=TREL1827740L,TREL1827740Z,http://www.legifrance.gouv.fr/WAspad/UnTexteDeJorf?numjo=TREL1827740Z,
1640,l'ensemble de la proposition de loi relative au délai d'intervention du juge des libertés et de la détention en rétention administrative à Mayotte (première lecture).,2019-01-29,DLR5L15N36499,Détention,0.820,,,,,,,
1653,l'ensemble de la proposition de loi pour des mesures d'urgence contre la désertification médicale (première lecture).,2019-01-31,DLR5L15N37094,Mesures d'urgence contre la désertification médicale,0.820,,,,,,,
1661,l'ensemble de la proposition de loi pour une école vraiment inclusive (première lecture).,2019-01-31,DLR5L15N37092,Ecole vraiment inclusive,0.820,,,,,,,
1662,l'ensemble de la proposition de loi visant à prévenir les violences lors des manifestations et à sanctionner leurs auteurs (première lecture).,2019-02-05,DLR5L15N36415,Viol,0.820,,,,,,,
1708,l'ensemble du projet de loi de programmation 2018-2022 et de réforme de la justice (lecture définitive).,2019-02-18,DLR5L15N36626,Loi de programmation de la justice 2018-2022,0.607,2019-222,de programmation 2018-2022 et de r\u00e9forme pour la justice,JUST1806695L,http://www.legifrance.gouv.fr/WAspad/UnTexteDeJorf?numjo=JUST1806695L,,,
1709,l'ensemble du projet de loi pour une école de la confiance (première lecture).,2019-02-19,DLR5L15N37055,Ecole de la confiance,0.820,2019-791,pour une \u00e9cole de la confiance,MENX1828765L,http://www.legifrance.gouv.fr/WAspad/UnTexteDeJorf?numjo=MENX1828765L,,,
1710,l'ensemble de la proposition de loi visant à lutter contre la mort subite et à sensibiliser la population aux gestes qui sauvent (première lecture).,2019-02-19,DLR5L15N41031,Proposition de loi visant à lutter contre le plastique,0.630,,,,,,,
1711,l'ensemble du projet de loi organique relatif au renforcement de l'organisation des juridictions (lecture définitive).,2019-02-20,DLR5L15N40949,Projet de loi organique relatif aux délais d’organisation des élections législatives et sénatoriales,0.674,2020-1669,relative aux d\u00e9lais d\u2019organisation des \u00e9lections l\u00e9gislatives et s\u00e9natoriales partielles,INTA2030919L,http://www.legifrance.gouv.fr/WAspad/UnTexteDeJorf?numjo=INTA2030919L,,,
1715,l'ensemble de la proposition de loi visant à protéger la population des dangers de la malbouffe (première lecture).,2019-02-21,DLR5L15N37940,Proposition de loi visant à renforcer la protection des mineurs face au numérique,0.742,,,,,,,
1719,l'ensemble de la proposition de loi en faveur de la transparence sur l'utilisation de l'épargne populaire en matière énergétique (première lecture).,2019-03-07,DLR5L15N37168,Transparence dans l'utilisation de l'épargne populaire en matière énergétique,0.787,,,,,,,
1724,l'ensemble de la proposition de loi portant création d'une Agence nationale de la cohésion des territoires (première lecture).,2019-03-12,DLR5L15N39025,Application de la loi portant création de l'Agence nationale de la cohésion des territoires,0.911,,,,,,,
1762,l'ensemble du projet de loi relatif à la croissance et la transformation des entreprises (nouvelle lecture).,2019-03-15,DLR5L15N36728,Croissance et transformation des entreprises (PACTE),0.710,2019-486,relative \u00e0 la croissance et la transformation des entreprises,ECOT1810669L,http://www.legifrance.gouv.fr/WAspad/UnTexteDeJorf?numjo=ECOT1810669L,ECOT1810669Z,http://www.legifrance.gouv.fr/WAspad/UnTexteDeJorf?numjo=ECOT1810669Z,
1814,l'ensemble du projet de loi relatif à l'organisation et à la transformation du système de santé (première lecture).,2019-03-26,DLR5L15N37234,Organisation et transformation du système de santé,0.763,2019-774,relative \u00e0 l'organisation et \u00e0 la transformation du syst\u00e8me de sant\u00e9,SSAX1900401L,http://www.legifrance.gouv.fr/WAspad/UnTexteDeJorf?numjo=SSAX1900401L,,,
1816,l'ensemble de la proposition de loi visant à améliorer la trésorerie des associations (première lecture).,2019-03-26,DLR5L15N39639,Proposition de loi visant à faciliter le recours à la procuration,0.752,,,,,,,
1819,l'ensemble de la proposition de loi relative au droit de résiliation sans frais de contrats de complémentaire santé (première lecture).,2019-03-27,DLR5L15N37206,Droit de résiliation sans frais de contrats de complémentaire santé,0.820,2019-733,relative au droit de r\u00e9siliation sans frais de contrats de compl\u00e9mentaire sant\u00e9,SSAX1906536L,http://www.legifrance.gouv.fr/WAspad/UnTexteDeJorf?numjo=SSAX1906536L,,,
1820,"l'ensemble de la proposition de loi de simplification, de clarification et d'actualisation du droit des sociétés (première lecture).",2019-03-27,DLR5L15N38104,Proposition de loi tendant à faciliter la mutualisation des gardes champêtres,0.620,,,,,,,
1826,l'ensemble de la proposition de loi visant à la création d'un répertoire des dérogations et adaptations normatives applicables aux personnes handicapées ou atteintes de maladies rares (première lecture).,2019-04-04,DLR5L15N45349,Proposition de loi visant à la création d'un fonds d'aide aux victimes de la guerre en Ukraine,0.585,,,,,,,
1833,l'ensemble du projet de loi portant création d'une taxe sur les services numériques et modification de la trajectoire de baisse de l'impôt sur les sociétés  (première lecture).,2019-04-09,DLR5L15N37309,Taxe sur les services numériques et impôt sur les sociétés (taxe GAFA),0.555,2019-759,portant cr\u00e9ation d'une taxe sur les services num\u00e9riques et modification de la trajectoire de baisse de l'imp\u00f4t sur les soci\u00e9t\u00e9s,ECOE1902865L,http://www.legifrance.gouv.fr/WAspad/UnTexteDeJorf?numjo=ECOE1902865L,,,
1836,l'ensemble de la proposition de loi visant à préserver les intérêts de la défense et de la sécurité nationale de la France dans le cadre de l'exploitation des réseaux radioélectriques mobiles (première lecture).,2019-04-10,DLR5L15N42066,Proposition de loi visant à reporter les élections régionales et départementales et à encadrer les mandats des exécutifs,0.585,,,,,,,
1839,l'ensemble du projet de loi relatif à la croissance et la transformation des entreprises (lecture définitive).,2019-04-11,DLR5L15N36728,Croissance et transformation des entreprises (PACTE),0.710,2019-486,relative \u00e0 la croissance et la transformation des entreprises,ECOT1810669L,http://www.legifrance.gouv.fr/WAspad/UnTexteDeJorf?numjo=ECOT1810669L,ECOT1810669Z,http://www.legifrance.gouv.fr/WAspad/UnTexteDeJorf?numjo=ECOT1810669Z,
1846,l'ensemble de la proposition de loi relative à la création du Centre national de la musique (première lecture).,2019-05-06,DLR5L15N37352,Centre national de la musique,0.820,2019-1100,relative \u00e0 la cr\u00e9ation du Centre national de la musique,MICX1909891L,http://www.legifrance.gouv.fr/WAspad/UnTexteDeJorf?numjo=MICX1909891L,,,
1850,l'ensemble de la proposition de loi visant à renforcer l'accompagnement des jeunes majeurs vulnérables vers l'autonomie (première lecture).,2019-05-07,DLR5L15N36719,Accompagnement des jeunes majeurs vulnérables vers l'autonomie,0.820,,,,,,,
1851,l'ensemble de la proposition de loi en faveur de l'engagement associatif (deuxième lecture).,2019-05-09,DLR5L15N36532,Engagement associatif,0.820,2021-874,en faveur de l\u2019engagement associatif,MENX1813830L,http://www.legifrance.gouv.fr/WAspad/UnTexteDeJorf?numjo=MENX1813830L,,,
1852,l'ensemble de la proposition de loi pour la protection foncière des activités agricoles et des cultures marines en zone littorale (deuxième lecture).,2019-05-09,DLR5L15N38182,Proposition de loi pour une meilleure protection des mineur.e.s victimes de viol et des autres agressions sexuelles,0.652,,,,,,,
1862,l'ensemble de la proposition de loi tendant à créer un droit voisin au profit des agences de presse et des éditeurs de presse (première lecture).,2019-05-09,DLR5L15N37127,Droit voisin au profit des agences et éditeurs de presse,0.683,2019-775,tendant \u00e0 cr\u00e9er un droit voisin au profit des agences de presse et des \u00e9diteurs de presse,MICX1902858L,http://www.legifrance.gouv.fr/WAspad/UnTexteDeJorf?numjo=MICX1902858L,,,
1889,l'ensemble du projet de loi pour la conservation et la restauration de la cathédrale Notre-Dame de Paris et instituant une souscription nationale à cet effet (première lecture).,2019-05-10,DLR5L15N37678,Suivi de l’application de la loi pour la conservation et la restauration de la cathédrale Notre Dame de Paris et instituant une souscription nationale à cet effet,0.901,,,,,,,
1912,l'ensemble de la proposition de loi portant création d'une Agence nationale de la cohésion des territoires (nouvelle lecture).,2019-05-21,DLR5L15N39025,Application de la loi portant création de l'Agence nationale de la cohésion des territoires,0.911,,,,,,,
1920,l'ensemble du projet de loi autorisant l'approbation de l'accord-cadre sur la coopération sanitaire transfrontalière entre le Gouvernement de la République française et le Conseil fédéral suisse et de l'accord-cadre entre le Gouvernement de la République française et le Gouvernement du Grand-Duché de Luxembourg sur la coopération sanitaire transfrontalière (première lecture).,2019-05-23,DLR5L15N43839,Projet de loi autorisant l’approbation de l’accord entre le Gouvernement de la République française et le Gouvernement de la République du Tadjikistan sur les services aériens,0.534,2022-226,autorisant l\u2019approbation de l\u2019accord entre le Gouvernement de la R\u00e9publique fran\u00e7aise et le Gouvernement de la R\u00e9publique du Tadjikistan sur les services a\u00e9riens,EAEJ2120639L,http://www.legifrance.gouv.fr/WAspad/UnTexteDeJorf?numjo=EAEJ2120639L,,,
1923,l'ensemble du projet de loi de transformation de la fonction publique (première lecture).,2019-05-28,DLR5L15N37357,Transformation de la fonction publique,0.820,2019-828,de transformation de la fonction publique,CPAF1832065L,http://www.legifrance.gouv.fr/WAspad/UnTexteDeJorf?numjo=CPAF1832065L,CPAF1832065Z,http://www.legifrance.gouv.fr/WAspad/UnTexteDeJorf?numjo=CPAF1832065Z,
1957,l'ensemble du projet de loi d'orientation des mobilités (première lecture).,2019-06-18,DLR5L15N37029,Orientation des mobilités (LOM),0.714,2019-1428,d'orientation des mobilit\u00e9s,TRET1821032L,http://www.legifrance.gouv.fr/WAspad/UnTexteDeJorf?numjo=TRET1821032L,,,
1965,l'ensemble du projet de loi de règlement du budget et d'approbation des comptes de l'année 2018 (première lecture).,2019-06-19,DLR5L15N36450,Principe de subsidiarité de la proposition de règlement sur l’évaluation des technologies de la santé,0.564,,,,,,,
1988,l'ensemble du projet de loi relatif aux compétences de la Collectivité européenne d'Alsace (première lecture).,2019-06-26,DLR5L15N37289,Collectivité européenne d'Alsace,0.820,2019-816,relative aux comp\u00e9tences de la Collectivit\u00e9 europ\u00e9enne d'Alsace,TERB1901105L,http://www.legifrance.gouv.fr/WAspad/UnTexteDeJorf?numjo=TERB1901105L,,,
1992,l'ensemble de la proposition de loi relative au droit de résiliation sans frais de contrats de complémentaire santé (texte de la commission mixte paritaire).,2019-06-27,DLR5L15N37206,Droit de résiliation sans frais de contrats de complémentaire santé,0.820,2019-733,relative au droit de r\u00e9siliation sans frais de contrats de compl\u00e9mentaire sant\u00e9,SSAX1906536L,http://www.legifrance.gouv.fr/WAspad/UnTexteDeJorf?numjo=SSAX1906536L,,,
2015,l'ensemble du projet de loi pour une école de la confiance (texte de la commission mixte paritaire).,2019-07-02,DLR5L15N37055,Ecole de la confiance,0.820,2019-791,pour une \u00e9cole de la confiance,MENX1828765L,http://www.legifrance.gouv.fr/WAspad/UnTexteDeJorf?numjo=MENX1828765L,,,
2024,l'ensemble du projet de loi pour la conservation et la restauration de la cathédrale Notre-Dame de Paris et instituant une souscription nationale à cet effet (nouvelle lecture).,2019-07-02,DLR5L15N37678,Suivi de l’application de la loi pour la conservation et la restauration de la cathédrale Notre Dame de Paris et instituant une souscription nationale à cet effet,0.901,,,,,,,
2029,l'ensemble du projet de loi portant création d'une taxe sur les services numériques et modification de la trajectoire de baisse de l'impôt sur les sociétés (texte de la commisison mixte paritaire).,2019-07-04,DLR5L15N37309,Taxe sur les services numériques et impôt sur les sociétés (taxe GAFA),0.524,2019-759,portant cr\u00e9ation d'une taxe sur les services num\u00e9riques et modification de la trajectoire de baisse de l'imp\u00f4t sur les soci\u00e9t\u00e9s,ECOE1902865L,http://www.legifrance.gouv.fr/WAspad/UnTexteDeJorf?numjo=ECOE1902865L,,,
2039,l'ensemble de la proposition de loi visant à lutter contre la haine sur internet (première lecture).,2019-07-09,DLR5L15N41031,Proposition de loi visant à lutter contre le plastique,0.821,,,,,,,
2040,l'ensemble de la proposition de loi portant création d'une Agence nationale de la cohésion des territoires (lecture défintive).,2019-07-09,DLR5L15N39025,Application de la loi portant création de l'Agence nationale de la cohésion des territoires,0.911,,,,,,,
2041,"l'ensemble du projet de loi portant création de l'Office français de la biodiversité, modifiant les missions des fédérations des chasseurs et renforçant la police de l'environnement (texte de la commission mixte paritaire).",2019-07-09,DLR5L15N36997,Office français de la biodiversité,0.820,2019-773,"portant cr\u00e9ation de l'Office fran\u00e7ais de la biodiversit\u00e9 et de la chasse, modifiant les missions des f\u00e9d\u00e9rations des chasseurs et renfor\u00e7ant la police de l'environnement",TREL1827740L,http://www.legifrance.gouv.fr/WAspad/UnTexteDeJorf?numjo=TREL1827740L,TREL1827740Z,http://www.legifrance.gouv.fr/WAspad/UnTexteDeJorf?numjo=TREL1827740Z,
2042,l'ensemble du projet de loi relatif à l'organisation et à la transformation du système de santé (texte de la commission mixte paritaire).,2019-07-10,DLR5L15N37234,Organisation et transformation du système de santé,0.588,2019-774,relative \u00e0 l'organisation et \u00e0 la transformation du syst\u00e8me de sant\u00e9,SSAX1900401L,http://www.legifrance.gouv.fr/WAspad/UnTexteDeJorf?numjo=SSAX1900401L,,,
2044,l'ensemble de la proposition de loi visant à adapter l'organisation des communes nouvelles à la diversité des territoires (première lecture).,2019-07-10,DLR5L15N37308,Adaptation de l’organisation des communes nouvelles à la diversité des territoires,0.822,,,,,,,
2047,l'ensemble du projet de loi pour la conservation et la restauration de la cathédrale Notre-Dame de Paris et instituant une souscription nationale à cet effet (lecture définitive).,2019-07-16,DLR5L15N37678,Suivi de l’application de la loi pour la conservation et la restauration de la cathédrale Notre Dame de Paris et instituant une souscription nationale à cet effet,0.901,,,,,,,
2058,l'ensemble du projet de loi de transformation de la fonction publique (texte de la commission mixte paritaire).,2019-07-18,DLR5L15N37357,Transformation de la fonction publique,0.820,2019-828,de transformation de la fonction publique,CPAF1832065L,http://www.legifrance.gouv.fr/WAspad/UnTexteDeJorf?numjo=CPAF1832065L,CPAF1832065Z,http://www.legifrance.gouv.fr/WAspad/UnTexteDeJorf?numjo=CPAF1832065Z,
2059,"l'ensemble du projet de loi autorisant la ratification de l'accord économique et commercial global entre l'Union européenne et ses États membres, d'une part, et le Canada, d'autre part, et de l'accord de partenariat stratégique entre l'Union européenne et ses États membres, d'une part, et le Canada, d'autre part (première lecture).",2019-07-23,DLR5L15N37607,Accord économique et commercial global (CETA) et accord de partenariat stratégique entre l'UE et le Canada,0.515,,,,,,,
2060,l'ensemble de la proposition de loi tendant à créer un droit voisin au profit des agences de presse et des éditeurs de presse (deuxième lecture).,2019-07-23,DLR5L15N37127,Droit voisin au profit des agences et éditeurs de presse,0.683,2019-775,tendant \u00e0 cr\u00e9er un droit voisin au profit des agences de presse et des \u00e9diteurs de presse,MICX1902858L,http://www.legifrance.gouv.fr/WAspad/UnTexteDeJorf?numjo=MICX1902858L,,,
2063,l'ensemble du projet de loi relatif à la modernisation de la distribution de la presse (première lecture).,2019-07-23,DLR5L15N37404,Modernisation de la distribution de la presse,0.820,2019-1063,relative \u00e0 la modernisation de la distribution de la presse,ICE1906427L,http://www.legifrance.gouv.fr/WAspad/UnTexteDeJorf?numjo=ICE1906427L,,,
2065,l'ensemble du projet de loi relatif à l'énergie et au climat (texte de la commission mixte paritaire).,2019-09-11,DLR5L15N42194,Projet de loi relatif à la régulation et à la protection de l’accès aux œuvres culturelles à l’ère numérique,0.579,2021-1382,relative \u00e0 la r\u00e9gulation et \u00e0 la protection de l\u2019acc\u00e8s aux \u0153uvres culturelles \u00e0 l\u2019\u00e8re num\u00e9rique,MICE2106504L,http://www.legifrance.gouv.fr/WAspad/UnTexteDeJorf?numjo=MICE2106504L,,,
2071,l'ensemble du projet de loi d'orientation des mobilités (nouvelle lecture).,2019-09-17,DLR5L15N37029,Orientation des mobilités (LOM),0.714,2019-1428,d'orientation des mobilit\u00e9s,TRET1821032L,http://www.legifrance.gouv.fr/WAspad/UnTexteDeJorf?numjo=TRET1821032L,,,
2073,l'ensemble de la proposition de loi relative à la création du Centre national de la musique (texte de la commission mixte paritaire).,2019-09-18,DLR5L15N37352,Centre national de la musique,0.820,2019-1100,relative \u00e0 la cr\u00e9ation du Centre national de la musique,MICX1909891L,http://www.legifrance.gouv.fr/WAspad/UnTexteDeJorf?numjo=MICX1909891L,,,
2077,"l'ensemble du projet de loi autorisant l'approbation de l'accord entre le Gouvernement de la République française et le Gouvernement de la République fédérale démocratique d'Éthiopie relatif aux services aériens, de l'accord entre le Gouvernement de la République française et le Gouvernement de la République du Costa Rica relatif aux services aériens et de l'accord relatif aux services aériens entre le Gouvernement de la République française et le Gouvernement de la République du Mozambique (première lecture).",2019-09-18,DLR5L15N43839,Projet de loi autorisant l’approbation de l’accord entre le Gouvernement de la République française et le Gouvernement de la République du Tadjikistan sur les services aériens,0.493,2022-226,autorisant l\u2019approbation de l\u2019accord entre le Gouvernement de la R\u00e9publique fran\u00e7aise et le Gouvernement de la R\u00e9publique du Tadjikistan sur les services a\u00e9riens,EAEJ2120639L,http://www.legifrance.gouv.fr/WAspad/UnTexteDeJorf?numjo=EAEJ2120639L,,,
2078,l'ensemble de la proposition de loi visant à clarifier diverses dispositions du droit électoral (première lecture).,2019-09-24,DLR5L15N37385,Clarification de diverses dispositions du droit électoral,0.741,2019-1269,visant \u00e0 clarifier diverses dispositions du droit \u00e9lectoral,INTX1918828L,http://www.legifrance.gouv.fr/WAspad/UnTexteDeJorf?numjo=INTX1918828L,,,
2079,l'ensemble de la proposition de loi organique visant à clarifier diverses dispositions du droit électoral (première lecture).,2019-09-24,DLR5L15N41965,Proposition de loi organique visant à moderniser les modalités de vote à l'élection du président de la République,0.627,,,,,,,
2130,l'ensemble du projet de loi autorisant la ratification du traité entre la République française et la République fédérale d'Allemagne sur la coopération et l'intégration franco-allemande (première lecture).,2019-10-08,DLR5L15N43839,Projet de loi autorisant l’approbation de l’accord entre le Gouvernement de la République française et le Gouvernement de la République du Tadjikistan sur les services aériens,0.610,2022-226,autorisant l\u2019approbation de l\u2019accord entre le Gouvernement de la R\u00e9publique fran\u00e7aise et le Gouvernement de la R\u00e9publique du Tadjikistan sur les services a\u00e9riens,EAEJ2120639L,http://www.legifrance.gouv.fr/WAspad/UnTexteDeJorf?numjo=EAEJ2120639L,,,
2146,l'ensemble du projet de loi relatif à la bioéthique (première lecture).,2019-10-15,DLR5L15N37672,Bioéthique,0.820,2021-1017,LOI n\u00b0 2021-1017 du 2 ao\u00fbt 2021 relative \u00e0 la bio\u00e9thique,SSAX1917211L,http://www.legifrance.gouv.fr/WAspad/UnTexteDeJorf?numjo=SSAX1917211L,,,
2147,l'ensemble de la proposition de loi visant à agir contre les violences au sein de la famille (première lecture).,2019-10-15,DLR5L15N36415,Viol,0.820,,,,,,,
2235,l'ensemble du projet de loi de financement de la sécurité sociale pour 2020 (première lecture),2019-10-29,DLR5L15N40633,Projet de loi de financement de la sécurité sociale pour 2021,0.984,2020-1576,de financement de la s\u00e9curit\u00e9 sociale pour 2021,ECOX2023815L,http://www.legifrance.gouv.fr/WAspad/UnTexteDeJorf?numjo=ECOX2023815L,,,
2307,l'ensemble du projet de loi de finances pour 2020 (première lecture),2019-11-19,DLR5L15N40790,Projet de loi de finances pour 2021,0.971,,,,,,,
2308,l'ensemble du projet de loi d'orientation des mobilités (lecture définitive),2019-11-19,DLR5L15N37029,Orientation des mobilités (LOM),0.714,2019-1428,d'orientation des mobilit\u00e9s,TRET1821032L,http://www.legifrance.gouv.fr/WAspad/UnTexteDeJorf?numjo=TRET1821032L,,,
2329,l'ensemble du projet de loi relatif à l'engagement dans la vie locale et à la proximité de l'action publique (première lecture).,2019-11-26,DLR5L15N37659,Engagement dans la vie locale et action publique,0.676,2019-1461,relative \u00e0 l'engagement dans la vie locale et \u00e0 la proximit\u00e9 de l'action publique,TERX1917292L,http://www.legifrance.gouv.fr/WAspad/UnTexteDeJorf?numjo=TERX1917292L,,,
2335,l'ensemble de la proposition de loi visant à réduire le coût du foncier et à augmenter l'offre de logements accessibles aux Français (première lecture).,2019-11-28,DLR5L15N40696,Proposition de loi visant à réduire l'empreinte environnementale du numérique en France,0.614,2021-1485,visant \u00e0 r\u00e9duire l\u2019empreinte environnementale du num\u00e9rique en France,ECOX2102044L,http://www.legifrance.gouv.fr/WAspad/UnTexteDeJorf?numjo=ECOX2102044L,,,
2336,l'ensemble de la proposition de loi visant à répondre à la demande des patients par la création de Points d'accueil pour soins immédiats (première lecture).,2019-11-28,DLR5L15N37698,Points d'accueil pour soins immédiats,0.820,,,,,,,
2337,l'ensemble du projet de loi de financement de la sécurité sociale pour 2020 (lecture définitive).,2019-12-03,DLR5L15N40633,Projet de loi de financement de la sécurité sociale pour 2021,0.984,2020-1576,de financement de la s\u00e9curit\u00e9 sociale pour 2021,ECOX2023815L,http://www.legifrance.gouv.fr/WAspad/UnTexteDeJorf?numjo=ECOX2023815L,,,
2342,l'ensemble de la proposition de loi relative à la transparence de l'information sur les produits agricoles et alimentaires (première lecture).,2019-12-04,DLR5L15N43049,Mise en application de la loi n° 2020-699 du 10 juin 2020 relative à la transparence de l’information sur les produits agricoles et alimentaires,0.810,,,,,,,
2348,l'ensemble de la proposition de loi visant à agir contre les violences au sein de la famille (texte de la commission mixte paritaire).,2019-12-11,DLR5L15N36415,Viol,0.820,,,,,,,
2351,l'ensemble de la proposition de loi relative au passage de l'épreuve théorique du code de la route dans les lycées (première lecture).,2019-12-12,DLR5L15N37884,Epreuve théorique du code de la route dans les lycées,0.820,,,,,,,
2352,l'ensemble de la proposition de loi visant à étendre la qualité de pupille de la Nation aux enfants des sauveteurs en mer décédés dans le cadre de leur mission de sauvetage et à assurer les besoins de financement de la Société nationale de sauvetage en mer (première lecture).,2019-12-12,DLR5L15N41758,Proposition de loi visant à accorder aux enfants des sauveteurs en mer décédés lors d'une opération de sauvetage la qualité de pupille de la Nation,0.617,,,,,,,
2387,l'ensemble du projet de loi de finances pour 2020 (nouvelle lecture).,2019-12-17,DLR5L15N40790,Projet de loi de finances pour 2021,0.971,,,,,,,
2407,l'ensemble du projet de loi de finances pour 2020 (lecture définitive).,2019-12-19,DLR5L15N40790,Projet de loi de finances pour 2021,0.971,,,,,,,
2408,l'ensemble du projet de loi relatif à l'engagement dans la vie locale et à la proximité de l'action publique (texte de la commission mixte paritaire).,2019-12-19,DLR5L15N37946,Engagement dans la vie locale et à la proximité de l'action publique (délégation aux collectivités territoriales),0.705,,,,,,,
2417,l'ensemble du projet de loi relatif à la lutte contre le gaspillage et à l'économie circulaire (première lecture).,2019-12-19,DLR5L15N37641,Lutte contre le gaspillage et économie circulaire,0.760,2020-105,relative \u00e0 la lutte contre le gaspillage et \u00e0 l\u2019\u00e9conomie circulaire,TREP1902395L,http://www.legifrance.gouv.fr/WAspad/UnTexteDeJorf?numjo=TREP1902395L,,,
2419,l'ensemble de la proposition de loi visant à améliorer l'accès à la prestation de compensation du handicap (première lecture).,2020-01-15,DLR5L15N37804,Accès à la prestation de compensation du handicap,0.820,2020-220,visant \u00e0 am\u00e9liorer l\u2019acc\u00e8s \u00e0 la prestation de compensation du handicap,SSAX1929283L,http://www.legifrance.gouv.fr/WAspad/UnTexteDeJorf?numjo=SSAX1929283L,,,
2420,l'ensemble du projet de loi relatif à la lutte contre le gaspillage et à l'économie circulaire (texte de la commission mixte paritaire).,2020-01-21,DLR5L15N37641,Lutte contre le gaspillage et économie circulaire,0.583,2020-105,relative \u00e0 la lutte contre le gaspillage et \u00e0 l\u2019\u00e9conomie circulaire,TREP1902395L,http://www.legifrance.gouv.fr/WAspad/UnTexteDeJorf?numjo=TREP1902395L,,,
2427,l'ensemble de la proposition de loi visant à protéger les victimes de violences conjugales (première lecture).,2020-01-29,DLR5L15N36415,Viol,0.820,,,,,,,
2428,l'ensemble de la proposition de loi visant à moderniser les outils et la gouvernance de la Fondation du patrimoine (première lecture).,2020-01-30,DLR5L15N37846,Fondation du Patrimoine,0.820,2021-710,LOI n\u00b0 2021-710 du 4 juin 2021 visant \u00e0 moderniser les outils et la gouvernance de la Fondation du patrimoine,MICX1930820L,http://www.legifrance.gouv.fr/WAspad/UnTexteDeJorf?numjo=MICX1930820L,,,
2429,l'ensemble de la proposition de loi visant à définir et protéger le patrimoine sensoriel des campagnes françaises (première lecture).,2020-01-30,DLR5L15N40997,Proposition de loi visant à protéger les jeunes mineurs des crimes sexuels,0.682,2021-478,visant \u00e0 prot\u00e9ger les mineurs des crimes et d\u00e9lits sexuels et de l\u2019inceste,JUSX2103172L,http://www.legifrance.gouv.fr/WAspad/UnTexteDeJorf?numjo=JUSX2103172L,,,
2431,l'ensemble de la proposition de loi visant à instaurer un congé de deuil de douze jours consécutifs pour le décès d'un enfant mineur (première lecture).,2020-01-30,DLR5L15N38204,Proposition de loi visant à instaurer un jour de congé en cas de décès d'un grand-parent,0.650,,,,,,,
2432,l'ensemble de la proposition de loi visant à encadrer le démarchage téléphonique et à lutter contre les appels frauduleux (deuxième lecture).,2020-01-30,DLR5L15N38097,Proposition de loi visant à renforcer la lutte contre la cyber-fraude,0.682,,,,,,,
2437,l'ensemble de la proposition de loi visant à améliorer l'accès à certaines professions des personnes atteintes de maladies chroniques (première lecture).,2020-01-30,DLR5L15N38205,Proposition de loi visant à renforcer la protection des personnes placées en garde à vue ou mises en examen,0.664,,,,,,,
2445,l'ensemble de la proposition de loi relative à la déshérence des retraites supplémentaires (première lecture).,2020-01-30,DLR5L15N38380,Déshérence des retraites supplémentaires,0.820,,,,,,,
2446,"l'ensemble de la proposition de loi visant à créer le statut de citoyen sauveteur, lutter contre l'arrêt cardiaque et sensibiliser aux gestes qui sauvent (deuxième lecture).",2020-02-12,DLR5L15N37091,Statut de citoyen sauveteur,0.820,2020-840,"visant \u00e0 cr\u00e9er le statut de citoyen sauveteur, lutter contre l\u2019arr\u00eat cardiaque et sensibiliser aux gestes qui sauvent",INTX1905986L,http://www.legifrance.gouv.fr/WAspad/UnTexteDeJorf?numjo=INTX1905986L,,,
2447,l'ensemble de la proposition de loi visant à encadrer l'exploitation commerciale de l'image d'enfants de moins de seize ans sur les plateformes en ligne (première lecture).,2020-02-12,DLR5L15N38385,Exploitation de l'image d'enfants sur les plateformes en ligne,0.629,2020-1266,visant \u00e0 encadrer l\u2019exploitation commerciale de l\u2019image d\u2019enfants de moins de seize ans sur les plateformes en ligne,MICX2012545L,http://www.legifrance.gouv.fr/WAspad/UnTexteDeJorf?numjo=MICX2012545L,,,
2454,l'ensemble de la proposition de loi portant diverses mesures de justice sociale (première lecture).,2020-02-13,DLR5L15N38414,Diverses mesures de justice sociale,0.820,,,,,,,
2455,l'ensemble de la proposition de loi relative au droit des victimes de présenter une demande d'indemnité au fonds de garantie des actes de terrorisme et autres infractions (première lecture).,2020-02-13,DLR5L15N37771,Proposition de loi relative au droit de rétractation des consommateurs dans le cadre des contrats de vente conclus sur les foires et salons,0.568,,,,,,,
2459,l'ensemble de la proposition de loi relative à la protection patrimoniale des langues régionales et à leur promotion (première lecture).,2020-02-13,DLR5L15N40710,Proposition de loi relative à la protection fonctionnelle des conseillers régionaux et départementaux,0.720,,,,,,,
2732,l'ensemble du projet de loi organique relatif au système universel de retraite (première lecture).,2020-03-05,DLR5L15N40949,Projet de loi organique relatif aux délais d’organisation des élections législatives et sénatoriales,0.589,2020-1669,relative aux d\u00e9lais d\u2019organisation des \u00e9lections l\u00e9gislatives et s\u00e9natoriales partielles,INTA2030919L,http://www.legifrance.gouv.fr/WAspad/UnTexteDeJorf?numjo=INTA2030919L,,,
2733,l'ensemble du projet de loi de finances rectificative pour 2020 (première lecture).,2020-03-19,DLR5L15N44111,Projet de loi de finances rectificative pour 2021,0.980,2021-1549,de finances rectificative pour 2021,ECOX2131239L,http://www.legifrance.gouv.fr/WAspad/UnTexteDeJorf?numjo=ECOX2131239L,,,
2734,l'ensemble du projet de loi d'urgence pour faire face à l'épidémie de covid-19 (première lecture),2020-03-21,DLR5L15N39205,Loi d'urgence pour faire face à l'épidémie de covid-19,0.915,2020-290,d\u2019urgence pour faire face \u00e0 l\u2019\u00e9pid\u00e9mie de covid-19,PRMX2007883L,http://www.legifrance.gouv.fr/WAspad/UnTexteDeJorf?numjo=PRMX2007883L,,,
2735,l'ensemble du projet de loi organique d'urgence pour faire face à l'épidémie de covid-19 (première lecture).,2020-03-21,DLR5L15N39206,Loi organique d'urgence pour faire face à l'épidémie de covid-19,0.928,2020-365,d\u2019urgence pour faire face \u00e0 l\u2019\u00e9pid\u00e9mie de covid-19,JUSX2007921L,http://www.legifrance.gouv.fr/WAspad/UnTexteDeJorf?numjo=JUSX2007921L,,,
2736,l'ensemble du projet de loi d'urgence pour faire face à l'épidémie de covid-19 (texte de la commission mixte paritaire).,2020-03-22,DLR5L15N39205,Loi d'urgence pour faire face à l'épidémie de covid-19,0.820,2020-290,d\u2019urgence pour faire face \u00e0 l\u2019\u00e9pid\u00e9mie de covid-19,PRMX2007883L,http://www.legifrance.gouv.fr/WAspad/UnTexteDeJorf?numjo=PRMX2007883L,,,
2737,l'ensemble du projet de loi de finances rectificative pour 2020 (2) (première lecture).,2020-04-17,DLR5L15N44111,Projet de loi de finances rectificative pour 2021,0.960,2021-1549,de finances rectificative pour 2021,ECOX2131239L,http://www.legifrance.gouv.fr/WAspad/UnTexteDeJorf?numjo=ECOX2131239L,,,
2738,l'ensemble du projet de loi de finances rectificative pour 2020 (2) (texte de la commission mixte paritaire).,2020-04-23,DLR5L15N44111,Projet de loi de finances rectificative pour 2021,0.691,2021-1549,de finances rectificative pour 2021,ECOX2131239L,http://www.legifrance.gouv.fr/WAspad/UnTexteDeJorf?numjo=ECOX2131239L,,,
2740,l'ensemble du projet de loi prorogeant l'état d'urgence sanitaire et complétant ses dispositions (première lecture).,2020-05-08,DLR5L15N43326,Projet de loi autorisant la prorogation de l’état d’urgence sanitaire dans les outre-mer,0.655,2021-1172,autorisant la prorogation de l\u2019\u00e9tat d\u2019urgence sanitaire dans les outre-mer,PRMX2125288L,http://www.legifrance.gouv.fr/WAspad/UnTexteDeJorf?numjo=PRMX2125288L,,,
2741,l'ensemble du projet de loi prorogeant l'état d'urgence sanitaire et complétant ses dispositions (texte de la commission mixte paritaire).,2020-05-09,DLR5L15N44625,Projet de loi renforçant les outils de gestion de la crise sanitaire et modifiant le code de la santé publique,0.606,2022-46,renfor\u00e7ant les outils de gestion de la crise sanitaire et modifiant le code de la sant\u00e9 publique,PRMX2138186L,http://www.legifrance.gouv.fr/WAspad/UnTexteDeJorf?numjo=PRMX2138186L,,,
2742,l'ensemble de la proposition de loi visant à lutter contre les contenus haineux sur internet (lecture définitive).,2020-05-13,DLR5L15N42607,Proposition de loi visant à lutter contre les déserts médicaux,0.759,,,,,,,
2743,"l'ensemble du projet de loi relatif à diverses dispositions liées à la crise sanitaire, à d'autres mesures urgentes ainsi qu'au retrait du Royaume-Uni de l'Union européenne (première lecture)",2020-05-15,DLR5L15N36910,Mesures de préparation au retrait du Royaume-Uni de l'Union européenne,0.520,2019-30,habilitant le Gouvernement \u00e0 prendre par ordonnances les mesures de pr\u00e9paration au retrait du Royaume-Uni de l'Union europ\u00e9enne,EAEX1825542L,http://www.legifrance.gouv.fr/WAspad/UnTexteDeJorf?numjo=EAEX1825542L,,,
2745,l'ensemble de la proposition de loi visant à améliorer les droits des travailleurs et l'accompagnement des familles après le décès d'un enfant (deuxième lecture).,2020-05-26,DLR5L15N36748,Accompagnement des familles après le décès d'un enfant,0.820,2020-692,visant \u00e0 am\u00e9liorer les droits des travailleurs et l\u2019accompagnement des familles apr\u00e8s le d\u00e9c\u00e8s d\u2019un enfant,MTRX2003331L,http://www.legifrance.gouv.fr/WAspad/UnTexteDeJorf?numjo=MTRX2003331L,,,
2747,l'ensemble de la proposition de loi relative à la transparence de l'information sur les produits agricoles et alimentaires (deuxième lecture).,2020-05-27,DLR5L15N43049,Mise en application de la loi n° 2020-699 du 10 juin 2020 relative à la transparence de l’information sur les produits agricoles et alimentaires,0.810,,,,,,,
2748,"l'ensemble du projet de loi autorisant l'approbation de l'accord entre le Gouvernement de la République française et le Gouvernement de la République de l'Inde relatif à la prévention de la consommation illicite et à la réduction du trafic illicite de stupéfiants, de substances psychotropes et de précurseurs chimiques, et des délits connexes (première lecture).",2020-06-02,DLR5L15N42488,Approbation de l’accord entre le Gouvernement de la République française et le Gouvernement de la République de Maurice relatif à la coopération en matière de défense et au statut des forces,0.609,2022-215,autorisant l\u2019approbation de l\u2019accord entre le Gouvernement de la R\u00e9publique fran\u00e7aise et le Gouvernement de la R\u00e9publique de Maurice relatif \u00e0 la coop\u00e9ration en mati\u00e8re de d\u00e9fense et au statut des forces,EAEJ2106103L,http://www.legifrance.gouv.fr/WAspad/UnTexteDeJorf?numjo=EAEJ2106103L,,,
2749,l'ensemble de la proposition de loi permettant le don de congés payés sous forme de chèques-vacances aux membres du secteur médico-social en reconnaissance de leur action durant l'épidémie de covid-19 (première lecture).,2020-06-02,DLR5L15N40689,Proposition de loi reportant la date de transfert de compétences entre les collectivités territoriales et leurs groupements à la suite de l'épidémie de Covid-19,0.542,,,,,,,
2750,"l'ensemble du projet de loi relatif à diverses dispositions liées à la crise sanitaire, à d'autres mesures urgentes ainsi qu'au retrait du Royaume-Uni de l'Union européenne (texte de la commission mixte paritaire).",2020-06-03,DLR5L15N42238,"Projet de loi portant diverses dispositions d’adaptation au droit de l’Union européenne dans le domaine des transports, de l’environnement, de l’économie et des finances",0.507,2021-1308,"portant diverses dispositions d\u2019adaptation au droit de l\u2019Union europ\u00e9enne dans le domaine des transports, de l\u2019environnement, de l\u2019\u00e9conomie et des finances",TREK2107676L,http://www.legifrance.gouv.fr/WAspad/UnTexteDeJorf?numjo=TREK2107676L,,,
2753,"l'ensemble du projet de loi portant annulation du second tour du renouvellement général des conseillers municipaux et communautaires, des conseillers de Paris, et des conseillers de la métropole de Lyon de 2020, organisation d'un nouveau scrutin dans les communes concernées, fonctionnement transitoire des établissements publics de coopération intercommunale et report des élections consulaires (première lecture).",2020-06-08,DLR5L15N41210,"Projet de loi portant report du renouvellement général des conseils départementaux, des conseils régionaux et des assemblées de Corse, de Guyane et de Martinique",0.440,2021-191,"LOI n\u00b0 2021-191 du 22 f\u00e9vrier 2021 portant report, de mars \u00e0 juin 2021, du renouvellement g\u00e9n\u00e9ral des conseils d\u00e9partementaux, des conseils r\u00e9gionaux et des assembl\u00e9es de Corse, de Guyane et de Martinique",INTA2033145L,http://www.legifrance.gouv.fr/WAspad/UnTexteDeJorf?numjo=INTA2033145L,,,
2754,l'ensemble du projet de loi de règlement du budget et d'approbation des comptes de l'année 2019 (première lecture).,2020-06-10,DLR5L15N36450,Principe de subsidiarité de la proposition de règlement sur l’évaluation des technologies de la santé,0.564,,,,,,,
2755,l'ensemble du projet de loi organique relatif à la dette sociale et à l'autonomie (première lecture).,2020-06-15,DLR5L15N40949,Projet de loi organique relatif aux délais d’organisation des élections législatives et sénatoriales,0.554,2020-1669,relative aux d\u00e9lais d\u2019organisation des \u00e9lections l\u00e9gislatives et s\u00e9natoriales partielles,INTA2030919L,http://www.legifrance.gouv.fr/WAspad/UnTexteDeJorf?numjo=INTA2030919L,,,
2756,l'ensemble du projet de loi relatif à la dette sociale et à l'autonomie (première lecture).,2020-06-15,DLR5L15N39813,Dette sociale et autonomie,0.627,2020-992,relative \u00e0 la dette sociale et \u00e0 l\u2019autonomie,SSAX2011921L,http://www.legifrance.gouv.fr/WAspad/UnTexteDeJorf?numjo=SSAX2011921L,,,
2757,l'ensemble du projet de loi tendant à sécuriser l'organisation du second tour des élections municipales et communautaires de juin 2020 et à reporter les élections consulaires (texte de la commission mixte paritaire).,2020-06-16,DLR5L15N40950,Projet de loi relatif aux délais d’organisation des élections municipales partielles et des élections des membres des commissions syndicales,0.604,2020-1670,relative aux d\u00e9lais d\u2019organisation des \u00e9lections municipales partielles et des \u00e9lections des membres des commissions syndicales,INTA2030870L,http://www.legifrance.gouv.fr/WAspad/UnTexteDeJorf?numjo=INTA2030870L,,,
2758,l'ensemble du projet de loi organisant la sortie de l'état d'urgence sanitaire (première lecture).,2020-06-17,DLR5L15N43326,Projet de loi autorisant la prorogation de l’état d’urgence sanitaire dans les outre-mer,0.760,2021-1172,autorisant la prorogation de l\u2019\u00e9tat d\u2019urgence sanitaire dans les outre-mer,PRMX2125288L,http://www.legifrance.gouv.fr/WAspad/UnTexteDeJorf?numjo=PRMX2125288L,,,
2759,l'ensemble de la proposition de loi visant à assurer la revalorisation des pensions de retraite agricoles en France continentale et dans les outre-mer (deuxième lecture).,2020-06-18,DLR5L15N36726,Outre-mer,0.820,,,,,,,
2765,l'ensemble de la proposition de loi créant la fonction de directrice ou de directeur d'école (première lecture).,2020-06-24,DLR5L15N39648,Fonction de directrice ou directeur d’école,0.718,2021-1716,cr\u00e9ant la fonction de directrice ou de directeur d\u2019\u00e9cole,MENX2021192L,http://www.legifrance.gouv.fr/WAspad/UnTexteDeJorf?numjo=MENX2021192L,,,
2769,l'ensemble de la proposition de loi pour une éthique de l'urgence (première lecture).,2020-06-25,DLR5L15N38251,Proposition de loi pour une philanthropie à la française,0.769,,,,,,,
2770,l'ensemble de la proposition de loi pour une éthique de l'urgence (première lecture).,2020-06-25,DLR5L15N38251,Proposition de loi pour une philanthropie à la française,0.769,,,,,,,
2799,l'ensemble du projet de loi organisant la sortie de l'état d'urgence sanitaire (lecture définitive).,2020-07-02,DLR5L15N43326,Projet de loi autorisant la prorogation de l’état d’urgence sanitaire dans les outre-mer,0.760,2021-1172,autorisant la prorogation de l\u2019\u00e9tat d\u2019urgence sanitaire dans les outre-mer,PRMX2125288L,http://www.legifrance.gouv.fr/WAspad/UnTexteDeJorf?numjo=PRMX2125288L,,,
2815,l'ensemble de la proposition de loi visant à encadrer le démarchage téléphonique et à lutter contre les appels frauduleux (texte de la commission mixte paritaire).,2020-07-15,DLR5L15N42037,Proposition de loi visant à améliorer l'efficacité de la lutte contre les dépôts illégaux de déchets,0.601,,,,,,,
2816,l'ensemble du projet de loi organique relatif à la dette sociale et à l'autonomie (lecture définitive).,2020-07-23,DLR5L15N40949,Projet de loi organique relatif aux délais d’organisation des élections législatives et sénatoriales,0.554,2020-1669,relative aux d\u00e9lais d\u2019organisation des \u00e9lections l\u00e9gislatives et s\u00e9natoriales partielles,INTA2030919L,http://www.legifrance.gouv.fr/WAspad/UnTexteDeJorf?numjo=INTA2030919L,,,
2817,l'ensemble du projet de loi de finances rectificative pour 2020 (texte de la commission mixte paritaire).,2020-07-23,DLR5L15N44111,Projet de loi de finances rectificative pour 2021,0.701,2021-1549,de finances rectificative pour 2021,ECOX2131239L,http://www.legifrance.gouv.fr/WAspad/UnTexteDeJorf?numjo=ECOX2131239L,,,
2856,l'ensemble du projet de loi relatif à la bioéthique (deuxième lecture).,2020-07-31,DLR5L15N37672,Bioéthique,0.820,2021-1017,LOI n\u00b0 2021-1017 du 2 ao\u00fbt 2021 relative \u00e0 la bio\u00e9thique,SSAX1917211L,http://www.legifrance.gouv.fr/WAspad/UnTexteDeJorf?numjo=SSAX1917211L,,,
2865,l'ensemble de la proposition de loi relative au renforcement de l'inclusion dans l'emploi par l'activité économique et à l'expérimentation « territoire zéro chômeur de longue durée » (première lecture).,2020-09-16,DLR5L15N43090,Proposition de loi relative à une meilleure information dans la lutte contre les feux de forêt,0.580,,,,,,,
2866,"l'ensemble du projet de loi organique relatif au Conseil économique, social et environnemental (première lecture).",2020-09-17,DLR5L15N40949,Projet de loi organique relatif aux délais d’organisation des élections législatives et sénatoriales,0.596,2020-1669,relative aux d\u00e9lais d\u2019organisation des \u00e9lections l\u00e9gislatives et s\u00e9natoriales partielles,INTA2030919L,http://www.legifrance.gouv.fr/WAspad/UnTexteDeJorf?numjo=INTA2030919L,,,
2881,l'ensemble du projet de loi de programmation de la recherche pour les années 2021 à 2030 et portant diverses dispositions relatives à la recherche et à l'enseignement supérieur (première lecture).,2020-09-23,DLR5L15N45705,Projet de loi ratifiant l’ordonnance n° 2022-543 du 13 avril 2022 portant adaptation des dispositions relatives  à l'activité réduite pour le maintien en emploi,0.552,,,,,,,
2915,l'ensemble du projet de loi prorogeant le régime transitoire institué à la sortie de l'état d'urgence sanitaire (première lecture).,2020-10-01,DLR5L15N40525,Prorogation du régime transitoire institué à la sortie de l’état d’urgence sanitaire,0.860,,,,,,,
2940,l'ensemble du projet de loi relatif aux conditions de mise sur le marché de certains produits phytopharmaceutiques en cas de danger sanitaire pour les betteraves sucrières (première lecture).,2020-10-06,DLR5L15N42947,Application de la loi n° 2020-1578 du 14 décembre 2020 relative aux conditions de mise sur le marché de certains produits phytopharmaceutiques en cas de danger sanitaire pour les betteraves sucrières,0.856,,,,,,,
2941,l'ensemble du projet de loi d'accélération et de simplification de l'action publique (première lecture).,2020-10-06,DLR5L15N38690,Accélération et simplification de l’action publique,0.833,2020-1525,Loi d\u2019acc\u00e9l\u00e9ration et de simplification de l\u2019action publique,ECOX1935404L,http://www.legifrance.gouv.fr/WAspad/UnTexteDeJorf?numjo=ECOX1935404L,,,
2942,l'ensemble de la proposition de loi visant à encadrer l'exploitation commerciale de l'image d'enfants de moins de seize ans sur les plateformes en ligne (deuxième lecture).,2020-10-06,DLR5L15N38385,Exploitation de l'image d'enfants sur les plateformes en ligne,0.629,2020-1266,visant \u00e0 encadrer l\u2019exploitation commerciale de l\u2019image d\u2019enfants de moins de seize ans sur les plateformes en ligne,MICX2012545L,http://www.legifrance.gouv.fr/WAspad/UnTexteDeJorf?numjo=MICX2012545L,,,
2943,l'ensemble du projet de loi relatif à la restitution de biens culturels à la République du Bénin et à la République du Sénégal (première lecture).,2020-10-06,DLR5L15N40129,Restitution de biens culturels au Bénin et au Sénégal,0.642,2020-1673,relative \u00e0 la restitution de biens culturels \u00e0 la R\u00e9publique du B\u00e9nin et \u00e0 la R\u00e9publique du S\u00e9n\u00e9gal,MICX2004812L,http://www.legifrance.gouv.fr/WAspad/UnTexteDeJorf?numjo=MICX2004812L,,,
2952,l'ensemble de la proposition de loi visant à renforcer le droit à l'avortement (première lecture).,2020-10-08,DLR5L15N44448,Proposition de loi visant à rendre cessible le droit d'affouage,0.774,,,,,,,
3033,l'ensemble du projet de loi autorisant la prorogation de l'état d'urgence sanitaire et portant diverses mesures de gestion de la crise sanitaire (première lecture).,2020-10-24,DLR5L15N41308,Prorogation de l'état d'urgence sanitaire,0.820,2021-160,LOI n\u00b0 2021-160 du 15 f\u00e9vrier 2021 prorogeant l\u2019\u00e9tat d\u2019urgence sanitaire,PRMX2100243L,http://www.legifrance.gouv.fr/WAspad/UnTexteDeJorf?numjo=PRMX2100243L,,,
3059,l'ensemble du projet de loi de financement de la sécurité sociale pour 2021 (première lecture).,2020-10-27,DLR5L15N40633,Projet de loi de financement de la sécurité sociale pour 2021,1.000,2020-1576,de financement de la s\u00e9curit\u00e9 sociale pour 2021,ECOX2023815L,http://www.legifrance.gouv.fr/WAspad/UnTexteDeJorf?numjo=ECOX2023815L,,,
3061,l'ensemble du projet de loi d'accélération et de simplification de l'action publique (texte de la commission mixte paritaire).,2020-10-28,DLR5L15N38690,Accélération et simplification de l’action publique,0.629,2020-1525,Loi d\u2019acc\u00e9l\u00e9ration et de simplification de l\u2019action publique,ECOX1935404L,http://www.legifrance.gouv.fr/WAspad/UnTexteDeJorf?numjo=ECOX1935404L,,,
3076,l'ensemble du projet de loi relatif aux conditions de mise sur le marché de certains produits phytopharmaceutiques en cas de danger sanitaire pour les betteraves sucrières (texte de la commission mixte paritaire).,2020-10-30,DLR5L15N40450,Mise sur le marché de certains produits phytopharmaceutiques en cas de danger sanitaire,0.820,2020-1578,relative aux conditions de mise sur le march\u00e9 de certains produits phytopharmaceutiques en cas de danger sanitaire pour les betteraves sucri\u00e8res,AGRS2021912L,http://www.legifrance.gouv.fr/WAspad/UnTexteDeJorf?numjo=AGRS2021912L,,,
3112,l'ensemble du projet de loi autorisant la prorogation de l'état d'urgence sanitaire et portant diverses mesures de gestion de la crise sanitaire (nouvelle lecture).,2020-11-04,DLR5L15N41308,Prorogation de l'état d'urgence sanitaire,0.820,2021-160,LOI n\u00b0 2021-160 du 15 f\u00e9vrier 2021 prorogeant l\u2019\u00e9tat d\u2019urgence sanitaire,PRMX2100243L,http://www.legifrance.gouv.fr/WAspad/UnTexteDeJorf?numjo=PRMX2100243L,,,
3124,l'ensemble du projet de loi portant diverses dispositions d'adaptation au droit de l'Union européenne en matière économique et financière (nouvelle lecture).,2020-11-06,DLR5L15N42948,Application de la loi n° 2020-1508 du 3 décembre 2020 portant diverses dispositions d’adaptation au droit de l’Union européenne en matière économique et financière,0.827,,,,,,,
3133,l'ensemble du projet de loi autorisant la prorogation de l'état d'urgence sanitaire et portant diverses mesures de gestion de la crise sanitaire (lecture définitive).,2020-11-07,DLR5L15N41308,Prorogation de l'état d'urgence sanitaire,0.820,2021-160,LOI n\u00b0 2021-160 du 15 f\u00e9vrier 2021 prorogeant l\u2019\u00e9tat d\u2019urgence sanitaire,PRMX2100243L,http://www.legifrance.gouv.fr/WAspad/UnTexteDeJorf?numjo=PRMX2100243L,,,
3157,l'ensemble du projet de loi de finances rectificative pour 2020 (première lecture).,2020-11-10,DLR5L15N44111,Projet de loi de finances rectificative pour 2021,0.980,2021-1549,de finances rectificative pour 2021,ECOX2131239L,http://www.legifrance.gouv.fr/WAspad/UnTexteDeJorf?numjo=ECOX2131239L,,,
3186,l'ensemble du projet de loi de finances pour 2021 (première lecture).,2020-11-17,DLR5L15N40790,Projet de loi de finances pour 2021,1.000,,,,,,,
3188,l'ensemble du projet de loi de programmation de la recherche pour les années 2021 à 2030 et portant diverses dispositions relatives à la recherche et à l'enseignement supérieur (texte de la commission mixte paritaire).,2020-11-17,DLR5L15N40616,Projet de loi ratifiant l'ordonnance n° 2020-866 du 15 juillet 2020 portant diverses dispositions d'adaptation au droit de l'Union européenne dans le domaine de l'énergie et du climat,0.496,,,,,,,
3191,l'ensemble du projet de loi portant diverses dispositions d'adaptation au droit de l'Union européenne en matière économique et financière (lecture définitive).,2020-11-18,DLR5L15N42948,Application de la loi n° 2020-1508 du 3 décembre 2020 portant diverses dispositions d’adaptation au droit de l’Union européenne en matière économique et financière,0.827,,,,,,,
3254,l'ensemble de la proposition de loi relative à la sécurité globale (première lecture).,2020-11-24,DLR5L15N41920,Proposition de loi relative à la protection sociale globale,0.833,,,,,,,
3262,l'ensemble de la proposition de loi visant à améliorer les conditions de présence parentale auprès d'un enfant dont la pathologie nécessite un accompagnement soutenu (première lecture).,2020-11-26,DLR5L15N40629,Présence parentale auprès d’un enfant dont la pathologie nécessite un accompagnement soutenu,0.762,2021-1484,visant \u00e0 am\u00e9liorer les conditions de pr\u00e9sence parentale aupr\u00e8s d\u2019un enfant dont la pathologie n\u00e9cessite un accompagnement soutenu,SSAX2029269L,http://www.legifrance.gouv.fr/WAspad/UnTexteDeJorf?numjo=SSAX2029269L,,,
3263,l'ensemble de la proposition de loi visant à promouvoir la France des accents (première lecture).,2020-11-26,DLR5L15N38217,Proposition de loi visant à prévenir la récidive des agressions sexuelles,0.737,,,,,,,
3264,l'ensemble de la proposition de loi améliorant l'efficacité de la justice de proximité et de la réponse pénale (première lecture).,2020-11-26,DLR5L15N42447,Proposition de loi visant à refonder la politique de gestion et de protection des sites et sols pollués en France,0.612,,,,,,,
3269,l'ensemble du projet de loi de financement de la sécurité sociale pour 2021 (lecture définitive).,2020-11-30,DLR5L15N40633,Projet de loi de financement de la sécurité sociale pour 2021,1.000,2020-1576,de financement de la s\u00e9curit\u00e9 sociale pour 2021,ECOX2023815L,http://www.legifrance.gouv.fr/WAspad/UnTexteDeJorf?numjo=ECOX2023815L,,,
3270,l'ensemble de la proposition de loi relative au renforcement de l'inclusion dans l'emploi par l'activité dans l'emploi par l'activité économique et à l'expérimentation « territoires zéro chômeur de longue durée » (texte de la commisson mixte pariraire).,2020-11-30,DLR5L15N38285,Proposition de loi relative à l'emploi titulaire dans la fonction publique territoriale de La Réunion,0.497,,,,,,,
3293,l'ensemble du projet de loi relatif à la restitution de biens culturels à la République du Bénin et à la République du Sénégal (nouvelle lecture).,2020-12-07,DLR5L15N40129,Restitution de biens culturels au Bénin et au Sénégal,0.642,2020-1673,relative \u00e0 la restitution de biens culturels \u00e0 la R\u00e9publique du B\u00e9nin et \u00e0 la R\u00e9publique du S\u00e9n\u00e9gal,MICX2004812L,http://www.legifrance.gouv.fr/WAspad/UnTexteDeJorf?numjo=MICX2004812L,,,
3295,l'ensemble de la proposition de loi visant à améliorer le système de santé par la confiance et la simplification (première lecture).,2020-12-08,DLR5L15N40764,Améliorer le système de santé par la confiance et la simplification,0.827,2021-502,LOI n\u00b0 2021-502 du 26 avril 2021 visant \u00e0 am\u00e9liorer le syst\u00e8me de sant\u00e9 par la confiance et la simplification,SSAX2029985L,http://www.legifrance.gouv.fr/WAspad/UnTexteDeJorf?numjo=SSAX2029985L,,,
3298,l'ensemble du projet de loi relatif au Parquet européen et à la justice pénale spécialisée (première lecture).,2020-12-09,DLR5L15N40951,Portant observations sur le projet de loi relatif au Parquet européen et à la justice pénale spécialisée,0.844,,,,,,,
3302,l'ensemble du projet de loi ratifiant l'ordonnance n° 2019-950 du 11 septembre 2019 portant partie législative du code de la justice pénale des mineurs (première lecture).,2020-12-11,DLR5L15N37919,Code de la justice pénale des mineurs,0.820,2021-218,LOI n\u00b0 2021-218 du 26 f\u00e9vrier 2021 ratifiant l\u2019ordonnance n\u00b0 2019-950 du 11 septembre 2019 portant partie l\u00e9gislative du code de la justice p\u00e9nale des mineurs (1),JUSF1928288L,http://www.legifrance.gouv.fr/WAspad/UnTexteDeJorf?numjo=JUSF1928288L,,,
3308,"l'ensemble du projet de loi organique relatif au Conseil économique, social et environnemental (lecture définitive).",2020-12-15,DLR5L15N40949,Projet de loi organique relatif aux délais d’organisation des élections législatives et sénatoriales,0.596,2020-1669,relative aux d\u00e9lais d\u2019organisation des \u00e9lections l\u00e9gislatives et s\u00e9natoriales partielles,INTA2030919L,http://www.legifrance.gouv.fr/WAspad/UnTexteDeJorf?numjo=INTA2030919L,,,
3314,l'ensemble du projet de loi de finances pour 2021 (nouvelle lecture).,2020-12-15,DLR5L15N40790,Projet de loi de finances pour 2021,1.000,,,,,,,
3315,l'ensemble du projet de loi de finances pour 2021 (lecture définitive).,2020-12-17,DLR5L15N40790,Projet de loi de finances pour 2021,1.000,,,,,,,
3316,l'ensemble du projet de loi relatif à la restitution de biens culturels à la République du Bénin et à la République du Sénégal (lecture définitive).,2020-12-17,DLR5L15N40129,Restitution de biens culturels au Bénin et au Sénégal,0.642,2020-1673,relative \u00e0 la restitution de biens culturels \u00e0 la R\u00e9publique du B\u00e9nin et \u00e0 la R\u00e9publique du S\u00e9n\u00e9gal,MICX2004812L,http://www.legifrance.gouv.fr/WAspad/UnTexteDeJorf?numjo=MICX2004812L,,,
3320,l'ensemble du projet de loi autorisant la prorogation de l'état d'urgence sanitaire et reportant la date de la caducité des régimes institués pour faire face à la crise sanitaire (première lecture).,2021-01-20,DLR5L15N41308,Prorogation de l'état d'urgence sanitaire,0.820,2021-160,LOI n\u00b0 2021-160 du 15 f\u00e9vrier 2021 prorogeant l\u2019\u00e9tat d\u2019urgence sanitaire,PRMX2100243L,http://www.legifrance.gouv.fr/WAspad/UnTexteDeJorf?numjo=PRMX2100243L,,,
3328,l'ensemble de la proposition de loi visant à améliorer l'accessibilité des personnes qui ont un trouble du spectre de l'autisme par la mise en place d'une « heure silencieuse » dans les magasins de la grande distribution (première lecture).,2021-01-28,DLR5L15N41103,Accessibilité des personnes qui ont un trouble du spectre de l’autisme par la mise en place d’une « heure silencieuse » dans les magasins de la grande distribution,0.882,,,,,,,
3329,l'ensemble de la proposition de loi visant à répondre à la demande des patients par la création de Points d'accueil pour soins immédiats (deuxième lecture).,2021-01-28,DLR5L15N37698,Points d'accueil pour soins immédiats,0.820,,,,,,,
3330,l'ensemble de la proposition de loi rénovant la gouvernance du service public d'eau potable et d'assainissement en Guadeloupe (première lecture).,2021-01-28,DLR5L15N41049,Proposition de loi rénovant la gouvernance du service public d'eau potable et d'assainissement en Guadeloupe,1.000,,,,,,,
3331,l'ensemble de la proposition de loi visant à réformer le régime d'indemnisation des catastrophes naturelles (première lecture).,2021-01-28,DLR5L15N41111,Réformer le régime d’indemnisation des catastrophes naturelles,0.808,2021-1837,relative \u00e0 l\u2019indemnisation des catastrophes naturelles,ECOX2035385L,http://www.legifrance.gouv.fr/WAspad/UnTexteDeJorf?numjo=ECOX2035385L,,,
3343,l'ensemble de la proposition de loi visant à renforcer la lutte contre la maltraitance animale (première lecture).,2021-01-29,DLR5L15N38097,Proposition de loi visant à renforcer la lutte contre la cyber-fraude,0.822,,,,,,,
3349,l'ensemble du projet de loi prorogeant l'état d'urgence sanitaire (nouvelle lecture).,2021-02-02,DLR5L15N41308,Prorogation de l'état d'urgence sanitaire,0.739,2021-160,LOI n\u00b0 2021-160 du 15 f\u00e9vrier 2021 prorogeant l\u2019\u00e9tat d\u2019urgence sanitaire,PRMX2100243L,http://www.legifrance.gouv.fr/WAspad/UnTexteDeJorf?numjo=PRMX2100243L,,,
3378,l'ensemble du projet de loi prorogeant l'état d'urgence sanitaire (lecture définitive).,2021-02-09,DLR5L15N41308,Prorogation de l'état d'urgence sanitaire,0.739,2021-160,LOI n\u00b0 2021-160 du 15 f\u00e9vrier 2021 prorogeant l\u2019\u00e9tat d\u2019urgence sanitaire,PRMX2100243L,http://www.legifrance.gouv.fr/WAspad/UnTexteDeJorf?numjo=PRMX2100243L,,,
3379,"l'ensemble du projet de loi portant report du renouvellement général des conseils départementaux, des conseils régionaux et des assemblées de Corse, de Guyane et de Martinique (première lecture).",2021-02-09,DLR5L15N41210,"Projet de loi portant report du renouvellement général des conseils départementaux, des conseils régionaux et des assemblées de Corse, de Guyane et de Martinique",1.000,2021-191,"LOI n\u00b0 2021-191 du 22 f\u00e9vrier 2021 portant report, de mars \u00e0 juin 2021, du renouvellement g\u00e9n\u00e9ral des conseils d\u00e9partementaux, des conseils r\u00e9gionaux et des assembl\u00e9es de Corse, de Guyane et de Martinique",INTA2033145L,http://www.legifrance.gouv.fr/WAspad/UnTexteDeJorf?numjo=INTA2033145L,,,
3421,l'ensemble du projet de loi confortant le respect des principes de la République (première lecture).,2021-02-16,DLR5L15N41074,Respect des principes de la République,0.820,2021-1109,LOI n\u00b0 2021-1109 du 24 ao\u00fbt 2021 confortant le respect des principes de la R\u00e9publique,INTX2030083L,http://www.legifrance.gouv.fr/WAspad/UnTexteDeJorf?numjo=INTX2030083L,,,
3422,l'ensemble du projet de loi ratifiant l'ordonnance n° 2019-950 du 11 septembre 2019 portant partie législative du code de la justice pénale des mineurs (texte de la commission mixte paritaire).,2021-02-16,DLR5L15N37919,Code de la justice pénale des mineurs,0.820,2021-218,LOI n\u00b0 2021-218 du 26 f\u00e9vrier 2021 ratifiant l\u2019ordonnance n\u00b0 2019-950 du 11 septembre 2019 portant partie l\u00e9gislative du code de la justice p\u00e9nale des mineurs (1),JUSF1928288L,http://www.legifrance.gouv.fr/WAspad/UnTexteDeJorf?numjo=JUSF1928288L,,,
3428,l'ensemble de la proposition de loi relative à la déshérence des contrats de retraite supplémentaire (deuxième lecture).,2021-02-17,DLR5L15N39229,Déshérence des contrats de retraite supplémentaire,0.820,2021-219,LOI n\u00b0 2021-219 du 26 f\u00e9vrier 2021 relative \u00e0 la d\u00e9sh\u00e9rence des contrats de retraite suppl\u00e9mentaire,ECOX2021188L,http://www.legifrance.gouv.fr/WAspad/UnTexteDeJorf?numjo=ECOX2021188L,,,
3432,l'ensemble de la proposition de loi pour renforcer la prévention en santé au travail (première lecture).,2021-02-17,DLR5L15N41215,Renforcer la prévention en santé au travail,0.820,2021-1018,LOI n\u00b0 2021-1018 du 2 ao\u00fbt 2021 pour renforcer la pr\u00e9vention en sant\u00e9 au travail,SSAX2103845L,http://www.legifrance.gouv.fr/WAspad/UnTexteDeJorf?numjo=SSAX2103845L,,,
3440,l'ensemble de la proposition de loi renforçant la protection des mineurs victimes de violences sexuelles (première lecture).,2021-02-18,DLR5L15N41193,Renforcer la protection des mineurs victimes de violences sexuelles,0.844,,,,,,,
3454,l'ensemble du projet de loi de programmation relatif au développement solidaire et à la lutte contre les inégalités mondiales (première lecture).,2021-03-02,DLR5L15N45213,Application de la loi de programmation relative au développement solidaire et à la lutte contre les inégalités mondiales,0.918,,,,,,,
3455,l'ensemble du projet de loi organique portant diverses mesures relatives à l'élection du Président de la République (texte de la commission mixte paritaire).,2021-03-09,DLR5L15N42195,Projet de loi organique modifiant la loi organique n° 2010-837 du 23 juillet 2010 relative à l'application du cinquième alinéa de l'article 13 de la Constitution,0.553,2021-1381,organique n\u00b0 2021-1381 du 25 octobre 2021 modifiant la loi organique n\u00b0 2010-837 du 23 juillet 2010 relative \u00e0 l\u2019application du cinqui\u00e8me alin\u00e9a de l\u2019article 13 de la Constitution,MICE2106505L,http://www.legifrance.gouv.fr/WAspad/UnTexteDeJorf?numjo=MICE2106505L,,,
3483,l'ensemble de la proposition de loi visant à protéger les jeunes mineurs des crimes sexuels (première lecture).,2021-03-15,DLR5L15N40997,Proposition de loi visant à protéger les jeunes mineurs des crimes sexuels,1.000,2021-478,visant \u00e0 prot\u00e9ger les mineurs des crimes et d\u00e9lits sexuels et de l\u2019inceste,JUSX2103172L,http://www.legifrance.gouv.fr/WAspad/UnTexteDeJorf?numjo=JUSX2103172L,,,
3484,l'ensemble du projet de loi constitutionnelle complétant l'article 1er de la Constitution et relatif à la préservation de l'environnement (première lecture).,2021-03-16,DLR5L15N41425,Compléter l’article 1er de la Constitution et relatif à la préservation de l’environnement,0.815,,,,,,,
3485,l'ensemble du projet de loi organique relatif à la simplification des expérimentations mises en œuvre sur le fondement du quatrième alinéa de l'article 72 de la Constitution (première lecture).,2021-03-16,DLR5L15N40253,Projet de loi organique relatif à la simplification des expérimentations mises en œuvre sur le fondement du quatrième alinéa de l’article 72 de la Constitution,0.997,2021-467,relative \u00e0 la simplification des exp\u00e9rimentations mises en \u0153uvre sur le fondement du quatri\u00e8me alin\u00e9a de l\u2019article 72 de la Constitution,TERB2007584L,http://www.legifrance.gouv.fr/WAspad/UnTexteDeJorf?numjo=TERB2007584L,,,
3489,l'ensemble de la proposition de loi visant à sécuriser les droits à protection sociale des assistants maternels et des salariés des particuliers employeurs (première lecture).,2021-03-18,DLR5L15N41447,Droits à protection sociale des assistants maternels et des salariés des particuliers employeurs,0.821,2021-725,LOI n\u00b0 2021-725 du 8 juin 2021 visant \u00e0 s\u00e9curiser les droits \u00e0 protection sociale des assistants maternels et des salari\u00e9s des particuliers employeurs,SSAX2105503L,http://www.legifrance.gouv.fr/WAspad/UnTexteDeJorf?numjo=SSAX2105503L,,,
3506,l'ensemble de la proposition de loi visant à démocratiser le sport en France (première lecture).,2021-03-19,DLR5L15N41449,Démocratiser le sport en France,0.820,2022-296,visant \u00e0 d\u00e9mocratiser le sport en France,MENX2105502L,http://www.legifrance.gouv.fr/WAspad/UnTexteDeJorf?numjo=MENX2105502L,,,
3507,l'ensemble de la proposition de loi tendant à prévenir les usages dangereux du protoxyde d'azote (première lecture).,2021-03-25,DLR5L15N37978,Protection des mineurs des usages dangereux du protoxyde d'azote,0.755,2021-695,tendant \u00e0 pr\u00e9venir les usages dangereux du protoxyde d\u2019azote,SSAX1936070L,http://www.legifrance.gouv.fr/WAspad/UnTexteDeJorf?numjo=SSAX1936070L,,,
3509,l'ensemble de la proposition de loi visant à l'accompagnement des enfants atteints de pathologie chronique ou de cancer (première lecture).,2021-03-25,DLR5L15N41644,Accompagnement des enfants porteurs de pathologie chronique ou de cancer,0.770,2021-1678,visant \u00e0 l\u2019accompagnement des enfants atteints de pathologie chronique ou de cancer,MENX2110064L,http://www.legifrance.gouv.fr/WAspad/UnTexteDeJorf?numjo=MENX2110064L,,,
3569,l'ensemble de la proposition de loi relative à la protection des langues régionales et à leur promotion (deuxième lecture).,2021-04-08,DLR5L15N41920,Proposition de loi relative à la protection sociale globale,0.731,,,,,,,
3641,l'ensemble de la proposition de loi visant à améliorer le système de santé par la confiance et la simplification (lecture définitive).,2021-04-14,DLR5L15N40764,Améliorer le système de santé par la confiance et la simplification,0.827,2021-502,LOI n\u00b0 2021-502 du 26 avril 2021 visant \u00e0 am\u00e9liorer le syst\u00e8me de sant\u00e9 par la confiance et la simplification,SSAX2029985L,http://www.legifrance.gouv.fr/WAspad/UnTexteDeJorf?numjo=SSAX2029985L,,,
3658,l'ensemble de la proposition de loi pour une sécurité globale préservant les libertés (texte de la commission mixte paritaire).,2021-04-15,DLR5L15N40712,Sécurité globale,0.820,2021-646,pour une s\u00e9curit\u00e9 globale pr\u00e9servant les libert\u00e9s,INTX2028939L,http://www.legifrance.gouv.fr/WAspad/UnTexteDeJorf?numjo=INTX2028939L,,,
3660,l'ensemble de la proposition de loi visant à protéger les mineurs des crimes et délits sexuels et de l'inceste (deuxième lecture).,2021-04-15,DLR5L15N40997,Proposition de loi visant à protéger les jeunes mineurs des crimes sexuels,0.802,2021-478,visant \u00e0 prot\u00e9ger les mineurs des crimes et d\u00e9lits sexuels et de l\u2019inceste,JUSX2103172L,http://www.legifrance.gouv.fr/WAspad/UnTexteDeJorf?numjo=JUSX2103172L,,,
3738,l'ensemble du projet de loi portant lutte contre le dérèglement climatique et renforcement de la résilience face à ses effets (première lecture).,2021-05-04,DLR5L15N42106,Observations sur le projet de loi portant lutte contre le dérèglement climatique et renforcement de la résilience face à ses effets,0.917,,,,,,,
3761,l'ensemble du projet de loi relatif à la gestion de la sortie de crise sanitaire (première lecture).,2021-05-11,DLR5L15N42326,Gestion  de  la  sortie  de  crise  sanitaire,0.820,2021-689,relative \u00e0 la gestion de la sortie de crise sanitaire,PRMX2111684L,http://www.legifrance.gouv.fr/WAspad/UnTexteDeJorf?numjo=PRMX2111684L,,,
3766,l'ensemble de la proposition de loi visant à accélérer l'égalité économique et professionnelle (première lecture).,2021-05-12,DLR5L15N42024,Accélérer l’égalité économique et professionnelle,0.768,2021-1774,visant \u00e0 acc\u00e9l\u00e9rer l\u2019\u00e9galit\u00e9 \u00e9conomique et professionnelle,MTRX2110876L,http://www.legifrance.gouv.fr/WAspad/UnTexteDeJorf?numjo=MTRX2110876L,,,
3771,l'ensemble de la proposition de loi visant à moderniser les outils et la gouvernance de la Fondation du patrimoine (deuxième lecture).,2021-05-20,DLR5L15N37846,Fondation du Patrimoine,0.820,2021-710,LOI n\u00b0 2021-710 du 4 juin 2021 visant \u00e0 moderniser les outils et la gouvernance de la Fondation du patrimoine,MICX1930820L,http://www.legifrance.gouv.fr/WAspad/UnTexteDeJorf?numjo=MICX1930820L,,,
3778,l'ensemble du projet de loi pour la confiance dans l'institution judiciaire (première lecture).,2021-05-25,DLR5L15N42236,Confiance dans l'institution judiciaire,0.820,2021-1729,pour la confiance dans l\u2019institution judiciaire,JUSX2107763L,http://www.legifrance.gouv.fr/WAspad/UnTexteDeJorf?numjo=JUSX2107763L,,,
3779,l'ensemble du projet de loi organique pour la confiance dans l'institution judiciaire (première lecture).,2021-05-25,DLR5L15N42237,Confiance dans l'institution judiciaire (loi organique),0.629,2021-1728,pour la confiance dans l\u2019institution judiciaire,JUSX2110856L,http://www.legifrance.gouv.fr/WAspad/UnTexteDeJorf?numjo=JUSX2110856L,,,
3780,l'ensemble du projet de loi relatif à la gestion de la sortie de crise sanitaire (texte de la commission mixte paritaire).,2021-05-25,DLR5L15N42326,Gestion  de  la  sortie  de  crise  sanitaire,0.820,2021-689,relative \u00e0 la gestion de la sortie de crise sanitaire,PRMX2111684L,http://www.legifrance.gouv.fr/WAspad/UnTexteDeJorf?numjo=PRMX2111684L,,,
3786,l'ensemble de la proposition de loi portant mesures d'urgence pour assurer la régulation de l'accès au foncier agricole au travers de structures sociétaires (première lecture).,2021-05-26,DLR5L15N41647,Mesures d’urgence pour assurer la régulation de l’accès au foncier agricole au travers de structures sociétaires,0.884,2021-1756,portant mesures d\u2019urgence pour assurer la r\u00e9gulation de l\u2019acc\u00e8s au foncier agricole au travers de structures soci\u00e9taires,AGRX2113732L,http://www.legifrance.gouv.fr/WAspad/UnTexteDeJorf?numjo=AGRX2113732L,,,
3792,l'ensemble de la proposition de loi visant à consolider notre modèle de sécurité civile et valoriser le volontariat des sapeurs-pompiers (première lecture).,2021-05-27,DLR5L15N40091,Modèle de sécurité civile et valorisation du volontariat des sapeurs pompiers,0.714,,,,,,,
3798,l'ensemble du projet de loi relatif à la prévention d'actes de terrorisme et au renseignement (première lecture).,2021-06-02,DLR5L15N42325,Projet de loi relatif à la prévention d’actes de terrorisme et au renseignement,0.994,2021-998,LOI n\u00b0 2021-998 du 30 juillet 2021 relative \u00e0 la pr\u00e9vention d\u2019actes de terrorisme et au renseignement,INTD2107675L,http://www.legifrance.gouv.fr/WAspad/UnTexteDeJorf?numjo=INTD2107675L,,,
3808,l'ensemble du projet de loi relatif à la bioéthique (nouvelle lecture).,2021-06-09,DLR5L15N37672,Bioéthique,0.820,2021-1017,LOI n\u00b0 2021-1017 du 2 ao\u00fbt 2021 relative \u00e0 la bio\u00e9thique,SSAX1917211L,http://www.legifrance.gouv.fr/WAspad/UnTexteDeJorf?numjo=SSAX1917211L,,,
3809,l'ensemble du projet de loi ratifiant les ordonnances n° 2021-45 du 20 janvier 2021 et n° 2021-71 du 27 janvier 2021 portant réforme de la formation des élus locaux (première lecture).,2021-06-10,DLR5L15N41730,Projet de loi ratifiant les ordonnances n° 2021-45 du 20 janvier 2021 et n° 2021-71 du 27 janvier 2021 portant réforme de la formation des élus locaux,1.000,2021-771,ratifiant les ordonnances n\u00b0 2021-45 du 20 janvier 2021 et n\u00b0 2021-71 du 27 janvier 2021 portant r\u00e9forme de la formation des \u00e9lus locaux,TERB2103184L,http://www.legifrance.gouv.fr/WAspad/UnTexteDeJorf?numjo=TERB2103184L,,,
3816,l'ensemble de la proposition de loi visant à réduire l'empreinte environnementale du numérique en France (première lecture).,2021-06-10,DLR5L15N40696,Proposition de loi visant à réduire l'empreinte environnementale du numérique en France,1.000,2021-1485,visant \u00e0 r\u00e9duire l\u2019empreinte environnementale du num\u00e9rique en France,ECOX2102044L,http://www.legifrance.gouv.fr/WAspad/UnTexteDeJorf?numjo=ECOX2102044L,,,
3821,l'ensemble du projet de loi de finances rectificative pour 2021 (première lecture).,2021-06-11,DLR5L15N44111,Projet de loi de finances rectificative pour 2021,1.000,2021-1549,de finances rectificative pour 2021,ECOX2131239L,http://www.legifrance.gouv.fr/WAspad/UnTexteDeJorf?numjo=ECOX2131239L,,,
3825,l'ensemble de la proposition de loi portant diverses mesures de justice sociale(deuxième lecture).,2021-06-17,DLR5L15N38414,Diverses mesures de justice sociale,0.820,,,,,,,
3827,l'ensemble de la proposition de loi visant à assurer la revalorisation des pensions de retraites agricoles les plus faibles (première lecture).,2021-06-17,DLR5L15N42337,Assurer la revalorisation des pensions de retraites agricoles les plus faibles,0.848,2021-1679,visant \u00e0 assurer la revalorisation des pensions de retraites agricoles les plus faibles,MTRX2118937L,http://www.legifrance.gouv.fr/WAspad/UnTexteDeJorf?numjo=MTRX2118937L,,,
3841,l'ensemble du projet de loi relatif à la régulation et à la protection de l'accès aux œuvres culturelles à l'ère numérique (première lecture).,2021-06-23,DLR5L15N42194,Projet de loi relatif à la régulation et à la protection de l’accès aux œuvres culturelles à l’ère numérique,0.991,2021-1382,relative \u00e0 la r\u00e9gulation et \u00e0 la protection de l\u2019acc\u00e8s aux \u0153uvres culturelles \u00e0 l\u2019\u00e8re num\u00e9rique,MICE2106504L,http://www.legifrance.gouv.fr/WAspad/UnTexteDeJorf?numjo=MICE2106504L,,,
3852,l'ensemble de la proposition de loi visant à protéger la rémunération des agriculteurs (première lecture).,2021-06-24,DLR5L15N42333,Protéger la rémunération des agriculteurs,0.820,2021-1357,visant \u00e0 prot\u00e9ger la r\u00e9mun\u00e9ration des agriculteurs,AGRX2119054L,http://www.legifrance.gouv.fr/WAspad/UnTexteDeJorf?numjo=AGRX2119054L,,,
3855,l'ensemble du projet de loi relatif à la bioéthique (lecture définitive).,2021-06-29,DLR5L15N37672,Bioéthique,0.820,2021-1017,LOI n\u00b0 2021-1017 du 2 ao\u00fbt 2021 relative \u00e0 la bio\u00e9thique,SSAX1917211L,http://www.legifrance.gouv.fr/WAspad/UnTexteDeJorf?numjo=SSAX1917211L,,,
3866,l'ensemble du projet de loi confortant le respect des principes de la République (nouvelle lecture).,2021-07-01,DLR5L15N41074,Respect des principes de la République,0.820,2021-1109,LOI n\u00b0 2021-1109 du 24 ao\u00fbt 2021 confortant le respect des principes de la R\u00e9publique,INTX2030083L,http://www.legifrance.gouv.fr/WAspad/UnTexteDeJorf?numjo=INTX2030083L,,,
3869,"l'ensemble du projet de loi portant diverses dispositions d'adaptation au droit de l'Union européenne dans le domaine des transports, de l'environnement, de l'économie et des finances (première lecture).",2021-07-06,DLR5L15N42238,"Projet de loi portant diverses dispositions d’adaptation au droit de l’Union européenne dans le domaine des transports, de l’environnement, de l’économie et des finances",0.988,2021-1308,"portant diverses dispositions d\u2019adaptation au droit de l\u2019Union europ\u00e9enne dans le domaine des transports, de l\u2019environnement, de l\u2019\u00e9conomie et des finances",TREK2107676L,http://www.legifrance.gouv.fr/WAspad/UnTexteDeJorf?numjo=TREK2107676L,,,
3888,l'ensemble du projet de loi relatif à la protection des enfants (première lecture).,2021-07-08,DLR5L15N42608,Protection des enfants,0.820,2022-140,relative \u00e0 la protection des enfants (1),SSAA2115600L,http://www.legifrance.gouv.fr/WAspad/UnTexteDeJorf?numjo=SSAA2115600L,,,
3889,l'ensemble du projet de loi de programmation relatif au développement solidaire et à la lutte contre les inégalités mondiales (texte de la commission mixte paritaire),2021-07-13,DLR5L15N45213,Application de la loi de programmation relative au développement solidaire et à la lutte contre les inégalités mondiales,0.785,,,,,,,
3891,l'ensemble du projet de loi portant lutte contre le dérèglement climatique et renforcement de la résilience face à ses effets (texte de la commission mixte paritaire).,2021-07-20,DLR5L15N41668,Lutte contre le dérèglement climatique,0.820,2021-1104,Loi n\u00b0 2021-1104 du 22 ao\u00fbt 2021 portant lutte contre le d\u00e9r\u00e8glement climatique et renforcement de la r\u00e9silience face \u00e0 ses effets,TREX2100379L,http://www.legifrance.gouv.fr/WAspad/UnTexteDeJorf?numjo=TREX2100379L,,,
3917,l'ensemble du projet de loi relatif à la prévention d'actes de terrorisme et au renseignement (lecture définitive).,2021-07-22,DLR5L15N42325,Projet de loi relatif à la prévention d’actes de terrorisme et au renseignement,0.994,2021-998,LOI n\u00b0 2021-998 du 30 juillet 2021 relative \u00e0 la pr\u00e9vention d\u2019actes de terrorisme et au renseignement,INTD2107675L,http://www.legifrance.gouv.fr/WAspad/UnTexteDeJorf?numjo=INTD2107675L,,,
3943,l'ensemble du projet de loi relatif à la gestion de la crise sanitaire (première lecture).,2021-07-22,DLR5L15N43005,Gestion de la crise sanitaire,0.820,2021-1040,LOI n\u00b0 2021-1040 du 5 ao\u00fbt 2021 relative \u00e0 la gestion de la crise sanitaire,PRMX2121946L,http://www.legifrance.gouv.fr/WAspad/UnTexteDeJorf?numjo=PRMX2121946L,,,
3945,l'ensemble du projet de loi confortant le respect des principes de la République (lecture définitive).,2021-07-23,DLR5L15N41074,Respect des principes de la République,0.820,2021-1109,LOI n\u00b0 2021-1109 du 24 ao\u00fbt 2021 confortant le respect des principes de la R\u00e9publique,INTX2030083L,http://www.legifrance.gouv.fr/WAspad/UnTexteDeJorf?numjo=INTX2030083L,,,
3946,l'ensemble de la proposition de loi pour renforcer la prévention en santé au travail (texte de la commission mixte paritaire).,2021-07-23,DLR5L15N41215,Renforcer la prévention en santé au travail,0.820,2021-1018,LOI n\u00b0 2021-1018 du 2 ao\u00fbt 2021 pour renforcer la pr\u00e9vention en sant\u00e9 au travail,SSAX2103845L,http://www.legifrance.gouv.fr/WAspad/UnTexteDeJorf?numjo=SSAX2103845L,,,
3949,l'ensemble du projet de loi relatif à la gestion de la crise sanitaire (texte de la commission mixte paritaire).,2021-07-25,DLR5L15N43005,Gestion de la crise sanitaire,0.820,2021-1040,LOI n\u00b0 2021-1040 du 5 ao\u00fbt 2021 relative \u00e0 la gestion de la crise sanitaire,PRMX2121946L,http://www.legifrance.gouv.fr/WAspad/UnTexteDeJorf?numjo=PRMX2121946L,,,
3956,l'ensemble du projet de loi autorisant la prorogation de l'état d'urgence sanitaire dans les outre-mer (première lecture).,2021-09-07,DLR5L15N43326,Projet de loi autorisant la prorogation de l’état d’urgence sanitaire dans les outre-mer,0.989,2021-1172,autorisant la prorogation de l\u2019\u00e9tat d\u2019urgence sanitaire dans les outre-mer,PRMX2125288L,http://www.legifrance.gouv.fr/WAspad/UnTexteDeJorf?numjo=PRMX2125288L,,,
3969,l'ensemble du projet de loi relatif à la responsabilité pénale et à la sécurité intérieure (première lecture).,2021-09-23,DLR5L15N35927,Sécurité intérieure,0.820,,,,,,,
3970,"l'ensemble du projet de loi portant diverses dispositions d'adaptation au droit de l'Union européenne dans le domaine des transports, de l'environnement, de l'économie et des finances (texte de la commission mixte paritaire).",2021-09-28,DLR5L15N42238,"Projet de loi portant diverses dispositions d’adaptation au droit de l’Union européenne dans le domaine des transports, de l’environnement, de l’économie et des finances",0.883,2021-1308,"portant diverses dispositions d\u2019adaptation au droit de l\u2019Union europ\u00e9enne dans le domaine des transports, de l\u2019environnement, de l\u2019\u00e9conomie et des finances",TREK2107676L,http://www.legifrance.gouv.fr/WAspad/UnTexteDeJorf?numjo=TREK2107676L,,,
3971,l'ensemble du projet de loi ratifiant l'ordonnance n° 2021-484 du 21 avril 2021 relative aux modalités de représentation des travailleurs indépendants recourant pour leur activité aux plateformes et aux conditions d'exercice de cette représentation et portant habilitation du Gouvernement à compléter par ordonnance les règles organisant le dialogue social avec les plateformes (première lecture).,2021-09-28,DLR5L15N42930,Ratification de l'ordonnance relative aux modalités de représentation des travailleurs indépendants recourant pour leur activité aux plateformes,0.542,2022-139,ratifiant l\u2019ordonnance n\u00b0 2021-484 du 21 avril 2021 relative aux modalit\u00e9s de repr\u00e9sentation des travailleurs ind\u00e9pendants recourant pour leur activit\u00e9 aux plateformes et aux conditions d\u2019exercice de cette repr\u00e9sentation et portant habilitation du Gouvernement \u00e0 compl\u00e9ter par ordonnance les r\u00e8gles organisant le dialogue social avec les plateformes (1),MTRT2115835L,http://www.legifrance.gouv.fr/WAspad/UnTexteDeJorf?numjo=MTRT2115835L,,,
3972,l'ensemble du projet de loi relatif à la régulation et à la protection de l'accès aux œuvres culturelles à l'ère numérique (texte de la commission mixte paritaire).,2021-09-29,DLR5L15N42194,Projet de loi relatif à la régulation et à la protection de l’accès aux œuvres culturelles à l’ère numérique,0.837,2021-1382,relative \u00e0 la r\u00e9gulation et \u00e0 la protection de l\u2019acc\u00e8s aux \u0153uvres culturelles \u00e0 l\u2019\u00e8re num\u00e9rique,MICE2106504L,http://www.legifrance.gouv.fr/WAspad/UnTexteDeJorf?numjo=MICE2106504L,,,
3977,l'ensemble de la proposition de loi créant la fonction de directrice ou de directeur d'école (deuxième lecture).,2021-09-29,DLR5L15N39648,Fonction de directrice ou directeur d’école,0.718,2021-1716,cr\u00e9ant la fonction de directrice ou de directeur d\u2019\u00e9cole,MENX2021192L,http://www.legifrance.gouv.fr/WAspad/UnTexteDeJorf?numjo=MENX2021192L,,,
3979,l'ensemble de la proposition de loi interdisant les pratiques visant à modifier l'orientation sexuelle ou l'identité de genre d'une personne (première lecture).,2021-10-05,DLR5L15N42044,Interdiction des pratiques visant à modifier l’orientation sexuelle ou l’identité de genre d’une personne,0.862,2022-92,interdisant les pratiques visant \u00e0 modifier l\u2019orientation sexuelle ou l\u2019identit\u00e9 de genre d\u2019une personne,ECHX2127873L,http://www.legifrance.gouv.fr/WAspad/UnTexteDeJorf?numjo=ECHX2127873L,,,
3981,l'ensemble de la proposition de loi relative aux bibliothèques et au développement de la lecture publique (première lecture).,2021-10-06,DLR5L15N41616,Proposition de loi relative aux bibliothèques et au développement de la lecture publique,1.000,2021-1717,relative aux biblioth\u00e8ques et au d\u00e9veloppement de la lecture publique,MICX2115869L,http://www.legifrance.gouv.fr/WAspad/UnTexteDeJorf?numjo=MICX2115869L,,,
3982,l'ensemble de la proposition de loi visant à conforter l'économie du livre et à renforcer l'équité et la confiance entre ses acteurs (première lecture).,2021-10-06,DLR5L15N41209,Proposition de loi visant à améliorer l'économie du livre et à renforcer l'équité entre ses acteurs,0.879,2021-1901,visant \u00e0 conforter l\u2019\u00e9conomie du livre et \u00e0 renforcer l\u2019\u00e9quit\u00e9 et la confiance entre ses acteurs,MICX2114446L,http://www.legifrance.gouv.fr/WAspad/UnTexteDeJorf?numjo=MICX2114446L,,,
3983,l'ensemble de la proposition de loi visant à protéger la rémunération des agriculteurs (texte de la commission mixte paritaire).,2021-10-06,DLR5L15N42333,Protéger la rémunération des agriculteurs,0.820,2021-1357,visant \u00e0 prot\u00e9ger la r\u00e9mun\u00e9ration des agriculteurs,AGRX2119054L,http://www.legifrance.gouv.fr/WAspad/UnTexteDeJorf?numjo=AGRX2119054L,,,
3995,l'ensemble de la proposition de loi visant à favoriser l'accès de tous les étudiants à une offre de restauration à tarif modéré (première lecture).,2021-10-07,DLR5L15N45605,Proposition de loi visant à favoriser le bio et les circuits courts dans la restauration collective,0.699,,,,,,,
4034,l'ensemble du projet de loi portant diverses dispositions de vigilance sanitaire (première lecture).,2021-10-20,DLR5L15N43812,Diverses dispositions de vigilance sanitaire,0.820,2021-1465,portant diverses dispositions de vigilance sanitaire,PRMX2129237L,http://www.legifrance.gouv.fr/WAspad/UnTexteDeJorf?numjo=PRMX2129237L,,,
4064,l'ensemble du projet de loi de financement de la sécurité sociale pour 2022 (première lecture).,2021-10-26,DLR5L15N40633,Projet de loi de financement de la sécurité sociale pour 2021,0.984,2020-1576,de financement de la s\u00e9curit\u00e9 sociale pour 2021,ECOX2023815L,http://www.legifrance.gouv.fr/WAspad/UnTexteDeJorf?numjo=ECOX2023815L,,,
4109,l'ensemble du projet de loi portant diverses dispositions de vigilance sanitaire (nouvelle lecture).,2021-11-03,DLR5L15N43812,Diverses dispositions de vigilance sanitaire,0.820,2021-1465,portant diverses dispositions de vigilance sanitaire,PRMX2129237L,http://www.legifrance.gouv.fr/WAspad/UnTexteDeJorf?numjo=PRMX2129237L,,,
4114,l'ensemble du projet de loi portant diverses dispositions de vigilance sanitaire (lecture définitive).,2021-11-05,DLR5L15N43812,Diverses dispositions de vigilance sanitaire,0.820,2021-1465,portant diverses dispositions de vigilance sanitaire,PRMX2129237L,http://www.legifrance.gouv.fr/WAspad/UnTexteDeJorf?numjo=PRMX2129237L,,,
4132,l'ensemble du projet de loi de finances rectificative pour 2021 (première lecture).,2021-11-10,DLR5L15N44111,Projet de loi de finances rectificative pour 2021,1.000,2021-1549,de finances rectificative pour 2021,ECOX2131239L,http://www.legifrance.gouv.fr/WAspad/UnTexteDeJorf?numjo=ECOX2131239L,,,
4150,l'ensemble du projet de loi de finances pour 2022 (première lecture).,2021-11-16,DLR5L15N42785,Projet de loi de finances pour 2022,1.000,2021-1900,Loi de finances pour 2022,ECOX2126830L,http://www.legifrance.gouv.fr/WAspad/UnTexteDeJorf?numjo=ECOX2126830L,,,
4151,l'ensemble de la proposition de loi visant à lutter contre la maltraitance animale et conforter le lien entre les animaux et les hommes (texte de la commission mixte paritaire).,2021-11-16,DLR5L15N44955,Proposition de loi visant à lutter contre l'écriture inclusive et protéger la langue française,0.558,,,,,,,
4152,l'ensemble de la proposition de loi visant à consolider notre modèle de sécurité civile et valoriser le volontariat des sapeurs pompiers et les sapeurs pompiers professionnels (texte de la commission mixte paritaire).,2021-11-16,DLR5L15N45726,Proposition de loi visant à créer une circonstance aggravante lorsque des violences volontaires sont commises par un professionnel de santé,0.530,,,,,,,
4154,l'ensemble du projet de loi pour la confiance dans l'institution judiciaire (texte de la commission mixte paritaire).,2021-11-16,DLR5L15N42236,Confiance dans l'institution judiciaire,0.820,2021-1729,pour la confiance dans l\u2019institution judiciaire,JUSX2107763L,http://www.legifrance.gouv.fr/WAspad/UnTexteDeJorf?numjo=JUSX2107763L,,,
4155,l'ensemble de la proposition de loi visant à améliorer la protection des lanceurs d'alerte (première lecture).,2021-11-17,DLR5L15N37940,Proposition de loi visant à renforcer la protection des mineurs face au numérique,0.818,,,,,,,
4156,l'ensemble de la proposition de loi organique relative à la modernisation de la gestion des finances publiques (texte de la commission mixte paritaire).,2021-11-18,DLR5L15N42349,Proposition de loi organique relative à la modernisation de la gestion des finances publiques,0.827,2021-1836,relative \u00e0 la modernisation de la gestion des finances publiques,ECOX2119883L,http://www.legifrance.gouv.fr/WAspad/UnTexteDeJorf?numjo=ECOX2119883L,,,
4157,l'ensemble de la proposition de loi portant diverses dispositions relatives au Haut Conseil des finances publiques et à l'information du Parlement sur les finances publiques (texte de la commission mixte paritaire).,2021-11-18,DLR5L15N36261,Parlement,0.820,,,,,,,
4167,"l'ensemble du projet de loi portant reconnaissance de la Nation et réparation des préjudices subis par les harkis, par les autres personnes rapatriées d'Algérie anciennement de statut civil de droit local et par leurs familles du fait des conditions de leur accueil sur le territoire français (première lecture).",2021-11-18,DLR5L15N44108,"Reconnaissance de la Nation et réparation des préjudices subis par les harkis, par les autres personnes rapatriées d’Algérie anciennement de statut civil de droit local et par leurs familles du fait des conditions de leur accueil sur le territoire français",0.772,2022-229,portant reconnaissance de la Nation envers les harkis et les autres personnes rapatri\u00e9es d\u2019Alg\u00e9rie anciennement de statut civil de droit local et r\u00e9paration des pr\u00e9judices subis par ceux-ci et leurs familles du fait de l\u2019indignit\u00e9 de leurs conditions d\u2019accueil et de vie dans certaines structures sur le territoire fran\u00e7ais,ARMD2128964L,http://www.legifrance.gouv.fr/WAspad/UnTexteDeJorf?numjo=ARMD2128964L,,,
4175,l'ensemble du projet de loi de finances rectificative pour 2021 (lecture définitive).,2021-11-24,DLR5L15N44111,Projet de loi de finances rectificative pour 2021,1.000,2021-1549,de finances rectificative pour 2021,ECOX2131239L,http://www.legifrance.gouv.fr/WAspad/UnTexteDeJorf?numjo=ECOX2131239L,,,
4177,l'ensemble de la proposition de loi relative aux restrictions d'accès à certaines professions en raison de l'état de santé (deuxième lecture).,2021-11-25,DLR5L15N42346,Proposition de loi relative aux lois de financement de la sécurité sociale,0.615,2022-355,relative aux lois de financement de la s\u00e9curit\u00e9 sociale,ECOX2119889L,http://www.legifrance.gouv.fr/WAspad/UnTexteDeJorf?numjo=ECOX2119889L,,,
4178,l'ensemble de la proposition de loi visant à moderniser la lutte contre la contrefaçon (première lecture).,2021-11-25,DLR5L15N43745,Moderniser la lutte contre la contrefaçon,0.820,,,,,,,
4182,l'ensemble de la proposition de loi visant à faire évoluer la formation de sage-femme (première lecture).,2021-11-25,DLR5L15N43746,Faire évoluer la formation de sage-femme,0.820,,,,,,,
4183,"l'ensemble de la proposition de loi pour un accès plus juste, plus simple et plus transparent au marché de l'assurance emprunteur (première lecture).",2021-11-25,DLR5L15N44085,"Pour un accès plus juste, plus simple et plus transparent au marché de l’assurance emprunteur",0.901,2022-270,"pour un acc\u00e8s plus juste, plus simple et plus transparent au march\u00e9 de l\u2019assurance emprunteur",ECOX2132784L,http://www.legifrance.gouv.fr/WAspad/UnTexteDeJorf?numjo=ECOX2132784L,,,
4186,l'ensemble de la proposition de loi pour la mise en place d'une certification de cybersécurité des plateformes numériques destinée au grand public (première lecture).,2021-11-26,DLR5L15N40131,Proposition de loi pour la mise en place d'une certification de cybersécurité des plateformes numériques destinée au grand public,1.000,2022-309,pour la mise en place d\u2019une certification de cybers\u00e9curit\u00e9 des plateformes num\u00e9riques destin\u00e9e au grand public,ECOX2028976L,http://www.legifrance.gouv.fr/WAspad/UnTexteDeJorf?numjo=ECOX2028976L,,,
4191,l'ensemble de la proposition de loi visant à la création d'une plateforme de référencement et de prise en charge des malades chroniques de la covid-19 (première lecture).,2021-11-26,DLR5L15N40619,Création d'une plateforme de référencement et de prise en charge des malades chroniques de la covid-19,0.868,2022-53,visant \u00e0 la cr\u00e9ation d'une plateforme de r\u00e9f\u00e9rencement et de prise en charge des malades chroniques de la covid-19 (1),SSAX2136319L,http://www.legifrance.gouv.fr/WAspad/UnTexteDeJorf?numjo=SSAX2136319L,,,
4204,l'ensemble de la proposition de loi visant à renforcer le droit à l'avortement (deuxième lecture).,2021-11-30,DLR5L15N44448,Proposition de loi visant à rendre cessible le droit d'affouage,0.774,,,,,,,
4211,l'ensemble de la proposition de loi visant à combattre le harcèlement scolaire (première lecture).,2021-12-01,DLR5L15N44065,Combattre le harcèlement scolaire,0.820,,,,,,,
4226,l'ensemble de la proposition de loi portant diverses mesures de justice sociale (troisième lecture).,2021-12-02,DLR5L15N38414,Diverses mesures de justice sociale,0.820,,,,,,,
4243,l'ensemble de la proposition de loi créant la fonction de directrice ou de directeur d'école (texte de la commission mixte paritaire).,2021-12-13,DLR5L15N38252,Proposition de loi relative à l'obligation de déclaration de récolte et à l'autorisation de cession de variétés de semences,0.599,,,,,,,
4244,l'ensemble de la proposition de loi visant à accélérer l'égalité économique et professionnelle (texte de la commission mixte paritaire).,2021-12-13,DLR5L15N38288,Proposition de loi visant à recenser les orphelins de guerre et pupilles de la nation vivants,0.612,,,,,,,
4245,"l'ensemble de la proposition de loi visant à renforcer la régulation environnementale du numérique par l'Autorité de régulation des communications électroniques, des postes et de la distribution de la presse (première lecture).",2021-12-13,DLR5L15N43509,"Proposition de loi visant à renforcer la régulation environnementale du numérique par l'Autorité de régulation des communications électroniques, des postes et de la distribution de la presse",1.000,2021-1755,"visant \u00e0 renforcer la r\u00e9gulation environnementale du num\u00e9rique par l\u2019Autorit\u00e9 de r\u00e9gulation des communications \u00e9lectroniques, des postes et de la distribution de la presse",ECOZ2132317L,http://www.legifrance.gouv.fr/WAspad/UnTexteDeJorf?numjo=ECOZ2132317L,,,
4246,l'ensemble de la proposition de loi portant mesures d'urgence pour assurer la régulation de l'accès au foncier agricole au travers de structures sociétaires (texte de la commission mixte paritaire).,2021-12-13,DLR5L15N41647,Mesures d’urgence pour assurer la régulation de l’accès au foncier agricole au travers de structures sociétaires,0.764,2021-1756,portant mesures d\u2019urgence pour assurer la r\u00e9gulation de l\u2019acc\u00e8s au foncier agricole au travers de structures soci\u00e9taires,AGRX2113732L,http://www.legifrance.gouv.fr/WAspad/UnTexteDeJorf?numjo=AGRX2113732L,,,
4249,l'ensemble du projet de loi de finances pour 2022 (lecture définitive).,2021-12-15,DLR5L15N42785,Projet de loi de finances pour 2022,1.000,2021-1900,Loi de finances pour 2022,ECOX2126830L,http://www.legifrance.gouv.fr/WAspad/UnTexteDeJorf?numjo=ECOX2126830L,,,
4252,"l'ensemble du projet de loi relatif à la différenciation, la décentralisation, la déconcentration et portant diverses mesures de simplification de l'action publique locale (première lecture).",2022-01-04,DLR5L15N42412,"Projet de loi relatif à la différenciation, la décentralisation, la déconcentration et portant diverses mesures de simplification de l'action publique locale",1.000,2022-217,"relative \u00e0 la diff\u00e9renciation, la d\u00e9centralisation, la d\u00e9concentration et portant diverses mesures de simplification de l'action publique locale",TERB2105196L,http://www.legifrance.gouv.fr/WAspad/UnTexteDeJorf?numjo=TERB2105196L,,,
4279,l'ensemble du projet de loi renforçant les outils de gestion de la crise sanitaire et modifiant le code de la santé publique (première lecture).,2022-01-05,DLR5L15N44625,Projet de loi renforçant les outils de gestion de la crise sanitaire et modifiant le code de la santé publique,1.000,2022-46,renfor\u00e7ant les outils de gestion de la crise sanitaire et modifiant le code de la sant\u00e9 publique,PRMX2138186L,http://www.legifrance.gouv.fr/WAspad/UnTexteDeJorf?numjo=PRMX2138186L,,,
4283,l'ensemble du projet de loi en faveur de l'activité professionnelle indépendante (première lecture).,2022-01-10,DLR5L15N43599,Projet de loi en faveur de l’activité professionnelle indépendante,0.992,2022-172,en faveur de l\u2019activit\u00e9 professionnelle ind\u00e9pendante,ECOI2122201L,http://www.legifrance.gouv.fr/WAspad/UnTexteDeJorf?numjo=ECOI2122201L,,,
4287,l'ensemble du projet de loi portant réforme des outils de gestion des risques climatiques en agriculture (première lecture).,2022-01-12,DLR5L15N44395,Réforme des outils de gestion des risques climatiques en agriculture,0.861,2022-298,d\u2019orientation relative \u00e0 une meilleure diffusion de l\u2019assurance r\u00e9colte en agriculture et portant r\u00e9forme des outils de gestion des risques climatiques en agriculture,AGRT2132804L,http://www.legifrance.gouv.fr/WAspad/UnTexteDeJorf?numjo=AGRT2132804L,,,
4298,l'ensemble de la proposition de loi visant à réhabiliter les militaires « fusillés pour l'exemple » durant la Première Guerre mondiale (première lecture).,2022-01-13,DLR5L15N44107,Réhabiliter les militaires « fusillés pour l’exemple » durant la Première Guerre mondiale,0.853,,,,,,,
4317,l'ensemble du projet de loi renforçant les outils de gestion de la crise sanitaire et modifiant le code de la santé publique (nouvelle lecture).,2022-01-14,DLR5L15N44625,Projet de loi renforçant les outils de gestion de la crise sanitaire et modifiant le code de la santé publique,1.000,2022-46,renfor\u00e7ant les outils de gestion de la crise sanitaire et modifiant le code de la sant\u00e9 publique,PRMX2138186L,http://www.legifrance.gouv.fr/WAspad/UnTexteDeJorf?numjo=PRMX2138186L,,,
4321,l'ensemble du projet de loi renforçant les outils de gestion de la crise sanitaire et modifiant le code de la santé publique (lecture définitive).,2022-01-16,DLR5L15N44625,Projet de loi renforçant les outils de gestion de la crise sanitaire et modifiant le code de la santé publique,1.000,2022-46,renfor\u00e7ant les outils de gestion de la crise sanitaire et modifiant le code de la sant\u00e9 publique,PRMX2138186L,http://www.legifrance.gouv.fr/WAspad/UnTexteDeJorf?numjo=PRMX2138186L,,,
4322,l'ensemble de la proposition de loi relative au monde combattant (première lecture).,2022-01-17,DLR5L15N38461,Proposition de loi relative au monde combattant,1.000,2022-297,relative au monde combattant,ARMX2107874L,http://www.legifrance.gouv.fr/WAspad/UnTexteDeJorf?numjo=ARMX2107874L,,,
4325,l'ensemble de la proposition de loi relative à l'adoption (nouvelle lecture).,2022-01-18,DLR5L15N44352,Proposition de loi relative à l'innovation en santé,0.813,,,,,,,
4328,l'ensemble de la proposition de loi visant à encourager l'usage du contrôle parental sur certains équipements et services vendus en France et permettant d'accéder à internet (première lecture).,2022-01-18,DLR5L15N44049,Encourager l’usage du contrôle parental sur certains équipements et services vendus en France et permettant d’accéder à Internet,0.894,2022-300,visant \u00e0 renforcer le contr\u00f4le parental sur les moyens d\u2019acc\u00e8s \u00e0 internet,ECOX2137360L,http://www.legifrance.gouv.fr/WAspad/UnTexteDeJorf?numjo=ECOX2137360L,,,
4329,l'ensemble de la proposition de loi relative à l'aménagement du Rhône (première lecture).,2022-01-19,DLR5L15N44561,Aménagement du Rhône,0.820,2022-271,relative \u00e0 l\u2019am\u00e9nagement du Rh\u00f4ne,TREX2139032L,http://www.legifrance.gouv.fr/WAspad/UnTexteDeJorf?numjo=TREX2139032L,,,
4342,l'ensemble de la proposition de loi visant à lutter contre la précarité des accompagnants d'élèves en situation de handicap et des assistants d'éducation (première lecture).,2022-01-20,DLR5L15N44426,Lutter contre la précarité des accompagnants d’élèves en situation de handicap et des assistants d’éducation,0.876,,,,,,,
4346,l'ensemble de la proposition de loi interdisant les pratiques visant à modifier l'orientation sexuelle ou l'identité de genre d'une personne (texte de la commission mixte paritaire).,2022-01-25,DLR5L15N42044,Interdiction des pratiques visant à modifier l’orientation sexuelle ou l’identité de genre d’une personne,0.735,2022-92,interdisant les pratiques visant \u00e0 modifier l\u2019orientation sexuelle ou l\u2019identit\u00e9 de genre d\u2019une personne,ECHX2127873L,http://www.legifrance.gouv.fr/WAspad/UnTexteDeJorf?numjo=ECHX2127873L,,,
4347,l'ensemble du projet de loi relatif à la protection des enfants (texte de la commission mixte paritaire).,2022-01-25,DLR5L15N42608,Protection des enfants,0.820,2022-140,relative \u00e0 la protection des enfants (1),SSAA2115600L,http://www.legifrance.gouv.fr/WAspad/UnTexteDeJorf?numjo=SSAA2115600L,,,
4348,l'ensemble du projet de loi relatif à la restitution ou la remise de certains biens culturels aux ayants droit de leurs propriétaires victimes de persécutions antisémites (première lecture).,2022-01-25,DLR5L15N44109,Restitution ou remise de certains biens culturels aux ayants droit de leurs propriétaires victimes de persécutions antisémites,0.894,2022-218,relative \u00e0 la restitution ou la remise de certains biens culturels aux ayants droit de leurs propri\u00e9taires victimes de pers\u00e9cutions antis\u00e9mites,MICB2124079L,http://www.legifrance.gouv.fr/WAspad/UnTexteDeJorf?numjo=MICB2124079L,,,
4349,l'ensemble du projet de loi ratifiant l'ordonnance n° 2021-484 du 21 avril 2021 relative aux modalités de représentation des travailleurs indépendants recourant pour leur activité aux plateformes et aux conditions d'exercice de cette représentation et portant habilitation du Gouvernement à compléter par ordonnance les règles organisant le dialogue social avec les plateformes (texte de la commission mixte paritaire).,2022-01-26,DLR5L15N42930,Ratification de l'ordonnance relative aux modalités de représentation des travailleurs indépendants recourant pour leur activité aux plateformes,0.503,2022-139,ratifiant l\u2019ordonnance n\u00b0 2021-484 du 21 avril 2021 relative aux modalit\u00e9s de repr\u00e9sentation des travailleurs ind\u00e9pendants recourant pour leur activit\u00e9 aux plateformes et aux conditions d\u2019exercice de cette repr\u00e9sentation et portant habilitation du Gouvernement \u00e0 compl\u00e9ter par ordonnance les r\u00e8gles organisant le dialogue social avec les plateformes (1),MTRT2115835L,http://www.legifrance.gouv.fr/WAspad/UnTexteDeJorf?numjo=MTRT2115835L,,,
4350,l'ensemble du projet de loi ratifiant les ordonnances prises sur le fondement de l'article 13 de la loi n° 2019-816 du 2 août 2019 relative aux compétences de la Collectivité européenne d'Alsace (première lecture).,2022-01-26,DLR5L15N42841,Projet de loi ratifiant les ordonnances prises sur le fondement de l'article 13 de la loi n°2019-816 du 2 août 2019 relative aux compétences de la Collectivité européenne d'Alsace,0.997,2022-269,ratifiant les ordonnances prises sur le fondement de l\u2019article 13 de la loi n\u00b0 2019-816 du 2 ao\u00fbt 2019 relative aux comp\u00e9tences de la Collectivit\u00e9 europ\u00e9enne d\u2019Alsace,TRAT2117044L,http://www.legifrance.gouv.fr/WAspad/UnTexteDeJorf?numjo=TRAT2117044L,,,
4351,l'ensemble de la proposition de loi pour garantir l'égalité et la liberté dans l'attribution et le choix du nom (première lecture).,2022-01-26,DLR5L15N44585,Garantir l’égalité et la liberté dans l’attribution et le choix du nom,0.840,2022-301,relative au choix du nom issu de la filiation,JUSX2139030L,http://www.legifrance.gouv.fr/WAspad/UnTexteDeJorf?numjo=JUSX2139030L,,,
4352,l'ensemble de la proposition de loi organique relative aux lois de financement de la sécurité sociale (nouvelle lecture).,2022-01-27,DLR5L15N42350,Proposition de loi organique relative aux lois de financement de la sécurité sociale,1.000,2022-354,relative aux lois de financement de la s\u00e9curit\u00e9 sociale,ECOX2119890L,http://www.legifrance.gouv.fr/WAspad/UnTexteDeJorf?numjo=ECOX2119890L,,,
4353,l'ensemble du projet de loi autorisant la ratification de la convention du Conseil de l'Europe contre le trafic d'organes humains (première lecture).,2022-01-27,DLR5L15N42927,Ratification de la convention du Conseil de l'Europe contre le trafic d'organes humains,0.861,,,,,,,
4354,"l'ensemble du projet de loi autorisant l'approbation de l'avenant à la convention entre le Gouvernement de la République française et le Gouvernement de la République argentine du 4 avril 1979, en vie d'éviter les doubles impositions et de prévenir l'évasion fiscale en matière d'impôts sur le revenu et sur la fortune (première lecture).",2022-01-27,DLR5L15N40483,"Projet de loi autorisant l’approbation de l’avenant à la convention entre le Gouvernement de la République française et le Gouvernement de la République argentine du 4 avril 1979, en vue d’éviter les doubles impositions et de prévenir l’évasion fiscale en matière d’impôts sur le revenu et sur la fortune",0.769,2022-90,"autorisant l\u2019approbation de l\u2019avenant \u00e0 la convention entre le Gouvernement de la R\u00e9publique fran\u00e7aise et le Gouvernement de la R\u00e9publique argentine du 4 avril 1979, en vue d\u2019\u00e9viter les doubles impositions et de pr\u00e9venir l\u2019\u00e9vasion fiscale en mati\u00e8re d\u2019imp\u00f4ts sur le revenu et sur la fortune",EAEJ2017077L,http://www.legifrance.gouv.fr/WAspad/UnTexteDeJorf?numjo=EAEJ2017077L,,,
4355,l'ensemble du projet de loi autorisant l'approbation de l'accord entre le Gouvernement de la République française et le Gouvernement de la République de Maurice relatif à la coopération en matière de défense et au statut des forces (première lecture).,2022-01-27,DLR5L15N42488,Approbation de l’accord entre le Gouvernement de la République française et le Gouvernement de la République de Maurice relatif à la coopération en matière de défense et au statut des forces,0.931,2022-215,autorisant l\u2019approbation de l\u2019accord entre le Gouvernement de la R\u00e9publique fran\u00e7aise et le Gouvernement de la R\u00e9publique de Maurice relatif \u00e0 la coop\u00e9ration en mati\u00e8re de d\u00e9fense et au statut des forces,EAEJ2106103L,http://www.legifrance.gouv.fr/WAspad/UnTexteDeJorf?numjo=EAEJ2106103L,,,
4356,l'ensemble du projet de loi autorisant l'approbation de l'accord entre le Gouvernement de la République française et le Gouvernement de l'État du Qatar relatif au statut de leurs forces (première lecture).,2022-01-27,DLR5L15N42835,Approbation de l’accord entre le Gouvernement de la République française et le Gouvernement de l’Etat du Qatar relatif au statut de leurs forces,0.907,,,,,,,
4362,l'ensemble de la proposition de loi relative à l'interdiction progressive des additifs nitrés dans les produits de charcuterie (première lecture).,2022-02-03,DLR5L15N44511,Interdiction progressive des additifs nitrés dans les produits de charcuterie,0.828,,,,,,,
4382,"l'ensemble du projet de loi relatif à la différenciation, la déconcentration et portant diverses mesures de simplification de l'action publique (texte de la commission mixte paritaire).",2022-02-08,DLR5L15N42412,"Projet de loi relatif à la différenciation, la décentralisation, la déconcentration et portant diverses mesures de simplification de l'action publique locale",0.807,2022-217,"relative \u00e0 la diff\u00e9renciation, la d\u00e9centralisation, la d\u00e9concentration et portant diverses mesures de simplification de l'action publique locale",TERB2105196L,http://www.legifrance.gouv.fr/WAspad/UnTexteDeJorf?numjo=TERB2105196L,,,
4383,l'ensemble de la proposition de loi relative à l'adoption (lecture définitive).,2022-02-08,DLR5L15N44352,Proposition de loi relative à l'innovation en santé,0.813,,,,,,,
4384,l'ensemble du projet de loi en faveur de l'activité professionnelle indépendante (texte de la commission mixte paritaire).,2022-02-08,DLR5L15N43599,Projet de loi en faveur de l’activité professionnelle indépendante,0.765,2022-172,en faveur de l\u2019activit\u00e9 professionnelle ind\u00e9pendante,ECOI2122201L,http://www.legifrance.gouv.fr/WAspad/UnTexteDeJorf?numjo=ECOI2122201L,,,
4385,l'ensemble de la proposition de loi visant à améliorer la protection des lanceurs d'alerte (texte de la commission mixte paritaire).,2022-02-08,DLR5L15N38205,Proposition de loi visant à renforcer la protection des personnes placées en garde à vue ou mises en examen,0.685,,,,,,,
4386,"l'ensemble du projet de loi portant reconnaissance de la Nation et réparation des préjudices subis par les harkis, par les autres personnes rapatriées d'Algérie anciennement de statut civil de droit local et par leurs familles du fait des conditions de leur accueil sur le territoire français (texte de la commission mixte paritaire).",2022-02-09,DLR5L15N44108,"Reconnaissance de la Nation et réparation des préjudices subis par les harkis, par les autres personnes rapatriées d’Algérie anciennement de statut civil de droit local et par leurs familles du fait des conditions de leur accueil sur le territoire français",0.719,2022-229,portant reconnaissance de la Nation envers les harkis et les autres personnes rapatri\u00e9es d\u2019Alg\u00e9rie anciennement de statut civil de droit local et r\u00e9paration des pr\u00e9judices subis par ceux-ci et leurs familles du fait de l\u2019indignit\u00e9 de leurs conditions d\u2019accueil et de vie dans certaines structures sur le territoire fran\u00e7ais,ARMD2128964L,http://www.legifrance.gouv.fr/WAspad/UnTexteDeJorf?numjo=ARMD2128964L,,,
4399,l'ensemble de la proposition de loi visant à démocratiser le sport en France (nouvelle lecture).,2022-02-09,DLR5L15N41449,Démocratiser le sport en France,0.820,2022-296,visant \u00e0 d\u00e9mocratiser le sport en France,MENX2105502L,http://www.legifrance.gouv.fr/WAspad/UnTexteDeJorf?numjo=MENX2105502L,,,
4401,l'ensemble de la proposition de loi visant à combattre le harcèlement scolaire (nouvelle lecture).,2022-02-10,DLR5L15N44065,Combattre le harcèlement scolaire,0.820,,,,,,,
4405,l'ensemble de la proposition de loi visant à renforcer le droit à l'avortement (nouvelle lecture).,2022-02-10,DLR5L15N44448,Proposition de loi visant à rendre cessible le droit d'affouage,0.774,,,,,,,
4406,l'ensemble de la proposition de loi relative à l'aménagement du Rhône (texte de la commission mixte paritaire).,2022-02-15,DLR5L15N44561,Aménagement du Rhône,0.820,2022-271,relative \u00e0 l\u2019am\u00e9nagement du Rh\u00f4ne,TREX2139032L,http://www.legifrance.gouv.fr/WAspad/UnTexteDeJorf?numjo=TREX2139032L,,,
4407,"l'ensemble de la proposition de loi pour un accès plus juste, plus simple et plus transparent au marché de l'assurance emprunteur (texte de la commission mixte paritaire).",2022-02-15,DLR5L15N44085,"Pour un accès plus juste, plus simple et plus transparent au marché de l’assurance emprunteur",0.755,2022-270,"pour un acc\u00e8s plus juste, plus simple et plus transparent au march\u00e9 de l\u2019assurance emprunteur",ECOX2132784L,http://www.legifrance.gouv.fr/WAspad/UnTexteDeJorf?numjo=ECOX2132784L,,,
4408,l'ensemble de la proposition de loi portant diverses dispositions d'adaptation au droit de l'Union européenne en matière de prévention de la diffusion de contenus à caractère terroriste en ligne (première lecture).,2022-02-16,DLR5L15N44665,Diverses dispositions d'adaptation au droit de l'Union européenne en matière de prévention de la diffusion de contenus à caractère terroriste en ligne,0.917,,,,,,,
4409,l'ensemble de la proposition de loi visant à faire évoluer la gouvernance de l'Agence pour l'enseignement français à l'étranger et à créer les instituts régionaux de formation (première lecture).,2022-02-16,DLR5L15N44387,Proposition de loi visant à faire évoluer la gouvernance de l'Agence pour l'enseignement français à l'étranger et à créer les instituts régionaux de formation,1.000,2022-272,visant \u00e0 faire \u00e9voluer la gouvernance de l\u2019Agence pour l\u2019enseignement fran\u00e7ais \u00e0 l\u2019\u00e9tranger et \u00e0 cr\u00e9er les instituts r\u00e9gionaux de formation,EAEX2201243L,http://www.legifrance.gouv.fr/WAspad/UnTexteDeJorf?numjo=EAEX2201243L,,,
4410,l'ensemble de la proposition de loi relative au choix du nom issu de la filiation (nouvelle lecture).,2022-02-21,DLR5L15N38084,Proposition de loi relative aux conseils consulaires,0.707,,,,,,,
4411,l'ensemble du projet de loi d'orientation relative à une meilleure diffusion de l'assurance récolte en agriculture et portant réforme des outils de gestion des risques climatiques en agriculture (texte de la commission mixte paritaire).,2022-02-22,DLR5L15N44395,Réforme des outils de gestion des risques climatiques en agriculture,0.820,2022-298,d\u2019orientation relative \u00e0 une meilleure diffusion de l\u2019assurance r\u00e9colte en agriculture et portant r\u00e9forme des outils de gestion des risques climatiques en agriculture,AGRT2132804L,http://www.legifrance.gouv.fr/WAspad/UnTexteDeJorf?numjo=AGRT2132804L,,,
4412,l'ensemble de la proposition de loi visant à renforcer le contrôle parental sur les moyens d'accès à internet (texte de la commission mixte paritaire).,2022-02-22,DLR5L15N40634,Proposition de loi tendant à renforcer le rôle et les compétences des départements,0.620,,,,,,,
4414,l'ensemble de la proposition de loi visant à renforcer le droit à l'avortement (lecture définitive).,2022-02-23,DLR5L15N44448,Proposition de loi visant à rendre cessible le droit d'affouage,0.774,,,,,,,
4417,l'ensemble de la proposition de loi visant à démocratiser le sport en France (lecture définitive).,2022-02-24,DLR5L15N41449,Démocratiser le sport en France,0.820,2022-296,visant \u00e0 d\u00e9mocratiser le sport en France,MENX2105502L,http://www.legifrance.gouv.fr/WAspad/UnTexteDeJorf?numjo=MENX2105502L,,,
4418,l'ensemble de la proposition de loi visant à combattre le harcèlement scolaire et le cyberharcèlement (lecture définitive).,2022-02-24,DLR5L15N44065,Combattre le harcèlement scolaire,0.820,,,,,,,
4419,l'ensemble de la proposition de loi relative au choix du nom issu de la filiation (lecture définitive).,2022-02-24,DLR5L15N38084,Proposition de loi relative aux conseils consulaires,0.707,,,,,,,
